{
    "kansan-view-from-iowa-point-1-glacial": 0.9784327546209525,
    "ny-alesund-svalbard-norway": 0.9764533053024915,
    "sacrifice-zones-and-portable-climate": 0.9762143243771781,
    "deep-time-walking": 0.974262179043009,
    "white-sands": 0.9741678397424159,
    "remnant-formations": 0.9740804206980206,
    "sounding-landscapes": 0.9735738663056764,
    "essay-series": 0.9728707616167335,
    "field-station-4-confluence-ecologies": 0.9727814542175554,
    "driving-the-limits-of-time": 0.9722462455522738,
    "natchez-etiologies-of-athropogenic-emergence": 0.9717615810390812,
    "land-acknowledgement-statement": 0.9716341276894566,
    "the-mississippi-basin-an-operational-landscape": 0.9714369999386907,
    "outrunning-the-anthropocene": 0.9714262782341122,
    "interspecies-accomplices-cultivating-conspiracy-at-the-royal-botanic-gardens-victoria": 0.9713960265288881,
    "the-four-dimensional-mississippi": 0.9708662455239507,
    "imagining-an-economy-based-on-care": 0.9707704804959548,
    "re-patterning-with-kudzu": 0.9704416621763187,
    "data-flow": 0.970235922404105,
    "check-my-pulse": 0.9700643448145435,
    "anthropos-in-the-lakes": 0.9698771833156948,
    "field-station-3-anthropocene-vernacular": 0.9697696392550023,
    "planting-a-seed-is-revolutionary-act": 0.9697142097227904,
    "going-against-the-flow": 0.9696718837363199,
    "seminar-report-anthropogenic-landscapes": 0.9690273743812207,
    "anthropocene-campus-melbourne-2018-a-report": 0.9688768149473772,
    "plant-domestication-and-dispersal": 0.9687694733234828,
    "louisiana-a-planetary-reactor": 0.9686953078642809,
    "navigating-the-anthropocene-river": 0.9686606305740922,
    "patagonia": 0.9684004099544129,
    "gas-flares-in-the-bakken-oil-fields-williston-north-dakota-2013": 0.9683366405231818,
    "layers-of-violence": 0.9682413890838009,
    "approaching-a-waterway": 0.9682372021676359,
    "meskonsing-indian-lake-convergence-1": 0.9682033029318344,
    "broadcasting-live-from-field-station-5-the-culture-of-resistance-by-land-and-sea-in-the-anthropocene": 0.9681078546299096,
    "beyond-property": 0.9678686451677232,
    "telling-time-through-lagoons-of-human-waste-at-the-western-treatment-plant": 0.9678008697373716,
    "freshkills-new-york-city": 0.9674149224801138,
    "la-arboleda": 0.96700776485035,
    "drawn-together": 0.9669686396529437,
    "significant-and-insignificant-mounds": 0.9668819989116832,
    "orbital-geopolitics": 0.9660652266701016,
    "field-station-5-commodity-exploitation": 0.9657634076690804,
    "measuring-loss": 0.9656155281479089,
    "forecasting-earth-futures": 0.9655486230121864,
    "blackhawk-park-is-indigenous-land-beyond-acknowledgment": 0.9654838513111009,
    "anthropocene-campus-venice-2021": 0.9654807152791635,
    "conundrums-on-country": 0.9653724828951493,
    "too-little-water-the-lake-chad-story": 0.9652005692563194,
    "meeker-dam": 0.9651355473200541,
    "meskonsing-kansan-an-introduction": 0.964780814021137,
    "bastar-diary": 0.9646936985771668,
    "confluence-ecologies": 0.9646169438090552,
    "one-place-many-names": 0.9646010818478759,
    "histories-of-disintegration": 0.964373297018348,
    "oysters-selective-pressures-and-antibiotic-resistance-in-the-mississippi-delta": 0.9639690727518332,
    "the-great-green-desert": 0.9639425242510461,
    "confluence-bus-tour-reflection": 0.9638398231662941,
    "environing-technology": 0.9638244514010825,
    "risk-equity-in-the-louisiana-anthropocene": 0.9637308029527201,
    "real-estate-river": 0.9637288036556217,
    "an-anthropocene-challenge-creating-models-for-landscape-scale-change": 0.9636900024307788,
    "seminar-report-filtering-the-anthropocene": 0.9636119175790394,
    "one-world-solid-and-cracked": 0.963456391771848,
    "limits-to-growth": 0.9634053794451208,
    "understanding-the-north-american-lost-crops": 0.9632764342267551,
    "uncalculated-risk": 0.9631596983452788,
    "an-anthropocene-in-two-parts": 0.9631502360136088,
    "stranging-the-anthropocene-refraction": 0.9631409075487622,
    "the-terrain-of-the-former-veb-elektrokohle-lichtenberg": 0.9629771628470772,
    "enter-anthropocene-searching-for-signal-in-new-orleans": 0.9629594130329248,
    "lost-voices": 0.962944542346164,
    "social-witnessing": 0.9629434600917678,
    "edible-encounters-along-the-mississippi-river": 0.9627803419671482,
    "eating-the-anthropocene": 0.9627657650502829,
    "introductions-to-matters-2": 0.9626438407116865,
    "anthropocene-east-asia": 0.962619820117352,
    "the-shape-of-a-practice": 0.9624377404686283,
    "timeslips": 0.9613203797051503,
    "tactics-for-quotidian-anthropocenes": 0.9611882068397825,
    "meskonsing-kansan": 0.9609099815931881,
    "the-vietnamese-community-in-eastern-new-orleans": 0.960831148673128,
    "driving-the-golden-spike": 0.9606984910852931,
    "seminar-report-geo-politics": 0.960680694908642,
    "inside-the-museum": 0.9605509856611466,
    "seminar-co-evolution-of-the-technosphere": 0.9601979761071238,
    "from-a-living-exhibition-to-the-dmz": 0.9597014671532479,
    "introduction-3": 0.9594179961058603,
    "somewhere-somehow-a-co-evolution-story": 0.9593919110774172,
    "producing-the-anthropocene-producing-the-future": 0.9592599595596635,
    "seminar-anthropogenic-landscapes": 0.9589316458367377,
    "mississippi": 0.9589296861354147,
    "infrastrucural-nature": 0.958773699484025,
    "field-stations": 0.958760211408584,
    "shaped-by-rivers": 0.9587109264448291,
    "field-station-2-anthropocene-drift": 0.9585890708831077,
    "this-is-not-about-survival-its-about-bringing-your-coracle": 0.9583487400207857,
    "seminar-commodity-flows": 0.9582203158173844,
    "nigeria-oil-pipes": 0.9578672859336302,
    "the-american-bottom": 0.9577983012408554,
    "performing-the-anthropocene": 0.9575956521091368,
    "on-the-recuperative-mismanagement-of-a-cosmopolitan-fish": 0.9574387447762348,
    "monsanto-town": 0.9571438628358842,
    "knowing-together": 0.9571209274898144,
    "resisting-the-oblivion-of-eco-colonialism": 0.9568694229435437,
    "between-spaces-between-lines": 0.9568288693025995,
    "laboratory-for-a-radical-suburbia": 0.9564815918204563,
    "seminar-imaging-the-anthropocene": 0.9564781382888493,
    "lake-chad-sharing-a-diminishing-resource": 0.9561935829920845,
    "writing-global-histories-in-the-anthropocene": 0.9559113096509461,
    "state-of-nature-in-india": 0.9558987870149945,
    "deconstructing-fences": 0.9558559302613873,
    "humanities-on-the-ground": 0.9557900444932278,
    "campus-2016": 0.9556184511564403,
    "film-residency-mississippi-an-anthropocene-river": 0.9554954952843682,
    "pockets-reflections-on-the-anthropocene-campus-melbourne": 0.9554446963469951,
    "kairos-earthquake-early-warning-application": 0.9552899598079566,
    "us-southwest": 0.9552856671350713,
    "art-air-and-ideas-in-the-anthropocene-2": 0.9551191465191929,
    "rogue-elements-of-the-upper-mississippi": 0.9550961786187339,
    "reshaping-the-shape-embodiment-ecology-and-culture-of-a-postnatural-carp": 0.9549830024609426,
    "the-aerocene-campus": 0.9548806693789819,
    "arctic-change": 0.9548141729270643,
    "nordic-fauna-seen-in-nature": 0.954524565303899,
    "field-station-1-sediment-settlement-sentiment": 0.9544519326903991,
    "the-confluence-area": 0.9544032154543425,
    "seminar-valuing-nature": 0.9541095638102276,
    "walk-about-it": 0.9539868400727677,
    "deep-time-chicago": 0.9539551555403422,
    "river-memory": 0.953828510551352,
    "lisboa-parallax-2020": 0.9536614760942445,
    "anthropocene-reinsurance-corporation-anthrore": 0.9532537322253217,
    "the-anthropocene-in-light-of-biological-feedback": 0.9532535321935632,
    "anthropocene-lecture-prasannan-parthasarathi": 0.953210674953387,
    "significant-and-insignificant-mounds-2": 0.9531644976894765,
    "the-stories-we-tell-the-images-we-take": 0.9530935303938088,
    "inheritance": 0.9530771528686859,