{
    "anthropocene-campus-melbourne-2018-a-report": 0.9724982925943978,
    "planting-a-seed-is-revolutionary-act": 0.9679646604595454,
    "driving-the-golden-spike": 0.9669943049878363,
    "real-estate-river": 0.9661011313922165,
    "deep-time-chicago": 0.9660954075011035,
    "an-anthropocene-in-two-parts": 0.9652738866085685,
    "essay-series": 0.9651625889201285,
    "inside-the-museum": 0.9648808262596704,
    "the-aerocene-campus": 0.9648105015094385,
    "orbital-geopolitics": 0.96480695552419,
    "anthropos-in-the-lakes": 0.9645883463251976,
    "interspecies-accomplices-cultivating-conspiracy-at-the-royal-botanic-gardens-victoria": 0.9645831815524881,
    "limits-to-growth": 0.9644566383719572,
    "going-against-the-flow": 0.9643258330333664,
    "stranging-the-anthropocene-refraction": 0.9642422114419804,
    "layers-of-violence": 0.9639095147860529,
    "lisboa-parallax-2020": 0.963468733051867,
    "kansan-view-from-iowa-point-1-glacial": 0.9629662737235247,
    "blackhawk-park-is-indigenous-land-beyond-acknowledgment": 0.9629576212230684,
    "navigating-the-anthropocene-river": 0.9627394156935847,
    "check-my-pulse": 0.9627110262576151,
    "producing-the-anthropocene-producing-the-future": 0.9626803945877966,
    "one-world-solid-and-cracked": 0.9625284479518857,
    "risk-equity-in-the-louisiana-anthropocene": 0.9624400493078041,
    "anthropocene-east-asia": 0.962339330089226,
    "seminar-co-evolution-of-the-technosphere": 0.9623166982576327,
    "seminar-report-anthropogenic-landscapes": 0.9622536543903533,
    "driving-the-limits-of-time": 0.9620180616269562,
    "natchez-etiologies-of-athropogenic-emergence": 0.9617684814495734,
    "meskonsing-indian-lake-convergence-1": 0.9617560973224466,
    "land-acknowledgement-statement": 0.9616435253545029,
    "the-rights-of-nature": 0.961634223234385,
    "anthropocene-campus-venice-2021": 0.9614930756545176,
    "louisiana-a-planetary-reactor": 0.9614690625461323,
    "introductions-to-matters-2": 0.9614327573431289,
    "state-of-nature-in-india": 0.9614029440420871,
    "tactics-for-quotidian-anthropocenes": 0.9612418443379327,
    "measuring-loss": 0.9611573842516178,
    "the-stories-we-tell-the-images-we-take": 0.9610806448743991,
    "forecasting-earth-futures": 0.9610319689238543,
    "sacrifice-zones-and-portable-climate": 0.9609599425290445,
    "sounding-landscapes": 0.9608816584301668,
    "meskonsing-kansan-an-introduction": 0.9605914203722079,
    "confluence-ecologies": 0.9603142689002312,
    "humanities-on-the-ground": 0.9599563814388827,
    "ny-alesund-svalbard-norway": 0.9596821610257403,
    "seminar-report-slow-media": 0.9596464681383878,
    "eating-the-anthropocene": 0.9596352808154771,
    "la-arboleda": 0.959133706020121,
    "laboratory-for-a-radical-suburbia": 0.9589883650882927,
    "anthropocene-lecture-prasannan-parthasarathi": 0.9589379691020707,
    "cadillac-ranch-2004": 0.9587877820169193,
    "bastar-diary": 0.9587065215070291,
    "one-place-many-names": 0.9586967953623515,
    "the-danish-text": 0.9586776159230765,
    "meeker-dam": 0.9586308191296278,
    "seminar-report-filtering-the-anthropocene": 0.9586073242342145,
    "white-sands": 0.9585171603891287,
    "the-terrain-of-the-former-veb-elektrokohle-lichtenberg": 0.9584150587037433,
    "enter-anthropocene-searching-for-signal-in-new-orleans": 0.9583588828194518,
    "field-station-4-confluence-ecologies": 0.958258617495818,
    "campus-2016": 0.9582297552000304,
    "seminar-report-geo-politics": 0.9578975344622384,
    "between-spaces-between-lines": 0.9577671126257489,
    "performing-the-anthropocene": 0.9575754584262193,
    "seminar-imaging-the-anthropocene": 0.9574808910757111,
    "anthropos": 0.9573832354468605,
    "conundrums-on-country": 0.957130344133778,
    "beyond-property": 0.9568320196847817,
    "an-anthropocene-challenge-creating-models-for-landscape-scale-change": 0.9568317806504391,
    "imagining-an-economy-based-on-care": 0.9568310712812818,
    "knowing-together": 0.956789287657212,
    "lost-voices": 0.9564559010051873,
    "outrunning-the-anthropocene": 0.956265409086672,
    "pockets-reflections-on-the-anthropocene-campus-melbourne": 0.9562276794394778,
    "patagonia": 0.9562204950590363,
    "gas-flares-in-the-bakken-oil-fields-williston-north-dakota-2013": 0.9561629309975849,
    "shadowing-the-anthropocene": 0.9560321995237121,
    "data-flow": 0.9560027617477256,
    "the-vietnamese-community-in-eastern-new-orleans": 0.9559631039963019,
    "freshkills-new-york-city": 0.9559457775427139,
    "the-shape-of-a-practice": 0.9558347408956004,
    "monsanto-town": 0.955631037930212,
    "telling-time-through-lagoons-of-human-waste-at-the-western-treatment-plant": 0.9554572085427671,
    "histories-of-disintegration": 0.9549237787078521,
    "contesting-the-de-industrial-futures-of-the-upper-mississippi": 0.9545791366211395,
    "from-limits-to-growth-to-chernobyl": 0.9545638448782303,
    "social-witnessing": 0.954506374581432,
    "drawn-together": 0.9543228014051968,
    "anthropocene-lecture-philippe-descola": 0.9542420972183019,
    "arctic-change": 0.9540751819066893,
    "xaraasi-xanne-crossing-voices": 0.9540226273913656,
    "writing-global-histories-in-the-anthropocene": 0.9539128350768324,
    "kairos-earthquake-early-warning-application": 0.9531817111058076,
    "film-residency-mississippi-an-anthropocene-river": 0.9530632857402502,
    "parallax-lisboa": 0.9528078249102697,
    "dramatizing-the-future": 0.9527198104631504,
    "uncalculated-risk": 0.952551806348226,
    "field-station-3-anthropocene-vernacular": 0.9523836154945163,
    "the-anthropocene-in-light-of-biological-feedback": 0.9519573316840291,
    "seminar-communicating": 0.9517598253289877,
    "on-the-use-of-the-word-code-by-the-kogi-translator": 0.9516788203067635,
    "approaching-a-waterway": 0.9515580165615838,
    "time-and-time-again": 0.9514823903911529,
    "nordic-fauna-seen-in-nature": 0.9514738732986454,
    "seminar-clashing-temporalities": 0.9514264973028419,
    "tree-x-office": 0.9513867899856229,
    "the-american-bottom": 0.9513175726989986,
    "walk-about-it": 0.9512330120026519,
    "feeling-following-creative-experiments-and-material-play": 0.9511968301944735,
    "anthropocene-lecture-julia-adeney-thomas": 0.9509766098922795,
    "broadcasting-live-from-field-station-5-the-culture-of-resistance-by-land-and-sea-in-the-anthropocene": 0.950950487168568,
    "seminar-reflections-algorithmic-intermediation-and-smartness": 0.9508996428240761,
    "from-a-living-exhibition-to-the-dmz": 0.9507670735230331,
    "seminar-valuing-nature": 0.9505620302242568,
    "from-plantations-to-petrochemicals": 0.9502081368239144,
    "terraforming": 0.9500915047878166,
    "on-the-recuperative-mismanagement-of-a-cosmopolitan-fish": 0.9499989786897564,
    "too-little-water-the-lake-chad-story": 0.9499202972685757,
    "art-air-and-ideas-in-the-anthropocene-2": 0.9498922461369539,
    "seminar-co-evolutionary-perspectives": 0.949746545444925,
    "state-of-nature-some-philosophical-issues": 0.9497400301090404,
    "plant-domestication-and-dispersal": 0.9497013948239919,
    "how-not-what-power-time-landscape": 0.9496380737963166,
    "seminar-reflection-2": 0.9495957145867439,
    "the-hyphen": 0.9495777024936831,
    "touring-the-anthropocenery-whos-in-charge-here-2014": 0.9495043219979716,
    "campus-2014": 0.9491991244801898,
    "resisting-the-oblivion-of-eco-colonialism": 0.9491275993159644,
    "seminar-anthropogenic-landscapes": 0.9490621568932114,
    "bound-with-bright-beautiful-things": 0.9489964457812543,
    "field-station-5-commodity-exploitation": 0.9489183110316004,
    "alternatives-to-global-challenges": 0.9488943893285405,
    "anthropocene-campus-melbourne": 0.9488364629884121,
    "nigeria-oil-pipes": 0.948793347716055,
    "somewhere-somehow-a-co-evolution-story": 0.9487810296785786,
    "the-free-sea": 0.9487627530222469,