{
    "anthropocene-campus-melbourne-2018-a-report": 0.9908586656960374,
    "between-spaces-between-lines": 0.9897038167200326,
    "seminar-report-anthropogenic-landscapes": 0.9883307247810544,
    "risk-equity-in-the-louisiana-anthropocene": 0.9876970276654594,
    "seminar-co-evolution-of-the-technosphere": 0.9864364219800366,
    "the-shape-of-a-practice": 0.986264770192902,
    "bastar-diary": 0.986168567034517,
    "introductions-to-matters-2": 0.9860283830106407,
    "inside-the-museum": 0.9854886422111697,
    "producing-the-anthropocene-producing-the-future": 0.985145359157342,
    "tactics-for-quotidian-anthropocenes": 0.9848026194361609,
    "seminar-report-filtering-the-anthropocene": 0.9847805770241234,
    "seminar-reflections-algorithmic-intermediation-and-smartness": 0.984642708351502,
    "forecasting-earth-futures": 0.984629182043388,
    "lisboa-parallax-2020": 0.9845291972588965,
    "imagining-an-economy-based-on-care": 0.9843066655518101,
    "field-station-4-confluence-ecologies": 0.9839437632635013,
    "histories-of-disintegration": 0.9838268949812795,
    "stranging-the-anthropocene-refraction": 0.9835017246608564,
    "drawn-together": 0.9834831657352593,
    "knowing-together": 0.9831196765637412,
    "navigating-the-anthropocene-river": 0.9830989611886406,
    "seminar-reflection-2": 0.982987876329937,
    "seminar-communicating": 0.9829489480464026,
    "seminar-imaging-the-anthropocene": 0.9825236788655052,
    "the-aerocene-campus": 0.982264282431064,
    "planting-a-seed-is-revolutionary-act": 0.9820784797558308,
    "lost-voices": 0.9820536910828315,
    "going-against-the-flow": 0.9815876884467634,
    "humanities-on-the-ground": 0.9815080932068809,
    "seminar-report-slow-media": 0.9814433560861899,
    "seminar-report-geo-politics": 0.9814366377201329,
    "feeling-following-creative-experiments-and-material-play": 0.9811613046822075,
    "seminar-valuing-nature": 0.980938479667004,
    "writing-global-histories-in-the-anthropocene": 0.9808435369926158,
    "one-world-solid-and-cracked": 0.9807757031340276,
    "limits-to-growth": 0.9807260072806013,
    "seminar-consensus-building": 0.9806902790013232,
    "land-acknowledgement-statement": 0.9806772117545032,
    "driving-the-limits-of-time": 0.9803733371613673,
    "seminar-sensing": 0.9800532835203863,
    "measuring-loss": 0.9799626002635565,
    "data-sensing": 0.9796815840198273,
    "approaching-a-waterway": 0.9793554118585052,
    "economic-framing-environmental-governance-and-teaching-pluralist-economics": 0.9792413288224524,
    "ny-alesund-svalbard-norway": 0.9792260543317339,
    "seminar-modelling-wicked-problems": 0.9791168843851004,
    "from-a-living-exhibition-to-the-dmz": 0.9790567742340063,
    "parallax-lisboa": 0.9789442441985949,
    "art-air-and-ideas-in-the-anthropocene-2": 0.9789434423511183,
    "on-consuming-slow-media": 0.9787675044493356,
    "anthropocene-east-asia": 0.9786106591634289,
    "social-witnessing": 0.9784287828894938,
    "enter-anthropocene-searching-for-signal-in-new-orleans": 0.9781712109308891,
    "anthropos-in-the-lakes": 0.9779755968924592,
    "anthropocene-lecture-prasannan-parthasarathi": 0.9779085604355914,
    "anthropocene-campus-venice-2021": 0.9778378312154985,
    "campus-2016": 0.9778172455014295,
    "the-stories-we-tell-the-images-we-take": 0.9777804258837779,
    "the-floating-ear": 0.977624182855956,
    "blackhawk-park-is-indigenous-land-beyond-acknowledgment": 0.977507994691968,
    "anthropocene-lecture-julia-adeney-thomas": 0.9773702857642934,
    "voice-and-representation": 0.9772714372415765,
    "mapping-an-exercise-in-cartography": 0.97719313937217,
    "state-of-nature-in-india": 0.9771885991960659,
    "real-estate-river": 0.9771164908381347,
    "comics-and-graphic-novels": 0.9771058128983703,
    "performing-the-anthropocene": 0.976980997745279,
    "campus-2014": 0.9768517240852969,
    "deep-time-chicago": 0.9767074040076383,
    "global-systems-simulator-gss": 0.9766028433066339,
    "monsanto-town": 0.976518486863891,
    "place-and-space": 0.9762098370212088,
    "data-flow": 0.9762056416544742,
    "broadcasting-live-from-field-station-5-the-culture-of-resistance-by-land-and-sea-in-the-anthropocene": 0.976174868188883,
    "dramatizing-the-future": 0.9759704775356738,
    "extracts-and-exclusions": 0.9758700961381153,
    "kairos-earthquake-early-warning-application": 0.9758556316270027,
    "time-and-time-again": 0.9755409248424346,
    "environing-technology": 0.9753365130924176,
    "interspecies-accomplices-cultivating-conspiracy-at-the-royal-botanic-gardens-victoria": 0.9752950124172699,
    "sounding-landscapes": 0.9752446745046648,
    "resisting-the-oblivion-of-eco-colonialism": 0.9752355477406719,
    "the-terrain-of-the-former-veb-elektrokohle-lichtenberg": 0.9752261591031938,
    "seminar-anthropogenic-landscapes": 0.9751110701387524,
    "walk-about-it": 0.9751068619061677,
    "seminar-archiving": 0.9750654162491953,
    "pockets-reflections-on-the-anthropocene-campus-melbourne": 0.974851418882891,
    "kansan-view-from-iowa-point-1-glacial": 0.9748468997959229,
    "the-free-sea": 0.9748100834494956,
    "times-before-and-after": 0.9747448820309186,
    "laboratory-for-a-radical-suburbia": 0.974523280503288,
    "infrastrucural-nature": 0.9745002550323555,
    "confluence-ecologies": 0.9744627103356187,
    "seminar-co-evolutionary-perspectives": 0.9744468987446663,
    "river-memory": 0.9742483431566695,
    "anthropocene-campus-philadelphia": 0.9742199150732677,
    "coordinating-practice": 0.9741397879990239,
    "louisiana-a-planetary-reactor": 0.9737163402595714,
    "seminar-exhaustion-and-imagination": 0.9736839645506643,
    "essay-series": 0.9736315083030125,
    "shadowing-the-anthropocene": 0.9735836353488152,
    "conference-state-of-nature-in-india": 0.9734432174031272,
    "meeker-dam": 0.9732735129340916,
    "the-american-bottom": 0.9729526444081434,
    "state-of-nature-some-philosophical-issues": 0.97294939916542,
    "somewhere-somehow-a-co-evolution-story": 0.9728833769965658,
    "terraforming": 0.9728246603927618,
    "xaraasi-xanne-crossing-voices": 0.9725974329311478,
    "anthropocene-india": 0.9725780619500015,
    "the-anthropocene-in-light-of-biological-feedback": 0.9723294934032186,
    "the-confluence-area": 0.9722927233438423,
    "too-little-water-the-lake-chad-story": 0.9722582662529219,
    "telling-time-through-lagoons-of-human-waste-at-the-western-treatment-plant": 0.972147565433377,
    "natchez-etiologies-of-athropogenic-emergence": 0.9721063051747025,
    "eating-the-anthropocene": 0.9719380283336415,
    "outrunning-the-anthropocene": 0.9719253619021768,
    "orbital-geopolitics": 0.9715892586346675,
    "geo-politics": 0.9715545012764986,
    "the-hyphen": 0.9712635884342959,
    "sacrifice-zones-and-portable-climate": 0.9711452637731323,
    "meskonsing-kansan-an-introduction": 0.9711132181760428,
    "film-residency-mississippi-an-anthropocene-river": 0.9710999280852508,
    "one-place-many-names": 0.970756453022696,
    "wicked-problems-and-mental-models": 0.9706795246782648,
    "plastic-and-surrogacy": 0.9706354775009463,
    "seminar-clashing-temporalities": 0.9705994290264863,
    "layers-of-violence": 0.9705250647086636,
    "on-the-use-of-the-word-code-by-the-kogi-translator": 0.9704836940879722,
    "anthropocene-lecture-philippe-descola": 0.9704429335023449,
    "project-launch-minneapolis": 0.9704244469511106,
    "driving-the-golden-spike": 0.9703955703513935,
    "seminar-filtering-the-anthropocene": 0.9703108414326777,
    "check-my-pulse": 0.9702321558540046,
    "conundrums-on-country": 0.9701790309322177,
    "uncalculated-risk": 0.9701720930284724,
    "seminar-governing-the-technosphere": 0.9701016614142371,
    "anthropocene-reinsurance-corporation-anthrore": 0.9700964674048255,
    "remnant-formations": 0.9699968790524165,
    "touring-the-anthropocenery-whos-in-charge-here-2014": 0.9699900130508311,