{
    "seminar-report-filtering-the-anthropocene": 0.9909599064172541,
    "risk-equity-in-the-louisiana-anthropocene": 0.9907946719613849,
    "producing-the-anthropocene-producing-the-future": 0.9905428894695042,
    "inside-the-museum": 0.9904292224198142,
    "introductions-to-matters-2": 0.9901575513004822,
    "seminar-report-anthropogenic-landscapes": 0.9900068949284692,
    "bastar-diary": 0.9898438199506705,
    "seminar-co-evolution-of-the-technosphere": 0.9897524750558968,
    "forecasting-earth-futures": 0.9896955416145695,
    "going-against-the-flow": 0.989624524582861,
    "navigating-the-anthropocene-river": 0.989379887312619,
    "driving-the-limits-of-time": 0.988359412327257,
    "enter-anthropocene-searching-for-signal-in-new-orleans": 0.9878790154386112,
    "stranging-the-anthropocene-refraction": 0.9878242369768426,
    "anthropos-in-the-lakes": 0.9877790724550433,
    "planting-a-seed-is-revolutionary-act": 0.9876688357726058,
    "the-shape-of-a-practice": 0.9868872644135093,
    "seminar-reflections-algorithmic-intermediation-and-smartness": 0.9868641727960533,
    "ny-alesund-svalbard-norway": 0.9867992887081284,
    "humanities-on-the-ground": 0.9867586138111649,
    "limits-to-growth": 0.9866810603075881,
    "imagining-an-economy-based-on-care": 0.986488786701049,
    "lost-voices": 0.9862254529442772,
    "the-aerocene-campus": 0.9859473218728586,
    "tactics-for-quotidian-anthropocenes": 0.9858789834865813,
    "one-world-solid-and-cracked": 0.9858104844389484,
    "seminar-reflection-2": 0.9857495254634127,
    "seminar-report-geo-politics": 0.9855844378749007,
    "performing-the-anthropocene": 0.9854081472290284,
    "anthropocene-lecture-prasannan-parthasarathi": 0.9853148150802676,
    "seminar-imaging-the-anthropocene": 0.9853053182902953,
    "sounding-landscapes": 0.9852485586045678,
    "kansan-view-from-iowa-point-1-glacial": 0.9850271555544462,
    "seminar-report-slow-media": 0.9850087374801142,
    "drawn-together": 0.9849860225507698,
    "interspecies-accomplices-cultivating-conspiracy-at-the-royal-botanic-gardens-victoria": 0.9847413594233289,
    "feeling-following-creative-experiments-and-material-play": 0.9845916334206097,
    "measuring-loss": 0.9845613361547987,
    "between-spaces-between-lines": 0.9844719054588373,
    "blackhawk-park-is-indigenous-land-beyond-acknowledgment": 0.9843558407465578,
    "the-terrain-of-the-former-veb-elektrokohle-lichtenberg": 0.9840596852223215,
    "data-flow": 0.984012297897304,
    "anthropocene-campus-venice-2021": 0.9836984570777391,
    "anthropocene-east-asia": 0.9835766776777908,
    "field-station-4-confluence-ecologies": 0.9835599730243814,
    "art-air-and-ideas-in-the-anthropocene-2": 0.9834780844136521,
    "shadowing-the-anthropocene": 0.9834729348060635,
    "real-estate-river": 0.9831759118934107,
    "land-acknowledgement-statement": 0.9826488571168527,
    "confluence-ecologies": 0.9826336897741098,
    "lisboa-parallax-2020": 0.9826021347891262,
    "louisiana-a-planetary-reactor": 0.9824117867215832,
    "pockets-reflections-on-the-anthropocene-campus-melbourne": 0.9821255020400329,
    "telling-time-through-lagoons-of-human-waste-at-the-western-treatment-plant": 0.9820227343165634,
    "meeker-dam": 0.9818498880097655,
    "histories-of-disintegration": 0.9817812919826976,
    "seminar-valuing-nature": 0.9817765815112044,
    "somewhere-somehow-a-co-evolution-story": 0.9817091585832108,
    "dramatizing-the-future": 0.9816326287107366,
    "essay-series": 0.9814246956509338,
    "seminar-communicating": 0.9814039522301354,
    "data-sensing": 0.9813614058106616,
    "approaching-a-waterway": 0.9812900056716504,
    "campus-2016": 0.9812312412691667,
    "sacrifice-zones-and-portable-climate": 0.981180909336709,
    "time-and-time-again": 0.9811604351862084,
    "outrunning-the-anthropocene": 0.9810622336197997,
    "on-the-use-of-the-word-code-by-the-kogi-translator": 0.9809630291155128,
    "kairos-earthquake-early-warning-application": 0.9809626748421304,
    "check-my-pulse": 0.9806388070330609,
    "orbital-geopolitics": 0.9805160180787005,
    "the-anthropocene-in-light-of-biological-feedback": 0.9804209615129947,
    "seminar-sensing": 0.9803908206870386,
    "the-free-sea": 0.9803566604208517,
    "walk-about-it": 0.9802421950918387,
    "state-of-nature-in-india": 0.9799214861814969,
    "remnant-formations": 0.9798635221012538,
    "meskonsing-indian-lake-convergence-1": 0.9797772322877794,
    "one-place-many-names": 0.9796522117347505,
    "the-floating-ear": 0.9796195852057122,
    "conundrums-on-country": 0.9795986720952118,
    "plastic-and-surrogacy": 0.9795850902448872,
    "times-before-and-after": 0.9792758847489252,
    "resisting-the-oblivion-of-eco-colonialism": 0.979263147048527,
    "global-systems-simulator-gss": 0.9792115201513367,
    "economic-framing-environmental-governance-and-teaching-pluralist-economics": 0.979198384183801,
    "mapping-an-exercise-in-cartography": 0.9791454122973163,
    "anthropos": 0.9790715500811747,
    "comics-and-graphic-novels": 0.979004575389016,
    "layers-of-violence": 0.9789136652927138,
    "driving-the-golden-spike": 0.9788973022003908,
    "on-consuming-slow-media": 0.978897223191855,
    "natchez-etiologies-of-athropogenic-emergence": 0.9784518570998721,
    "campus-2014": 0.9783358413982169,
    "monsanto-town": 0.9781607296742318,
    "knowing-together": 0.9779890997502684,
    "infrastrucural-nature": 0.9779734879323642,
    "from-a-living-exhibition-to-the-dmz": 0.977910095962427,
    "uncalculated-risk": 0.9779093276922233,
    "broadcasting-live-from-field-station-5-the-culture-of-resistance-by-land-and-sea-in-the-anthropocene": 0.9778270435578459,
    "anthropocene-lecture-julia-adeney-thomas": 0.9778173681947585,
    "white-sands": 0.9775353365914341,
    "environing-technology": 0.977460747398696,
    "deep-time-chicago": 0.9774227476786295,
    "imagine-the-anthropocene-with-a-little-help-from-the-monster-in-you": 0.9774049475870056,
    "laboratory-for-a-radical-suburbia": 0.9773623359540167,
    "eating-the-anthropocene": 0.9771408803706277,
    "meskonsing-kansan-an-introduction": 0.9770687689566521,
    "seminar-modelling-wicked-problems": 0.9770239974944731,
    "writing-global-histories-in-the-anthropocene": 0.9769128537873175,
    "the-hyphen": 0.9767461836325217,
    "nordic-fauna-seen-in-nature": 0.9767195742291912,
    "axiomatic-earth": 0.9766784156362222,
    "anthropocene-lecture-philippe-descola": 0.9765005065296735,
    "social-witnessing": 0.9763349395504586,
    "la-arboleda": 0.9762150745185519,
    "timeslips": 0.9761401364485038,
    "voice-and-representation": 0.9761201598180413,
    "technosphere-co-evolution-a-seminal-seminar-conversation": 0.976023694314164,
    "patagonia": 0.9758288863911865,
    "state-of-nature-some-philosophical-issues": 0.9758215024662381,
    "the-stories-we-tell-the-images-we-take": 0.9757659138110297,
    "seminar-consensus-building": 0.9756094901931228,
    "parallax-lisboa": 0.975569141119747,
    "film-residency-mississippi-an-anthropocene-river": 0.9755379927475769,
    "freshkills-new-york-city": 0.97535444216334,
    "touring-the-anthropocenery-whos-in-charge-here-2014": 0.9752042546364015,
    "terraforming": 0.9750588778853934,
    "gas-flares-in-the-bakken-oil-fields-williston-north-dakota-2013": 0.9750471224119865,
    "oysters-selective-pressures-and-antibiotic-resistance-in-the-mississippi-delta": 0.9746234345493748,
    "wicked-problems-and-mental-models": 0.9746087436461404,
    "beyond-property": 0.9744862638979995,
    "time-out-of-mind": 0.9742751405759145,
    "the-four-dimensional-mississippi": 0.9742153711897714,
    "anthropocene-reinsurance-corporation-anthrore": 0.9741938426514626,
    "seminar-anthropogenic-landscapes": 0.973689102272629,
    "too-little-water-the-lake-chad-story": 0.9736635966815106,
    "seminar-exhaustion-and-imagination": 0.97365716233929,