{
    "imagination-of-the-terra": 0.8198025674651155,
    "anthropocene-river-campus-the-human-delta-short-film": 0.7954479221974018,
    "museum-library": 0.7830878497764155,
    "st-louis-anthropocene-field-campus": 0.7824591887256543,
    "anthropocene-river-campus-seminar-clashing-temporalities": 0.7801625651996035,
    "anthropocene-river-campus-the-human-delta": 0.7656145540346406,
    "the-current-mississippi-an-anthropocene-river": 0.760710444042746,
    "anthropocene-river-campus-seminar-commodity-flows": 0.760265015105915,
    "river-semester-project": 0.7335274394555975,
    "the-vietnamese-community-in-eastern-new-orleans": 0.7328338176694819,
    "midway-meeting-st-louis": 0.7295351552131711,
    "anthropocene-river-campus-seminar-un-bounded-engineering-and-evolutionary-stability": 0.7273645613724484,
    "us-southwest": 0.7259965321967705,
    "river-semester": 0.7234762081548585,
    "seminar-clashing-temporalities": 0.7201867794852252,
    "kick-off-anthropocene-river-journey": 0.7187698105099027,
    "exhibition-opening-at-g-cadd-st-louis": 0.7144792432275692,
    "arctic-change": 0.7140993221159321,
    "anthropocene-river-campus-seminar-exhaustion-and-imagination": 0.7131576430966853,
    "how-not-what-power-time-landscape": 0.7122351536301272,
    "blackboyjoy-on-the-river-eugene-b-redmond-81": 0.7094119810260288,
    "biosphere-2-the-mars-project": 0.7093840819644505,
    "resonance-vegetale": 0.7076682268665371,
    "meskonsing-kansan-an-introduction": 0.7049675880788645,
    "anthropocene-working-group": 0.7035354499936718,
    "anthropocene-river-journey": 0.702688752034471,
    "from-valuing-nature-to-reclaiming-resources": 0.701864016184688,
    "eating-the-anthropocene": 0.7014670027524347,
    "meskonsing-indian-lake-convergence-1": 0.7010455988845434,
    "lake-chad-narratives": 0.7010063279649931,
    "the-american-bottom": 0.6989636067114993,
    "the-danish-text": 0.6985410257463216,
    "project-launch-minneapolis": 0.6983316330803925,
    "deep-time-chicago": 0.6981297962678528,
    "blackhawk-park-is-indigenous-land-beyond-acknowledgment": 0.697707029272135,
    "new-orleans-anthropocene-field-campus": 0.6973835962211379,
    "one-place-many-names": 0.6968664473529941,
    "field-station-1-sediment-settlement-sentiment": 0.6964808325822145,
    "transect-walk-cahokia-mounds-to-fairmont-city": 0.6964161564282932,
    "deep-time-chicago-lecture": 0.6949614999649807,
    "check-my-pulse": 0.6938089850466197,
    "knowing-together": 0.6935428435605925,
    "tactics-for-quotidian-anthropocenes": 0.6930678527709989,
    "born-secret": 0.692473835019757,
    "the-aerocene-campus": 0.6922829714469351,
    "essay-series": 0.6916689374629558,
    "typha-the-once-and-future-planty-companion": 0.691562361378432,
    "on-the-recuperative-mismanagement-of-a-cosmopolitan-fish": 0.690550134078745,
    "the-anthropocene-and-our-post-natural-future-2": 0.689497176602756,
    "seminar-un-bounded-engineering-and-evolutionary-stability": 0.6889843161044918,
    "the-rights-of-nature": 0.6883180576085707,
    "land-acknowledgement-statement": 0.6882564830308401,
    "the-stories-we-tell-the-images-we-take": 0.6880223843047192,
    "before-i-know-you": 0.6861175861371414,
    "the-great-green-desert": 0.6857927287287608,
    "seminar-film-clashing-temporalities": 0.6854678738280947,
    "too-little-water-the-lake-chad-story": 0.6841400815031861,
    "driving-the-golden-spike": 0.6840588263415692,
    "confluence-bus-tour-reflection": 0.6837625119810257,
    "interspecies-accomplices-cultivating-conspiracy-at-the-royal-botanic-gardens-victoria": 0.6836963994541226,
    "anthropocene-river-school": 0.6829287235711424,
    "tactics-for-quotidian-anthropocenes-2": 0.6828070033988192,
    "mississippi": 0.6826646571987388,
    "measuring-loss": 0.6824582457733414,
    "fort-snellings-deep-time-stories": 0.6820885001227565,
    "orbital-geopolitics": 0.6815957028693524,
    "the-confluence-area": 0.6810351431072557,
    "seminar-film-commodity-flows": 0.680933997582192,
    "real-estate-river": 0.6803026412749937,
    "lisboa-parallax-2020": 0.6802053838896932,
    "meskonsing-kansan": 0.679119481967619,
    "conundrums-on-country": 0.6783658870931422,
    "seminar-co-evolutionary-perspectives": 0.6782944231437816,
    "outrunning-the-anthropocene": 0.6774907678605084,
    "risk-equity-in-the-louisiana-anthropocene": 0.6772437302600002,
    "from-valuing-nature-to-reclaiming-resources-2": 0.677038921155889,
    "conference-state-of-nature-in-india": 0.6770044887074174,
    "from-limits-to-growth-to-chernobyl": 0.6769185596536089,
    "nigeria-oil-pipes": 0.676520588566091,
    "layers-of-violence": 0.6765104228151753,
    "kansan-view-from-iowa-point-1-glacial": 0.676339594993926,
    "social-witnessing": 0.6760873104000732,
    "coordinating-practice": 0.6760558457142357,
    "white-sands": 0.6750270929085074,
    "field-station-4-confluence-ecologies": 0.6750176577055478,
    "contesting-the-de-industrial-futures-of-the-upper-mississippi": 0.6747784994218728,
    "temporary-continent": 0.6744777918731765,
    "from-a-living-exhibition-to-the-dmz": 0.6743272046410339,
    "meeker-dam": 0.6742000498063859,
    "this-is-not-about-survival-its-about-bringing-your-coracle": 0.6733615388574259,
    "campus-2014": 0.6725207975706831,
    "histories-of-disintegration": 0.6722229989796658,
    "louisiana-a-planetary-reactor": 0.672186731014137,
    "cadillac-ranch-2004": 0.6721844414245745,
    "sacrifice-zones-and-portable-climate": 0.6721544592432674,
    "xaraasi-xanne-crossing-voices": 0.671959651677603,
    "approaching-a-waterway": 0.671238924280967,
    "seminar-techno-metabolism": 0.6702405999699045,
    "telling-time-through-lagoons-of-human-waste-at-the-western-treatment-plant": 0.6700421492270475,
    "seminar-film-exhaustion-and-imagination": 0.670015191395192,
    "planting-a-seed-is-revolutionary-act": 0.6693688568044339,
    "driving-the-limits-of-time": 0.6693482915074881,
    "seminar-film-un-bounded-engineering-and-evolutionary-stability": 0.6693271869532421,
    "slow-disaster": 0.6681630772070996,
    "freshkills-new-york-city": 0.6679589595965261,
    "bound-with-bright-beautiful-things": 0.6678900639628798,
    "dramatizing-the-future": 0.6678576531255787,
    "seminar-commodity-flows": 0.6678173993294763,
    "data-flow": 0.6675283683656935,
    "over-the-levee-under-the-plow": 0.6675123920404606,
    "river-memory": 0.6673084174748843,
    "anthropos-in-the-lakes": 0.6672928851510713,
    "state-of-nature-in-india": 0.6670990599034896,
    "uncalculated-risk": 0.666926959142288,
    "lost-voices": 0.6662614302577939,
    "resisting-the-oblivion-of-eco-colonialism": 0.6658963340848493,
    "extracts-and-exclusions": 0.66566850128088,
    "tree-x-office": 0.6656331519460795,
    "rogue-elements-of-the-upper-mississippi": 0.6651780206065514,
    "introduction-3": 0.6645556025865027,
    "navigating-the-anthropocene-river": 0.6642795193046366,
    "from-plantations-to-petrochemicals": 0.6640435452419908,
    "timeslips": 0.6634229947536961,
    "patagonia": 0.6631292389976714,
    "introductions-to-matters-2": 0.6631057146282293,
    "natchez-etiologies-of-athropogenic-emergence": 0.6628769307598686,
    "oysters-selective-pressures-and-antibiotic-resistance-in-the-mississippi-delta": 0.6625043489806379,
    "field-station-2-anthropocene-drift": 0.6624894751622532,
    "confluence-ecologies": 0.6620454738193279,
    "seminar-anthropogenic-landscapes": 0.6620313288756101,
    "monsanto-town": 0.6620101337405553,
    "deep-time-walking": 0.6615492023407814,
    "time-out-of-mind": 0.6613766249259102,
    "la-arboleda": 0.6609671243723418,
    "inside-the-museum": 0.6608644461855746,
    "plant-domestication-and-dispersal": 0.6606083823647775,
    "film-residency-mississippi-an-anthropocene-river": 0.6602888236376051,
    "one-world-solid-and-cracked": 0.6601762158936819,