{
    "tactics-for-quotidian-anthropocenes": 0.9844642572466042,
    "field-station-4-confluence-ecologies": 0.9804881558946069,
    "seminar-report-anthropogenic-landscapes": 0.9778097312802826,
    "the-aerocene-campus": 0.9764620908055756,
    "between-spaces-between-lines": 0.9758512368391866,
    "knowing-together": 0.9748861353776017,
    "deep-time-chicago": 0.9734652836511775,
    "the-shape-of-a-practice": 0.9731490670827883,
    "from-a-living-exhibition-to-the-dmz": 0.973046326664342,
    "risk-equity-in-the-louisiana-anthropocene": 0.9726897851212347,
    "place-and-space": 0.972324184909979,
    "lisboa-parallax-2020": 0.9721542672010287,
    "seminar-reflection-2": 0.971510913366501,
    "introductions-to-matters-2": 0.9713696127729569,
    "field-stations": 0.9711841364194818,
    "drawn-together": 0.9707754697149045,
    "the-shape-of-a-practice-seminars": 0.9704967189639953,
    "seminar-archiving": 0.9704714456419553,
    "land-acknowledgement-statement": 0.9700337504625748,
    "seminar-reflections-algorithmic-intermediation-and-smartness": 0.9700250743275882,
    "seminar-co-evolution-of-the-technosphere": 0.9698963467658952,
    "anthropocene-campus-venice-2021": 0.9697778793068355,
    "twin-cities-artist-residency-mississippi-an-anthropocene-story": 0.9697771003898034,
    "seminar-consensus-building": 0.9697129412374642,
    "inside-the-museum": 0.969515584047636,
    "campus-2014": 0.9690578001869727,
    "monsanto-town": 0.9690432122321412,
    "project-launch-minneapolis": 0.9690162599160432,
    "conference-state-of-nature-in-india": 0.9689020475085355,
    "seminar-communicating": 0.9686908413155908,
    "river-semester-project": 0.9684169504398362,
    "the-shape-of-a-practice-online-project-environment": 0.9682772531889321,
    "the-confluence-area": 0.967516974745749,
    "histories-of-disintegration": 0.9674307922710358,
    "imagining-an-economy-based-on-care": 0.9671216690234631,
    "the-stories-we-tell-the-images-we-take": 0.9667522488459281,
    "going-against-the-flow": 0.9666208674541987,
    "navigating-the-anthropocene-river": 0.9664301699268624,
    "anthropocene-east-asia": 0.9663683033837737,
    "seminar-report-slow-media": 0.9660036366340635,
    "extracts-and-exclusions": 0.9658985983858743,
    "seminar-report-geo-politics": 0.9657589308489386,
    "seminar-clashing-temporalities": 0.9656475559180857,
    "social-witnessing": 0.9654598418988116,
    "essay-series": 0.9653748536209624,
    "on-consuming-slow-media": 0.9653613483487277,
    "coordinating-practice": 0.9649264179205161,
    "humanities-on-the-ground": 0.9649064679698474,
    "writing-global-histories-in-the-anthropocene": 0.9647920995586542,
    "the-terrain-of-the-former-veb-elektrokohle-lichtenberg": 0.9645181789145046,
    "stranging-the-anthropocene-refraction": 0.9644348913486718,
    "bastar-diary": 0.9644177200494428,
    "approaching-a-waterway": 0.9643663664857515,
    "seminar-sensing": 0.9643600153565551,
    "real-estate-river": 0.9642892070515536,
    "river-semester": 0.9642636618157838,
    "data-sensing": 0.9642404997971553,
    "planting-a-seed-is-revolutionary-act": 0.9642013308760997,
    "broadcasting-live-from-field-station-5-the-culture-of-resistance-by-land-and-sea-in-the-anthropocene": 0.964167968183658,
    "seminar-imaging-the-anthropocene": 0.9639716970191363,
    "voice-and-representation": 0.9637316881557783,
    "parallax-lisboa": 0.9636496041600184,
    "driving-the-limits-of-time": 0.9635851701745711,
    "measuring-loss": 0.9635676699525525,
    "river-memory": 0.9635026226939475,
    "interspecies-accomplices-cultivating-conspiracy-at-the-royal-botanic-gardens-victoria": 0.9634951683287698,
    "conundrums-on-country": 0.9631342638609264,
    "feeling-following-creative-experiments-and-material-play": 0.9629996519332005,
    "xaraasi-xanne-crossing-voices": 0.9629639384745142,
    "lost-voices": 0.9622882426885347,
    "enter-anthropocene-searching-for-signal-in-new-orleans": 0.9622766179632282,
    "the-american-bottom": 0.9621675386878984,
    "one-place-many-names": 0.9620899580107202,
    "walk-about-it": 0.9620792796656145,
    "tactics-for-quotidian-anthropocenes-2": 0.9620283879665867,
    "ny-alesund-svalbard-norway": 0.961880330927919,
    "seminar-valuing-nature": 0.9616666139322971,
    "producing-the-anthropocene-producing-the-future": 0.9614652100371791,
    "performing-the-anthropocene": 0.9613878894505932,
    "forecasting-earth-futures": 0.9611684530623191,
    "seminar-modelling-wicked-problems": 0.9603910953054233,
    "limits-to-growth": 0.9601732924106321,
    "art-air-and-ideas-in-the-anthropocene-2": 0.9600671019429853,
    "uncalculated-risk": 0.9600036143819137,
    "film-residency-mississippi-an-anthropocene-river": 0.9599942081958286,
    "environing-technology": 0.9599900384865766,
    "telling-time-through-lagoons-of-human-waste-at-the-western-treatment-plant": 0.9599680653688863,
    "sacrifice-zones-and-portable-climate": 0.9598892297900933,
    "infrastrucural-nature": 0.9595802582322577,
    "economic-framing-environmental-governance-and-teaching-pluralist-economics": 0.959249357122599,
    "global-systems-simulator-gss": 0.9591081787526974,
    "data-flow": 0.9590510293022658,
    "seminar-report-filtering-the-anthropocene": 0.958691101144529,
    "louisiana-a-planetary-reactor": 0.958602132613867,
    "mapping-an-exercise-in-cartography": 0.9585526711850215,
    "blackhawk-park-is-indigenous-land-beyond-acknowledgment": 0.9585237136514658,
    "one-world-solid-and-cracked": 0.9585228418316031,
    "the-floating-ear": 0.9584938119877099,
    "anthropocene-river-journey": 0.9584556528428397,
    "comics-and-graphic-novels": 0.9582186047141122,
    "state-of-nature-in-india": 0.9581472364219981,
    "kansan-view-from-iowa-point-1-glacial": 0.9580275635932533,
    "remnant-formations": 0.9578705385824023,
    "anthropocene-lecture-prasannan-parthasarathi": 0.9578486174597819,
    "natchez-etiologies-of-athropogenic-emergence": 0.9578140854405272,
    "eating-the-anthropocene": 0.9577209866933672,
    "sounding-landscapes": 0.9570580099803326,
    "resisting-the-oblivion-of-eco-colonialism": 0.9570503921029403,
    "new-orleans-anthropocene-field-campus": 0.9570469597289121,
    "laboratory-for-a-radical-suburbia": 0.9570297016313655,
    "pockets-reflections-on-the-anthropocene-campus-melbourne": 0.9569320760340142,
    "anthropos-in-the-lakes": 0.9567875336173984,
    "orbital-geopolitics": 0.9566006782558368,
    "terraforming": 0.9559505001949785,
    "too-little-water-the-lake-chad-story": 0.9554667539043367,
    "kairos-earthquake-early-warning-application": 0.9554251724915608,
    "seminar-disciplinarities": 0.9553928574439867,
    "freshkills-new-york-city": 0.955260581653698,
    "check-my-pulse": 0.9552406633833129,
    "white-sands": 0.9551499930360069,
    "anthropocene-india": 0.9550955488066433,
    "la-arboleda": 0.9550566155115818,
    "outrunning-the-anthropocene": 0.9550250060669803,
    "seminar-co-evolutionary-perspectives": 0.9549422200716041,
    "confluence-ecologies": 0.9547376937925977,
    "on-the-recuperative-mismanagement-of-a-cosmopolitan-fish": 0.9547198582505702,
    "seminar-anthropogenic-landscapes": 0.9545975614236458,
    "seminar-romancing-the-anthropocene": 0.9543161639562627,
    "the-free-sea": 0.9542857035723084,
    "meskonsing-indian-lake-convergence-1": 0.9542170293275595,
    "meeker-dam": 0.9540893497427847,
    "dramatizing-the-future": 0.95401846766815,
    "deep-time-chicago-lecture": 0.9539381370765857,
    "times-before-and-after": 0.9538565891193552,
    "anthropocene-lecture-julia-adeney-thomas": 0.9536710838393325,
    "time-and-time-again": 0.9536454932980504,
    "knowing-in-the-anthropocene": 0.9532591349059042,
    "midway-meeting-st-louis": 0.9531092009481255,
    "beyond-property": 0.9529930598986709,
    "shadowing-the-anthropocene": 0.9529229341890703,
    "driving-the-golden-spike": 0.9529217598784622,