{
    "anthropocene-working-group": 0.9316269818269399,
    "the-rights-of-nature": 0.9248522772524629,
    "anthropocene-river-campus-the-human-delta": 0.9241514568097305,
    "deep-time-chicago-lecture": 0.9234499035481116,
    "transect-walk-cahokia-mounds-to-fairmont-city": 0.9234149422173602,
    "natchez-etiologies-of-athropogenic-emergence": 0.9223023606865652,
    "from-plantations-to-petrochemicals": 0.9196278046361265,
    "eating-the-anthropocene": 0.9194788916713177,
    "anthropocene-river-journey": 0.9193681185997006,
    "land-acknowledgement-statement": 0.9182103835477465,
    "deep-time-chicago": 0.9180906559676938,
    "river-semester-project": 0.9173440176871057,
    "anthropocene-lecture-john-mcneill": 0.9168917353142877,
    "film-residency-mississippi-an-anthropocene-river": 0.9166550710026166,
    "the-vietnamese-community-in-eastern-new-orleans": 0.9156227253486178,
    "river-semester": 0.9154690318569257,
    "essay-series": 0.9150127834444606,
    "project-launch-minneapolis": 0.9147982643842096,
    "typha-the-once-and-future-planty-companion": 0.9146515708002015,
    "anthropocene-campus-melbourne-2018-a-report": 0.9144772308846777,
    "approaching-a-waterway": 0.9139762895966674,
    "the-confluence-area": 0.9120031108000226,
    "sacrifice-zones-and-portable-climate": 0.9110311303245608,
    "anthropocene-river-campus-the-human-delta-short-film": 0.9110201968975121,
    "real-estate-river": 0.9110048007440885,
    "social-witnessing": 0.9109974772262996,
    "interspecies-accomplices-cultivating-conspiracy-at-the-royal-botanic-gardens-victoria": 0.9109722251426997,
    "mississippi": 0.910787208289135,
    "tactics-for-quotidian-anthropocenes": 0.9107019996533113,
    "writing-global-histories-in-the-anthropocene": 0.9104314793931262,
    "histories-of-disintegration": 0.9100996948611443,
    "the-american-bottom": 0.9098928805223364,
    "anthropocene-river-campus-seminar-clashing-temporalities": 0.9096150086056151,
    "anthropocene-east-asia": 0.908972762741868,
    "anthropocene-river-campus-seminar-commodity-flows": 0.9088705895150267,
    "anthropocene-campus-venice-2021": 0.9087355659028054,
    "new-orleans-anthropocene-field-campus": 0.908675980555046,
    "field-station-4-confluence-ecologies": 0.9085096218808315,
    "the-aerocene-campus": 0.9080987211235904,
    "meskonsing-indian-lake-convergence-1": 0.9080963993219205,
    "kick-off-anthropocene-river-journey": 0.9078439967168118,
    "planting-a-seed-is-revolutionary-act": 0.9076276316816723,
    "the-stories-we-tell-the-images-we-take": 0.9075820837888735,
    "knowing-together": 0.9073444952083008,
    "check-my-pulse": 0.9072018316295672,
    "contesting-the-de-industrial-futures-of-the-upper-mississippi": 0.9070740311181665,
    "driving-the-limits-of-time": 0.9064078950775142,
    "kansan-view-from-iowa-point-1-glacial": 0.9056038606651269,
    "layers-of-violence": 0.9055509547941397,
    "midway-meeting-st-louis": 0.9054316995890538,
    "the-great-green-desert": 0.9053244526343929,
    "arctic-change": 0.9051102218499608,
    "seminar-claims-property": 0.905090268211351,
    "plant-domestication-and-dispersal": 0.9050220384847882,
    "driving-the-golden-spike": 0.9049030929942464,
    "confluence-bus-tour-reflection": 0.904868420758409,
    "ny-alesund-svalbard-norway": 0.9047645091472979,
    "on-the-recuperative-mismanagement-of-a-cosmopolitan-fish": 0.9047024510590239,
    "monsanto-town": 0.904624364909955,
    "white-sands": 0.9044700119902512,
    "the-danish-text": 0.9041680759124827,
    "anthropocene-campus-philadelphia": 0.9037932691016527,
    "enter-anthropocene-searching-for-signal-in-new-orleans": 0.9033942436872793,
    "tactics-for-quotidian-anthropocenes-2": 0.9033804812082389,
    "born-secret": 0.903365836076992,
    "xaraasi-xanne-crossing-voices": 0.9031949289632802,
    "laboratory-for-a-radical-suburbia": 0.9030702519481455,
    "walk-about-it": 0.9029494656874371,
    "from-a-living-exhibition-to-the-dmz": 0.9024501410215112,
    "blackhawk-park-is-indigenous-land-beyond-acknowledgment": 0.9023261525564968,
    "seminar-clashing-temporalities": 0.9022728641887452,
    "lisboa-parallax-2020": 0.902146529987854,
    "one-place-many-names": 0.902107243403777,
    "between-spaces-between-lines": 0.9019025173242009,
    "anthropocene-lecture-sheila-jasanoff": 0.9018245563924712,
    "timeslips": 0.9018137289358386,
    "the-current-mississippi-an-anthropocene-river": 0.9017539213445314,
    "significant-and-insignificant-mounds-2": 0.9015454396400018,
    "fort-snellings-deep-time-stories": 0.9010447796018753,
    "introductions-to-matters-2": 0.900961199056859,
    "how-not-what-power-time-landscape": 0.9002675162042367,
    "campus-2014": 0.9000551102575614,
    "uncalculated-risk": 0.8999469003249339,
    "anthropocene-river-campus-seminar-exhaustion-and-imagination": 0.8998709033486494,
    "anthropocene-river-campus-seminar-un-bounded-engineering-and-evolutionary-stability": 0.8997842368431821,
    "risk-equity-in-the-louisiana-anthropocene": 0.8996619552544465,
    "measuring-loss": 0.8994366547901135,
    "field-station-1-sediment-settlement-sentiment": 0.898963208306714,
    "conundrums-on-country": 0.8988660756861818,
    "confluence-ecologies": 0.8987015238673908,
    "field-station-3-anthropocene-vernacular": 0.8983597143172407,
    "navigating-the-anthropocene-river": 0.8981572816089156,
    "going-against-the-flow": 0.8980771083140411,
    "sounding-landscapes": 0.8976858948141229,
    "cadillac-ranch-2004": 0.897546348904948,
    "st-louis-anthropocene-field-campus": 0.897251178119523,
    "outrunning-the-anthropocene": 0.8971689666320909,
    "telling-time-through-lagoons-of-human-waste-at-the-western-treatment-plant": 0.8971552352711405,
    "meskonsing-kansan-an-introduction": 0.8970252499303639,
    "seminar-romancing-the-anthropocene": 0.8967934307706723,
    "broadcasting-live-from-field-station-5-the-culture-of-resistance-by-land-and-sea-in-the-anthropocene": 0.8967842349372362,
    "coordinating-practice": 0.8965205305207272,
    "inside-the-museum": 0.8962727821691845,
    "freshkills-new-york-city": 0.896191703559627,
    "orbital-geopolitics": 0.8959801941184389,
    "seminar-report-slow-media": 0.8959409935478102,
    "taking-nature-into-account-historical-perspectives-and-paradoxes": 0.8957978216201197,
    "la-arboleda": 0.8957638422242064,
    "beyond-property": 0.895659558371533,
    "state-of-nature-in-india": 0.8955163687166497,
    "from-limits-to-growth-to-chernobyl": 0.8953883910755934,
    "anthropos-in-the-lakes": 0.8953793592361364,
    "deep-time-walking": 0.8949128097331549,
    "anthropocene-lecture-philippe-descola": 0.894484540427793,
    "field-trips": 0.8944205769963242,
    "louisiana-a-planetary-reactor": 0.8942341990477254,
    "stranging-the-anthropocene-refraction": 0.8939667620013985,
    "us-southwest": 0.8937677920837767,
    "extracts-and-exclusions": 0.8935734033652155,
    "seminar-co-evolution-of-the-technosphere": 0.8935170702785181,
    "seminar-report-anthropogenic-landscapes": 0.8933577249131944,
    "anthropocene-river-school": 0.8930604756176028,
    "data-sensing": 0.8929632807490542,
    "drawn-together": 0.8927762571862757,
    "conversations": 0.8926555830934086,
    "limits-to-growth": 0.8926053648362362,
    "field-stations": 0.8925281673881684,
    "seminar-sensing-the-insensible": 0.8919782759870093,
    "nigeria-oil-pipes": 0.8918557212108343,
    "meeker-dam": 0.8917404352366397,
    "performing-the-anthropocene": 0.8914300170168775,
    "imagining-an-economy-based-on-care": 0.8913705726011604,
    "re-patterning-with-kudzu": 0.8913034060787777,
    "the-four-dimensional-mississippi": 0.891261185094794,
    "river-memory": 0.8912428341579338,
    "forecasting-earth-futures": 0.8910814789941538,
    "panel-talk-beween-patricia-piccinini-and-claudia-vickers": 0.8909309583902637,
    "anthropocene-lecture-prasannan-parthasarathi": 0.8906496495013424,