{
    "producing-the-anthropocene-producing-the-future": 0.9849494948459021,
    "inside-the-museum": 0.9842964268825487,
    "introductions-to-matters-2": 0.9821798164576989,
    "forecasting-earth-futures": 0.9809316378103694,
    "dramatizing-the-future": 0.9808217588682029,
    "humanities-on-the-ground": 0.9806350161024409,
    "seminar-report-filtering-the-anthropocene": 0.980551511607393,
    "seminar-imaging-the-anthropocene": 0.9804772990950309,
    "time-and-time-again": 0.9798862858049029,
    "times-before-and-after": 0.9781336606967381,
    "seminar-reflections-algorithmic-intermediation-and-smartness": 0.9779722569369026,
    "voice-and-representation": 0.9779286532526578,
    "feeling-following-creative-experiments-and-material-play": 0.9779089715667743,
    "anthropocene-lecture-prasannan-parthasarathi": 0.977847163310908,
    "lost-voices": 0.9776933565229596,
    "seminar-valuing-nature": 0.9776690452924583,
    "seminar-report-slow-media": 0.9771940469024585,
    "seminar-modelling-wicked-problems": 0.9771818900242635,
    "performing-the-anthropocene": 0.9771022798248308,
    "risk-equity-in-the-louisiana-anthropocene": 0.9768921742897738,
    "resisting-the-oblivion-of-eco-colonialism": 0.976553257825476,
    "stranging-the-anthropocene-refraction": 0.9763950605192925,
    "seminar-exhaustion-and-imagination": 0.976249739537967,
    "bastar-diary": 0.9760604606411133,
    "technosphere-co-evolution-a-seminal-seminar-conversation": 0.9759534343078659,
    "art-air-and-ideas-in-the-anthropocene-2": 0.9758859989290646,
    "the-anthropocene-and-our-post-natural-future-2": 0.9755584079998607,
    "seminar-reflection-2": 0.9755562671378176,
    "seminar-filtering-the-anthropocene": 0.9755306960578042,
    "anthropocene-lecture-karen-litfin": 0.9754387933996158,
    "seminar-co-evolutionary-perspectives": 0.9752422664314622,
    "the-free-sea": 0.9752284271102944,
    "shadowing-the-anthropocene": 0.9751862059454458,
    "planting-a-seed-is-revolutionary-act": 0.9749426547656006,
    "knowing-in-the-anthropocene": 0.9749107095066066,
    "blackhawk-park-is-indigenous-land-beyond-acknowledgment": 0.9745697599537125,
    "walk-about-it": 0.9745234801851193,
    "touring-the-anthropocenery-whos-in-charge-here-2014": 0.9744721510904498,
    "writing-global-histories-in-the-anthropocene": 0.974354583627321,
    "economic-framing-environmental-governance-and-teaching-pluralist-economics": 0.9741801303435331,
    "seminar-slow-media": 0.9739626925124863,
    "comics-and-graphic-novels": 0.973763296308156,
    "navigating-the-anthropocene-river": 0.9737617834443243,
    "the-shape-of-a-practice": 0.9736092553960757,
    "seminar-report-geo-politics": 0.9734718622830919,
    "one-world-solid-and-cracked": 0.9726478107555588,
    "anthropos-in-the-lakes": 0.9726227693701087,
    "anthropocene-lecture-philippe-descola": 0.9725417463689824,
    "seminar-report-anthropogenic-landscapes": 0.9724928309517616,
    "between-spaces-between-lines": 0.9723233745829994,
    "seminar-co-evolution-of-the-technosphere": 0.9720099702763846,
    "global-systems-simulator-gss": 0.9718524840522145,
    "anthropos": 0.9718281304273262,
    "wicked-problems-and-mental-models": 0.9717415790529507,
    "data-sensing": 0.9716596180300996,
    "lisboa-parallax-2020": 0.971642039413616,
    "seminar-consensus-building": 0.9715536692083152,
    "seminar-governing-the-technosphere": 0.9713826057584091,
    "geo-politics": 0.9713642695808824,
    "enter-anthropocene-searching-for-signal-in-new-orleans": 0.9709418848624443,
    "drawn-together": 0.9706852447378062,
    "measuring-loss": 0.9706409033006557,
    "imagine-the-anthropocene-with-a-little-help-from-the-monster-in-you": 0.9703682400800776,
    "seminar-disciplinarities": 0.9699891605877717,
    "on-consuming-slow-media": 0.9695376667150208,
    "campus-2016": 0.9695112623511857,
    "the-floating-ear": 0.9692893108951207,
    "seminar-anthropogenic-landscapes": 0.9692272401383493,
    "meeker-dam": 0.9687007062589971,
    "driving-the-limits-of-time": 0.9685729266257093,
    "the-hyphen": 0.9682849161687901,
    "somewhere-somehow-a-co-evolution-story": 0.9681993840845307,
    "tactics-for-quotidian-anthropocenes": 0.9681897164024039,
    "the-aerocene-campus": 0.9680459933639796,
    "on-the-use-of-the-word-code-by-the-kogi-translator": 0.9680173411163276,
    "imagining-an-economy-based-on-care": 0.9680105306564825,
    "campus-2014": 0.9679395655359643,
    "mapping-an-exercise-in-cartography": 0.9676271707089967,
    "going-against-the-flow": 0.9675851393841456,
    "anthropocene-reinsurance-corporation-anthrore": 0.9675825777971347,
    "confluence-ecologies": 0.9674082593661439,
    "seminar-sensing": 0.9673998746127124,
    "specifics-of-vulnerability": 0.9673788614427272,
    "kairos-earthquake-early-warning-application": 0.9672695868670288,
    "ny-alesund-svalbard-norway": 0.9669497002898257,
    "field-station-4-confluence-ecologies": 0.9665538717294344,
    "data-flow": 0.9661208753491373,
    "knowing-together": 0.9658423923282784,
    "plastic-and-surrogacy": 0.9657158176749927,
    "interspecies-accomplices-cultivating-conspiracy-at-the-royal-botanic-gardens-victoria": 0.965657838663897,
    "pockets-reflections-on-the-anthropocene-campus-melbourne": 0.9656468188311933,
    "deconstructing-the-we": 0.965521682938951,
    "anthropocene-lecture-sheila-jasanoff": 0.9655086596951175,
    "approaching-a-waterway": 0.965423335513557,
    "histories-of-disintegration": 0.9653040336521796,
    "time-out-of-mind": 0.965275407785561,
    "fort-snellings-deep-time-stories": 0.9651080814594485,
    "laboratory-for-a-radical-suburbia": 0.9649110737945265,
    "broadcasting-live-from-field-station-5-the-culture-of-resistance-by-land-and-sea-in-the-anthropocene": 0.9647631296086471,
    "limits-to-growth": 0.9647277807085378,
    "the-terrain-of-the-former-veb-elektrokohle-lichtenberg": 0.9645997388037921,
    "sounding-landscapes": 0.9645869113604235,
    "state-of-nature-some-philosophical-issues": 0.9644629232328513,
    "seminar-sensing-the-insensible": 0.9638618390959955,
    "state-of-nature-in-india": 0.963840677918878,
    "meskonsing-indian-lake-convergence-1": 0.9637155321373699,
    "seminar-communicating": 0.9635483108308045,
    "axiomatic-earth": 0.9632994201152503,
    "the-anthropocene-in-light-of-biological-feedback": 0.9631248346639949,
    "telling-time-through-lagoons-of-human-waste-at-the-western-treatment-plant": 0.9631029396709698,
    "land-acknowledgement-statement": 0.9630561184492789,
    "real-estate-river": 0.9629868383443098,
    "from-a-living-exhibition-to-the-dmz": 0.9629063926322246,
    "project-launch-minneapolis": 0.9624314885399826,
    "environing-technology": 0.9622638292883893,
    "bound-with-bright-beautiful-things": 0.9622199655880171,
    "meskonsing-kansan-an-introduction": 0.9621726620022777,
    "seminar-algorithmic-intermediation-and-smartness": 0.962140998166403,
    "ioway": 0.9621381763359151,
    "eating-the-anthropocene": 0.9620638660966332,
    "social-witnessing": 0.9620561180449411,
    "one-place-many-names": 0.9617566291780455,
    "monsanto-town": 0.9613615490994125,
    "kansan-view-from-iowa-point-1-glacial": 0.961315100406168,
    "terraforming": 0.9613035420986722,
    "nordic-fauna-seen-in-nature": 0.9612159546608879,
    "outrunning-the-anthropocene": 0.9610593281944191,
    "louisiana-a-planetary-reactor": 0.9609925495077645,
    "seminar-archiving": 0.9604784746114241,
    "parallax-lisboa": 0.9602915915727829,
    "hurricane-katrina": 0.9601259904742914,
    "driving-the-golden-spike": 0.9599933025365771,
    "infrastrucural-nature": 0.9596840007950534,
    "remnant-formations": 0.9588210939363995,
    "the-stories-we-tell-the-images-we-take": 0.9585953308218691,
    "check-my-pulse": 0.9584939196094227,