{
    "feeling-following-creative-experiments-and-material-play": 0.9822564031968223,
    "times-before-and-after": 0.9805623630688002,
    "time-and-time-again": 0.979046329611447,
    "inside-the-museum": 0.9782146085743019,
    "producing-the-anthropocene-producing-the-future": 0.9781829912094451,
    "stranging-the-anthropocene-refraction": 0.977898721176038,
    "dramatizing-the-future": 0.9778478360249043,
    "one-world-solid-and-cracked": 0.977704712053185,
    "seminar-imaging-the-anthropocene": 0.977657075064517,
    "lost-voices": 0.9770419599071581,
    "humanities-on-the-ground": 0.9767471786064262,
    "forecasting-earth-futures": 0.9766911749399915,
    "shadowing-the-anthropocene": 0.9766615623068164,
    "seminar-reflection-2": 0.9765134010184411,
    "voice-and-representation": 0.9763829690178663,
    "bastar-diary": 0.9762668740336415,
    "the-hyphen": 0.9761902693005097,
    "seminar-valuing-nature": 0.9760241713103309,
    "the-floating-ear": 0.9760030647544554,
    "art-air-and-ideas-in-the-anthropocene-2": 0.9758431797075121,
    "comics-and-graphic-novels": 0.9757005881531647,
    "wicked-problems-and-mental-models": 0.9755460577128752,
    "introductions-to-matters-2": 0.9753152571391196,
    "seminar-report-slow-media": 0.9752817235712493,
    "campus-2016": 0.975049590647816,
    "seminar-co-evolutionary-perspectives": 0.975025086759852,
    "the-anthropocene-and-our-post-natural-future-2": 0.9748188608683142,
    "seminar-filtering-the-anthropocene": 0.9747485630428334,
    "seminar-report-filtering-the-anthropocene": 0.9746055781067383,
    "mapping-an-exercise-in-cartography": 0.9742677911299157,
    "seminar-sensing": 0.9739389995655582,
    "pockets-reflections-on-the-anthropocene-campus-melbourne": 0.9738618138130897,
    "seminar-exhaustion-and-imagination": 0.972996659491386,
    "risk-equity-in-the-louisiana-anthropocene": 0.9727439189308086,
    "technosphere-co-evolution-a-seminal-seminar-conversation": 0.9725518731041255,
    "navigating-the-anthropocene-river": 0.9711251596972209,
    "kairos-earthquake-early-warning-application": 0.9709637414442388,
    "on-consuming-slow-media": 0.9707817660629411,
    "anthropos": 0.9706142285784977,
    "seminar-reflections-algorithmic-intermediation-and-smartness": 0.9705761548255974,
    "anthropos-in-the-lakes": 0.9698200583159754,
    "lisboa-parallax-2020": 0.9697352292056778,
    "geo-politics": 0.9697268618852646,
    "performing-the-anthropocene": 0.9695555644114462,
    "seminar-slow-media": 0.9695013788258424,
    "seminar-modelling-wicked-problems": 0.9694330712891782,
    "terraforming": 0.9694304256266455,
    "seminar-sensing-the-insensible": 0.9690505012370317,
    "anthropocene-lecture-philippe-descola": 0.9687146188499717,
    "seminar-anthropogenic-landscapes": 0.9684981609692573,
    "knowing-in-the-anthropocene": 0.9684743449030095,
    "touring-the-anthropocenery-whos-in-charge-here-2014": 0.9683280321480995,
    "global-systems-simulator-gss": 0.9682523135843045,
    "seminar-co-evolution-of-the-technosphere": 0.968019948960743,
    "blackhawk-park-is-indigenous-land-beyond-acknowledgment": 0.9679710379028629,
    "the-anthropocene-in-light-of-biological-feedback": 0.9676637295852234,
    "deconstructing-the-we": 0.9676576573617952,
    "the-shape-of-a-practice": 0.9671240504985145,
    "resisting-the-oblivion-of-eco-colonialism": 0.9670904103388644,
    "seminar-report-geo-politics": 0.9669793009951115,
    "state-of-nature-in-india": 0.9668247069802945,
    "drawn-together": 0.9665187082326742,
    "economic-framing-environmental-governance-and-teaching-pluralist-economics": 0.9664984759332111,
    "seminar-report-anthropogenic-landscapes": 0.9663942280910642,
    "between-spaces-between-lines": 0.9660800861989437,
    "meskonsing-kansan-an-introduction": 0.9656199544877838,
    "the-free-sea": 0.9655454212735933,
    "seminar-disciplinarities": 0.9655058718497228,
    "seminar-consensus-building": 0.9651902299153023,
    "somewhere-somehow-a-co-evolution-story": 0.9646929705946575,
    "imagine-the-anthropocene-with-a-little-help-from-the-monster-in-you": 0.9642821893386254,
    "measuring-loss": 0.9641538043068513,
    "parallax-lisboa": 0.9638417732515095,
    "planting-a-seed-is-revolutionary-act": 0.9637496828305903,
    "data-flow": 0.9636709393607156,
    "state-of-nature-some-philosophical-issues": 0.9636226073048031,
    "looking-downstream": 0.963540601986767,
    "on-the-use-of-the-word-code-by-the-kogi-translator": 0.9635111723425348,
    "specifics-of-vulnerability": 0.9634073182628718,
    "seminar-algorithmic-intermediation-and-smartness": 0.9632549358871829,
    "confluence-ecologies": 0.9631255794224239,
    "seminar-communicating": 0.9629690227985138,
    "knowing-together": 0.9627660907056058,
    "meeker-dam": 0.9620345736344914,
    "walk-about-it": 0.9619487115813345,
    "the-aerocene-campus": 0.9618475057246887,
    "anthropocene-lecture-prasannan-parthasarathi": 0.9618306645581891,
    "driving-the-limits-of-time": 0.9617387862760863,
    "seminar-governing-the-technosphere": 0.9617073197158559,
    "nordic-fauna-seen-in-nature": 0.9615164481387548,
    "imagining-an-economy-based-on-care": 0.9611718653408324,
    "campus-2014": 0.9609114499140287,
    "bound-with-bright-beautiful-things": 0.960869152529141,
    "plastic-and-surrogacy": 0.9602547084864641,
    "axiomatic-earth": 0.9601010423387754,
    "field-station-4-confluence-ecologies": 0.9599441314409425,
    "time-out-of-mind": 0.9598243797490239,
    "environing-technology": 0.9594412174941805,
    "anthropocene-lecture-sheila-jasanoff": 0.959277421859222,
    "going-against-the-flow": 0.959173664652569,
    "anthropocene-reinsurance-corporation-anthrore": 0.9585253779362162,
    "enter-anthropocene-searching-for-signal-in-new-orleans": 0.9583888553349977,
    "seminar-archiving": 0.9580470881207069,
    "writing-global-histories-in-the-anthropocene": 0.9576644192485052,
    "ioway": 0.9574112457647105,
    "tactics-for-quotidian-anthropocenes": 0.957322597085566,
    "kansan-view-from-iowa-point-1-glacial": 0.9571216913344076,
    "data-sensing": 0.9569892794032986,
    "telling-time-through-lagoons-of-human-waste-at-the-western-treatment-plant": 0.9567458825390125,
    "monsanto-town": 0.9559414372638507,
    "from-a-living-exhibition-to-the-dmz": 0.9554875811538407,
    "driving-the-golden-spike": 0.9554803740501917,
    "interspecies-accomplices-cultivating-conspiracy-at-the-royal-botanic-gardens-victoria": 0.9550389254437622,
    "limits-to-growth": 0.9546203101549517,
    "histories-of-disintegration": 0.9545169240651129,
    "the-stories-we-tell-the-images-we-take": 0.9544176464643958,
    "ny-alesund-svalbard-norway": 0.9544168951184504,
    "approaching-a-waterway": 0.9543709929797263,
    "deep-time-chicago": 0.954363213634389,
    "prologue-the-fence-concept": 0.9542908455857311,
    "meskonsing-indian-lake-convergence-1": 0.9542040632091829,
    "louisiana-a-planetary-reactor": 0.9539424689549698,
    "orbital-geopolitics": 0.9538834964241106,
    "one-place-many-names": 0.9534739282701833,
    "systems-analysis-and-modeling": 0.953418477608898,
    "broadcasting-live-from-field-station-5-the-culture-of-resistance-by-land-and-sea-in-the-anthropocene": 0.9533747719018464,
    "infrastrucural-nature": 0.9531163990847006,
    "how-does-the-world-end-for-others": 0.9529209790258064,
    "eating-the-anthropocene": 0.9529063243000322,
    "from-valuing-nature-to-reclaiming-resources": 0.9526081399542122,
    "sounding-landscapes": 0.9522435680462925,
    "conference-state-of-nature-in-india": 0.9521933545021809,
    "outrunning-the-anthropocene": 0.9521552539002347,
    "extracts-and-exclusions": 0.9520737084141515,
    "fort-snellings-deep-time-stories": 0.9518939976414578,
    "technostratigraphy-of-a-technological-object": 0.9516522197362329,
    "the-terrain-of-the-former-veb-elektrokohle-lichtenberg": 0.9516311432046218,