{
    "seminar-film-exhaustion-and-imagination": 0.9728827593974156,
    "the-stories-we-tell-the-images-we-take": 0.9591775126855657,
    "the-aerocene-campus": 0.9588644221731973,
    "time-and-time-again": 0.9581339922168629,
    "seminar-report-slow-media": 0.9581236579390328,
    "introductions-to-matters-2": 0.9580427181682076,
    "seminar-imaging-the-anthropocene": 0.9571253305798183,
    "anthropocene-river-campus-seminar-un-bounded-engineering-and-evolutionary-stability": 0.9564065528724626,
    "between-spaces-between-lines": 0.9561942292589118,
    "inside-the-museum": 0.9558330116814936,
    "knowing-together": 0.9557427140803328,
    "risk-equity-in-the-louisiana-anthropocene": 0.9554621943092892,
    "river-semester-project": 0.955354037175593,
    "stranging-the-anthropocene-refraction": 0.9546852258968911,
    "tactics-for-quotidian-anthropocenes": 0.9542898913827054,
    "seminar-reflection-2": 0.9539241098392037,
    "humanities-on-the-ground": 0.95319982814103,
    "seminar-romancing-the-anthropocene": 0.952998685352704,
    "field-station-4-confluence-ecologies": 0.9517202113285219,
    "seminar-co-evolution-of-the-technosphere": 0.9515591738859164,
    "deep-time-chicago": 0.9515237240376326,
    "seminar-film-clashing-temporalities": 0.9514749973187656,
    "histories-of-disintegration": 0.9514197122722837,
    "eating-the-anthropocene": 0.9513767574023035,
    "project-launch-minneapolis": 0.9512063410115392,
    "feeling-following-creative-experiments-and-material-play": 0.9511670942825977,
    "navigating-the-anthropocene-river": 0.9511515178717965,
    "voice-and-representation": 0.9510180173920022,
    "place-and-space": 0.9507207300186757,
    "walk-about-it": 0.9506681573010656,
    "lisboa-parallax-2020": 0.9504041828417096,
    "seminar-sensing-the-insensible": 0.9501886439469736,
    "seminar-report-anthropogenic-landscapes": 0.9500808180671158,
    "social-witnessing": 0.9497087839772695,
    "seminar-consensus-building": 0.9496314914021796,
    "lost-voices": 0.9492196160818313,
    "coordinating-practice": 0.9491787634320548,
    "the-confluence-area": 0.9491086627248967,
    "campus-2014": 0.948873461701843,
    "pockets-reflections-on-the-anthropocene-campus-melbourne": 0.9486731310146446,
    "approaching-a-waterway": 0.9485543405102272,
    "shadowing-the-anthropocene": 0.9484913250470755,
    "monsanto-town": 0.9483698347533113,
    "xaraasi-xanne-crossing-voices": 0.9482805082983795,
    "confluence-ecologies": 0.9478306722558234,
    "bastar-diary": 0.9477839780960899,
    "seminar-reflections-algorithmic-intermediation-and-smartness": 0.9477430653702404,
    "seminar-clashing-temporalities": 0.947709828852269,
    "images-of-the-anthropocene": 0.9477015020761599,
    "panel-talk-beween-patricia-piccinini-and-claudia-vickers": 0.9476349035684947,
    "driving-the-limits-of-time": 0.9474744447736329,
    "driving-the-golden-spike": 0.9472140865284387,
    "performing-the-anthropocene": 0.9469869875942036,
    "conference-state-of-nature-in-india": 0.9468845985757288,
    "seminar-co-evolutionary-perspectives": 0.9468839150328431,
    "blackhawk-park-is-indigenous-land-beyond-acknowledgment": 0.9468595290849544,
    "planting-a-seed-is-revolutionary-act": 0.946615564213313,
    "anthropos-in-the-lakes": 0.9466007855379416,
    "writing-global-histories-in-the-anthropocene": 0.9465732860431056,
    "touring-the-anthropocenery-whos-in-charge-here-2014": 0.9465703055273496,
    "meskonsing-kansan-an-introduction": 0.9465073751091102,
    "from-a-living-exhibition-to-the-dmz": 0.9464448003948649,
    "seminar-communicating": 0.9462856536241406,
    "measuring-loss": 0.9462635210008277,
    "interspecies-accomplices-cultivating-conspiracy-at-the-royal-botanic-gardens-victoria": 0.946235676211628,
    "extracts-and-exclusions": 0.946153674203324,
    "seminar-exhaustion-and-imagination": 0.9460650730474005,
    "parallax-lisboa": 0.9460244789860074,
    "seminar-sensing": 0.9459172194934451,
    "seminar-valuing-nature": 0.9458303725746765,
    "seminar-algorithmic-intermediation-and-smartness": 0.9458057237364254,
    "drawn-together": 0.9455390277427489,
    "forecasting-earth-futures": 0.9455355361853444,
    "tactics-for-quotidian-anthropocenes-2": 0.9454203231967491,
    "dramatizing-the-future": 0.9453942806567004,
    "how-does-the-world-end-for-others": 0.9452827144828893,
    "seminar-archiving": 0.9451860855992748,
    "the-american-bottom": 0.944903947766379,
    "the-anthropocene-and-our-post-natural-future-2": 0.9448855537514854,
    "film-residency-mississippi-an-anthropocene-river": 0.9442805589379653,
    "terraforming": 0.944127165295675,
    "producing-the-anthropocene-producing-the-future": 0.9436348280311887,
    "land-acknowledgement-statement": 0.9435556954415399,
    "one-place-many-names": 0.9434862421445878,
    "data-sensing": 0.9432359954386288,
    "conundrums-on-country": 0.943210205331387,
    "the-shape-of-a-practice": 0.9427990402433009,
    "on-the-recuperative-mismanagement-of-a-cosmopolitan-fish": 0.9427596471755022,
    "meskonsing-indian-lake-convergence-1": 0.9427273419914551,
    "conversations": 0.9425923382908105,
    "one-world-solid-and-cracked": 0.9413969909185401,
    "river-memory": 0.9413352134594283,
    "kansan-view-from-iowa-point-1-glacial": 0.9412448137913855,
    "seminar-slow-media": 0.941139438742347,
    "on-consuming-slow-media": 0.9411014549214316,
    "seminar-anthropogenic-landscapes": 0.9409896071825101,
    "seminar-report-filtering-the-anthropocene": 0.9408798673007761,
    "real-estate-river": 0.9407637224522515,
    "knowing-in-the-anthropocene": 0.9407449066445517,
    "art-air-and-ideas-in-the-anthropocene-2": 0.940614133784135,
    "time-out-of-mind": 0.940565160954737,
    "anthropos": 0.9405292988053806,
    "mapping-an-exercise-in-cartography": 0.9403966210867023,
    "deep-time-chicago-lecture": 0.9403365761001272,
    "typha-the-once-and-future-planty-companion": 0.9402850531003119,
    "fort-snellings-deep-time-stories": 0.9402666476113156,
    "comics-and-graphic-novels": 0.9402194515744141,
    "the-floating-ear": 0.9400650215537938,
    "laboratory-for-a-radical-suburbia": 0.939938952298792,
    "nordic-fauna-seen-in-nature": 0.939453308410925,
    "going-against-the-flow": 0.9390840441285399,
    "telling-time-through-lagoons-of-human-waste-at-the-western-treatment-plant": 0.9390765186627607,
    "twin-cities-artist-residency-mississippi-an-anthropocene-story": 0.9389941606774191,
    "bound-with-bright-beautiful-things": 0.9389727902382932,
    "slow-disaster": 0.9387911222931732,
    "the-hyphen": 0.9387298333684521,
    "check-my-pulse": 0.9387094913812906,
    "seminar-film-commodity-flows": 0.9386229430870413,
    "essay-series": 0.9385742957557526,
    "meeker-dam": 0.9384270531911733,
    "broadcasting-live-from-field-station-5-the-culture-of-resistance-by-land-and-sea-in-the-anthropocene": 0.9382903095786826,
    "imagine-the-anthropocene-with-a-little-help-from-the-monster-in-you": 0.9382676502117439,
    "natchez-etiologies-of-athropogenic-emergence": 0.9382455169958254,
    "from-plantations-to-petrochemicals": 0.9380798292259993,
    "times-before-and-after": 0.9379699311571255,
    "imagining-an-economy-based-on-care": 0.9377494263997047,
    "seminar-disciplinarities": 0.9376483218414794,
    "anthropocene-river-journey": 0.9373555908631639,
    "the-shape-of-a-practice-seminars": 0.9372079490571701,
    "the-free-sea": 0.9371916681595904,
    "kairos-earthquake-early-warning-application": 0.9371670423815756,
    "on-the-use-of-the-word-code-by-the-kogi-translator": 0.9371316615931174,
    "state-of-nature-some-philosophical-issues": 0.9370803304952293,
    "campus-2016": 0.9370531051860493,
    "data-flow": 0.9370216561830772,
    "field-trips": 0.9363300211213232,
    "resisting-the-oblivion-of-eco-colonialism": 0.9360753858817398,
    "seminar-report-geo-politics": 0.9359113745560016,