{
    "anthropocene-river-campus-the-human-delta-short-film": 0.9735748812042744,
    "new-orleans-anthropocene-field-campus": 0.9579061622758787,
    "anthropocene-river-journey": 0.9550504329093372,
    "river-semester": 0.9548377117120845,
    "river-semester-project": 0.9546560578626792,
    "project-launch-minneapolis": 0.9538029074890026,
    "field-station-4-confluence-ecologies": 0.9503896779093323,
    "anthropocene-river-school": 0.9488577837933962,
    "tactics-for-quotidian-anthropocenes-2": 0.945249380979711,
    "mississippi": 0.9450483844041067,
    "deep-time-chicago": 0.9440830579438434,
    "seminar-un-bounded-engineering-and-evolutionary-stability": 0.9438692052055063,
    "tactics-for-quotidian-anthropocenes": 0.9431725692915357,
    "essay-series": 0.9425478282531358,
    "the-confluence-area": 0.9421706356457475,
    "approaching-a-waterway": 0.9420125172662006,
    "anthropocene-working-group": 0.9415085270412775,
    "broadcasting-live-from-field-station-5-the-culture-of-resistance-by-land-and-sea-in-the-anthropocene": 0.9414222065887321,
    "land-acknowledgement-statement": 0.9396587773659766,
    "natchez-etiologies-of-athropogenic-emergence": 0.9392214587237044,
    "knowing-together": 0.9380126296972051,
    "seminar-clashing-temporalities": 0.9377160565730462,
    "field-stations": 0.9375175461752872,
    "from-a-living-exhibition-to-the-dmz": 0.9357534843955111,
    "ny-alesund-svalbard-norway": 0.9349749686576949,
    "real-estate-river": 0.9349651457181399,
    "the-aerocene-campus": 0.9347269856563029,
    "eating-the-anthropocene": 0.9346409672740446,
    "lisboa-parallax-2020": 0.9345648366706005,
    "writing-global-histories-in-the-anthropocene": 0.9342413102419646,
    "field-trips": 0.9341540974922498,
    "film-residency-mississippi-an-anthropocene-river": 0.9340901761287123,
    "social-witnessing": 0.9340546967880827,
    "sacrifice-zones-and-portable-climate": 0.9337443409364095,
    "the-vietnamese-community-in-eastern-new-orleans": 0.9333271807623569,
    "risk-equity-in-the-louisiana-anthropocene": 0.9328849428216817,
    "campus-2014": 0.9327893922752638,
    "between-spaces-between-lines": 0.9327756527457791,
    "seminar-report-anthropogenic-landscapes": 0.9327163408093391,
    "data-sensing": 0.9325596868611865,
    "monsanto-town": 0.9324920583007904,
    "navigating-the-anthropocene-river": 0.9324725213277735,
    "check-my-pulse": 0.9324526173857057,
    "driving-the-limits-of-time": 0.9321950838618155,
    "kick-off-anthropocene-river-journey": 0.9320099091446297,
    "from-plantations-to-petrochemicals": 0.9319883539221653,
    "drawn-together": 0.9317450380551097,
    "field-station-5-commodity-exploitation": 0.9310801928082107,
    "uncalculated-risk": 0.9310400095359329,
    "the-american-bottom": 0.9310393637765718,
    "contesting-the-de-industrial-futures-of-the-upper-mississippi": 0.9305655701535919,
    "confluence-bus-tour-reflection": 0.9305489209565382,
    "deep-time-chicago-lecture": 0.930537036198952,
    "on-the-recuperative-mismanagement-of-a-cosmopolitan-fish": 0.930357625703926,
    "planting-a-seed-is-revolutionary-act": 0.9302272071900411,
    "one-place-many-names": 0.929574814463875,
    "inside-the-museum": 0.9295451178249348,
    "conundrums-on-country": 0.9294838026365219,
    "walk-about-it": 0.9294182204639003,
    "introductions-to-matters-2": 0.9293319609254133,
    "seminar-co-evolution-of-the-technosphere": 0.9292965901291774,
    "histories-of-disintegration": 0.9292188613733131,
    "midway-meeting-st-louis": 0.9286486020016215,
    "interspecies-accomplices-cultivating-conspiracy-at-the-royal-botanic-gardens-victoria": 0.9286272457099682,
    "enter-anthropocene-searching-for-signal-in-new-orleans": 0.9283395294193967,
    "the-stories-we-tell-the-images-we-take": 0.9282598691789216,
    "plant-domestication-and-dispersal": 0.9281027778524708,
    "state-of-nature-in-india": 0.9276785338427267,
    "outrunning-the-anthropocene": 0.9276591805408305,
    "too-little-water-the-lake-chad-story": 0.9273654852276195,
    "transect-walk-cahokia-mounds-to-fairmont-city": 0.9273371111330773,
    "kansan-view-from-iowa-point-1-glacial": 0.9271816443871679,
    "imagining-an-economy-based-on-care": 0.9266937657088424,
    "laboratory-for-a-radical-suburbia": 0.9264110277114977,
    "seminar-film-clashing-temporalities": 0.926340178937426,
    "going-against-the-flow": 0.9262542834610606,
    "seminar-report-filtering-the-anthropocene": 0.926136699560785,
    "the-shape-of-a-practice": 0.9260516197887299,
    "white-sands": 0.9259453839019957,
    "field-station-1-sediment-settlement-sentiment": 0.9258741576297018,
    "seminar-report-slow-media": 0.925855669771104,
    "telling-time-through-lagoons-of-human-waste-at-the-western-treatment-plant": 0.9257509530207053,
    "river-memory": 0.9256096231452795,
    "humanities-on-the-ground": 0.9255397883629193,
    "timeslips": 0.9254229129919174,
    "meskonsing-indian-lake-convergence-1": 0.9254160145888404,
    "seminar-film-exhaustion-and-imagination": 0.925362091459629,
    "measuring-loss": 0.9248805607746204,
    "the-four-dimensional-mississippi": 0.924786744607818,
    "seminar-sensing-the-insensible": 0.92478171425831,
    "anthropos-in-the-lakes": 0.9246076502974365,
    "stranging-the-anthropocene-refraction": 0.9244340992644827,
    "driving-the-golden-spike": 0.9243709036353871,
    "seminar-film-un-bounded-engineering-and-evolutionary-stability": 0.9241928349373192,
    "blackhawk-park-is-indigenous-land-beyond-acknowledgment": 0.9241281851307902,
    "freshkills-new-york-city": 0.923663344383262,
    "seminar-film-commodity-flows": 0.9236417223928112,
    "typha-the-once-and-future-planty-companion": 0.9235587702448376,
    "seminar-co-evolutionary-perspectives": 0.9230563080531076,
    "seminar-imaging-the-anthropocene": 0.9227530606305286,
    "seminar-romancing-the-anthropocene": 0.9226958502644327,
    "performing-the-anthropocene": 0.922614981361187,
    "seminar-anthropogenic-landscapes": 0.9225661085418138,
    "limits-to-growth": 0.9225223561225776,
    "louisiana-a-planetary-reactor": 0.9225019919067581,
    "seminar-claims-property": 0.9222507374342868,
    "the-great-green-desert": 0.9221336570941348,
    "lost-voices": 0.9220338987993463,
    "twin-cities-artist-residency-mississippi-an-anthropocene-story": 0.9218555479551,
    "confluence-ecologies": 0.9217581439398814,
    "beyond-property": 0.9216356402045252,
    "xaraasi-xanne-crossing-voices": 0.9210746637280641,
    "oysters-selective-pressures-and-antibiotic-resistance-in-the-mississippi-delta": 0.9206484915308567,
    "field-station-3-anthropocene-vernacular": 0.9205714562354976,
    "the-terrain-of-the-former-veb-elektrokohle-lichtenberg": 0.9205374902021911,
    "layers-of-violence": 0.9204140348655186,
    "data-flow": 0.9203125389558132,
    "infrastrucural-nature": 0.9200956207866038,
    "extracts-and-exclusions": 0.920037911522688,
    "bastar-diary": 0.9198138222857157,
    "coordinating-practice": 0.9197570299996993,
    "seminar-reflection-2": 0.9192957033576911,
    "meskonsing-kansan-an-introduction": 0.9192698771289913,
    "meeker-dam": 0.9191016550817094,
    "orbital-geopolitics": 0.9190571019773546,
    "pockets-reflections-on-the-anthropocene-campus-melbourne": 0.9190293059185202,
    "producing-the-anthropocene-producing-the-future": 0.9188885439814762,
    "forecasting-earth-futures": 0.9188609804454011,
    "how-not-what-power-time-landscape": 0.9187546886141316,
    "la-arboleda": 0.918694213280317,
    "the-shape-of-a-practice-seminars": 0.9186010943736465,
    "deep-time-walking": 0.9184528143857377,
    "st-louis-anthropocene-field-campus": 0.9181448859561591,
    "lake-chad-sharing-a-diminishing-resource": 0.9181043796281845,
    "fort-snellings-deep-time-stories": 0.9180825810126707,
    "sounding-landscapes": 0.917913047037611,
    "seminar-report-geo-politics": 0.9177297144640982,