{
    "seminar-valuing-nature": 0.9784185356905643,
    "seminar-co-evolution-of-the-technosphere": 0.9749147468271258,
    "humanities-on-the-ground": 0.9748056807779367,
    "bastar-diary": 0.9741461486643479,
    "economic-framing-environmental-governance-and-teaching-pluralist-economics": 0.9733178053095694,
    "parallax-lisboa": 0.973146921072423,
    "state-of-nature-some-philosophical-issues": 0.9719733891230156,
    "taking-nature-into-account-historical-perspectives-and-paradoxes": 0.971776655955175,
    "lisboa-parallax-2020": 0.9716053415456427,
    "the-shape-of-a-practice": 0.9710989317444455,
    "feeling-following-creative-experiments-and-material-play": 0.970730460361694,
    "seminar-reflection-2": 0.9706947495551208,
    "seminar-disciplinarities": 0.9704766118950227,
    "campus-2016": 0.9700105021398042,
    "between-spaces-between-lines": 0.9697790390950699,
    "writing-global-histories-in-the-anthropocene": 0.9693125208317085,
    "stranging-the-anthropocene-refraction": 0.9692110554994661,
    "seminar-report-anthropogenic-landscapes": 0.969088214032181,
    "seminar-communicating": 0.9690358066716556,
    "seminar-reflections-algorithmic-intermediation-and-smartness": 0.9684817485993256,
    "producing-the-anthropocene-producing-the-future": 0.9676139236392449,
    "field-station-4-confluence-ecologies": 0.9675746538242136,
    "seminar-imaging-the-anthropocene": 0.9675076285064109,
    "voice-and-representation": 0.9672527895314137,
    "seminar-sensing": 0.9670391920764773,
    "forecasting-earth-futures": 0.9669827213616291,
    "seminar-consensus-building": 0.9666882844138406,
    "infrastrucural-nature": 0.9662155977203452,
    "state-of-nature-in-india": 0.9660038897707242,
    "data-sensing": 0.9656622345359113,
    "conference-state-of-nature-in-india": 0.965601631805335,
    "inside-the-museum": 0.9654929148673049,
    "seminar-report-filtering-the-anthropocene": 0.9653910577267216,
    "environing-technology": 0.9651225819391828,
    "global-systems-simulator-gss": 0.9648375727025691,
    "seminar-modelling-wicked-problems": 0.9648032759039346,
    "axiomatic-earth": 0.9638138762646703,
    "approaching-a-waterway": 0.9635206072169469,
    "the-floating-ear": 0.9632245293917399,
    "imagining-an-economy-based-on-care": 0.9630753168830194,
    "anthropocene-lecture-karen-litfin": 0.9626045522625423,
    "ny-alesund-svalbard-norway": 0.9625282840761826,
    "anthropocene-lecture-sheila-jasanoff": 0.9625259061269977,
    "anthropocene-lecture-philippe-descola": 0.9624888207908471,
    "seminar-report-slow-media": 0.9624299671429931,
    "campus-2014": 0.9623393178272395,
    "drawn-together": 0.9620340116044408,
    "introductions-to-matters-2": 0.9615743145994424,
    "monsanto-town": 0.9614381644883355,
    "walk-about-it": 0.9613161134662942,
    "anthropocene-lecture-julia-adeney-thomas": 0.9612452357876018,
    "geo-politics": 0.9612198459769327,
    "limits-to-growth": 0.9610113204780211,
    "seminar-exhaustion-and-imagination": 0.9609240315328104,
    "plastic-and-surrogacy": 0.9608032192147993,
    "knowing-together": 0.9607863746723633,
    "risk-equity-in-the-louisiana-anthropocene": 0.960746224083884,
    "mapping-an-exercise-in-cartography": 0.9605439825806446,
    "one-world-solid-and-cracked": 0.9604644190639532,
    "seminar-report-geo-politics": 0.9602375620604282,
    "seminar-co-evolutionary-perspectives": 0.9602029558984105,
    "on-consuming-slow-media": 0.9601142942331191,
    "lost-voices": 0.9600402116054649,
    "time-and-time-again": 0.9598686033333182,
    "navigating-the-anthropocene-river": 0.9596856732984042,
    "anthropocene-lecture-prasannan-parthasarathi": 0.9595375945412732,
    "seminar-filtering-the-anthropocene": 0.959391001607973,
    "art-air-and-ideas-in-the-anthropocene-2": 0.9592176388075689,
    "times-before-and-after": 0.958775269578084,
    "broadcasting-live-from-field-station-5-the-culture-of-resistance-by-land-and-sea-in-the-anthropocene": 0.9587190363364719,
    "the-hyphen": 0.9580194921598002,
    "terraforming": 0.957969680457866,
    "social-witnessing": 0.9576135331427346,
    "from-a-living-exhibition-to-the-dmz": 0.9572834367139491,
    "systems-analysis-and-modeling": 0.9569244019510738,
    "seminar-risk-equity": 0.9568488202042711,
    "comics-and-graphic-novels": 0.9568186100798967,
    "seminar-algorithmic-intermediation-and-smartness": 0.9566980971319116,
    "kairos-earthquake-early-warning-application": 0.9564977981664221,
    "tactics-for-quotidian-anthropocenes": 0.9562875463816473,
    "deep-time-chicago": 0.9560289535661424,
    "planting-a-seed-is-revolutionary-act": 0.9559848606465989,
    "project-launch-minneapolis": 0.9558391955064711,
    "wicked-problems-and-mental-models": 0.9558266928043916,
    "going-against-the-flow": 0.9557582163514987,
    "land-acknowledgement-statement": 0.9557304600368066,
    "seminar-archiving": 0.9556820388638774,
    "too-little-water-the-lake-chad-story": 0.9550937581108302,
    "seminar-anthropogenic-landscapes": 0.9550051791136157,
    "shadowing-the-anthropocene": 0.9547668031946809,
    "the-anthropocene-in-light-of-biological-feedback": 0.9541867909180942,
    "seminar-sensing-the-insensible": 0.9540931103061935,
    "anthropos-in-the-lakes": 0.9540372478001146,
    "field-stations": 0.9539616163820728,
    "the-shape-of-a-practice-seminars": 0.953790718276499,
    "place-and-space": 0.9535304367987315,
    "looking-downstream": 0.9531870819953225,
    "driving-the-limits-of-time": 0.9530118520963821,
    "histories-of-disintegration": 0.9526277196372791,
    "extracts-and-exclusions": 0.9520596377194274,
    "seminar-governing-the-technosphere": 0.9519626469177088,
    "pockets-reflections-on-the-anthropocene-campus-melbourne": 0.9519136315020029,
    "knowing-in-the-anthropocene": 0.9514557700574754,
    "the-aerocene-campus": 0.951270669482429,
    "enter-anthropocene-searching-for-signal-in-new-orleans": 0.9511114732681005,
    "natchez-etiologies-of-athropogenic-emergence": 0.9509284885976471,
    "field-station-3-anthropocene-vernacular": 0.9503803955608308,
    "from-valuing-nature-to-reclaiming-resources-2": 0.9503041385874792,
    "measuring-loss": 0.9502948181512135,
    "field-station-5-commodity-exploitation": 0.949959723500769,
    "the-mississippi-basin-an-operational-landscape": 0.9497671265731801,
    "twin-cities-artist-residency-mississippi-an-anthropocene-story": 0.9497397219907339,
    "resisting-the-oblivion-of-eco-colonialism": 0.9496581026564214,
    "performing-the-anthropocene": 0.9496568271911994,
    "real-estate-river": 0.9495208633388287,
    "the-anthropocene-and-our-post-natural-future-2": 0.9494963715003899,
    "kansan-view-from-iowa-point-1-glacial": 0.9494261049524272,
    "dramatizing-the-future": 0.9492726504852688,
    "data-flow": 0.9492432143380001,
    "the-confluence-area": 0.9489947128135204,
    "beyond-property": 0.9487455063376113,
    "interspecies-accomplices-cultivating-conspiracy-at-the-royal-botanic-gardens-victoria": 0.9487367393977063,
    "orbital-geopolitics": 0.9485120109740479,
    "the-stories-we-tell-the-images-we-take": 0.9485044400279254,
    "tactics-for-quotidian-anthropocenes-2": 0.9484614306585148,
    "coordinating-practice": 0.9483809492329527,
    "anthropocene-reinsurance-corporation-anthrore": 0.9482230202002274,
    "defining-the-anthropocene": 0.9482013048381344,
    "river-memory": 0.9480608700299292,
    "seminar-slow-media": 0.9479941481378936,
    "seminar-romancing-the-anthropocene": 0.947704062644427,
    "conversations": 0.9474367209540826,
    "seminar-commodity-flows": 0.9474275775868581,
    "sounding-landscapes": 0.9472274998468272,
    "laboratory-for-a-radical-suburbia": 0.9471691703242723,
    "eating-the-anthropocene": 0.9468791901830163,
    "panel-talk-beween-patricia-piccinini-and-claudia-vickers": 0.9465879283427427,
    "film-residency-mississippi-an-anthropocene-river": 0.9464723365609827,