{
    "essay-series": 0.976392004320977,
    "river-semester": 0.9729760938819264,
    "field-station-4-confluence-ecologies": 0.9728024822597238,
    "confluence-bus-tour-reflection": 0.9721355696551212,
    "navigating-the-anthropocene-river": 0.9718906798918053,
    "land-acknowledgement-statement": 0.9712135712708172,
    "driving-the-limits-of-time": 0.9708113383810922,
    "the-confluence-area": 0.9705460555950916,
    "drawn-together": 0.96992408574796,
    "check-my-pulse": 0.9684554351982823,
    "approaching-a-waterway": 0.9681660042024416,
    "sacrifice-zones-and-portable-climate": 0.9680151288981123,
    "seminar-clashing-temporalities": 0.9671123569369473,
    "conundrums-on-country": 0.9668887469525292,
    "river-semester-project": 0.9665266824875783,
    "risk-equity-in-the-louisiana-anthropocene": 0.9660761407247136,
    "the-four-dimensional-mississippi": 0.9659713447256294,
    "tactics-for-quotidian-anthropocenes": 0.9657044964546536,
    "one-place-many-names": 0.9652677119348199,
    "telling-time-through-lagoons-of-human-waste-at-the-western-treatment-plant": 0.9649288892003459,
    "uncalculated-risk": 0.9646318106548666,
    "going-against-the-flow": 0.9645112351434862,
    "kansan-view-from-iowa-point-1-glacial": 0.964114194372639,
    "broadcasting-live-from-field-station-5-the-culture-of-resistance-by-land-and-sea-in-the-anthropocene": 0.9640406777194293,
    "introductions-to-matters-2": 0.9639871477713218,
    "measuring-loss": 0.9638839399437262,
    "louisiana-a-planetary-reactor": 0.9635547995242215,
    "planting-a-seed-is-revolutionary-act": 0.9633222747537978,
    "meskonsing-indian-lake-convergence-1": 0.9631598879523406,
    "timeslips": 0.9630301703301022,
    "real-estate-river": 0.962998479798576,
    "interspecies-accomplices-cultivating-conspiracy-at-the-royal-botanic-gardens-victoria": 0.9629572340748822,
    "histories-of-disintegration": 0.9629192473933303,
    "outrunning-the-anthropocene": 0.9626211243783418,
    "the-aerocene-campus": 0.9619985805949318,
    "field-station-1-sediment-settlement-sentiment": 0.9610342705886301,
    "natchez-etiologies-of-athropogenic-emergence": 0.9608500722170239,
    "meeker-dam": 0.9608245797208139,
    "social-witnessing": 0.9607424876055307,
    "deep-time-walking": 0.9606312591927356,
    "listening-to-the-mississippi": 0.9606225054713236,
    "field-stations": 0.9606177712916972,
    "imagining-an-economy-based-on-care": 0.9605844603504277,
    "white-sands": 0.960553353087627,
    "lost-voices": 0.9599951695844999,
    "blackhawk-park-is-indigenous-land-beyond-acknowledgment": 0.9599305985304529,
    "layers-of-violence": 0.959874689910135,
    "performing-the-anthropocene": 0.9597927250098713,
    "enter-anthropocene-searching-for-signal-in-new-orleans": 0.9594473088626168,
    "confluence-ecologies": 0.9589839208607792,
    "the-stories-we-tell-the-images-we-take": 0.9588328042996899,
    "kick-off-anthropocene-river-journey": 0.9587796748953443,
    "anthropos-in-the-lakes": 0.9587140399085459,
    "seminar-report-anthropogenic-landscapes": 0.9587125442477895,
    "seminar-report-filtering-the-anthropocene": 0.9586802337010035,
    "project-launch-minneapolis": 0.958419081665279,
    "field-station-3-anthropocene-vernacular": 0.9581659860060299,
    "the-american-bottom": 0.9580536752596007,
    "time-out-of-mind": 0.957813472110462,
    "rogue-elements-of-the-upper-mississippi": 0.9577634107823505,
    "knowing-together": 0.9576790238124863,
    "film-residency-mississippi-an-anthropocene-river": 0.9576706517327327,
    "ny-alesund-svalbard-norway": 0.957539838180099,
    "between-spaces-between-lines": 0.9574150954510183,
    "river-memory": 0.9573663869977791,
    "walk-about-it": 0.9570972271682042,
    "inside-the-museum": 0.9567359370659654,
    "the-terrain-of-the-former-veb-elektrokohle-lichtenberg": 0.9567202223221254,
    "on-the-recuperative-mismanagement-of-a-cosmopolitan-fish": 0.9565987753863799,
    "data-flow": 0.9562803200211522,
    "sounding-landscapes": 0.955747235221209,
    "from-plantations-to-petrochemicals": 0.9555686422999958,
    "the-shape-of-a-practice": 0.9553252715164084,
    "deep-time-chicago": 0.9551727880871628,
    "la-arboleda": 0.9550451967704702,
    "bastar-diary": 0.9550178415161028,
    "fort-snellings-deep-time-stories": 0.9547484163659209,
    "resisting-the-oblivion-of-eco-colonialism": 0.9546004973275971,
    "meskonsing-kansan-an-introduction": 0.9543389978574549,
    "mississippi": 0.9542164156188956,
    "driving-the-golden-spike": 0.9540728255297081,
    "how-does-the-world-end-for-others": 0.9540384981199742,
    "seminar-anthropogenic-landscapes": 0.9539887996042301,
    "patagonia": 0.9537795990706416,
    "remnant-formations": 0.9537301737037978,
    "data-sensing": 0.9535057825813416,
    "seminar-report-geo-politics": 0.953432234523452,
    "pockets-reflections-on-the-anthropocene-campus-melbourne": 0.9533124312794321,
    "stranging-the-anthropocene-refraction": 0.9531941432463868,
    "seminar-co-evolution-of-the-technosphere": 0.9528923999626712,
    "transect-walk-cahokia-mounds-to-fairmont-city": 0.9528536452109684,
    "the-vietnamese-community-in-eastern-new-orleans": 0.952697778787989,
    "gas-flares-in-the-bakken-oil-fields-williston-north-dakota-2013": 0.9525811733870514,
    "eating-the-anthropocene": 0.9525791644029735,
    "freshkills-new-york-city": 0.952513515391633,
    "touring-the-anthropocenery-whos-in-charge-here-2014": 0.9524822011042462,
    "twin-cities-artist-residency-mississippi-an-anthropocene-story": 0.9522863439750489,
    "producing-the-anthropocene-producing-the-future": 0.9522420508065834,
    "monsanto-town": 0.951976133222258,
    "the-mississippi-basin-an-operational-landscape": 0.9517196048628197,
    "forecasting-earth-futures": 0.9516861733792451,
    "too-little-water-the-lake-chad-story": 0.9516161634894853,
    "writing-global-histories-in-the-anthropocene": 0.9515872451906603,
    "lisboa-parallax-2020": 0.9511501334620739,
    "seminar-imaging-the-anthropocene": 0.9508100481530638,
    "nigeria-oil-pipes": 0.9506601243998364,
    "xaraasi-xanne-crossing-voices": 0.9502152349516042,
    "art-air-and-ideas-in-the-anthropocene-2": 0.9501384651440518,
    "of-forests-of-rivers-and-of-meals": 0.9500540184433094,
    "imagine-the-anthropocene-with-a-little-help-from-the-monster-in-you": 0.950035656957348,
    "cadillac-ranch-2004": 0.9500232776386959,
    "extracts-and-exclusions": 0.9499822528156654,
    "before-i-know-you": 0.9498263054788265,
    "seminar-report-slow-media": 0.9495587071327386,
    "seminar-reflections-algorithmic-intermediation-and-smartness": 0.9494804681128375,
    "the-free-sea": 0.9492831373148671,
    "edible-encounters-along-the-mississippi-river": 0.9490245956474824,
    "shaped-by-rivers": 0.9489361143385397,
    "on-the-use-of-the-word-code-by-the-kogi-translator": 0.9488746179917876,
    "seminar-claims-property": 0.94873399450746,
    "anthropocene-river-school": 0.9487298167540986,
    "from-a-living-exhibition-to-the-dmz": 0.9486681927640144,
    "shadowing-the-anthropocene": 0.9486110023289738,
    "one-world-solid-and-cracked": 0.9484897462246951,
    "seminar-reflection-2": 0.9482463298006361,
    "new-orleans-anthropocene-field-campus": 0.9482050227766524,
    "this-is-not-about-survival-its-about-bringing-your-coracle": 0.9481651943837666,
    "praying-for-the-water-with-saundi-mcclain-kloeckner": 0.948004146742056,
    "arctic-change": 0.9477731261250986,
    "field-station-5-commodity-exploitation": 0.9475148755146743,
    "beyond-property": 0.9473165342333422,
    "campus-2014": 0.9470908518037898,
    "anthropocene-working-group": 0.946830611512065,
    "orbital-geopolitics": 0.9467610363658142,
    "somewhere-somehow-a-co-evolution-story": 0.9466283803991976,
    "paddle-waves-and-sparkling-light": 0.9465847632515297,
    "contesting-the-de-industrial-futures-of-the-upper-mississippi": 0.9463835094152716,