{
    "anthropocene-working-group": 0.951267981192811,
    "anthropocene-lecture-sheila-jasanoff": 0.9462442527950976,
    "campus-2014": 0.9459131097803485,
    "writing-global-histories-in-the-anthropocene": 0.9448233604318667,
    "anthropocene-lecture-philippe-descola": 0.9418254751881759,
    "deep-time-chicago-lecture": 0.9373132373736184,
    "tactics-for-quotidian-anthropocenes-2": 0.936924974245436,
    "seminar-co-evolution-of-the-technosphere": 0.9364354547456026,
    "lisboa-parallax-2020": 0.934868128738859,
    "humanities-on-the-ground": 0.9347235498461621,
    "mississippi": 0.9344744040660895,
    "seminar-imaging-the-anthropocene": 0.9334887352126339,
    "field-trips": 0.9326672164447954,
    "data-sensing": 0.9322540068384353,
    "project-launch-minneapolis": 0.9322483691920913,
    "seminar-sensing-the-insensible": 0.9319642544806843,
    "monsanto-town": 0.9318778046311756,
    "anthropocene-lecture-prasannan-parthasarathi": 0.931363873823419,
    "state-of-nature-some-philosophical-issues": 0.9313562075134784,
    "anthropocene-lecture-julia-adeney-thomas": 0.931327654319405,
    "the-shape-of-a-practice": 0.9300146548646017,
    "seminar-filtering-the-anthropocene": 0.929230270188934,
    "deep-time-chicago": 0.9289467907019953,
    "conversations": 0.9288596766355205,
    "anthropocene-river-campus-seminar-un-bounded-engineering-and-evolutionary-stability": 0.9288168767715198,
    "inside-the-museum": 0.9285192736103014,
    "natchez-etiologies-of-athropogenic-emergence": 0.9276753034672929,
    "parallax-lisboa": 0.9273734652468262,
    "enter-anthropocene-searching-for-signal-in-new-orleans": 0.9268094162747503,
    "between-spaces-between-lines": 0.9265855304860247,
    "seminar-romancing-the-anthropocene": 0.9264940576889282,
    "producing-the-anthropocene-producing-the-future": 0.926469372375729,
    "seminar-report-slow-media": 0.9262989270944328,
    "voice-and-representation": 0.9255247082970726,
    "new-orleans-anthropocene-field-campus": 0.9254193389228167,
    "taking-nature-into-account-historical-perspectives-and-paradoxes": 0.925311193039996,
    "anthropocene-river-campus-seminar-exhaustion-and-imagination": 0.9252601601647886,
    "stranging-the-anthropocene-refraction": 0.9245848465884764,
    "seminar-report-filtering-the-anthropocene": 0.923906852787682,
    "from-plantations-to-petrochemicals": 0.9233780143962775,
    "introductions-to-matters-2": 0.9232987449037979,
    "defining-the-anthropocene": 0.9231337188397339,
    "seminar-report-anthropogenic-landscapes": 0.9231133441149477,
    "field-station-4-confluence-ecologies": 0.9226072925586082,
    "time-and-time-again": 0.9225420838228209,
    "seminar-disciplinarities": 0.9218951069031235,
    "eating-the-anthropocene": 0.9218773688802014,
    "campus-2016": 0.9218693412430443,
    "seminar-communicating": 0.9216088950019655,
    "walk-about-it": 0.9208474519726138,
    "seminar-claims-property": 0.920495593214376,
    "ny-alesund-svalbard-norway": 0.9202672094223612,
    "histories-of-disintegration": 0.9202274357906214,
    "land-acknowledgement-statement": 0.9202260077247274,
    "seminar-reflection-2": 0.92011382683899,
    "river-semester-project": 0.9197542449227528,
    "film-residency-mississippi-an-anthropocene-river": 0.9195731099966605,
    "laboratory-for-a-radical-suburbia": 0.9193841174645012,
    "approaching-a-waterway": 0.9193316239479513,
    "knowing-together": 0.9192572783060503,
    "feeling-following-creative-experiments-and-material-play": 0.919196174950407,
    "forecasting-earth-futures": 0.9190144893426673,
    "tactics-for-quotidian-anthropocenes": 0.9186634622888474,
    "beyond-property": 0.9183114545055854,
    "bastar-diary": 0.9173455214093055,
    "anthropocene-river-campus-seminar-commodity-flows": 0.9172946466547574,
    "coordinating-practice": 0.9172134905409174,
    "the-aerocene-campus": 0.9169834447185106,
    "from-a-living-exhibition-to-the-dmz": 0.9168402325462337,
    "plastic-and-surrogacy": 0.9168175636115231,
    "seminar-reflections-algorithmic-intermediation-and-smartness": 0.9168014135443876,
    "planting-a-seed-is-revolutionary-act": 0.9167129791132136,
    "shadowing-the-anthropocene": 0.9160197467086268,
    "anthropocene-lecture-karen-litfin": 0.9159552995927037,
    "risk-equity-in-the-louisiana-anthropocene": 0.9157910979630404,
    "conference-state-of-nature-in-india": 0.9155114619514128,
    "seminar-film-exhaustion-and-imagination": 0.9153948003048203,
    "reshaping-the-shape-embodiment-ecology-and-culture-of-a-postnatural-carp": 0.9153545249527208,
    "economic-framing-environmental-governance-and-teaching-pluralist-economics": 0.9152772780718444,
    "seminar-valuing-nature": 0.9151610863517194,
    "the-anthropocene-and-our-post-natural-future-2": 0.9151508442858,
    "anthropos-in-the-lakes": 0.9150472953334663,
    "anthropocene-river-campus-seminar-clashing-temporalities": 0.9150012031820539,
    "field-station-3-anthropocene-vernacular": 0.9149371483985007,
    "kansan-view-from-iowa-point-1-glacial": 0.9148318930970557,
    "seminar-co-evolutionary-perspectives": 0.9148183904464016,
    "interspecies-accomplices-cultivating-conspiracy-at-the-royal-botanic-gardens-victoria": 0.9142080483111332,
    "geo-politics": 0.9140314878974184,
    "panel-talk-beween-patricia-piccinini-and-claudia-vickers": 0.9139199602232384,
    "limits-to-growth": 0.9138680791236297,
    "axiomatic-earth": 0.9135050364937509,
    "meskonsing-kansan-an-introduction": 0.913438361980673,
    "social-witnessing": 0.9132453050309336,
    "seminar-consensus-building": 0.9129935174543876,
    "state-of-nature-in-india": 0.9126566942481625,
    "looking-downstream": 0.9124745503720197,
    "images-of-the-anthropocene": 0.9123785295275264,
    "seminar-anthropogenic-landscapes": 0.9123071751160513,
    "seminar-sensing": 0.912226947158133,
    "driving-the-limits-of-time": 0.912075329468254,
    "the-stories-we-tell-the-images-we-take": 0.9119863712459672,
    "seminar-algorithmic-intermediation-and-smartness": 0.9117963687947165,
    "typha-the-once-and-future-planty-companion": 0.9117485062433315,
    "anthropocene-river-campus-the-human-delta": 0.9115735631210952,
    "the-rights-of-nature": 0.9115163856479165,
    "blackhawk-park-is-indigenous-land-beyond-acknowledgment": 0.9114819094382794,
    "seminar-film-clashing-temporalities": 0.9113591511740594,
    "the-american-bottom": 0.9111343987255794,
    "anthropocene-river-journey": 0.9111133156349519,
    "the-shape-of-a-practice-seminars": 0.9110973972471155,
    "place-and-space": 0.9110240562520213,
    "navigating-the-anthropocene-river": 0.910687053129608,
    "broadcasting-live-from-field-station-5-the-culture-of-resistance-by-land-and-sea-in-the-anthropocene": 0.9102494421431357,
    "twin-cities-artist-residency-mississippi-an-anthropocene-story": 0.9101431792203833,
    "on-consuming-slow-media": 0.9096977901994988,
    "touring-the-anthropocenery-whos-in-charge-here-2014": 0.9096364167757097,
    "driving-the-golden-spike": 0.9094833314781687,
    "essay-series": 0.9094683932170902,
    "one-world-solid-and-cracked": 0.9093666461369018,
    "real-estate-river": 0.9090279280307122,
    "terraforming": 0.9088800873622807,
    "seminar-slow-media": 0.9086767620490259,
    "drawn-together": 0.9086463775002038,
    "times-before-and-after": 0.9085988084525681,
    "plant-domestication-and-dispersal": 0.9085766158448519,
    "anthropos": 0.908457162085978,
    "field-stations": 0.9082021157572393,
    "slow-disaster": 0.9080902502754715,
    "seminar-film-un-bounded-engineering-and-evolutionary-stability": 0.9077942525270353,
    "lost-voices": 0.9077424523646875,
    "seminar-clashing-temporalities": 0.9075043601497371,
    "orbital-geopolitics": 0.907404782658163,
    "infrastrucural-nature": 0.9070812098225143,
    "mapping-an-exercise-in-cartography": 0.9068037907019522,
    "going-against-the-flow": 0.9067686540559179,