{
    "seminar-film-un-bounded-engineering-and-evolutionary-stability": 0.9720428861467458,
    "seminar-co-evolution-of-the-technosphere": 0.9518520650192686,
    "lisboa-parallax-2020": 0.9516344812954243,
    "campus-2014": 0.9515422706825758,
    "knowing-together": 0.9507556698529661,
    "deep-time-chicago": 0.9502976805867983,
    "between-spaces-between-lines": 0.9498365594274969,
    "seminar-co-evolutionary-perspectives": 0.9495349863856809,
    "river-semester-project": 0.9491323256238522,
    "the-aerocene-campus": 0.9484742772971774,
    "from-a-living-exhibition-to-the-dmz": 0.9484338064632712,
    "tactics-for-quotidian-anthropocenes": 0.947615191211953,
    "eating-the-anthropocene": 0.9475959536352235,
    "seminar-report-anthropogenic-landscapes": 0.9474508070134378,
    "humanities-on-the-ground": 0.947103661160747,
    "field-station-4-confluence-ecologies": 0.9470731330315812,
    "inside-the-museum": 0.9465647018174089,
    "project-launch-minneapolis": 0.9464751615272956,
    "from-valuing-nature-to-reclaiming-resources": 0.9463262047573289,
    "seminar-un-bounded-engineering-and-evolutionary-stability": 0.9451743186561268,
    "stranging-the-anthropocene-refraction": 0.94513171786576,
    "seminar-reflection-2": 0.944947227613647,
    "from-valuing-nature-to-reclaiming-resources-2": 0.9448091059828715,
    "seminar-report-slow-media": 0.9439840202007376,
    "coordinating-practice": 0.9439083455472759,
    "parallax-lisboa": 0.9437583969459257,
    "tactics-for-quotidian-anthropocenes-2": 0.943225238784,
    "the-stories-we-tell-the-images-we-take": 0.942632266166548,
    "seminar-film-exhaustion-and-imagination": 0.9425744706927892,
    "the-anthropocene-and-our-post-natural-future-2": 0.9425671242998978,
    "terraforming": 0.9421799824241719,
    "seminar-valuing-nature": 0.9421017555714652,
    "social-witnessing": 0.9417278831382707,
    "introductions-to-matters-2": 0.9417187592654137,
    "state-of-nature-in-india": 0.9413600148700395,
    "seminar-consensus-building": 0.9412789265803834,
    "seminar-film-clashing-temporalities": 0.9410747012887272,
    "monsanto-town": 0.9410080036935997,
    "limits-to-growth": 0.940675206217477,
    "risk-equity-in-the-louisiana-anthropocene": 0.9403354138623453,
    "feeling-following-creative-experiments-and-material-play": 0.9402556115678338,
    "the-shape-of-a-practice": 0.9402112894222341,
    "writing-global-histories-in-the-anthropocene": 0.9401121638798517,
    "time-and-time-again": 0.9400967436686511,
    "seminar-imaging-the-anthropocene": 0.9398835932830223,
    "place-and-space": 0.939847648206857,
    "the-anthropocene-in-light-of-biological-feedback": 0.9397049796283119,
    "economic-framing-environmental-governance-and-teaching-pluralist-economics": 0.9396032594729861,
    "orbital-geopolitics": 0.9395544945021628,
    "approaching-a-waterway": 0.9394761057507153,
    "seminar-clashing-temporalities": 0.9394414290592628,
    "campus-2016": 0.9393056152357806,
    "seminar-communicating": 0.9390918350989342,
    "conference-state-of-nature-in-india": 0.9390501158203175,
    "how-not-what-power-time-landscape": 0.9388420815514271,
    "forecasting-earth-futures": 0.9385373278332743,
    "voice-and-representation": 0.9379423082831178,
    "seminar-romancing-the-anthropocene": 0.9379323014973169,
    "data-sensing": 0.9373991030559463,
    "panel-talk-beween-patricia-piccinini-and-claudia-vickers": 0.9373796911313672,
    "seminar-reflections-algorithmic-intermediation-and-smartness": 0.9373651312710329,
    "meskonsing-kansan-an-introduction": 0.9371796386263033,
    "seminar-sensing-the-insensible": 0.937091861676574,
    "seminar-archiving": 0.9369852342451181,
    "anthropocene-working-group": 0.9366427321020492,
    "anthropocene-river-campus-the-human-delta": 0.9363404014495518,
    "seminar-techno-metabolism": 0.9362599929630092,
    "seminar-film-commodity-flows": 0.9362496942991635,
    "seminar-sensing": 0.9362041969723173,
    "seminar-algorithmic-intermediation-and-smartness": 0.9361713242669918,
    "one-world-solid-and-cracked": 0.9359838005934209,
    "anthropos-in-the-lakes": 0.935923221766155,
    "deep-time-chicago-lecture": 0.9356373206849111,
    "state-of-nature-some-philosophical-issues": 0.935314539495987,
    "histories-of-disintegration": 0.9352566563867402,
    "drawn-together": 0.9352461079333868,
    "too-little-water-the-lake-chad-story": 0.9351411589364654,
    "the-american-bottom": 0.9351339120643183,
    "lost-voices": 0.9351042455140736,
    "the-shape-of-a-practice-seminars": 0.9349107476644537,
    "producing-the-anthropocene-producing-the-future": 0.93482809742399,
    "kansan-view-from-iowa-point-1-glacial": 0.934799962000845,
    "land-acknowledgement-statement": 0.9347834019328577,
    "driving-the-limits-of-time": 0.9342113828461358,
    "navigating-the-anthropocene-river": 0.9341110712462605,
    "xaraasi-xanne-crossing-voices": 0.9340946851546382,
    "seminar-anthropogenic-landscapes": 0.9340174265493153,
    "walk-about-it": 0.9338931882192124,
    "mississippi": 0.933743117950682,
    "slow-disaster": 0.9336274725455902,
    "bastar-diary": 0.9334882356951866,
    "blackhawk-park-is-indigenous-land-beyond-acknowledgment": 0.932967488170325,
    "interspecies-accomplices-cultivating-conspiracy-at-the-royal-botanic-gardens-victoria": 0.9325828426140573,
    "ny-alesund-svalbard-norway": 0.9318915851996955,
    "shadowing-the-anthropocene": 0.9318591951797603,
    "seminar-report-geo-politics": 0.931681153674494,
    "data-flow": 0.9315448356136896,
    "real-estate-river": 0.9315248264332924,
    "the-floating-ear": 0.9315210399843816,
    "broadcasting-live-from-field-station-5-the-culture-of-resistance-by-land-and-sea-in-the-anthropocene": 0.9314583128134821,
    "mapping-an-exercise-in-cartography": 0.9313529839926489,
    "river-semester": 0.9313003784206648,
    "seminar-report-filtering-the-anthropocene": 0.9312629027572371,
    "natchez-etiologies-of-athropogenic-emergence": 0.9312465092055499,
    "seminar-modelling-wicked-problems": 0.9311701008230266,
    "essay-series": 0.931009980121196,
    "one-place-many-names": 0.9309294116584851,
    "planting-a-seed-is-revolutionary-act": 0.9309173464022489,
    "kairos-earthquake-early-warning-application": 0.9307564934828765,
    "the-confluence-area": 0.9307267557710286,
    "on-consuming-slow-media": 0.9306183106996695,
    "pockets-reflections-on-the-anthropocene-campus-melbourne": 0.9304706533592325,
    "measuring-loss": 0.930428651097878,
    "enter-anthropocene-searching-for-signal-in-new-orleans": 0.9303899514682745,
    "driving-the-golden-spike": 0.9297892290569604,
    "infrastrucural-nature": 0.9297040311157425,
    "knowing-in-the-anthropocene": 0.9296363360309823,
    "meskonsing-indian-lake-convergence-1": 0.9295520597260714,
    "bound-with-bright-beautiful-things": 0.9295378249678693,
    "imagining-an-economy-based-on-care": 0.9293875649263359,
    "going-against-the-flow": 0.9293547673107908,
    "dramatizing-the-future": 0.9293454313813575,
    "from-plantations-to-petrochemicals": 0.929293337505164,
    "film-residency-mississippi-an-anthropocene-river": 0.9292714518527153,
    "typha-the-once-and-future-planty-companion": 0.9291232971764173,
    "performing-the-anthropocene": 0.9290482236156326,
    "extracts-and-exclusions": 0.9290136264520373,
    "axiomatic-earth": 0.9289738170372214,
    "confluence-ecologies": 0.9289237230039095,
    "on-the-recuperative-mismanagement-of-a-cosmopolitan-fish": 0.9286501736781241,
    "environing-technology": 0.9285723653899035,
    "field-stations": 0.9284467171070656,
    "global-systems-simulator-gss": 0.9284363601581694,
    "conundrums-on-country": 0.9284054504042986,
    "seminar-disciplinarities": 0.9282950621753099,
    "comics-and-graphic-novels": 0.9277090490187362,
    "field-trips": 0.9276881427767715,
    "contesting-the-de-industrial-futures-of-the-upper-mississippi": 0.9273339096519458,