{
    "river-semester-project": 0.9585275783524788,
    "new-orleans-anthropocene-field-campus": 0.9569165141178778,
    "river-semester": 0.9519822237629202,
    "field-station-4-confluence-ecologies": 0.9466079930700011,
    "project-launch-minneapolis": 0.944409162609327,
    "campus-2014": 0.9438256147763106,
    "tactics-for-quotidian-anthropocenes": 0.9436361565584803,
    "field-stations": 0.9424205185838801,
    "the-shape-of-a-practice-seminars": 0.9415644510717935,
    "the-shape-of-a-practice-online-project-environment": 0.940977025728296,
    "tactics-for-quotidian-anthropocenes-2": 0.9408118464780622,
    "twin-cities-artist-residency-mississippi-an-anthropocene-story": 0.9406260415813228,
    "knowing-together": 0.9405855316191961,
    "deep-time-chicago": 0.9387126273439701,
    "lisboa-parallax-2020": 0.9379377090739464,
    "anthropocene-working-group": 0.9372404479105664,
    "deep-time-chicago-lecture": 0.9364827527371332,
    "from-a-living-exhibition-to-the-dmz": 0.9345527122552162,
    "field-trips": 0.933412883699666,
    "land-acknowledgement-statement": 0.9323509509423985,
    "between-spaces-between-lines": 0.9321291469297028,
    "the-aerocene-campus": 0.932071623822919,
    "broadcasting-live-from-field-station-5-the-culture-of-resistance-by-land-and-sea-in-the-anthropocene": 0.9320591683665934,
    "the-confluence-area": 0.9318997876291107,
    "approaching-a-waterway": 0.9318370152084571,
    "seminar-report-anthropogenic-landscapes": 0.931728587390075,
    "the-shape-of-a-practice": 0.9314841373431108,
    "essay-series": 0.9298720521425101,
    "parallax-lisboa": 0.92982083407034,
    "seminar-report-slow-media": 0.9295202426378149,
    "seminar-co-evolution-of-the-technosphere": 0.9294135830536745,
    "coordinating-practice": 0.9291784666430015,
    "walk-about-it": 0.9291212816734292,
    "seminar-reflection-2": 0.9289398887231096,
    "drawn-together": 0.928880345063204,
    "data-sensing": 0.927517802581375,
    "monsanto-town": 0.9274906235940051,
    "mississippi": 0.9273705106081379,
    "introductions-to-matters-2": 0.9271700394083642,
    "social-witnessing": 0.9270117411486218,
    "risk-equity-in-the-louisiana-anthropocene": 0.9265845298917086,
    "film-residency-mississippi-an-anthropocene-river": 0.9264119110506838,
    "writing-global-histories-in-the-anthropocene": 0.9259446243655176,
    "inside-the-museum": 0.9255891129480837,
    "navigating-the-anthropocene-river": 0.9253481146239746,
    "histories-of-disintegration": 0.9251812633371334,
    "river-memory": 0.925122995925421,
    "imagining-an-economy-based-on-care": 0.9247193326677412,
    "the-stories-we-tell-the-images-we-take": 0.9246335400931293,
    "seminar-clashing-temporalities": 0.9245819345502296,
    "bastar-diary": 0.9245053145236306,
    "seminar-reflections-algorithmic-intermediation-and-smartness": 0.924132597900647,
    "conference-state-of-nature-in-india": 0.923454630843702,
    "seminar-romancing-the-anthropocene": 0.9231371702391508,
    "place-and-space": 0.9229022208011695,
    "seminar-disciplinarities": 0.922824725323633,
    "ny-alesund-svalbard-norway": 0.9227695647442569,
    "humanities-on-the-ground": 0.9226646540490727,
    "real-estate-river": 0.9225780351002275,
    "environing-technology": 0.9224705938682327,
    "seminar-report-filtering-the-anthropocene": 0.9224499011899948,
    "seminar-film-exhaustion-and-imagination": 0.9223594709490451,
    "seminar-film-clashing-temporalities": 0.921974327533315,
    "xaraasi-xanne-crossing-voices": 0.9219548638527776,
    "looking-downstream": 0.9213488281592513,
    "seminar-communicating": 0.9213203216118827,
    "infrastrucural-nature": 0.9211824642013622,
    "seminar-consensus-building": 0.9210741283006536,
    "on-consuming-slow-media": 0.9209294897566248,
    "seminar-film-commodity-flows": 0.9208160883514672,
    "conversations": 0.9205094607721529,
    "conundrums-on-country": 0.9203789580700034,
    "seminar-un-bounded-engineering-and-evolutionary-stability": 0.9202915760840501,
    "seminar-archiving": 0.9202907527551213,
    "from-plantations-to-petrochemicals": 0.9202842308427558,
    "state-of-nature-in-india": 0.9202134878635738,
    "seminar-slow-media": 0.9201238451386067,
    "seminar-valuing-nature": 0.9198924046358533,
    "voice-and-representation": 0.9198391746630181,
    "planting-a-seed-is-revolutionary-act": 0.9197564771473667,
    "seminar-anthropogenic-landscapes": 0.9194818335984837,
    "extracts-and-exclusions": 0.9191977482550815,
    "listening-to-the-mississippi": 0.9190516370398248,
    "driving-the-limits-of-time": 0.9189093243848726,
    "seminar-imaging-the-anthropocene": 0.9185677726157712,
    "going-against-the-flow": 0.918415874773713,
    "natchez-etiologies-of-athropogenic-emergence": 0.9180755651033662,
    "enter-anthropocene-searching-for-signal-in-new-orleans": 0.9178587429418731,
    "stranging-the-anthropocene-refraction": 0.9178351375355739,
    "sacrifice-zones-and-portable-climate": 0.9175327531995132,
    "interspecies-accomplices-cultivating-conspiracy-at-the-royal-botanic-gardens-victoria": 0.9174151157875997,
    "eating-the-anthropocene": 0.9172473221575785,
    "uncalculated-risk": 0.9171786906338691,
    "the-terrain-of-the-former-veb-elektrokohle-lichtenberg": 0.9170824158783903,
    "producing-the-anthropocene-producing-the-future": 0.9169908044434251,
    "too-little-water-the-lake-chad-story": 0.9168186708059657,
    "measuring-loss": 0.9163970840942265,
    "seminar-sensing": 0.9163473538835397,
    "one-place-many-names": 0.916221505503804,
    "lost-voices": 0.9159833570411573,
    "feeling-following-creative-experiments-and-material-play": 0.9158876762066326,
    "taking-nature-into-account-historical-perspectives-and-paradoxes": 0.9153905519942521,
    "telling-time-through-lagoons-of-human-waste-at-the-western-treatment-plant": 0.915374307897248,
    "from-valuing-nature-to-reclaiming-resources-2": 0.9151551981262199,
    "seminar-film-un-bounded-engineering-and-evolutionary-stability": 0.9146368637605304,
    "laboratory-for-a-radical-suburbia": 0.9143776123758477,
    "performing-the-anthropocene": 0.9143372303621196,
    "seminar-report-geo-politics": 0.9141208543653322,
    "seminar-modelling-wicked-problems": 0.9139704502475813,
    "kansan-view-from-iowa-point-1-glacial": 0.9138325024826707,
    "limits-to-growth": 0.9135145637951368,
    "on-the-recuperative-mismanagement-of-a-cosmopolitan-fish": 0.9134656347061374,
    "seminar-sensing-the-insensible": 0.9132769857557856,
    "the-american-bottom": 0.9132204363836606,
    "economic-framing-environmental-governance-and-teaching-pluralist-economics": 0.9130783274476286,
    "freshkills-new-york-city": 0.9124133676991173,
    "field-station-5-commodity-exploitation": 0.9119989455043067,
    "images-of-the-anthropocene": 0.9118609277841301,
    "check-my-pulse": 0.9118360670810305,
    "outrunning-the-anthropocene": 0.9118285105276225,
    "resisting-the-oblivion-of-eco-colonialism": 0.911721960611228,
    "remnant-formations": 0.9116043702653012,
    "the-floating-ear": 0.9115642275776609,
    "campus-2016": 0.9112897507857508,
    "forecasting-earth-futures": 0.9112284186139453,
    "global-systems-simulator-gss": 0.911131470832575,
    "art-air-and-ideas-in-the-anthropocene-2": 0.9111106703649988,
    "contesting-the-de-industrial-futures-of-the-upper-mississippi": 0.9110860406418357,
    "blackhawk-park-is-indigenous-land-beyond-acknowledgment": 0.9110779423793286,
    "beyond-property": 0.9110155671899366,
    "anthropos-in-the-lakes": 0.9108633527160175,
    "shadowing-the-anthropocene": 0.9105575830183246,
    "sounding-landscapes": 0.9100729726592404,
    "terraforming": 0.9099994972404,
    "data-flow": 0.9098362497833486,
    "seminar-co-evolutionary-perspectives": 0.9097897992413037,
    "typha-the-once-and-future-planty-companion": 0.9094305869149898,
    "pockets-reflections-on-the-anthropocene-campus-melbourne": 0.9093865364638647,