{
    "humanities-on-the-ground": 0.9788705287999792,
    "state-of-nature-some-philosophical-issues": 0.9752226563005769,
    "seminar-co-evolution-of-the-technosphere": 0.9745651230737417,
    "plastic-and-surrogacy": 0.9723549267577363,
    "bastar-diary": 0.9722567724077249,
    "seminar-imaging-the-anthropocene": 0.9717526266098709,
    "stranging-the-anthropocene-refraction": 0.9703062725488177,
    "time-and-time-again": 0.9700478866878872,
    "campus-2016": 0.9699256543952368,
    "seminar-report-filtering-the-anthropocene": 0.969909191064427,
    "producing-the-anthropocene-producing-the-future": 0.9688559767789746,
    "taking-nature-into-account-historical-perspectives-and-paradoxes": 0.968720893057461,
    "inside-the-museum": 0.9685702852117294,
    "forecasting-earth-futures": 0.9676102026585195,
    "writing-global-histories-in-the-anthropocene": 0.9670378218524609,
    "mississippi": 0.9666505028555546,
    "seminar-disciplinarities": 0.9666407223128931,
    "walk-about-it": 0.9663174427720469,
    "shadowing-the-anthropocene": 0.9663116230293394,
    "natchez-etiologies-of-athropogenic-emergence": 0.9659557771127644,
    "seminar-filtering-the-anthropocene": 0.9648785386471873,
    "anthropos-in-the-lakes": 0.9648429747442568,
    "lisboa-parallax-2020": 0.9645005866320897,
    "state-of-nature-in-india": 0.9643222948041057,
    "ny-alesund-svalbard-norway": 0.9643151025462603,
    "feeling-following-creative-experiments-and-material-play": 0.9637750065039554,
    "data-sensing": 0.9629459317358506,
    "the-shape-of-a-practice": 0.9626020571509901,
    "seminar-valuing-nature": 0.9623042824493708,
    "introductions-to-matters-2": 0.9621156485122969,
    "between-spaces-between-lines": 0.9606153871657928,
    "seminar-report-slow-media": 0.9604203526140178,
    "enter-anthropocene-searching-for-signal-in-new-orleans": 0.9597866720709572,
    "times-before-and-after": 0.9597068791926162,
    "field-station-4-confluence-ecologies": 0.9596230258224259,
    "parallax-lisboa": 0.9595481471021763,
    "monsanto-town": 0.9595329648454911,
    "seminar-reflection-2": 0.9589886452022759,
    "campus-2014": 0.9588277183120608,
    "one-world-solid-and-cracked": 0.9588079538724436,
    "planting-a-seed-is-revolutionary-act": 0.9586989184526968,
    "seminar-report-anthropogenic-landscapes": 0.9586758133215163,
    "the-hyphen": 0.9585218636503411,
    "seminar-co-evolutionary-perspectives": 0.958436935308124,
    "lost-voices": 0.9584148506513623,
    "axiomatic-earth": 0.9584024966016997,
    "navigating-the-anthropocene-river": 0.958097908650058,
    "approaching-a-waterway": 0.957682700265147,
    "seminar-reflections-algorithmic-intermediation-and-smartness": 0.9574025649018322,
    "the-floating-ear": 0.9573814561756224,
    "reshaping-the-shape-embodiment-ecology-and-culture-of-a-postnatural-carp": 0.9573015543291276,
    "seminar-sensing-the-insensible": 0.9569256880653866,
    "kansan-view-from-iowa-point-1-glacial": 0.9563028041766514,
    "broadcasting-live-from-field-station-5-the-culture-of-resistance-by-land-and-sea-in-the-anthropocene": 0.9560212982678765,
    "seminar-anthropogenic-landscapes": 0.9558209870595716,
    "anthropos": 0.9556291535087574,
    "environing-technology": 0.9549811541553395,
    "risk-equity-in-the-louisiana-anthropocene": 0.9548428571379775,
    "imagine-the-anthropocene-with-a-little-help-from-the-monster-in-you": 0.9547461985981404,
    "limits-to-growth": 0.954640436364431,
    "beyond-property": 0.9546373618277674,
    "driving-the-limits-of-time": 0.9545400082623156,
    "economic-framing-environmental-governance-and-teaching-pluralist-economics": 0.954538903391585,
    "conversations": 0.9544152304210486,
    "sounding-landscapes": 0.9544096456408985,
    "inheritance": 0.9543693039002974,
    "field-station-3-anthropocene-vernacular": 0.9542017072793053,
    "performing-the-anthropocene": 0.9541554649769806,
    "seminar-communicating": 0.9541127051519737,
    "touring-the-anthropocenery-whos-in-charge-here-2014": 0.9537172744573353,
    "seminar-sensing": 0.9535470074977815,
    "deep-time-chicago": 0.9534612570033889,
    "eating-the-anthropocene": 0.9534331076225135,
    "confluence-ecologies": 0.9533687193479004,
    "tactics-for-quotidian-anthropocenes-2": 0.9532048583406364,
    "land-acknowledgement-statement": 0.9531663907033673,
    "laboratory-for-a-radical-suburbia": 0.9530109630494761,
    "voice-and-representation": 0.9528856526488689,
    "from-plantations-to-petrochemicals": 0.9526424341189053,
    "project-launch-minneapolis": 0.9525798598529279,
    "interspecies-accomplices-cultivating-conspiracy-at-the-royal-botanic-gardens-victoria": 0.9522849525044886,
    "histories-of-disintegration": 0.952099579529345,
    "drawn-together": 0.9518646376653452,
    "going-against-the-flow": 0.9517870706897739,
    "from-a-living-exhibition-to-the-dmz": 0.9517796226352023,
    "the-anthropocene-in-light-of-biological-feedback": 0.951620118634602,
    "geo-politics": 0.9513645319496705,
    "pockets-reflections-on-the-anthropocene-campus-melbourne": 0.9511946871414766,
    "social-witnessing": 0.951065965768237,
    "field-station-5-commodity-exploitation": 0.9509175408537586,
    "blackhawk-park-is-indigenous-land-beyond-acknowledgment": 0.9508534554936081,
    "art-air-and-ideas-in-the-anthropocene-2": 0.9507497606981123,
    "panel-talk-beween-patricia-piccinini-and-claudia-vickers": 0.9503619290424404,
    "mapping-an-exercise-in-cartography": 0.9503370119592492,
    "field-trips": 0.9503299150160935,
    "the-anthropocene-and-our-post-natural-future-2": 0.9502983198757528,
    "seminar-claims-property": 0.9497209861096111,
    "comics-and-graphic-novels": 0.949615774030298,
    "seminar-report-geo-politics": 0.9495344687895458,
    "meskonsing-kansan-an-introduction": 0.9494625476867364,
    "infrastrucural-nature": 0.9493572493308691,
    "on-the-use-of-the-word-code-by-the-kogi-translator": 0.949338457467441,
    "knowing-together": 0.9493082778459712,
    "dramatizing-the-future": 0.9491644584402646,
    "global-systems-simulator-gss": 0.9491588945998696,
    "imagining-an-economy-based-on-care": 0.9491397920983271,
    "defining-the-anthropocene": 0.9490270620767841,
    "real-estate-river": 0.948813353798486,
    "seminar-romancing-the-anthropocene": 0.9485450888241922,
    "seminar-exhaustion-and-imagination": 0.9483406423791331,
    "orbital-geopolitics": 0.9481564262736448,
    "terraforming": 0.9480692676068959,
    "meeker-dam": 0.947746238417,
    "seminar-modelling-wicked-problems": 0.947253760605499,
    "data-flow": 0.9471344893927006,
    "seminar-algorithmic-intermediation-and-smartness": 0.9471150101695026,
    "film-residency-mississippi-an-anthropocene-river": 0.947056787169517,
    "somewhere-somehow-a-co-evolution-story": 0.9470324665988424,
    "wicked-problems-and-mental-models": 0.9469296758714825,
    "plant-domestication-and-dispersal": 0.9467369382623193,
    "driving-the-golden-spike": 0.9465353673690491,
    "the-confluence-area": 0.946472768928515,
    "re-patterning-with-kudzu": 0.9464656057261305,
    "essay-series": 0.9464106970807784,
    "looking-downstream": 0.9462492809260158,
    "measuring-loss": 0.946085584334876,
    "nordic-fauna-seen-in-nature": 0.9460379811942102,
    "meskonsing-indian-lake-convergence-1": 0.9455396342469167,
    "on-consuming-slow-media": 0.9454850869867217,
    "technosphere-co-evolution-a-seminal-seminar-conversation": 0.9451265658300226,
    "knowing-in-the-anthropocene": 0.9448094342000186,
    "significant-and-insignificant-mounds": 0.9447414085978888,
    "seminar-consensus-building": 0.9447404356419701,
    "bound-with-bright-beautiful-things": 0.9445529543004992,
    "telling-time-through-lagoons-of-human-waste-at-the-western-treatment-plant": 0.9444077123682992,
    "tactics-for-quotidian-anthropocenes": 0.9442743625368872,
    "the-aerocene-campus": 0.944174989164626,