{
    "humanities-on-the-ground": 0.9833726458249475,
    "seminar-imaging-the-anthropocene": 0.9789811917249174,
    "anthropocene-lecture-sheila-jasanoff": 0.9785683633002943,
    "stranging-the-anthropocene-refraction": 0.9771257680196507,
    "campus-2016": 0.9769204062101833,
    "state-of-nature-some-philosophical-issues": 0.9761919094703174,
    "inside-the-museum": 0.97616216373081,
    "seminar-co-evolution-of-the-technosphere": 0.9751760277845243,
    "forecasting-earth-futures": 0.9751338155282552,
    "lisboa-parallax-2020": 0.9751153401533748,
    "seminar-report-filtering-the-anthropocene": 0.9743646722114029,
    "time-and-time-again": 0.9739637915420342,
    "writing-global-histories-in-the-anthropocene": 0.9737558968743757,
    "one-world-solid-and-cracked": 0.972772511558356,
    "feeling-following-creative-experiments-and-material-play": 0.972502543471176,
    "producing-the-anthropocene-producing-the-future": 0.9723326587690281,
    "bastar-diary": 0.9720793262952913,
    "state-of-nature-in-india": 0.9708081972393618,
    "seminar-valuing-nature": 0.969461655505818,
    "the-shape-of-a-practice": 0.9688173340375,
    "campus-2014": 0.9688148327994702,
    "economic-framing-environmental-governance-and-teaching-pluralist-economics": 0.9687615721107355,
    "plastic-and-surrogacy": 0.9687527496726215,
    "anthropocene-lecture-prasannan-parthasarathi": 0.9683560523963183,
    "ny-alesund-svalbard-norway": 0.9680283978935152,
    "seminar-report-slow-media": 0.9678297590375301,
    "seminar-reflection-2": 0.9674864867312704,
    "shadowing-the-anthropocene": 0.9671304259290916,
    "seminar-filtering-the-anthropocene": 0.966910593318724,
    "introductions-to-matters-2": 0.966850335962527,
    "lost-voices": 0.9668255236006168,
    "comics-and-graphic-novels": 0.9667803137424477,
    "taking-nature-into-account-historical-perspectives-and-paradoxes": 0.9667768134597396,
    "the-anthropocene-and-our-post-natural-future-2": 0.9667118438368049,
    "between-spaces-between-lines": 0.9663080987127157,
    "times-before-and-after": 0.9662974426178023,
    "anthropos-in-the-lakes": 0.9661986551724664,
    "seminar-report-anthropogenic-landscapes": 0.9660754369161395,
    "seminar-co-evolutionary-perspectives": 0.9659186135600251,
    "axiomatic-earth": 0.9653870205173893,
    "seminar-disciplinarities": 0.9652180252519782,
    "reshaping-the-shape-embodiment-ecology-and-culture-of-a-postnatural-carp": 0.9652089752386108,
    "voice-and-representation": 0.9645753242772226,
    "parallax-lisboa": 0.9644211626025384,
    "the-hyphen": 0.9641840013469496,
    "monsanto-town": 0.9641487933817491,
    "seminar-reflections-algorithmic-intermediation-and-smartness": 0.9638707336021509,
    "the-floating-ear": 0.963768736664496,
    "the-anthropocene-in-light-of-biological-feedback": 0.9635522730765004,
    "mapping-an-exercise-in-cartography": 0.9634262027295377,
    "seminar-anthropogenic-landscapes": 0.9633267974232338,
    "limits-to-growth": 0.9632077045638058,
    "seminar-sensing": 0.9629231186079877,
    "planting-a-seed-is-revolutionary-act": 0.9628142686393464,
    "walk-about-it": 0.9626704184474258,
    "seminar-communicating": 0.9626102205718804,
    "kansan-view-from-iowa-point-1-glacial": 0.9621230402971994,
    "navigating-the-anthropocene-river": 0.9615554868811486,
    "field-station-4-confluence-ecologies": 0.9615477955989209,
    "environing-technology": 0.9614980071020368,
    "orbital-geopolitics": 0.9614343609255994,
    "wicked-problems-and-mental-models": 0.9613300663331555,
    "natchez-etiologies-of-athropogenic-emergence": 0.9612166652964815,
    "laboratory-for-a-radical-suburbia": 0.9611892810577789,
    "enter-anthropocene-searching-for-signal-in-new-orleans": 0.9611555341781653,
    "meskonsing-kansan-an-introduction": 0.96088617313425,
    "risk-equity-in-the-louisiana-anthropocene": 0.9608850750225054,
    "deep-time-chicago": 0.9606572572676177,
    "on-consuming-slow-media": 0.9605572283062255,
    "seminar-modelling-wicked-problems": 0.9602873468723788,
    "geo-politics": 0.9598642949569832,
    "from-a-living-exhibition-to-the-dmz": 0.9598250647870102,
    "eating-the-anthropocene": 0.9595082990632077,
    "anthropos": 0.9593733962561847,
    "blackhawk-park-is-indigenous-land-beyond-acknowledgment": 0.9592590984140154,
    "mississippi": 0.959047009709349,
    "dramatizing-the-future": 0.9589346804006792,
    "data-sensing": 0.9588640491389181,
    "global-systems-simulator-gss": 0.9584327154809422,
    "drawn-together": 0.9583851600902678,
    "defining-the-anthropocene": 0.9581859208148306,
    "art-air-and-ideas-in-the-anthropocene-2": 0.958031317535531,
    "approaching-a-waterway": 0.9579848577093164,
    "seminar-report-geo-politics": 0.9578832137345223,
    "driving-the-limits-of-time": 0.957855692730666,
    "performing-the-anthropocene": 0.9578363917809128,
    "terraforming": 0.957724590658181,
    "data-flow": 0.9576180242769247,
    "going-against-the-flow": 0.9575689182740378,
    "land-acknowledgement-statement": 0.9573344145125983,
    "sounding-landscapes": 0.9570642522722949,
    "knowing-together": 0.957024572030021,
    "field-station-3-anthropocene-vernacular": 0.9567873317955341,
    "confluence-ecologies": 0.9567846161191295,
    "looking-downstream": 0.9566387181375959,
    "interspecies-accomplices-cultivating-conspiracy-at-the-royal-botanic-gardens-victoria": 0.9565217518844609,
    "kairos-earthquake-early-warning-application": 0.9561122521948312,
    "seminar-algorithmic-intermediation-and-smartness": 0.9561041942795719,
    "histories-of-disintegration": 0.9559167001846546,
    "imagining-an-economy-based-on-care": 0.9558761078665087,
    "bound-with-bright-beautiful-things": 0.9557422268078543,
    "seminar-sensing-the-insensible": 0.9553936557736663,
    "field-station-5-commodity-exploitation": 0.9553411964072989,
    "pockets-reflections-on-the-anthropocene-campus-melbourne": 0.9550653104516784,
    "significant-and-insignificant-mounds": 0.9549087010115128,
    "technosphere-co-evolution-a-seminal-seminar-conversation": 0.954706793933737,
    "somewhere-somehow-a-co-evolution-story": 0.9544198827204958,
    "measuring-loss": 0.9543654967673536,
    "conference-state-of-nature-in-india": 0.9543281989364392,
    "systems-analysis-and-modeling": 0.9543038806510331,
    "nordic-fauna-seen-in-nature": 0.9540964746143942,
    "the-aerocene-campus": 0.9538763762384544,
    "meeker-dam": 0.9538188673477312,
    "social-witnessing": 0.9533164271466895,
    "patagonia": 0.9530458937124899,
    "project-launch-minneapolis": 0.9528549945521817,
    "tactics-for-quotidian-anthropocenes": 0.9528461172653662,
    "the-american-bottom": 0.9528340023945724,
    "imagine-the-anthropocene-with-a-little-help-from-the-monster-in-you": 0.9527455078238685,
    "touring-the-anthropocenery-whos-in-charge-here-2014": 0.952650162932238,
    "meskonsing-indian-lake-convergence-1": 0.9524559346735936,
    "beyond-property": 0.9524165185490431,
    "seminar-exhaustion-and-imagination": 0.9522970531786175,
    "seminar-consensus-building": 0.9522884478157237,
    "broadcasting-live-from-field-station-5-the-culture-of-resistance-by-land-and-sea-in-the-anthropocene": 0.9522259461677319,
    "infrastrucural-nature": 0.9520824637431364,
    "driving-the-golden-spike": 0.9520652641684376,
    "tactics-for-quotidian-anthropocenes-2": 0.9512313619109152,
    "seminar-archiving": 0.9510298595885169,
    "on-the-use-of-the-word-code-by-the-kogi-translator": 0.9509201063020574,
    "oysters-selective-pressures-and-antibiotic-resistance-in-the-mississippi-delta": 0.9508857714560992,
    "the-stories-we-tell-the-images-we-take": 0.9507197280555609,
    "the-free-sea": 0.9506006627764225,
    "resisting-the-oblivion-of-eco-colonialism": 0.9498768703856405,
    "seminar-commodity-flows": 0.9497461564799513,
    "knowing-in-the-anthropocene": 0.9496412905219109,