{
    "anthropocene-river-campus-plenary-i": 0.9653964614192567,
    "imagination-of-the-terra": 0.7977186790971347,
    "anthropocene-river-campus-the-human-delta-short-film": 0.7833367358747023,
    "st-louis-anthropocene-field-campus": 0.7677522457479453,
    "anthropocene-river-campus-the-human-delta": 0.7468556683290234,
    "museum-library": 0.7427384967717937,
    "anthropocene-river-campus-seminar-clashing-temporalities": 0.7412027192568721,
    "anthropocene-river-campus-seminar-commodity-flows": 0.729458374076594,
    "the-current-mississippi-an-anthropocene-river": 0.7187749453571186,
    "midway-meeting-st-louis": 0.7110429945008885,
    "kick-off-anthropocene-river-journey": 0.709719222172142,
    "river-semester-project": 0.703562418514988,
    "the-vietnamese-community-in-eastern-new-orleans": 0.6975335395938754,
    "anthropocene-river-campus-seminar-un-bounded-engineering-and-evolutionary-stability": 0.6926398779188738,
    "river-semester": 0.6915158089805988,
    "us-southwest": 0.6894920065924077,
    "seminar-clashing-temporalities": 0.6886955826602179,
    "anthropocene-river-campus-seminar-exhaustion-and-imagination": 0.6824031379334505,
    "arctic-change": 0.6804640066305713,
    "deep-time-chicago": 0.6784101341441137,
    "new-orleans-anthropocene-field-campus": 0.677995219747746,
    "anthropocene-river-journey": 0.6763036159258597,
    "anthropocene-working-group": 0.6761295309092638,
    "resonance-vegetale": 0.6756528898652553,
    "seminar-film-clashing-temporalities": 0.6752453596726441,
    "biosphere-2-the-mars-project": 0.6743517373835302,
    "exhibition-opening-at-g-cadd-st-louis": 0.6741507090260742,
    "field-station-1-sediment-settlement-sentiment": 0.6735169058611409,
    "transect-walk-cahokia-mounds-to-fairmont-city": 0.6733203293181752,
    "deep-time-chicago-lecture": 0.6718218887554294,
    "the-american-bottom": 0.6709235104594049,
    "meskonsing-kansan-an-introduction": 0.6703981430587549,
    "how-not-what-power-time-landscape": 0.6694687288180453,
    "project-launch-minneapolis": 0.6691815292573315,
    "anthropocene-river-school": 0.6684768163108861,
    "seminar-film-commodity-flows": 0.6684712671030256,
    "eating-the-anthropocene": 0.6668838171632504,
    "meskonsing-indian-lake-convergence-1": 0.664343977379993,
    "seminar-un-bounded-engineering-and-evolutionary-stability": 0.6636267068298829,
    "typha-the-once-and-future-planty-companion": 0.6635435700678186,
    "blackboyjoy-on-the-river-eugene-b-redmond-81": 0.6633301696224356,
    "essay-series": 0.6633220084553981,
    "from-valuing-nature-to-reclaiming-resources": 0.6624069595657872,
    "the-great-green-desert": 0.6623955125104846,
    "tactics-for-quotidian-anthropocenes-2": 0.6622804060227688,
    "one-place-many-names": 0.6608328771242378,
    "lake-chad-narratives": 0.6597347548090277,
    "on-the-recuperative-mismanagement-of-a-cosmopolitan-fish": 0.6595974545673585,
    "check-my-pulse": 0.659154741988101,
    "the-aerocene-campus": 0.6578325980124373,
    "knowing-together": 0.6577742194923958,
    "driving-the-golden-spike": 0.657301235594903,
    "blackhawk-park-is-indigenous-land-beyond-acknowledgment": 0.6572727684608258,
    "tactics-for-quotidian-anthropocenes": 0.6570817059040889,
    "the-stories-we-tell-the-images-we-take": 0.6555221285299684,
    "confluence-bus-tour-reflection": 0.6554224118921784,
    "born-secret": 0.6552280935038013,
    "land-acknowledgement-statement": 0.6551820778649926,
    "seminar-film-exhaustion-and-imagination": 0.6547925727881144,
    "mississippi": 0.6541442395155508,
    "the-confluence-area": 0.6538284501638502,
    "over-the-levee-under-the-plow": 0.6526308949371286,
    "the-rights-of-nature": 0.6517953356652094,
    "the-danish-text": 0.6515687607999785,
    "seminar-film-un-bounded-engineering-and-evolutionary-stability": 0.6513152728539502,
    "interspecies-accomplices-cultivating-conspiracy-at-the-royal-botanic-gardens-victoria": 0.6506514917230779,
    "real-estate-river": 0.6506161688013523,
    "conundrums-on-country": 0.650319970139665,
    "temporary-continent": 0.6499426255602399,
    "lisboa-parallax-2020": 0.6499169696789031,
    "conference-state-of-nature-in-india": 0.6496032457034223,
    "contesting-the-de-industrial-futures-of-the-upper-mississippi": 0.6492110070828171,
    "orbital-geopolitics": 0.6488731113491043,
    "the-anthropocene-and-our-post-natural-future-2": 0.648749358825916,
    "meskonsing-kansan": 0.6481045159699926,
    "cadillac-ranch-2004": 0.6458873795704481,
    "before-i-know-you": 0.6457654275681115,
    "field-station-4-confluence-ecologies": 0.6455055463787983,
    "too-little-water-the-lake-chad-story": 0.6454591167546032,
    "kansan-view-from-iowa-point-1-glacial": 0.6447454110356223,
    "measuring-loss": 0.6434078382015876,
    "nigeria-oil-pipes": 0.6426795864412235,
    "from-a-living-exhibition-to-the-dmz": 0.6426275624515221,
    "layers-of-violence": 0.6419393706615505,
    "outrunning-the-anthropocene": 0.6413553444056769,
    "campus-2014": 0.6404470973193515,
    "white-sands": 0.6398358054489746,
    "sacrifice-zones-and-portable-climate": 0.6394005890078318,
    "field-station-2-anthropocene-drift": 0.6389461334879101,
    "state-of-nature-in-india": 0.6387976992655146,
    "xaraasi-xanne-crossing-voices": 0.6385836877047228,
    "coordinating-practice": 0.6385701483187121,
    "infrastructures": 0.6380763037380636,
    "from-valuing-nature-to-reclaiming-resources-2": 0.6379582258123214,
    "risk-equity-in-the-louisiana-anthropocene": 0.6377608902605889,
    "natchez-etiologies-of-athropogenic-emergence": 0.636832735279261,
    "telling-time-through-lagoons-of-human-waste-at-the-western-treatment-plant": 0.6365755144296246,
    "monsanto-town": 0.6360591571234081,
    "freshkills-new-york-city": 0.6358888402512067,
    "social-witnessing": 0.6356883200204799,
    "louisiana-a-planetary-reactor": 0.6352982659618552,
    "plant-domestication-and-dispersal": 0.6352483175866133,
    "fort-snellings-deep-time-stories": 0.635010159608606,
    "meeker-dam": 0.6346586062206078,
    "laboratory-for-a-radical-suburbia": 0.6344604802037006,
    "seminar-co-evolutionary-perspectives": 0.63420910098236,
    "anthropos-in-the-lakes": 0.6341751630924682,
    "introduction-3": 0.6340596795653421,
    "patagonia": 0.6338534058953453,
    "uncalculated-risk": 0.6338421701773351,
    "driving-the-limits-of-time": 0.6338101896727649,
    "planting-a-seed-is-revolutionary-act": 0.6337889216661599,
    "seminar-commodity-flows": 0.6337677866706144,
    "deep-time-walking": 0.6336006984593637,
    "redeeming-urban-spaces-the-ambivalence-of-building-a-pentecostal-city-in-lagos-nigeria": 0.6335016891023926,
    "histories-of-disintegration": 0.6318672718013904,
    "approaching-a-waterway": 0.6312183294389254,
    "this-is-not-about-survival-its-about-bringing-your-coracle": 0.630695693493641,
    "la-arboleda": 0.6306655907595378,
    "paddle-waves-and-sparkling-light": 0.63059693904599,
    "river-memory": 0.6303496567221425,
    "film-residency-mississippi-an-anthropocene-river": 0.6303261476038846,
    "navigating-the-anthropocene-river": 0.6301416576313842,
    "slow-disaster": 0.6297212679132814,
    "bound-with-bright-beautiful-things": 0.629702751561795,
    "tree-x-office": 0.6287010738158779,
    "seminar-techno-metabolism": 0.6285540570298735,
    "re-patterning-with-kudzu": 0.6281935955143342,
    "field-station-5-commodity-exploitation": 0.6281674879720094,
    "timeslips": 0.628117046611833,
    "field-station-3-anthropocene-vernacular": 0.6273779955050357,
    "inside-the-museum": 0.6272586644311776,
    "confluence-ecologies": 0.6272385154026244,
    "one-world-solid-and-cracked": 0.6268551979488826,
    "field-stations": 0.6264321066291304,
    "ny-alesund-svalbard-norway": 0.6260607989058886,
    "how-does-the-world-end-for-others": 0.6258065176645711,
    "rogue-elements-of-the-upper-mississippi": 0.6255923742181352,