{
    "deep-time-chicago": 0.9623476975980185,
    "mississippi": 0.9595576349613661,
    "enter-anthropocene-searching-for-signal-in-new-orleans": 0.9567444073993762,
    "field-station-4-confluence-ecologies": 0.9541938746161097,
    "lisboa-parallax-2020": 0.9530945888719168,
    "project-launch-minneapolis": 0.9529914403709259,
    "tactics-for-quotidian-anthropocenes": 0.9528449051028572,
    "campus-2014": 0.9525777833484763,
    "the-shape-of-a-practice": 0.9524028144997386,
    "seminar-co-evolution-of-the-technosphere": 0.9522640495278165,
    "seminar-report-anthropogenic-landscapes": 0.9512549717269388,
    "ny-alesund-svalbard-norway": 0.9504870020241002,
    "the-aerocene-campus": 0.9495615133437375,
    "tactics-for-quotidian-anthropocenes-2": 0.9493763098414624,
    "inside-the-museum": 0.9491829149072768,
    "new-orleans-anthropocene-field-campus": 0.9482313902797423,
    "natchez-etiologies-of-athropogenic-emergence": 0.9481029060980098,
    "humanities-on-the-ground": 0.9474960008144145,
    "data-sensing": 0.9474144169880758,
    "land-acknowledgement-statement": 0.94731159195174,
    "introductions-to-matters-2": 0.9467758709334296,
    "from-a-living-exhibition-to-the-dmz": 0.9467628893269305,
    "between-spaces-between-lines": 0.9458609541784855,
    "writing-global-histories-in-the-anthropocene": 0.9457863390005269,
    "film-residency-mississippi-an-anthropocene-river": 0.9454828704945861,
    "seminar-report-filtering-the-anthropocene": 0.9454274818428543,
    "producing-the-anthropocene-producing-the-future": 0.9453827365858288,
    "walk-about-it": 0.9452572376493765,
    "risk-equity-in-the-louisiana-anthropocene": 0.9444572085611301,
    "stranging-the-anthropocene-refraction": 0.9440394673891569,
    "sacrifice-zones-and-portable-climate": 0.9438802177618504,
    "essay-series": 0.9437671537678035,
    "seminar-report-slow-media": 0.9437064719329376,
    "field-trips": 0.9436100212016478,
    "approaching-a-waterway": 0.9432863590479018,
    "interspecies-accomplices-cultivating-conspiracy-at-the-royal-botanic-gardens-victoria": 0.9429995084379402,
    "planting-a-seed-is-revolutionary-act": 0.9427406284142339,
    "deep-time-chicago-lecture": 0.9427152480160925,
    "anthropos-in-the-lakes": 0.942652392524087,
    "driving-the-limits-of-time": 0.9426520180735439,
    "river-semester-project": 0.9424411175930546,
    "navigating-the-anthropocene-river": 0.9424286304470594,
    "twin-cities-artist-residency-mississippi-an-anthropocene-story": 0.942333926368398,
    "going-against-the-flow": 0.9423123043816829,
    "monsanto-town": 0.9422286134522301,
    "seminar-report-geo-politics": 0.9421239750390229,
    "orbital-geopolitics": 0.9420795990783338,
    "kansan-view-from-iowa-point-1-glacial": 0.942072106065766,
    "knowing-together": 0.9417193570699597,
    "seminar-imaging-the-anthropocene": 0.941126807494225,
    "field-stations": 0.9408327800972824,
    "histories-of-disintegration": 0.9407205241413442,
    "drawn-together": 0.9405504747903671,
    "broadcasting-live-from-field-station-5-the-culture-of-resistance-by-land-and-sea-in-the-anthropocene": 0.9404696059769537,
    "conversations": 0.9401881303907272,
    "limits-to-growth": 0.9400200479216618,
    "bastar-diary": 0.9399481902278074,
    "xaraasi-xanne-crossing-voices": 0.9399158767849303,
    "forecasting-earth-futures": 0.9394941460380148,
    "seminar-reflections-algorithmic-intermediation-and-smartness": 0.9394297052908827,
    "performing-the-anthropocene": 0.9392961288108046,
    "eating-the-anthropocene": 0.9390534185591627,
    "white-sands": 0.9389417136464624,
    "the-terrain-of-the-former-veb-elektrokohle-lichtenberg": 0.938918785047511,
    "real-estate-river": 0.9388454549168014,
    "the-stories-we-tell-the-images-we-take": 0.9388323406272142,
    "sounding-landscapes": 0.9387102895669829,
    "uncalculated-risk": 0.9386903482323167,
    "blackhawk-park-is-indigenous-land-beyond-acknowledgment": 0.9385312088975201,
    "seminar-reflection-2": 0.9385090240516548,
    "parallax-lisboa": 0.938504859397423,
    "outrunning-the-anthropocene": 0.9381775294774928,
    "social-witnessing": 0.9381074027106557,
    "from-plantations-to-petrochemicals": 0.9377228157364811,
    "imagining-an-economy-based-on-care": 0.9375222156815417,
    "state-of-nature-in-india": 0.9374932122197857,
    "from-valuing-nature-to-reclaiming-resources-2": 0.9372961575108127,
    "meskonsing-indian-lake-convergence-1": 0.9372201286287212,
    "time-and-time-again": 0.9368908701736176,
    "freshkills-new-york-city": 0.9366377011966741,
    "shadowing-the-anthropocene": 0.9360593818134159,
    "confluence-ecologies": 0.9359605866980809,
    "beyond-property": 0.9359130006408742,
    "check-my-pulse": 0.9357849202069329,
    "terraforming": 0.935719795047075,
    "field-station-5-commodity-exploitation": 0.935677220569676,
    "la-arboleda": 0.9354745057813656,
    "measuring-loss": 0.9354127990723412,
    "feeling-following-creative-experiments-and-material-play": 0.9353621563152981,
    "coordinating-practice": 0.9353573728433869,
    "infrastrucural-nature": 0.9353116125881553,
    "plastic-and-surrogacy": 0.9350961118256932,
    "anthropos": 0.9350240132672295,
    "campus-2016": 0.9348002168747191,
    "the-shape-of-a-practice-seminars": 0.9347964041898637,
    "one-place-many-names": 0.9346988514904044,
    "remnant-formations": 0.9344896140877628,
    "voice-and-representation": 0.9344603130456156,
    "lost-voices": 0.9342660377986312,
    "seminar-romancing-the-anthropocene": 0.9342378781453804,
    "laboratory-for-a-radical-suburbia": 0.9342013697972619,
    "conundrums-on-country": 0.9341763142510989,
    "louisiana-a-planetary-reactor": 0.9340418278008144,
    "seminar-valuing-nature": 0.9339246113633418,
    "seminar-communicating": 0.9339035496573652,
    "axiomatic-earth": 0.9338676688522051,
    "seminar-clashing-temporalities": 0.9337874776554329,
    "on-the-recuperative-mismanagement-of-a-cosmopolitan-fish": 0.9335547842606239,
    "inheritance": 0.9334406337873575,
    "the-four-dimensional-mississippi": 0.933356483254072,
    "state-of-nature-some-philosophical-issues": 0.9332696899845424,
    "meskonsing-kansan-an-introduction": 0.933260325460441,
    "seminar-filtering-the-anthropocene": 0.9331072778978743,
    "the-anthropocene-in-light-of-biological-feedback": 0.9330685458929885,
    "one-world-solid-and-cracked": 0.9328363237267702,
    "taking-nature-into-account-historical-perspectives-and-paradoxes": 0.932828037133856,
    "touring-the-anthropocenery-whos-in-charge-here-2014": 0.9327931753677905,
    "the-confluence-area": 0.9326969175376014,
    "telling-time-through-lagoons-of-human-waste-at-the-western-treatment-plant": 0.9326862422480552,
    "place-and-space": 0.9324116543956585,
    "arctic-change": 0.9323020135921462,
    "data-flow": 0.9322639991814549,
    "imagine-the-anthropocene-with-a-little-help-from-the-monster-in-you": 0.9321280931936772,
    "seminar-anthropogenic-landscapes": 0.9319181098023975,
    "environing-technology": 0.9318009002105182,
    "times-before-and-after": 0.9315976510710826,
    "layers-of-violence": 0.9314377303885305,
    "pockets-reflections-on-the-anthropocene-campus-melbourne": 0.9313631378265594,
    "cadillac-ranch-2004": 0.93135634179464,
    "the-vietnamese-community-in-eastern-new-orleans": 0.9313425864283785,
    "river-semester": 0.9313425410595413,
    "timeslips": 0.9311607709703591,
    "deep-time-walking": 0.9306953269996057,
    "the-shape-of-a-practice-online-project-environment": 0.9305480667429308,
    "the-anthropocene-and-our-post-natural-future-2": 0.9303949273217754,
    "meeker-dam": 0.9300186025929821,
    "resisting-the-oblivion-of-eco-colonialism": 0.9297089108673597,
    "patagonia": 0.9296850097244763,
    "kairos-earthquake-early-warning-application": 0.9296144240770372,
    "the-rights-of-nature": 0.929505363880864,
    "driving-the-golden-spike": 0.9294896589186833,