{
    "the-aerocene-campus": 0.9828266196015605,
    "tactics-for-quotidian-anthropocenes": 0.9817465163000847,
    "risk-equity-in-the-louisiana-anthropocene": 0.9774714148097563,
    "knowing-together": 0.9753753843394551,
    "seminar-archiving": 0.9748389597007356,
    "seminar-clashing-temporalities": 0.9743210631976422,
    "introductions-to-matters-2": 0.9732373764165811,
    "inside-the-museum": 0.9728807941544291,
    "seminar-reflection-2": 0.9722618022279016,
    "navigating-the-anthropocene-river": 0.9720870480274848,
    "drawn-together": 0.9720492588248267,
    "measuring-loss": 0.9717508839778772,
    "anthropocene-campus-philadelphia": 0.9715640591192424,
    "seminar-consensus-building": 0.9715031728335273,
    "seminar-report-anthropogenic-landscapes": 0.9711957417356665,
    "the-stories-we-tell-the-images-we-take": 0.9709608695666339,
    "performing-the-anthropocene": 0.9706136090104516,
    "lost-voices": 0.9703041676958649,
    "anthropocene-campus-melbourne-2018-a-report": 0.970262385451689,
    "conundrums-on-country": 0.9702118640408495,
    "telling-time-through-lagoons-of-human-waste-at-the-western-treatment-plant": 0.9697068549858908,
    "pockets-reflections-on-the-anthropocene-campus-melbourne": 0.9696508958344358,
    "conference-state-of-nature-in-india": 0.9693814943463053,
    "blackhawk-park-is-indigenous-land-beyond-acknowledgment": 0.9692155162161553,
    "deep-time-chicago": 0.9691188436389545,
    "interspecies-accomplices-cultivating-conspiracy-at-the-royal-botanic-gardens-victoria": 0.968776329603604,
    "seminar-sensing": 0.9687561293175619,
    "one-place-many-names": 0.9686887219614022,
    "place-and-space": 0.9685825416054256,
    "lisboa-parallax-2020": 0.968540000746685,
    "art-air-and-ideas-in-the-anthropocene-2": 0.9684282592930133,
    "between-spaces-between-lines": 0.9680122091513823,
    "seminar-reflections-algorithmic-intermediation-and-smartness": 0.9678415332937317,
    "the-shape-of-a-practice": 0.9673433841507366,
    "stranging-the-anthropocene-refraction": 0.9671850207984694,
    "dramatizing-the-future": 0.9669823081894183,
    "one-world-solid-and-cracked": 0.9668660163986783,
    "feeling-following-creative-experiments-and-material-play": 0.966735542457056,
    "data-flow": 0.9666471145523353,
    "driving-the-limits-of-time": 0.9665299191878329,
    "seminar-report-slow-media": 0.966414743478975,
    "from-a-living-exhibition-to-the-dmz": 0.9661381390179293,
    "field-station-4-confluence-ecologies": 0.9660588732950472,
    "resisting-the-oblivion-of-eco-colonialism": 0.9658740187860912,
    "seminar-report-geo-politics": 0.9656721385861095,
    "land-acknowledgement-statement": 0.9655723420708586,
    "meskonsing-kansan-an-introduction": 0.9654324587525679,
    "on-consuming-slow-media": 0.9654251116591451,
    "forecasting-earth-futures": 0.9653969398546486,
    "histories-of-disintegration": 0.9653740187258313,
    "seminar-communicating": 0.9653629325805062,
    "comics-and-graphic-novels": 0.9652345852418337,
    "going-against-the-flow": 0.9650750828808782,
    "bound-with-bright-beautiful-things": 0.9649646402617506,
    "kairos-earthquake-early-warning-application": 0.9648689373636322,
    "louisiana-a-planetary-reactor": 0.9648348202027368,
    "the-confluence-area": 0.9647486432278943,
    "seminar-imaging-the-anthropocene": 0.9642562747594576,
    "river-semester-project": 0.9641575763158273,
    "the-anthropocene-and-our-post-natural-future-2": 0.9638497798984129,
    "planting-a-seed-is-revolutionary-act": 0.9637427029512544,
    "seminar-co-evolution-of-the-technosphere": 0.963624407866369,
    "bastar-diary": 0.9634951832430707,
    "meskonsing-indian-lake-convergence-1": 0.963209865752889,
    "seminar-co-evolutionary-perspectives": 0.9632022456311452,
    "imagining-an-economy-based-on-care": 0.9631148034422694,
    "anthropos-in-the-lakes": 0.9630953495880376,
    "time-and-time-again": 0.9630413444835096,
    "orbital-geopolitics": 0.962708988277029,
    "eating-the-anthropocene": 0.962648106867878,
    "humanities-on-the-ground": 0.9625919502703693,
    "extracts-and-exclusions": 0.962384679478691,
    "the-shape-of-a-practice-seminars": 0.9623135239190563,
    "the-free-sea": 0.9621675771141623,
    "terraforming": 0.9621373934429689,
    "campus-2014": 0.9620935193881207,
    "confluence-ecologies": 0.9616999629822344,
    "anthropocene-campus-venice-2021": 0.9615517446361114,
    "coordinating-practice": 0.9612397181299205,
    "the-terrain-of-the-former-veb-elektrokohle-lichtenberg": 0.961134626837372,
    "anthropocene-east-asia": 0.9610545256213997,
    "xaraasi-xanne-crossing-voices": 0.9609784081296469,
    "the-floating-ear": 0.960974770025004,
    "meeker-dam": 0.9609695867351363,
    "time-out-of-mind": 0.9606994815274679,
    "kansan-view-from-iowa-point-1-glacial": 0.9606818497774932,
    "producing-the-anthropocene-producing-the-future": 0.9606112743602332,
    "mapping-an-exercise-in-cartography": 0.9604288737366363,
    "voice-and-representation": 0.9599363539242716,
    "check-my-pulse": 0.9598190491256638,
    "state-of-nature-in-india": 0.9594466653532505,
    "monsanto-town": 0.9593142258100599,
    "essay-series": 0.9592573735378348,
    "times-before-and-after": 0.9591808856158114,
    "social-witnessing": 0.9588760781298957,
    "seminar-report-filtering-the-anthropocene": 0.9585573473444725,
    "enter-anthropocene-searching-for-signal-in-new-orleans": 0.958485288792614,
    "shadowing-the-anthropocene": 0.9584493912927369,
    "seminar-valuing-nature": 0.9584161761666808,
    "somewhere-somehow-a-co-evolution-story": 0.9583854327015701,
    "project-launch-minneapolis": 0.9582473618962243,
    "ioway": 0.9581545251342826,
    "the-american-bottom": 0.9581276540420328,
    "the-hyphen": 0.958103631605575,
    "on-the-recuperative-mismanagement-of-a-cosmopolitan-fish": 0.9580915129746077,
    "seminar-anthropogenic-landscapes": 0.958059786330913,
    "patagonia": 0.9580530530343019,
    "fort-snellings-deep-time-stories": 0.9580118132445782,
    "driving-the-golden-spike": 0.9575065428343988,
    "knowing-in-the-anthropocene": 0.957482737459378,
    "nordic-fauna-seen-in-nature": 0.9573356523559522,
    "layers-of-violence": 0.9572341435172667,
    "twin-cities-artist-residency-mississippi-an-anthropocene-story": 0.957121243685268,
    "touring-the-anthropocenery-whos-in-charge-here-2014": 0.9569640567530044,
    "anthropocene-lecture-karen-litfin": 0.9569412989551543,
    "technosphere-co-evolution-a-seminal-seminar-conversation": 0.9569347818906266,
    "anthropocene-river-campus-seminar-exhaustion-and-imagination": 0.9568934670353093,
    "how-does-the-world-end-for-others": 0.9568271180783846,
    "outrunning-the-anthropocene": 0.9568168466580718,
    "anthropos": 0.9567159170700772,
    "on-the-use-of-the-word-code-by-the-kogi-translator": 0.9564616248566783,
    "images-of-the-anthropocene": 0.9562591029571123,
    "river-memory": 0.9561896330667892,
    "real-estate-river": 0.9561388414890748,
    "too-little-water-the-lake-chad-story": 0.9559088941602782,
    "anthropocene-lecture-julia-adeney-thomas": 0.955863355119736,
    "anthropocene-reinsurance-corporation-anthrore": 0.9557493095047168,
    "seminar-exhaustion-and-imagination": 0.9556507429522398,
    "campus-2016": 0.9556260147421995,
    "white-sands": 0.9553409663005684,
    "the-anthropocene-in-light-of-biological-feedback": 0.9553380978360956,
    "walk-about-it": 0.955029049753579,
    "approaching-a-waterway": 0.954858665843765,
    "environing-technology": 0.9546867064654866,
    "sounding-landscapes": 0.9545852376972166,
    "seminar-modelling-wicked-problems": 0.9544742134399786,
    "the-shape-of-a-practice-online-project-environment": 0.9544286236224598,
    "sacrifice-zones-and-portable-climate": 0.9543680182530264,
    "from-valuing-nature-to-reclaiming-resources": 0.9542930105058823,
    "la-arboleda": 0.9537292968174234,