{
    "technosphere-co-evolution-a-seminal-seminar-conversation": 0.9920263165975326,
    "performing-the-anthropocene": 0.9916390964151841,
    "navigating-the-anthropocene-river": 0.9914644274888084,
    "pockets-reflections-on-the-anthropocene-campus-melbourne": 0.991328317778459,
    "kairos-earthquake-early-warning-application": 0.9910344150436367,
    "lost-voices": 0.9906516145754427,
    "the-free-sea": 0.9906394335058473,
    "the-floating-ear": 0.9904365100872379,
    "feeling-following-creative-experiments-and-material-play": 0.9904286503543536,
    "times-before-and-after": 0.9903024690364703,
    "drawn-together": 0.9901327901854999,
    "deconstructing-the-we": 0.9898666996537847,
    "forecasting-earth-futures": 0.9896643697016226,
    "producing-the-anthropocene-producing-the-future": 0.9896471641555079,
    "wicked-problems-and-mental-models": 0.9894958237341482,
    "introductions-to-matters-2": 0.9894371083316272,
    "dramatizing-the-future": 0.9892237398262629,
    "on-the-use-of-the-word-code-by-the-kogi-translator": 0.9891705141139105,
    "inside-the-museum": 0.9890768520215639,
    "risk-equity-in-the-louisiana-anthropocene": 0.9889991919352047,
    "seminar-reflections-algorithmic-intermediation-and-smartness": 0.9887616078985855,
    "one-world-solid-and-cracked": 0.9884957697888629,
    "the-hyphen": 0.9879869530280297,
    "going-against-the-flow": 0.9879420396930427,
    "data-flow": 0.9876836672970296,
    "mapping-an-exercise-in-cartography": 0.9876268648821428,
    "driving-the-limits-of-time": 0.9873040662702087,
    "somewhere-somehow-a-co-evolution-story": 0.9871917361823433,
    "resisting-the-oblivion-of-eco-colonialism": 0.9871210952200996,
    "global-systems-simulator-gss": 0.9870998868853125,
    "seminar-report-geo-politics": 0.9869993589047814,
    "seminar-report-filtering-the-anthropocene": 0.9869827140158621,
    "bastar-diary": 0.9866967770158478,
    "on-consuming-slow-media": 0.9859600134610903,
    "telling-time-through-lagoons-of-human-waste-at-the-western-treatment-plant": 0.9858923695911206,
    "confluence-ecologies": 0.9856958565023173,
    "seminar-reflection-2": 0.9855685849434817,
    "seminar-report-anthropogenic-landscapes": 0.985383491415859,
    "comics-and-graphic-novels": 0.9852984862226345,
    "time-out-of-mind": 0.9852677434312215,
    "stranging-the-anthropocene-refraction": 0.9852391823150326,
    "the-aerocene-campus": 0.9849249001576724,
    "louisiana-a-planetary-reactor": 0.9848585696982639,
    "imagine-the-anthropocene-with-a-little-help-from-the-monster-in-you": 0.9848091360441841,
    "measuring-loss": 0.9847611682574597,
    "the-terrain-of-the-former-veb-elektrokohle-lichtenberg": 0.9846541229663702,
    "specifics-of-vulnerability": 0.984103683816543,
    "nordic-fauna-seen-in-nature": 0.984046628999661,
    "shadowing-the-anthropocene": 0.9839441367194369,
    "meeker-dam": 0.9836467052799438,
    "seminar-imaging-the-anthropocene": 0.9833234904541076,
    "seminar-modelling-wicked-problems": 0.9832270106583282,
    "enter-anthropocene-searching-for-signal-in-new-orleans": 0.9831793688089482,
    "seminar-exhaustion-and-imagination": 0.9831096652522138,
    "seminar-sensing": 0.9830400670461196,
    "seminar-report-slow-media": 0.9829101382476297,
    "knowing-in-the-anthropocene": 0.9827539620290161,
    "touring-the-anthropocenery-whos-in-charge-here-2014": 0.9825475247752475,
    "the-anthropocene-in-light-of-biological-feedback": 0.9824725942318263,
    "ioway": 0.9822455198700842,
    "blackhawk-park-is-indigenous-land-beyond-acknowledgment": 0.9818723282490981,
    "imagining-an-economy-based-on-care": 0.981628526747159,
    "the-shape-of-a-practice": 0.9815455693021995,
    "terraforming": 0.981281776743793,
    "planting-a-seed-is-revolutionary-act": 0.9809571479959144,
    "one-place-many-names": 0.9809109481647743,
    "sounding-landscapes": 0.9808172342928049,
    "conundrums-on-country": 0.9806492964161527,
    "outrunning-the-anthropocene": 0.9802823414224086,
    "time-and-time-again": 0.9802502685253504,
    "technostratigraphy-of-a-technological-object": 0.9802440149729488,
    "tactics-for-quotidian-anthropocenes": 0.9800819966559217,
    "seminar-valuing-nature": 0.9798579815644788,
    "rogue-elements-of-the-upper-mississippi": 0.9798453213941165,
    "remnant-formations": 0.9789155821731993,
    "interspecies-accomplices-cultivating-conspiracy-at-the-royal-botanic-gardens-victoria": 0.9787010579619659,
    "environing-technology": 0.9786211918782873,
    "seminar-co-evolution-of-the-technosphere": 0.9786154376271476,
    "of-forests-of-rivers-and-of-meals": 0.9785064549718749,
    "walk-about-it": 0.9783912629613437,
    "check-my-pulse": 0.9781361361334753,
    "bound-with-bright-beautiful-things": 0.9780577621552561,
    "edible-encounters-along-the-mississippi-river": 0.9780136703769775,
    "axiomatic-earth": 0.9772879225311012,
    "campus-2016": 0.9772390025676152,
    "between-spaces-between-lines": 0.9769514025024829,
    "seminar-consensus-building": 0.9769300633966114,
    "humanities-on-the-ground": 0.9767755079686973,
    "seminar-slow-media": 0.976403849115568,
    "uncalculated-risk": 0.9761312620723203,
    "how-does-the-world-end-for-others": 0.9758612440496071,
    "voice-and-representation": 0.9757064218299146,
    "kansan-view-from-iowa-point-1-glacial": 0.9756316332208731,
    "seminar-governing-the-technosphere": 0.9753307400496715,
    "field-station-4-confluence-ecologies": 0.9750356404162244,
    "orbital-geopolitics": 0.9750094760251091,
    "seminar-communicating": 0.9749008187024835,
    "limits-to-growth": 0.974860776361696,
    "systems-analysis-and-modeling": 0.9747588601492199,
    "meskonsing-indian-lake-convergence-1": 0.9746586189755956,
    "mobile-hedges": 0.9745447048083743,
    "fort-snellings-deep-time-stories": 0.9743551424270233,
    "driving-the-golden-spike": 0.9743451579764045,
    "gas-flares-in-the-bakken-oil-fields-williston-north-dakota-2013": 0.9739568175061618,
    "seminar-anthropogenic-landscapes": 0.9736171503811215,
    "broadcasting-live-from-field-station-5-the-culture-of-resistance-by-land-and-sea-in-the-anthropocene": 0.9733350330370061,
    "state-of-nature-in-india": 0.9731621506974573,
    "data-sensing": 0.9728912786943889,
    "patagonia": 0.972709754403929,
    "listening-to-the-mississippi": 0.9727021422789343,
    "plastic-and-surrogacy": 0.9726198322013336,
    "seminar-archiving": 0.9725401133558519,
    "seminar-co-evolutionary-perspectives": 0.9724578090304786,
    "the-four-dimensional-mississippi": 0.9724491120265066,
    "timeslips": 0.9724471549908826,
    "histories-of-disintegration": 0.972308985910561,
    "freshkills-new-york-city": 0.9722768465053592,
    "meskonsing-kansan-an-introduction": 0.9720282508034437,
    "knowing-together": 0.9720004724957323,
    "sacrifice-zones-and-portable-climate": 0.9719533932442396,
    "ny-alesund-svalbard-norway": 0.9718187464409057,
    "deep-time-walking": 0.9718090595153227,
    "real-estate-river": 0.9717420039603213,
    "prologue-the-fence-concept": 0.9713269575419119,
    "economic-framing-environmental-governance-and-teaching-pluralist-economics": 0.9710898638699794,
    "white-sands": 0.9708673808981131,
    "essay-series": 0.970663201336324,
    "la-arboleda": 0.9705517157370933,
    "extracts-and-exclusions": 0.9705351493153836,
    "layers-of-violence": 0.9704975483005454,
    "social-witnessing": 0.9704498888210182,
    "lisboa-parallax-2020": 0.9704228062135033,
    "the-stories-we-tell-the-images-we-take": 0.9703213130338078,
    "deconstructing-fences": 0.9702759854399049,
    "tree-x-office": 0.9700013183942972,
    "peter-schlemihl-exploring-anthropocenic-landscapes": 0.9696633835702041,
    "infrastrucural-nature": 0.9696261017460982,
    "from-a-living-exhibition-to-the-dmz": 0.9695055673220541,
    "introduction-3": 0.9694961888045872,
    "the-anthropocene-and-our-post-natural-future-2": 0.9690322387483175,