{
    "seminar-co-evolution-of-the-technosphere": 0.9828306239704886,
    "global-systems-simulator-gss": 0.9824784879216929,
    "the-floating-ear": 0.9817754254817649,
    "producing-the-anthropocene-producing-the-future": 0.9812884953710899,
    "mapping-an-exercise-in-cartography": 0.9811956242048461,
    "feeling-following-creative-experiments-and-material-play": 0.9811510079909062,
    "times-before-and-after": 0.9802589473269492,
    "systems-analysis-and-modeling": 0.9797502249310374,
    "seminar-reflections-algorithmic-intermediation-and-smartness": 0.979401748925417,
    "kairos-earthquake-early-warning-application": 0.9792522354331835,
    "forecasting-earth-futures": 0.9792427765455614,
    "the-anthropocene-in-light-of-biological-feedback": 0.979071130897438,
    "seminar-report-anthropogenic-landscapes": 0.9787413363570411,
    "inside-the-museum": 0.978652968512819,
    "seminar-report-filtering-the-anthropocene": 0.978522415473961,
    "campus-2016": 0.9780177916806186,
    "terraforming": 0.9776351008401208,
    "seminar-modelling-wicked-problems": 0.9774053240421324,
    "seminar-sensing": 0.9768364215634927,
    "the-hyphen": 0.9768297580108206,
    "seminar-reflection-2": 0.9767639228010806,
    "enter-anthropocene-searching-for-signal-in-new-orleans": 0.9766006906482723,
    "seminar-valuing-nature": 0.9764427196850065,
    "the-shape-of-a-practice": 0.9763272659938962,
    "environing-technology": 0.976260217311164,
    "stranging-the-anthropocene-refraction": 0.9760502360325111,
    "state-of-nature-in-india": 0.9756861320593091,
    "wicked-problems-and-mental-models": 0.9755739566294699,
    "seminar-imaging-the-anthropocene": 0.975171610155507,
    "one-world-solid-and-cracked": 0.9751653663526827,
    "data-sensing": 0.9751002396376218,
    "bastar-diary": 0.9750471978753182,
    "seminar-report-slow-media": 0.9748997561643405,
    "seminar-communicating": 0.9748791715734364,
    "on-consuming-slow-media": 0.9748413463230876,
    "limits-to-growth": 0.974692885372827,
    "going-against-the-flow": 0.9742879579338274,
    "plastic-and-surrogacy": 0.9735559299471689,
    "humanities-on-the-ground": 0.9732498154421128,
    "seminar-report-geo-politics": 0.9731555037735279,
    "drawn-together": 0.9728469530938539,
    "performing-the-anthropocene": 0.971805519692381,
    "technosphere-co-evolution-a-seminal-seminar-conversation": 0.971492601235249,
    "introductions-to-matters-2": 0.9711881045479711,
    "shadowing-the-anthropocene": 0.9708450428491362,
    "knowing-in-the-anthropocene": 0.9708403338502565,
    "lost-voices": 0.9707625145667537,
    "pockets-reflections-on-the-anthropocene-campus-melbourne": 0.9706665868579871,
    "on-the-use-of-the-word-code-by-the-kogi-translator": 0.9706396917448197,
    "walk-about-it": 0.9703451698014167,
    "between-spaces-between-lines": 0.9701616511416864,
    "orbital-geopolitics": 0.970085238512758,
    "navigating-the-anthropocene-river": 0.9699364910331809,
    "seminar-consensus-building": 0.9696984832735143,
    "time-and-time-again": 0.969679763909077,
    "comics-and-graphic-novels": 0.9696417928437225,
    "driving-the-limits-of-time": 0.9692530796941695,
    "lisboa-parallax-2020": 0.9686388858434695,
    "the-terrain-of-the-former-veb-elektrokohle-lichtenberg": 0.9685809008805144,
    "ny-alesund-svalbard-norway": 0.9680318750943885,
    "data-flow": 0.9678855170358409,
    "the-free-sea": 0.9677634751413131,
    "parallax-lisboa": 0.967738981340678,
    "seminar-filtering-the-anthropocene": 0.967628269554793,
    "economic-framing-environmental-governance-and-teaching-pluralist-economics": 0.967558013900936,
    "seminar-governing-the-technosphere": 0.9671002726597174,
    "sounding-landscapes": 0.9669796624946024,
    "risk-equity-in-the-louisiana-anthropocene": 0.9667842094243436,
    "seminar-exhaustion-and-imagination": 0.9664456839933774,
    "confluence-ecologies": 0.9663977747178109,
    "touring-the-anthropocenery-whos-in-charge-here-2014": 0.9663884785009855,
    "seminar-disciplinarities": 0.9662584465340013,
    "the-aerocene-campus": 0.9661702484265571,
    "imagine-the-anthropocene-with-a-little-help-from-the-monster-in-you": 0.9659312477570487,
    "somewhere-somehow-a-co-evolution-story": 0.9659164398790376,
    "infrastrucural-nature": 0.9656260476530139,
    "the-mississippi-basin-an-operational-landscape": 0.9655521183740715,
    "dramatizing-the-future": 0.9647798246891595,
    "nordic-fauna-seen-in-nature": 0.9647556064157673,
    "broadcasting-live-from-field-station-5-the-culture-of-resistance-by-land-and-sea-in-the-anthropocene": 0.9642515077785262,
    "voice-and-representation": 0.9639098996592345,
    "field-station-4-confluence-ecologies": 0.963847644945629,
    "geo-politics": 0.9634611188646194,
    "telling-time-through-lagoons-of-human-waste-at-the-western-treatment-plant": 0.9634334636135423,
    "kansan-view-from-iowa-point-1-glacial": 0.9632382721706004,
    "state-of-nature-some-philosophical-issues": 0.9631101817403411,
    "beyond-property": 0.9630964783319066,
    "outrunning-the-anthropocene": 0.9628760836373951,
    "remnant-formations": 0.9628280807377845,
    "tactics-for-quotidian-anthropocenes": 0.9627084070928438,
    "imagining-an-economy-based-on-care": 0.9626066085152865,
    "deconstructing-the-we": 0.9625151197035894,
    "seminar-co-evolutionary-perspectives": 0.9624478905502868,
    "planting-a-seed-is-revolutionary-act": 0.962189619278436,
    "seminar-slow-media": 0.9619272933424842,
    "social-witnessing": 0.9614287615560588,
    "louisiana-a-planetary-reactor": 0.961070055426064,
    "histories-of-disintegration": 0.9608512953023013,
    "meeker-dam": 0.9607555272498924,
    "bound-with-bright-beautiful-things": 0.9605995511840225,
    "interspecies-accomplices-cultivating-conspiracy-at-the-royal-botanic-gardens-victoria": 0.960537084604498,
    "freshkills-new-york-city": 0.9602520821277334,
    "campus-2014": 0.9599200684162814,
    "from-a-living-exhibition-to-the-dmz": 0.9598956086714494,
    "field-station-5-commodity-exploitation": 0.959700457436144,
    "seminar-romancing-the-anthropocene": 0.9596093987833386,
    "measuring-loss": 0.9595211345493715,
    "seminar-algorithmic-intermediation-and-smartness": 0.9594441487676789,
    "tactics-for-quotidian-anthropocenes-2": 0.9593632625467687,
    "seminar-sensing-the-insensible": 0.9592181484407221,
    "resisting-the-oblivion-of-eco-colonialism": 0.9591784836723329,
    "seminar-archiving": 0.9590923090909586,
    "deep-time-chicago": 0.9589695578379311,
    "blackhawk-park-is-indigenous-land-beyond-acknowledgment": 0.9589479322088094,
    "the-four-dimensional-mississippi": 0.9588800209282657,
    "uncalculated-risk": 0.9587849568708531,
    "gas-flares-in-the-bakken-oil-fields-williston-north-dakota-2013": 0.9586872872429971,
    "the-shape-of-a-practice-online-project-environment": 0.9577705227413001,
    "seminar-anthropogenic-landscapes": 0.957691131449323,
    "place-and-space": 0.9575342641675508,
    "extracts-and-exclusions": 0.9574104351135663,
    "taking-nature-into-account-historical-perspectives-and-paradoxes": 0.9573116476882418,
    "timeslips": 0.9572512414108607,
    "sacrifice-zones-and-portable-climate": 0.957151515766656,
    "film-residency-mississippi-an-anthropocene-river": 0.9571196170055273,
    "real-estate-river": 0.9566707983270848,
    "knowing-together": 0.9566700722254853,
    "check-my-pulse": 0.9562153793946916,
    "technostratigraphy-of-a-technological-object": 0.9560726612791814,
    "monsanto-town": 0.9558832144535182,
    "one-place-many-names": 0.9558739667975045,
    "the-stories-we-tell-the-images-we-take": 0.9558656227904759,
    "oysters-selective-pressures-and-antibiotic-resistance-in-the-mississippi-delta": 0.9558574210235181,
    "mobile-hedges": 0.9557020392664243,
    "writing-global-histories-in-the-anthropocene": 0.9553360223782023,
    "conundrums-on-country": 0.955328868940648,