{
    "introductions-to-matters-2": 0.9901930484767061,
    "stranging-the-anthropocene-refraction": 0.9898653911870785,
    "lost-voices": 0.9897781408270233,
    "seminar-report-filtering-the-anthropocene": 0.9892696360517599,
    "producing-the-anthropocene-producing-the-future": 0.9892286189594856,
    "navigating-the-anthropocene-river": 0.989183020470089,
    "humanities-on-the-ground": 0.98904959318907,
    "forecasting-earth-futures": 0.9889778083192817,
    "risk-equity-in-the-louisiana-anthropocene": 0.9888593851659871,
    "feeling-following-creative-experiments-and-material-play": 0.9878392700486729,
    "inside-the-museum": 0.987672488264542,
    "seminar-report-anthropogenic-landscapes": 0.9875684551362157,
    "seminar-reflection-2": 0.986989079625376,
    "seminar-reflections-algorithmic-intermediation-and-smartness": 0.9868930200242242,
    "seminar-co-evolution-of-the-technosphere": 0.9868799189914046,
    "planting-a-seed-is-revolutionary-act": 0.9863995086045155,
    "the-shape-of-a-practice": 0.9862542073502553,
    "imagining-an-economy-based-on-care": 0.9862441115797238,
    "seminar-valuing-nature": 0.9857849574735598,
    "going-against-the-flow": 0.9854927027798172,
    "the-floating-ear": 0.9853820308211632,
    "seminar-imaging-the-anthropocene": 0.9852559480702288,
    "drawn-together": 0.9849828876019494,
    "one-world-solid-and-cracked": 0.9844904335160437,
    "shadowing-the-anthropocene": 0.9844311171904623,
    "driving-the-limits-of-time": 0.9835227332665344,
    "time-and-time-again": 0.9833773227476492,
    "comics-and-graphic-novels": 0.983377266872168,
    "times-before-and-after": 0.9829896297761634,
    "sounding-landscapes": 0.982847043564993,
    "resisting-the-oblivion-of-eco-colonialism": 0.9828127886774376,
    "performing-the-anthropocene": 0.9827984700011229,
    "measuring-loss": 0.9827585676659913,
    "seminar-report-geo-politics": 0.9827367781491292,
    "between-spaces-between-lines": 0.9826831433119697,
    "field-station-4-confluence-ecologies": 0.9825329384942103,
    "campus-2016": 0.9823856010674907,
    "on-the-use-of-the-word-code-by-the-kogi-translator": 0.9822807909156377,
    "seminar-report-slow-media": 0.9822229279453775,
    "walk-about-it": 0.98210297618894,
    "global-systems-simulator-gss": 0.9819526348343521,
    "pockets-reflections-on-the-anthropocene-campus-melbourne": 0.9818796679862419,
    "the-hyphen": 0.9814375466067323,
    "the-terrain-of-the-former-veb-elektrokohle-lichtenberg": 0.9814029350141523,
    "the-free-sea": 0.9813269667372685,
    "data-flow": 0.9811493933577872,
    "ny-alesund-svalbard-norway": 0.9811078188540049,
    "mapping-an-exercise-in-cartography": 0.9810577351513163,
    "seminar-sensing": 0.9810147594821281,
    "wicked-problems-and-mental-models": 0.9810120212474507,
    "dramatizing-the-future": 0.9808897440719463,
    "interspecies-accomplices-cultivating-conspiracy-at-the-royal-botanic-gardens-victoria": 0.9803691335054547,
    "kairos-earthquake-early-warning-application": 0.9803455019607988,
    "broadcasting-live-from-field-station-5-the-culture-of-resistance-by-land-and-sea-in-the-anthropocene": 0.980325113568437,
    "blackhawk-park-is-indigenous-land-beyond-acknowledgment": 0.9803102929971471,
    "technosphere-co-evolution-a-seminal-seminar-conversation": 0.9800377036923223,
    "lisboa-parallax-2020": 0.9799717788632976,
    "somewhere-somehow-a-co-evolution-story": 0.9799209373291324,
    "confluence-ecologies": 0.9797692949781802,
    "on-consuming-slow-media": 0.9796795539659976,
    "kansan-view-from-iowa-point-1-glacial": 0.9796600665291583,
    "meeker-dam": 0.9796483686056182,
    "limits-to-growth": 0.9791942536268858,
    "tactics-for-quotidian-anthropocenes": 0.9791882839186851,
    "enter-anthropocene-searching-for-signal-in-new-orleans": 0.9791437871685922,
    "seminar-exhaustion-and-imagination": 0.9789179502114247,
    "land-acknowledgement-statement": 0.9789089092621112,
    "seminar-communicating": 0.9787015494927573,
    "seminar-modelling-wicked-problems": 0.9786032207128521,
    "environing-technology": 0.9785318093218291,
    "imagine-the-anthropocene-with-a-little-help-from-the-monster-in-you": 0.9785296589251669,
    "telling-time-through-lagoons-of-human-waste-at-the-western-treatment-plant": 0.9785210168762415,
    "economic-framing-environmental-governance-and-teaching-pluralist-economics": 0.9784339806976003,
    "seminar-disciplinarities": 0.9783144229605808,
    "plastic-and-surrogacy": 0.9782193484219089,
    "the-aerocene-campus": 0.978017071383312,
    "remnant-formations": 0.9779019182511454,
    "louisiana-a-planetary-reactor": 0.97764094963351,
    "the-anthropocene-in-light-of-biological-feedback": 0.9776093328352291,
    "state-of-nature-in-india": 0.9775190974450307,
    "real-estate-river": 0.9773691675572416,
    "histories-of-disintegration": 0.9772045183966592,
    "infrastrucural-nature": 0.9771827873557939,
    "knowing-together": 0.9770593670553128,
    "parallax-lisboa": 0.9768674618154417,
    "data-sensing": 0.9768119831461503,
    "voice-and-representation": 0.9767906368611534,
    "outrunning-the-anthropocene": 0.976058986629616,
    "seminar-consensus-building": 0.9760538791965043,
    "conundrums-on-country": 0.9758736951112311,
    "touring-the-anthropocenery-whos-in-charge-here-2014": 0.9756795940932163,
    "terraforming": 0.9753267032951793,
    "nordic-fauna-seen-in-nature": 0.9747167119678349,
    "one-place-many-names": 0.9747006309581293,
    "social-witnessing": 0.974646329886034,
    "essay-series": 0.9745535430348121,
    "state-of-nature-some-philosophical-issues": 0.9743713973981782,
    "from-a-living-exhibition-to-the-dmz": 0.974276449395924,
    "seminar-anthropogenic-landscapes": 0.9742002726576272,
    "patagonia": 0.973991069867774,
    "sacrifice-zones-and-portable-climate": 0.9738366599780749,
    "monsanto-town": 0.973832844487653,
    "time-out-of-mind": 0.9736962469483709,
    "deconstructing-the-we": 0.9735914342306036,
    "too-little-water-the-lake-chad-story": 0.9734133474428996,
    "seminar-archiving": 0.9731478595595855,
    "seminar-co-evolutionary-perspectives": 0.9730658471022375,
    "seminar-governing-the-technosphere": 0.9729612136424289,
    "meskonsing-kansan-an-introduction": 0.9728485192083229,
    "check-my-pulse": 0.9728243780749093,
    "layers-of-violence": 0.9727663017820092,
    "meskonsing-indian-lake-convergence-1": 0.9726209362024705,
    "river-memory": 0.9725896455186279,
    "the-stories-we-tell-the-images-we-take": 0.9725301485388715,
    "uncalculated-risk": 0.9723320091500344,
    "natchez-etiologies-of-athropogenic-emergence": 0.9722017237514595,
    "la-arboleda": 0.9721588323912644,
    "beyond-property": 0.9719501608140756,
    "orbital-geopolitics": 0.9717128486069987,
    "taking-nature-into-account-historical-perspectives-and-paradoxes": 0.9713581175921866,
    "laboratory-for-a-radical-suburbia": 0.9710128008991576,
    "field-station-5-commodity-exploitation": 0.9709906816408074,
    "campus-2014": 0.9708975590840749,
    "driving-the-golden-spike": 0.9708131171719125,
    "geo-politics": 0.9707214526836155,
    "seminar-filtering-the-anthropocene": 0.970707092297375,
    "edible-encounters-along-the-mississippi-river": 0.9705433858750845,
    "writing-global-histories-in-the-anthropocene": 0.9705333382679778,
    "the-mississippi-basin-an-operational-landscape": 0.9703927296875127,
    "knowing-in-the-anthropocene": 0.970277801966389,
    "deconstructing-fences": 0.9702333710923907,
    "field-station-3-anthropocene-vernacular": 0.9701929927768985,
    "bound-with-bright-beautiful-things": 0.9700161731121937,
    "extracts-and-exclusions": 0.9699387459556271,
    "systems-analysis-and-modeling": 0.9697108677500588,
    "timeslips": 0.9696093582052995,
    "deep-time-chicago": 0.9695289100428255,
    "freshkills-new-york-city": 0.969419028347642,
    "eating-the-anthropocene": 0.9692168246116418,