{
    "rogue-elements-of-the-upper-mississippi": 0.9827080015257625,
    "check-my-pulse": 0.9793171593605868,
    "time-out-of-mind": 0.9759511343208597,
    "driving-the-limits-of-time": 0.9753658357355223,
    "louisiana-a-planetary-reactor": 0.9743477881832748,
    "meeker-dam": 0.9723700409750022,
    "confluence-bus-tour-reflection": 0.97225840826898,
    "one-place-many-names": 0.9721162905563632,
    "how-does-the-world-end-for-others": 0.9717108028592764,
    "telling-time-through-lagoons-of-human-waste-at-the-western-treatment-plant": 0.9712923692307541,
    "meskonsing-indian-lake-convergence-1": 0.9711099694704679,
    "ioway": 0.9709480279514155,
    "layers-of-violence": 0.970248562915362,
    "measuring-loss": 0.9700844802564055,
    "conundrums-on-country": 0.9696124251959308,
    "navigating-the-anthropocene-river": 0.9695639593443965,
    "nigeria-oil-pipes": 0.9692660815999614,
    "fort-snellings-deep-time-stories": 0.9688143712388293,
    "blackboyjoy-on-the-river-eugene-b-redmond-81": 0.9684307352106692,
    "blackhawk-park-is-indigenous-land-beyond-acknowledgment": 0.9684010372386133,
    "confluence-ecologies": 0.9677887154007454,
    "praying-for-the-water-with-saundi-mcclain-kloeckner": 0.967728062502256,
    "deep-time-walking": 0.9674363758866976,
    "the-four-dimensional-mississippi": 0.9671363477803899,
    "lost-voices": 0.9652725532929937,
    "data-flow": 0.9652133954812235,
    "essay-series": 0.9651001689990156,
    "pockets-reflections-on-the-anthropocene-campus-melbourne": 0.9648879776100445,
    "white-sands": 0.9647796595485586,
    "performing-the-anthropocene": 0.9643515822557855,
    "outrunning-the-anthropocene": 0.9643459100643641,
    "on-the-use-of-the-word-code-by-the-kogi-translator": 0.9641253016132734,
    "going-against-the-flow": 0.9637979343941628,
    "risk-equity-in-the-louisiana-anthropocene": 0.9636601166747478,
    "of-forests-of-rivers-and-of-meals": 0.9632867188128857,
    "timeslips": 0.9630904631569851,
    "resisting-the-oblivion-of-eco-colonialism": 0.9629314950832417,
    "planting-a-seed-is-revolutionary-act": 0.9627315252538257,
    "sacrifice-zones-and-portable-climate": 0.9623481913834413,
    "edible-encounters-along-the-mississippi-river": 0.9622415222865981,
    "driving-the-golden-spike": 0.9619115935402675,
    "the-free-sea": 0.961889922512796,
    "deconstructing-the-we": 0.9618516475484389,
    "kansan-view-from-iowa-point-1-glacial": 0.9613746054428531,
    "somewhere-somehow-a-co-evolution-story": 0.9605163852276306,
    "introductions-to-matters-2": 0.9603369787344864,
    "interspecies-accomplices-cultivating-conspiracy-at-the-royal-botanic-gardens-victoria": 0.9600967484257487,
    "nordic-fauna-seen-in-nature": 0.959977412325689,
    "uncalculated-risk": 0.9597569217279761,
    "dramatizing-the-future": 0.9594138520208004,
    "la-arboleda": 0.9585848410057508,
    "peter-schlemihl-exploring-anthropocenic-landscapes": 0.9585508920667469,
    "this-is-not-about-survival-its-about-bringing-your-coracle": 0.9583726991094891,
    "meskonsing-kansan-an-introduction": 0.9582400338731748,
    "drawn-together": 0.9581641087394107,
    "technostratigraphy-of-a-technological-object": 0.958092887532183,
    "specifics-of-vulnerability": 0.9577614143427148,
    "patagonia": 0.9574973604090454,
    "the-terrain-of-the-former-veb-elektrokohle-lichtenberg": 0.957382571355236,
    "the-vietnamese-community-in-eastern-new-orleans": 0.9570750472464913,
    "imagine-the-anthropocene-with-a-little-help-from-the-monster-in-you": 0.9566951834413953,
    "gas-flares-in-the-bakken-oil-fields-williston-north-dakota-2013": 0.9563186637584574,
    "lake-chad-narratives": 0.9562908262489495,
    "on-the-recuperative-mismanagement-of-a-cosmopolitan-fish": 0.9560841568898435,
    "field-station-1-sediment-settlement-sentiment": 0.9553231902207978,
    "cadillac-ranch-2004": 0.9552637833555516,
    "sounding-landscapes": 0.9548819034314374,
    "listening-to-the-mississippi": 0.9543363163654797,
    "real-estate-river": 0.9539273382616932,
    "imagining-an-economy-based-on-care": 0.9536043685023033,
    "shadowing-the-anthropocene": 0.9531612199625948,
    "freshkills-new-york-city": 0.9530245990947813,
    "remnant-formations": 0.9529781736948375,
    "bound-with-bright-beautiful-things": 0.9517530724649549,
    "one-world-solid-and-cracked": 0.9517477705949912,
    "technosphere-co-evolution-a-seminal-seminar-conversation": 0.9513266814685751,
    "the-aerocene-campus": 0.9512250300371697,
    "seminar-clashing-temporalities": 0.9498349470516918,
    "prologue-the-fence-concept": 0.9495257288127783,
    "enter-anthropocene-searching-for-signal-in-new-orleans": 0.9493157635421277,
    "touring-the-anthropocenery-whos-in-charge-here-2014": 0.9490668605142213,
    "tree-x-office": 0.9481905971678964,
    "significant-and-insignificant-mounds": 0.9481044388808437,
    "forecasting-earth-futures": 0.9480398731180478,
    "histories-of-disintegration": 0.9475679349439678,
    "land-acknowledgement-statement": 0.9469260628706403,
    "tactics-for-quotidian-anthropocenes": 0.9469075493681164,
    "paddle-waves-and-sparkling-light": 0.9464887747678884,
    "kairos-earthquake-early-warning-application": 0.9461045378453661,
    "seminar-report-filtering-the-anthropocene": 0.9459510514964538,
    "seminar-report-geo-politics": 0.9457895211488188,
    "social-witnessing": 0.9454712356942885,
    "us-southwest": 0.9451519243298981,
    "the-stories-we-tell-the-images-we-take": 0.9449722931713246,
    "mobile-hedges": 0.9429315278034223,
    "re-patterning-with-kudzu": 0.9428103498669512,
    "inside-the-museum": 0.9424693233902125,
    "field-station-3-anthropocene-vernacular": 0.9413754300492174,
    "river-memory": 0.9413133777196107,
    "introduction-3": 0.9411242583335373,
    "field-station-4-confluence-ecologies": 0.941042283306487,
    "extracts-and-exclusions": 0.9405049910678086,
    "the-maledives-case": 0.9402188254511716,
    "producing-the-anthropocene-producing-the-future": 0.9400709847532559,
    "the-confluence-area": 0.9398346689039865,
    "times-before-and-after": 0.9396239283190977,
    "orbital-geopolitics": 0.9391676424572675,
    "stranging-the-anthropocene-refraction": 0.9389331614345242,
    "seminar-report-anthropogenic-landscapes": 0.9381181494189893,
    "from-plantations-to-petrochemicals": 0.937650854868706,
    "the-hyphen": 0.9376334223527294,
    "walk-about-it": 0.9376084958938865,
    "time-and-time-again": 0.9375308505456286,
    "the-great-green-desert": 0.9375182230645986,
    "broadcasting-live-from-field-station-5-the-culture-of-resistance-by-land-and-sea-in-the-anthropocene": 0.9372895131000832,
    "mikado-sol-2014": 0.9367389134001556,
    "the-american-bottom": 0.936721558492068,
    "oysters-selective-pressures-and-antibiotic-resistance-in-the-mississippi-delta": 0.9361427713928062,
    "too-little-water-the-lake-chad-story": 0.936059820893885,
    "seminar-report-slow-media": 0.9357265106039827,
    "seminar-anthropogenic-landscapes": 0.9357207891652771,
    "the-mississippi-basin-an-operational-landscape": 0.9356379067899621,
    "understanding-the-north-american-lost-crops": 0.9355850303186222,
    "eating-the-anthropocene": 0.9354359406886936,
    "natchez-etiologies-of-athropogenic-emergence": 0.9347225138818974,
    "feeling-following-creative-experiments-and-material-play": 0.9346864504550759,
    "ny-alesund-svalbard-norway": 0.93418879095912,
    "typha-the-once-and-future-planty-companion": 0.9341465120429873,
    "river-semester-project": 0.9337201389051841,
    "wicked-problems-and-mental-models": 0.9335677374834133,
    "field-station-5-commodity-exploitation": 0.9328257819960762,
    "the-danish-text": 0.932792349653541,
    "film-residency-mississippi-an-anthropocene-river": 0.9327729040348994,
    "comics-and-graphic-novels": 0.932759487354268,
    "lake-chad-sharing-a-diminishing-resource": 0.9322933356946395,