{
    "seminar-report-anthropogenic-landscapes": 0.9856972743244696,
    "seminar-co-evolution-of-the-technosphere": 0.9850168288041125,
    "knowing-together": 0.9849341690386559,
    "seminar-reflection-2": 0.9842439333954228,
    "introductions-to-matters-2": 0.9841580853531181,
    "stranging-the-anthropocene-refraction": 0.983653986279279,
    "seminar-reflections-algorithmic-intermediation-and-smartness": 0.982900335504721,
    "field-station-4-confluence-ecologies": 0.9827677605484147,
    "inside-the-museum": 0.982744890781051,
    "from-a-living-exhibition-to-the-dmz": 0.9825617912302209,
    "lisboa-parallax-2020": 0.982410111240341,
    "drawn-together": 0.9822764659538048,
    "the-aerocene-campus": 0.9822656712802945,
    "feeling-following-creative-experiments-and-material-play": 0.9820040241207696,
    "the-shape-of-a-practice": 0.9818596923775557,
    "histories-of-disintegration": 0.9818099515136489,
    "risk-equity-in-the-louisiana-anthropocene": 0.9817897358481428,
    "social-witnessing": 0.9815271900932951,
    "humanities-on-the-ground": 0.9814548099552457,
    "tactics-for-quotidian-anthropocenes": 0.9813679146758886,
    "place-and-space": 0.9811437798082824,
    "seminar-imaging-the-anthropocene": 0.9806288688398089,
    "seminar-communicating": 0.9806259927992388,
    "forecasting-earth-futures": 0.9805087252868224,
    "seminar-report-slow-media": 0.9802472209327743,
    "parallax-lisboa": 0.980178383904502,
    "lost-voices": 0.9801626514909294,
    "seminar-consensus-building": 0.9796972283871825,
    "extracts-and-exclusions": 0.9796347792368132,
    "the-stories-we-tell-the-images-we-take": 0.9793580179089579,
    "the-floating-ear": 0.9790432474193865,
    "seminar-modelling-wicked-problems": 0.9789949595862639,
    "seminar-valuing-nature": 0.9789619573913754,
    "producing-the-anthropocene-producing-the-future": 0.978698820139485,
    "one-world-solid-and-cracked": 0.9786290163863444,
    "on-consuming-slow-media": 0.9785806185218698,
    "data-sensing": 0.9785417569163166,
    "navigating-the-anthropocene-river": 0.9782720056191172,
    "seminar-report-filtering-the-anthropocene": 0.97807427879363,
    "seminar-sensing": 0.9780331447158189,
    "seminar-report-geo-politics": 0.9776578467145628,
    "mapping-an-exercise-in-cartography": 0.9775895004858428,
    "environing-technology": 0.9775280494393815,
    "writing-global-histories-in-the-anthropocene": 0.9774998301813503,
    "coordinating-practice": 0.9773969384351953,
    "monsanto-town": 0.977361991785823,
    "campus-2014": 0.9772829898239666,
    "state-of-nature-in-india": 0.9771720155775344,
    "walk-about-it": 0.9771557024214159,
    "economic-framing-environmental-governance-and-teaching-pluralist-economics": 0.9766698005440209,
    "imagining-an-economy-based-on-care": 0.9762809136527634,
    "driving-the-limits-of-time": 0.9759697597253034,
    "comics-and-graphic-novels": 0.9759480130957465,
    "voice-and-representation": 0.9758787620161081,
    "broadcasting-live-from-field-station-5-the-culture-of-resistance-by-land-and-sea-in-the-anthropocene": 0.9758349268739456,
    "terraforming": 0.97579007622288,
    "seminar-co-evolutionary-perspectives": 0.9755283390241087,
    "time-and-time-again": 0.9755101733177782,
    "going-against-the-flow": 0.9754410245959063,
    "seminar-anthropogenic-landscapes": 0.9753720833028634,
    "ny-alesund-svalbard-norway": 0.9752524383362567,
    "deep-time-chicago": 0.9751442942167565,
    "limits-to-growth": 0.9750518242243648,
    "planting-a-seed-is-revolutionary-act": 0.975018312214404,
    "campus-2016": 0.9749315314431848,
    "seminar-archiving": 0.9749137930522938,
    "measuring-loss": 0.9746994016190582,
    "data-flow": 0.9744687951510717,
    "performing-the-anthropocene": 0.9744191615218748,
    "global-systems-simulator-gss": 0.9744040993832834,
    "kairos-earthquake-early-warning-application": 0.9737547167892056,
    "land-acknowledgement-statement": 0.9736897371936359,
    "geo-politics": 0.9736656680278762,
    "river-memory": 0.9736273773388692,
    "pockets-reflections-on-the-anthropocene-campus-melbourne": 0.9735784747055902,
    "twin-cities-artist-residency-mississippi-an-anthropocene-story": 0.9735769205154325,
    "shadowing-the-anthropocene": 0.9735767510337425,
    "times-before-and-after": 0.9729972461239005,
    "the-confluence-area": 0.9729800982492076,
    "the-hyphen": 0.9726735429760166,
    "confluence-ecologies": 0.9724192078137951,
    "conference-state-of-nature-in-india": 0.9724127941882116,
    "the-american-bottom": 0.9723413701526703,
    "dramatizing-the-future": 0.9723409565342654,
    "interspecies-accomplices-cultivating-conspiracy-at-the-royal-botanic-gardens-victoria": 0.9718764581407422,
    "enter-anthropocene-searching-for-signal-in-new-orleans": 0.9714309309864054,
    "blackhawk-park-is-indigenous-land-beyond-acknowledgment": 0.9710112033566953,
    "state-of-nature-some-philosophical-issues": 0.9709919437291642,
    "project-launch-minneapolis": 0.9708244442308177,
    "the-free-sea": 0.9707057218862241,
    "the-terrain-of-the-former-veb-elektrokohle-lichtenberg": 0.9706561875778269,
    "orbital-geopolitics": 0.9703281636961665,
    "the-anthropocene-in-light-of-biological-feedback": 0.9701900922207722,
    "seminar-disciplinarities": 0.9699968098209698,
    "real-estate-river": 0.9696414697096812,
    "telling-time-through-lagoons-of-human-waste-at-the-western-treatment-plant": 0.9696001980979677,
    "seminar-clashing-temporalities": 0.9694258389695797,
    "kansan-view-from-iowa-point-1-glacial": 0.9693288632956703,
    "laboratory-for-a-radical-suburbia": 0.9693035670076234,
    "field-stations": 0.9692431545876823,
    "resisting-the-oblivion-of-eco-colonialism": 0.9691618697405311,
    "film-residency-mississippi-an-anthropocene-river": 0.9687764442838287,
    "sounding-landscapes": 0.9686046879219441,
    "wicked-problems-and-mental-models": 0.9685047312857107,
    "the-shape-of-a-practice-online-project-environment": 0.9684029339153033,
    "conundrums-on-country": 0.968081706418998,
    "xaraasi-xanne-crossing-voices": 0.9680802814019969,
    "seminar-governing-the-technosphere": 0.9680347707414423,
    "seminar-romancing-the-anthropocene": 0.9678817980039818,
    "eating-the-anthropocene": 0.9678768163714951,
    "one-place-many-names": 0.9678033908338269,
    "essay-series": 0.9677476693834404,
    "meeker-dam": 0.9676176931334795,
    "taking-nature-into-account-historical-perspectives-and-paradoxes": 0.967557479234523,
    "infrastrucural-nature": 0.9675491196081905,
    "somewhere-somehow-a-co-evolution-story": 0.967495972743295,
    "on-the-use-of-the-word-code-by-the-kogi-translator": 0.9674260820850431,
    "on-the-recuperative-mismanagement-of-a-cosmopolitan-fish": 0.9672158859600285,
    "technosphere-co-evolution-a-seminal-seminar-conversation": 0.9672018284005858,
    "bound-with-bright-beautiful-things": 0.9671309513371471,
    "systems-analysis-and-modeling": 0.9671197949315439,
    "seminar-exhaustion-and-imagination": 0.9670594656202386,
    "too-little-water-the-lake-chad-story": 0.96695230443228,
    "touring-the-anthropocenery-whos-in-charge-here-2014": 0.9668680931713047,
    "louisiana-a-planetary-reactor": 0.9666394845996671,
    "nordic-fauna-seen-in-nature": 0.9665137686191148,
    "natchez-etiologies-of-athropogenic-emergence": 0.9662383420281464,
    "outrunning-the-anthropocene": 0.9661374101475285,
    "meskonsing-kansan-an-introduction": 0.966027319838298,
    "seminar-slow-media": 0.9658161309338996,
    "field-station-5-commodity-exploitation": 0.9656676841923756,
    "the-anthropocene-and-our-post-natural-future-2": 0.9653523722873918,
    "imagine-the-anthropocene-with-a-little-help-from-the-monster-in-you": 0.9652376863428195,
    "knowing-in-the-anthropocene": 0.9651442618799104,
    "river-semester-project": 0.9650100764275571,
    "beyond-property": 0.9647556836560933,
    "remnant-formations": 0.9646508877528378,