{
    "citizenship-and-technologies-of-bordering": 0.4909250530137548,
    "the-abolition-of-market-dependency": 0.46671003408507117,
    "creolized-technologies-of-demoralization": 0.4622067260394929,
    "closing-discussion-with-akeel-bilgrami-and-bernd-scherer": 0.456998911419388,
    "state-of-nature-some-philosophical-issues": 0.4499527556069291,
    "hopium-economy": 0.44847790485258765,
    "defining-the-anthropocene": 0.4438532293439491,
    "lounging-through-the-flood": 0.43337068865114226,
    "islands-colonialism-and-geopolitics": 0.4330419546344689,
    "taking-nature-into-account-historical-perspectives-and-paradoxes": 0.42935160510947296,
    "writing-global-histories-in-the-anthropocene": 0.4288440030909383,
    "economic-framing-environmental-governance-and-teaching-pluralist-economics": 0.4214894670593891,
    "seminar-risk-equity": 0.4206412423176402,
    "geo-politics": 0.4202354559912153,
    "state-of-nature-in-india": 0.4193638901551028,
    "slow-disaster": 0.4119668153084917,
    "reshaping-the-shape-embodiment-ecology-and-culture-of-a-postnatural-carp": 0.40935762758829775,
    "lisboa-parallax-2020": 0.40857285017721323,
    "seminar-algorithmic-intermediation-and-smartness": 0.4062599288252447,
    "campus-2016": 0.4043576604038896,
    "worshipping-along-the-routes-of-migration": 0.40290572457232116,
    "seminar-valuing-nature": 0.40256372429545545,
    "parallax-lisboa": 0.4010287026452445,
    "technosphere-magazine": 0.4007170205821907,
    "seminar-filtering-the-anthropocene": 0.39915801209028345,
    "plant-domestication-and-dispersal": 0.3943277391361206,
    "campus-2014": 0.3942484198022751,
    "environing-technology": 0.39354263034534,
    "humanities-on-the-ground": 0.3926716382409308,
    "laboratory-for-a-radical-suburbia": 0.39201491956859086,
    "seminar-modelling-wicked-problems": 0.38869573858522405,
    "seminar-disciplinarities": 0.387597550960789,
    "seminar-commodity-flows": 0.38754645151466843,
    "seminar-co-evolutionary-perspectives": 0.38644315568517745,
    "seminar-co-evolution-of-the-technosphere": 0.38621474613574597,
    "limits-to-growth": 0.3860585523320619,
    "ny-alesund-svalbard-norway": 0.3859942610583321,
    "systems-analysis-and-modeling": 0.38557413681462027,
    "seminar-communicating": 0.38555762518062536,
    "field-station-5-commodity-exploitation": 0.38509506894101575,
    "voice-and-representation": 0.38495721414206924,
    "infrastrucural-nature": 0.3848507869627792,
    "looking-downstream": 0.3837270970189984,
    "seminar-anthropogenic-landscapes": 0.38317708833773495,
    "natchez-etiologies-of-athropogenic-emergence": 0.3830523234678526,
    "panel-talk-beween-patricia-piccinini-and-claudia-vickers": 0.3829504528451674,
    "born-secret": 0.3823926276157509,
    "field-station-3-anthropocene-vernacular": 0.3821896122871492,
    "from-valuing-nature-to-reclaiming-resources-2": 0.38218196680882754,
    "monsanto-town": 0.38197418065351624,
    "on-the-operation-of-border-regimes": 0.3818432004727827,
    "seminar-romancing-the-anthropocene": 0.3800357942783867,
    "producing-the-anthropocene-producing-the-future": 0.3793659045984649,
    "seminar-sensing-the-insensible": 0.3782096625045095,
    "seminar-report-slow-media": 0.3780400840002549,
    "from-limits-to-growth-to-chernobyl": 0.3778757159278025,
    "data-sensing": 0.37749210451153753,
    "the-politics-of-modeling": 0.37734300359283,
    "seminar-un-bounded-engineering-and-evolutionary-stability": 0.37728704500214066,
    "from-plantations-to-petrochemicals": 0.3765077839175396,
    "seminar-imaging-the-anthropocene": 0.3763033089818196,
    "global-systems-simulator-gss": 0.3756900087430539,
    "plastic-and-surrogacy": 0.3756571521794839,
    "infrastructures": 0.3752555690645977,
    "field-station-2-anthropocene-drift": 0.37509532312084076,
    "one-world-solid-and-cracked": 0.3741584509904773,
    "stranging-the-anthropocene-refraction": 0.3740692339632402,
    "seminar-claims-property": 0.373594777092537,
    "conference-state-of-nature-in-india": 0.37351057804210225,
    "comics-and-graphic-novels": 0.3715323413195706,
    "seminar-governing-the-technosphere": 0.3714124584014288,
    "sharing-surveillance-data": 0.371343783604302,
    "seminar-report-filtering-the-anthropocene": 0.36843160150092713,
    "inside-the-museum": 0.36785814601626066,
    "mississippi": 0.3675356301292454,
    "the-shape-of-a-practice": 0.36740729913574355,
    "forecasting-earth-futures": 0.36732227177406673,
    "seminar-reflection-2": 0.36685493958770754,
    "planting-a-seed-is-revolutionary-act": 0.3667282763848435,
    "imagining-an-economy-based-on-care": 0.36665986261816275,
    "seminar-sensing": 0.36617014541720344,
    "seminar-reflections-algorithmic-intermediation-and-smartness": 0.36615338434545186,
    "from-a-living-exhibition-to-the-dmz": 0.36592017465961335,
    "seminar-report-anthropogenic-landscapes": 0.3654831729239666,
    "lake-chad-sharing-a-diminishing-resource": 0.36533390243185243,
    "times-before-and-after": 0.3651860976176943,
    "feeling-following-creative-experiments-and-material-play": 0.3646814118591774,
    "from-valuing-nature-to-reclaiming-resources": 0.3644958565824543,
    "deep-time-chicago-lecture": 0.36372572308540047,
    "time-and-time-again": 0.36346827519433067,
    "tokens-a-rorschach-test": 0.3634005139571276,
    "re-patterning-with-kudzu": 0.3632794192882061,
    "seminar-report-geo-politics": 0.3632309792914957,
    "mapping-an-exercise-in-cartography": 0.3630993952331247,
    "seminar-consensus-building": 0.3630738515618466,
    "field-station-4-confluence-ecologies": 0.36246466457366616,
    "is-the-anthropocene-a-doomsday-device-2": 0.3620116594173581,
    "contesting-the-de-industrial-futures-of-the-upper-mississippi": 0.3619247202240106,
    "redeeming-urban-spaces-the-ambivalence-of-building-a-pentecostal-city-in-lagos-nigeria": 0.36143966570231506,
    "deconstructing-fences": 0.3610364278537809,
    "seminar-film-un-bounded-engineering-and-evolutionary-stability": 0.3609918412654651,
    "social-witnessing": 0.36084024783908586,
    "project-launch-minneapolis": 0.360831681055121,
    "the-anthropocene-in-light-of-biological-feedback": 0.36054682467112853,
    "shadowing-the-anthropocene": 0.360113787695328,
    "the-rights-of-nature": 0.36010014145260316,
    "field-stations": 0.3600163517777751,
    "new-orleans-anthropocene-field-campus": 0.35888717522913066,
    "seminar-film-commodity-flows": 0.3587838701521537,
    "land-acknowledgement-statement": 0.358746221052348,
    "significant-and-insignificant-mounds": 0.3587057975449605,
    "hurricane-katrina": 0.35836614829821867,
    "the-mississippi-basin-an-operational-landscape": 0.35827593614848735,
    "real-estate-river": 0.3581576582032345,
    "the-hyphen": 0.358100155405224,
    "seminar-slow-media": 0.3577828674976978,
    "knowing-together": 0.35749430822135253,
    "extracts-and-exclusions": 0.35741521478924737,
    "too-little-water-the-lake-chad-story": 0.35740165622662,
    "the-floating-ear": 0.3573786231967678,
    "tactics-for-quotidian-anthropocenes-2": 0.3562406234888304,
    "wicked-problems-and-mental-models": 0.3558037250732554,
    "walk-about-it": 0.3554874754847264,
    "orbital-geopolitics": 0.35520660866699433,
    "broadcasting-live-from-field-station-5-the-culture-of-resistance-by-land-and-sea-in-the-anthropocene": 0.3550596265300149,
    "deep-time-chicago": 0.3534651023520281,
    "on-consuming-slow-media": 0.3531447631505927,
    "seminar-techno-metabolism": 0.3526476427633227,
    "introductions-to-matters-2": 0.35228799515114023,
    "eating-the-anthropocene": 0.3512391098929225,
    "river-memory": 0.3511593493774626,
    "seminar-exhaustion-and-imagination": 0.3508584056292637,
    "kansan-view-from-iowa-point-1-glacial": 0.3505260481616688,
    "open-seminars": 0.3501053924385815,
    "driving-the-golden-spike": 0.3499804109514635,
    "shaped-by-rivers": 0.349827227067821,