{
    "time-out-of-mind": 0.9696666808602692,
    "ioway": 0.9685651572856783,
    "fort-snellings-deep-time-stories": 0.9678109596236678,
    "rogue-elements-of-the-upper-mississippi": 0.9673693241925058,
    "how-does-the-world-end-for-others": 0.9659041746967408,
    "one-place-many-names": 0.9641208515595651,
    "praying-for-the-water-with-saundi-mcclain-kloeckner": 0.9630087458200833,
    "check-my-pulse": 0.961428797167866,
    "meskonsing-indian-lake-convergence-1": 0.959980789509543,
    "peter-schlemihl-exploring-anthropocenic-landscapes": 0.959175477154876,
    "specifics-of-vulnerability": 0.9588711090770616,
    "blackhawk-park-is-indigenous-land-beyond-acknowledgment": 0.9583318185856801,
    "confluence-bus-tour-reflection": 0.9580130855686647,
    "meeker-dam": 0.9573792073910853,
    "measuring-loss": 0.9572176074554232,
    "confluence-ecologies": 0.9571017664171463,
    "driving-the-limits-of-time": 0.9558411115482999,
    "conundrums-on-country": 0.9555265110693444,
    "navigating-the-anthropocene-river": 0.9541495483166877,
    "resisting-the-oblivion-of-eco-colonialism": 0.9541001827817693,
    "the-free-sea": 0.9535938897660263,
    "lost-voices": 0.9531861123561576,
    "louisiana-a-planetary-reactor": 0.9527611313271263,
    "performing-the-anthropocene": 0.9526667143643619,
    "introductions-to-matters-2": 0.9525111347708602,
    "layers-of-violence": 0.9520795261999151,
    "deconstructing-the-we": 0.9519069889576083,
    "on-the-use-of-the-word-code-by-the-kogi-translator": 0.9515486971204896,
    "telling-time-through-lagoons-of-human-waste-at-the-western-treatment-plant": 0.9507983027223922,
    "dramatizing-the-future": 0.9501417690046955,
    "risk-equity-in-the-louisiana-anthropocene": 0.9501417686975215,
    "this-is-not-about-survival-its-about-bringing-your-coracle": 0.9496214138371495,
    "on-the-recuperative-mismanagement-of-a-cosmopolitan-fish": 0.9489644601052276,
    "planting-a-seed-is-revolutionary-act": 0.9488673541405015,
    "pockets-reflections-on-the-anthropocene-campus-melbourne": 0.948795215414981,
    "touring-the-anthropocenery-whos-in-charge-here-2014": 0.9482623339611271,
    "timeslips": 0.9481314596448087,
    "essay-series": 0.9478709503942633,
    "interspecies-accomplices-cultivating-conspiracy-at-the-royal-botanic-gardens-victoria": 0.9476156440365918,
    "nordic-fauna-seen-in-nature": 0.9470717711620604,
    "the-vietnamese-community-in-eastern-new-orleans": 0.9469659054370249,
    "listening-to-the-mississippi": 0.946553222193146,
    "technostratigraphy-of-a-technological-object": 0.9442488596328787,
    "meskonsing-kansan-an-introduction": 0.9441705334394833,
    "data-flow": 0.9440399278286888,
    "driving-the-golden-spike": 0.9438739329522213,
    "imagine-the-anthropocene-with-a-little-help-from-the-monster-in-you": 0.9436414771624559,
    "the-aerocene-campus": 0.9434741644233838,
    "edible-encounters-along-the-mississippi-river": 0.9434558174874109,
    "drawn-together": 0.943283434930075,
    "of-forests-of-rivers-and-of-meals": 0.9431961586837646,
    "sacrifice-zones-and-portable-climate": 0.942701578842509,
    "seminar-clashing-temporalities": 0.942513125485783,
    "going-against-the-flow": 0.9410488849704085,
    "technosphere-co-evolution-a-seminal-seminar-conversation": 0.9408994913404323,
    "la-arboleda": 0.9407581468901831,
    "the-terrain-of-the-former-veb-elektrokohle-lichtenberg": 0.9406128174619974,
    "uncalculated-risk": 0.9403596050246095,
    "outrunning-the-anthropocene": 0.9399387642911534,
    "nigeria-oil-pipes": 0.9397918924849762,
    "shadowing-the-anthropocene": 0.9397452512881481,
    "river-memory": 0.9396861840703973,
    "somewhere-somehow-a-co-evolution-story": 0.9396064558534664,
    "white-sands": 0.9391558285316791,
    "kansan-view-from-iowa-point-1-glacial": 0.9390780268179247,
    "real-estate-river": 0.9390070210479633,
    "cadillac-ranch-2004": 0.9387566709047409,
    "patagonia": 0.9379169836460048,
    "bound-with-bright-beautiful-things": 0.9378705605105975,
    "tactics-for-quotidian-anthropocenes": 0.9375907205202045,
    "lake-chad-narratives": 0.9374565836562813,
    "the-stories-we-tell-the-images-we-take": 0.9367433206920699,
    "tree-x-office": 0.9362973808754363,
    "extracts-and-exclusions": 0.9360429245738741,
    "deep-time-walking": 0.9354952013689227,
    "exhibition-opening-at-g-cadd-st-louis": 0.9347617053093152,
    "build-your-own-fence": 0.9347127095072016,
    "mobile-hedges": 0.9344836907177582,
    "sounding-landscapes": 0.9336873900818566,
    "the-four-dimensional-mississippi": 0.9334913677781402,
    "social-witnessing": 0.933362047335007,
    "land-acknowledgement-statement": 0.9331394065927209,
    "walk-about-it": 0.9329555722182326,
    "histories-of-disintegration": 0.9325067972354477,
    "us-southwest": 0.9323741273564494,
    "the-confluence-area": 0.9318598185103033,
    "imagining-an-economy-based-on-care": 0.9317273620189441,
    "field-station-1-sediment-settlement-sentiment": 0.9309489710024125,
    "remnant-formations": 0.9309203820301846,
    "one-world-solid-and-cracked": 0.9307982915246416,
    "forecasting-earth-futures": 0.9306693743620259,
    "paddle-waves-and-sparkling-light": 0.9303314942819279,
    "time-and-time-again": 0.9291428527105289,
    "seminar-report-slow-media": 0.9285045070300088,
    "broadcasting-live-from-field-station-5-the-culture-of-resistance-by-land-and-sea-in-the-anthropocene": 0.928222204835133,
    "inside-the-museum": 0.9278265705758901,
    "knowing-in-the-anthropocene": 0.9276721440097209,
    "kairos-earthquake-early-warning-application": 0.9274893092524308,
    "seminar-slow-media": 0.927364986903845,
    "seminar-report-geo-politics": 0.9272415347718046,
    "times-before-and-after": 0.9269366236500488,
    "field-station-4-confluence-ecologies": 0.9268377025190357,
    "stranging-the-anthropocene-refraction": 0.9266350118055842,
    "freshkills-new-york-city": 0.9265162012038429,
    "knowing-together": 0.926283579270307,
    "the-american-bottom": 0.9258685193611113,
    "enter-anthropocene-searching-for-signal-in-new-orleans": 0.925868013076595,
    "the-hyphen": 0.9253018523382435,
    "seminar-anthropogenic-landscapes": 0.9251507325233363,
    "seminar-co-evolutionary-perspectives": 0.9245516453258428,
    "typha-the-once-and-future-planty-companion": 0.9241837884360673,
    "seminar-report-filtering-the-anthropocene": 0.923865685115379,
    "producing-the-anthropocene-producing-the-future": 0.9237443617469717,
    "prologue-the-fence-concept": 0.9236681223082466,
    "seminar-governing-the-technosphere": 0.9234673543323733,
    "river-semester-project": 0.9234633206971479,
    "xaraasi-xanne-crossing-voices": 0.9232037521634227,
    "gas-flares-in-the-bakken-oil-fields-williston-north-dakota-2013": 0.9231046517748828,
    "how-not-what-power-time-landscape": 0.9229843774142041,
    "introduction-3": 0.9229594370318198,
    "comics-and-graphic-novels": 0.9228368789584899,
    "seminar-sensing-the-insensible": 0.922778607311229,
    "eating-the-anthropocene": 0.9227558534724137,
    "feeling-following-creative-experiments-and-material-play": 0.922152581754247,
    "from-plantations-to-petrochemicals": 0.9219538015710218,
    "significant-and-insignificant-mounds": 0.9205618795898812,
    "seminar-reflections-algorithmic-intermediation-and-smartness": 0.9194393186603922,
    "seminar-reflection-2": 0.919010952679224,
    "seminar-report-anthropogenic-landscapes": 0.9186724501490872,
    "the-danish-text": 0.9180557257582903,
    "the-great-green-desert": 0.9179616078938523,
    "the-floating-ear": 0.9178661838043357,
    "kick-off-anthropocene-river-journey": 0.9177629907217514,
    "seminar-imaging-the-anthropocene": 0.9177564726140551,
    "seminar-exhaustion-and-imagination": 0.9177148646733343,
    "mapping-an-exercise-in-cartography": 0.9176325754739666,
    "wicked-problems-and-mental-models": 0.9174636980310481,