{
    "planting-a-seed-is-revolutionary-act": 0.9313617294670722,
    "confluence-ecologies": 0.9296920784171375,
    "driving-the-golden-spike": 0.9281495854583683,
    "meskonsing-indian-lake-convergence-1": 0.9280720396686033,
    "from-plantations-to-petrochemicals": 0.9271876948696779,
    "natchez-etiologies-of-athropogenic-emergence": 0.9261261709237557,
    "layers-of-violence": 0.9260303926364754,
    "driving-the-limits-of-time": 0.9250294766921939,
    "check-my-pulse": 0.9237708829983331,
    "interspecies-accomplices-cultivating-conspiracy-at-the-royal-botanic-gardens-victoria": 0.9229205682565342,
    "sacrifice-zones-and-portable-climate": 0.9228252141017076,
    "re-patterning-with-kudzu": 0.9226325687531353,
    "meskonsing-kansan-an-introduction": 0.9226086880190353,
    "kansan-view-from-iowa-point-1-glacial": 0.9224626935250911,
    "on-the-recuperative-mismanagement-of-a-cosmopolitan-fish": 0.9220967996958703,
    "introductions-to-matters-2": 0.9219564594895143,
    "white-sands": 0.9217974340128192,
    "essay-series": 0.9216922542679827,
    "the-current-mississippi-an-anthropocene-river": 0.921251621869452,
    "social-witnessing": 0.9211322898266289,
    "eating-the-anthropocene": 0.9207821850129325,
    "fort-snellings-deep-time-stories": 0.9203393521131273,
    "the-stories-we-tell-the-images-we-take": 0.9201767354314875,
    "forecasting-earth-futures": 0.920012652099716,
    "histories-of-disintegration": 0.9194419598390213,
    "meeker-dam": 0.9194398223559587,
    "land-acknowledgement-statement": 0.9190758408314368,
    "performing-the-anthropocene": 0.9189046131661066,
    "mississippi": 0.9188280746755086,
    "bound-with-bright-beautiful-things": 0.9187153008532871,
    "field-station-4-confluence-ecologies": 0.9186822429916394,
    "measuring-loss": 0.9186019271031404,
    "risk-equity-in-the-louisiana-anthropocene": 0.9185400477568398,
    "knowing-together": 0.9185175131740637,
    "navigating-the-anthropocene-river": 0.91823028290144,
    "data-flow": 0.9181100346580956,
    "seminar-sensing-the-insensible": 0.9180008465267656,
    "real-estate-river": 0.9177200667380072,
    "writing-global-histories-in-the-anthropocene": 0.9175888649822395,
    "shadowing-the-anthropocene": 0.9174019403315582,
    "walk-about-it": 0.9173875517624677,
    "inside-the-museum": 0.9172352906981706,
    "louisiana-a-planetary-reactor": 0.9170737585565281,
    "laboratory-for-a-radical-suburbia": 0.9170499010393742,
    "seminar-report-filtering-the-anthropocene": 0.9163918562946467,
    "one-place-many-names": 0.9163916818197119,
    "lost-voices": 0.916108126172799,
    "nigeria-oil-pipes": 0.9160742162828395,
    "panel-talk-beween-patricia-piccinini-and-claudia-vickers": 0.915932095868219,
    "going-against-the-flow": 0.9159257844193212,
    "field-station-3-anthropocene-vernacular": 0.9155790264545401,
    "the-great-green-desert": 0.9155163821402424,
    "the-vietnamese-community-in-eastern-new-orleans": 0.915369074902797,
    "imagine-the-anthropocene-with-a-little-help-from-the-monster-in-you": 0.9152392039340956,
    "ny-alesund-svalbard-norway": 0.9150299048295555,
    "telling-time-through-lagoons-of-human-waste-at-the-western-treatment-plant": 0.914950647140689,
    "sounding-landscapes": 0.914663671548319,
    "seminar-imaging-the-anthropocene": 0.9146285687356996,
    "broadcasting-live-from-field-station-5-the-culture-of-resistance-by-land-and-sea-in-the-anthropocene": 0.9144518716990396,
    "tactics-for-quotidian-anthropocenes": 0.914344778690326,
    "seminar-anthropogenic-landscapes": 0.9140455512655545,
    "the-american-bottom": 0.913911726728697,
    "the-aerocene-campus": 0.9137512433338504,
    "river-memory": 0.9136957328750577,
    "one-world-solid-and-cracked": 0.9135158838885576,
    "enter-anthropocene-searching-for-signal-in-new-orleans": 0.9134961044381936,
    "stranging-the-anthropocene-refraction": 0.9134217202492957,
    "time-out-of-mind": 0.9133299322137073,
    "how-does-the-world-end-for-others": 0.913197837708055,
    "seminar-report-slow-media": 0.9131833381586916,
    "producing-the-anthropocene-producing-the-future": 0.9130881639848499,
    "deep-time-walking": 0.9130292915205983,
    "conundrums-on-country": 0.9129538545835479,
    "time-and-time-again": 0.9129304362897582,
    "orbital-geopolitics": 0.9126398387900806,
    "pockets-reflections-on-the-anthropocene-campus-melbourne": 0.9125147775055095,
    "inheritance": 0.912371273022132,
    "film-residency-mississippi-an-anthropocene-river": 0.9122177735253919,
    "monsanto-town": 0.9119922298352124,
    "seminar-techno-metabolism": 0.911982322841724,
    "deep-time-chicago": 0.9115351627438822,
    "dramatizing-the-future": 0.9115233899755762,
    "humanities-on-the-ground": 0.91138713555706,
    "outrunning-the-anthropocene": 0.9113416592055891,
    "typha-the-once-and-future-planty-companion": 0.9112426851751395,
    "drawn-together": 0.9109010185296276,
    "la-arboleda": 0.9108885722911055,
    "gas-flares-in-the-bakken-oil-fields-williston-north-dakota-2013": 0.9106264238386482,
    "significant-and-insignificant-mounds": 0.9104802402340106,
    "seminar-co-evolution-of-the-technosphere": 0.9103218966622948,
    "imagining-an-economy-based-on-care": 0.9101722171534168,
    "seminar-claims-property": 0.9100145236488748,
    "seminar-co-evolutionary-perspectives": 0.9099591427120345,
    "patagonia": 0.9098372673103272,
    "this-is-not-about-survival-its-about-bringing-your-coracle": 0.9097132906308227,
    "nordic-fauna-seen-in-nature": 0.9094123795906665,
    "on-the-use-of-the-word-code-by-the-kogi-translator": 0.9091778215634299,
    "plant-domestication-and-dispersal": 0.9090618224087391,
    "from-a-living-exhibition-to-the-dmz": 0.9088476888304207,
    "timeslips": 0.9086434514402617,
    "meskonsing-kansan": 0.9083845564864885,
    "state-of-nature-in-india": 0.9082468378446668,
    "project-launch-minneapolis": 0.9081021623800848,
    "confluence-bus-tour-reflection": 0.9080249193259473,
    "resisting-the-oblivion-of-eco-colonialism": 0.9078663663156288,
    "freshkills-new-york-city": 0.9076456163262688,
    "understanding-the-north-american-lost-crops": 0.9075619426225183,
    "campus-2016": 0.9074447432402806,
    "river-semester-project": 0.9072874037272695,
    "limits-to-growth": 0.9071095570308584,
    "how-not-what-power-time-landscape": 0.9070101572612802,
    "the-four-dimensional-mississippi": 0.9068759562036203,
    "contesting-the-de-industrial-futures-of-the-upper-mississippi": 0.9067723636723817,
    "somewhere-somehow-a-co-evolution-story": 0.9067013963303506,
    "taking-nature-into-account-historical-perspectives-and-paradoxes": 0.9066428321109956,
    "reshaping-the-shape-embodiment-ecology-and-culture-of-a-postnatural-carp": 0.9066276804106959,
    "data-sensing": 0.9063447736916077,
    "lisboa-parallax-2020": 0.9060571799229319,
    "slow-disaster": 0.9058988349568831,
    "touring-the-anthropocenery-whos-in-charge-here-2014": 0.905868007357335,
    "rogue-elements-of-the-upper-mississippi": 0.9056325413063382,
    "the-danish-text": 0.9056021054898094,
    "edible-encounters-along-the-mississippi-river": 0.9054596040102459,
    "cadillac-ranch-2004": 0.9050037576610889,
    "remnant-formations": 0.9047880426638762,
    "seminar-report-anthropogenic-landscapes": 0.9047719737946076,
    "the-confluence-area": 0.9047703830635162,
    "extracts-and-exclusions": 0.9046739363348371,
    "plastic-and-surrogacy": 0.9045184076810654,
    "from-limits-to-growth-to-chernobyl": 0.9044113627224384,
    "the-free-sea": 0.904310060640206,
    "mikado-sol-2014": 0.9041502320082576,
    "the-anthropocene-and-our-post-natural-future-2": 0.9040694578595604,
    "field-station-5-commodity-exploitation": 0.9040291419444008,
    "field-station-1-sediment-settlement-sentiment": 0.9039851226071113,
    "coordinating-practice": 0.9037872316969698,
    "the-shape-of-a-practice": 0.9032956142218042,