{
    "pockets-reflections-on-the-anthropocene-campus-melbourne": 0.9830082894213455,
    "performing-the-anthropocene": 0.9821595973069341,
    "confluence-ecologies": 0.9821121245046587,
    "data-flow": 0.9817752726939406,
    "one-world-solid-and-cracked": 0.980914415285729,
    "driving-the-limits-of-time": 0.9803668061107125,
    "lost-voices": 0.9802776983655761,
    "navigating-the-anthropocene-river": 0.9801335226742446,
    "introductions-to-matters-2": 0.9798895853009939,
    "time-and-time-again": 0.9798748010135343,
    "forecasting-earth-futures": 0.9794119094407876,
    "dramatizing-the-future": 0.9793633210466527,
    "stranging-the-anthropocene-refraction": 0.9792069534766831,
    "risk-equity-in-the-louisiana-anthropocene": 0.9779853024831466,
    "the-hyphen": 0.9779084098444398,
    "nordic-fauna-seen-in-nature": 0.977492655827086,
    "kairos-earthquake-early-warning-application": 0.9773178751064809,
    "somewhere-somehow-a-co-evolution-story": 0.9770722292977818,
    "times-before-and-after": 0.977060823534551,
    "on-the-use-of-the-word-code-by-the-kogi-translator": 0.9768447975847158,
    "measuring-loss": 0.9767218129995082,
    "meskonsing-indian-lake-convergence-1": 0.9767082080729347,
    "imagine-the-anthropocene-with-a-little-help-from-the-monster-in-you": 0.9763793569457739,
    "drawn-together": 0.9763275977824787,
    "telling-time-through-lagoons-of-human-waste-at-the-western-treatment-plant": 0.9761250736029943,
    "inside-the-museum": 0.9761090006882623,
    "feeling-following-creative-experiments-and-material-play": 0.9760926238808812,
    "louisiana-a-planetary-reactor": 0.9756590334587375,
    "one-place-many-names": 0.9756337171434859,
    "shadowing-the-anthropocene": 0.9754930459152573,
    "the-aerocene-campus": 0.9753935847450853,
    "going-against-the-flow": 0.9752197638683641,
    "interspecies-accomplices-cultivating-conspiracy-at-the-royal-botanic-gardens-victoria": 0.9750885853406281,
    "time-out-of-mind": 0.9750635426342373,
    "the-free-sea": 0.9749162392944672,
    "technosphere-co-evolution-a-seminal-seminar-conversation": 0.9748942250959821,
    "deconstructing-the-we": 0.9748925366617269,
    "meskonsing-kansan-an-introduction": 0.9743395045777689,
    "planting-a-seed-is-revolutionary-act": 0.974164576652908,
    "meeker-dam": 0.9739914581471679,
    "seminar-imaging-the-anthropocene": 0.9737203292140277,
    "kansan-view-from-iowa-point-1-glacial": 0.973625125684725,
    "driving-the-golden-spike": 0.9733528532283248,
    "fort-snellings-deep-time-stories": 0.9732314732668065,
    "check-my-pulse": 0.9732123801460822,
    "how-does-the-world-end-for-others": 0.9730090973502579,
    "comics-and-graphic-novels": 0.9729891158464232,
    "orbital-geopolitics": 0.9727171933304277,
    "conundrums-on-country": 0.9726688084416509,
    "ioway": 0.9724426526854394,
    "producing-the-anthropocene-producing-the-future": 0.9724258314743194,
    "the-floating-ear": 0.9721343073706089,
    "wicked-problems-and-mental-models": 0.9716188586234848,
    "rogue-elements-of-the-upper-mississippi": 0.9715388568008907,
    "edible-encounters-along-the-mississippi-river": 0.9714405743500006,
    "technostratigraphy-of-a-technological-object": 0.9712950540041899,
    "mapping-an-exercise-in-cartography": 0.9711058017888827,
    "the-anthropocene-in-light-of-biological-feedback": 0.9707853512406136,
    "seminar-report-geo-politics": 0.9703996144261682,
    "seminar-reflection-2": 0.9702441794211191,
    "touring-the-anthropocenery-whos-in-charge-here-2014": 0.970196023272169,
    "resisting-the-oblivion-of-eco-colonialism": 0.9700461152658685,
    "seminar-report-anthropogenic-landscapes": 0.9698881842604387,
    "enter-anthropocene-searching-for-signal-in-new-orleans": 0.9698208091047091,
    "deep-time-walking": 0.9697610378432082,
    "seminar-report-slow-media": 0.9695562550159971,
    "terraforming": 0.9695017286429355,
    "tactics-for-quotidian-anthropocenes": 0.9694996936948621,
    "layers-of-violence": 0.9693096271268398,
    "patagonia": 0.9689660554185313,
    "the-stories-we-tell-the-images-we-take": 0.9686534874117939,
    "of-forests-of-rivers-and-of-meals": 0.9681647082209164,
    "outrunning-the-anthropocene": 0.9674004121788966,
    "social-witnessing": 0.9673731646769401,
    "sounding-landscapes": 0.9673591374783587,
    "seminar-reflections-algorithmic-intermediation-and-smartness": 0.967324315908469,
    "the-terrain-of-the-former-veb-elektrokohle-lichtenberg": 0.9672006483574361,
    "walk-about-it": 0.9671749428299368,
    "seminar-co-evolutionary-perspectives": 0.9671441837298401,
    "white-sands": 0.9669714117540564,
    "seminar-report-filtering-the-anthropocene": 0.9669427184476134,
    "cadillac-ranch-2004": 0.9667121592177463,
    "knowing-in-the-anthropocene": 0.9667013175916951,
    "prologue-the-fence-concept": 0.966441652220879,
    "humanities-on-the-ground": 0.966433123967686,
    "histories-of-disintegration": 0.9663500400796556,
    "la-arboleda": 0.9660690059201712,
    "on-the-recuperative-mismanagement-of-a-cosmopolitan-fish": 0.9659192963543526,
    "specifics-of-vulnerability": 0.9655429871110135,
    "seminar-clashing-temporalities": 0.9654994877869145,
    "seminar-sensing": 0.9654498539785819,
    "introduction-3": 0.9653424747253644,
    "knowing-together": 0.9653301280145523,
    "seminar-co-evolution-of-the-technosphere": 0.9649051295229699,
    "extracts-and-exclusions": 0.964822027233107,
    "peter-schlemihl-exploring-anthropocenic-landscapes": 0.9647277661023835,
    "seminar-archiving": 0.9644255475573228,
    "on-consuming-slow-media": 0.9643218839903,
    "sacrifice-zones-and-portable-climate": 0.9640621349337823,
    "the-four-dimensional-mississippi": 0.9638315333525844,
    "significant-and-insignificant-mounds": 0.9637464003048637,
    "limits-to-growth": 0.9636268210974345,
    "imagining-an-economy-based-on-care": 0.9634511387034979,
    "field-station-4-confluence-ecologies": 0.9631635847746801,
    "seminar-modelling-wicked-problems": 0.9630309755736979,
    "global-systems-simulator-gss": 0.9626152740728503,
    "gas-flares-in-the-bakken-oil-fields-williston-north-dakota-2013": 0.9622425558989375,
    "the-shape-of-a-practice": 0.9622276167033953,
    "essay-series": 0.9621073546688174,
    "deep-time-chicago": 0.9619540052690437,
    "seminar-communicating": 0.9619466591516264,
    "remnant-formations": 0.9616182934306389,
    "how-not-what-power-time-landscape": 0.9613486304827938,
    "seminar-consensus-building": 0.9612752630293296,
    "seminar-anthropogenic-landscapes": 0.9612373785548771,
    "seminar-valuing-nature": 0.9608484413471777,
    "land-acknowledgement-statement": 0.9607185837104858,
    "eating-the-anthropocene": 0.9606097319562544,
    "the-anthropocene-and-our-post-natural-future-2": 0.9605940482971295,
    "place-and-space": 0.9604085523254373,
    "the-american-bottom": 0.960357217392459,
    "this-is-not-about-survival-its-about-bringing-your-coracle": 0.9602754817077935,
    "state-of-nature-in-india": 0.9601327362204354,
    "nigeria-oil-pipes": 0.9601162738892157,
    "campus-2016": 0.9597535984844544,
    "real-estate-river": 0.9596698654360255,
    "mobile-hedges": 0.9593995787124664,
    "river-memory": 0.9593315221649953,
    "from-a-living-exhibition-to-the-dmz": 0.9590093513738247,
    "paddle-waves-and-sparkling-light": 0.9588640209947282,
    "freshkills-new-york-city": 0.9584203883132547,
    "oysters-selective-pressures-and-antibiotic-resistance-in-the-mississippi-delta": 0.9581798048382244,
    "listening-to-the-mississippi": 0.9580812049196215,
    "the-confluence-area": 0.9580251278854052,
    "ny-alesund-svalbard-norway": 0.9577824572999549,
    "uncalculated-risk": 0.957780839056928,
    "tree-x-office": 0.9575985681648214,
    "field-station-3-anthropocene-vernacular": 0.9575350326503136,
    "seminar-slow-media": 0.9570455304146397,
    "lisboa-parallax-2020": 0.956690618318537,