{
    "specifics-of-vulnerability": 0.9803460297481214,
    "technosphere-co-evolution-a-seminal-seminar-conversation": 0.9773878941825531,
    "deconstructing-the-we": 0.9767306038300032,
    "ioway": 0.9752739806247519,
    "technostratigraphy-of-a-technological-object": 0.9706951192211741,
    "the-free-sea": 0.970209739813508,
    "knowing-in-the-anthropocene": 0.969178825240238,
    "peter-schlemihl-exploring-anthropocenic-landscapes": 0.9675390040633197,
    "dramatizing-the-future": 0.9669136751830223,
    "wicked-problems-and-mental-models": 0.9668960102292894,
    "time-out-of-mind": 0.9665913315540036,
    "times-before-and-after": 0.9658864958715951,
    "on-the-use-of-the-word-code-by-the-kogi-translator": 0.9653119191980829,
    "resisting-the-oblivion-of-eco-colonialism": 0.9646638835598623,
    "touring-the-anthropocenery-whos-in-charge-here-2014": 0.963787339675053,
    "performing-the-anthropocene": 0.9627777789159148,
    "kairos-earthquake-early-warning-application": 0.9623517588813901,
    "lost-voices": 0.9607330722046369,
    "mapping-an-exercise-in-cartography": 0.9593954561423402,
    "pockets-reflections-on-the-anthropocene-campus-melbourne": 0.9593385513456031,
    "rogue-elements-of-the-upper-mississippi": 0.9584044710812448,
    "introductions-to-matters-2": 0.9580775748949758,
    "comics-and-graphic-novels": 0.9576570667424549,
    "the-hyphen": 0.9576248313581773,
    "feeling-following-creative-experiments-and-material-play": 0.9565349883537636,
    "nordic-fauna-seen-in-nature": 0.9563927092094008,
    "drawn-together": 0.9559196354181321,
    "seminar-report-geo-politics": 0.9557769141975262,
    "seminar-governing-the-technosphere": 0.9557434205033853,
    "the-floating-ear": 0.9555085068834546,
    "fort-snellings-deep-time-stories": 0.9552574973796838,
    "imagine-the-anthropocene-with-a-little-help-from-the-monster-in-you": 0.9550351133764927,
    "seminar-slow-media": 0.9548218172883081,
    "meeker-dam": 0.9547610284960695,
    "seminar-exhaustion-and-imagination": 0.9545129511912157,
    "confluence-ecologies": 0.9541737721628454,
    "somewhere-somehow-a-co-evolution-story": 0.9537456174803086,
    "navigating-the-anthropocene-river": 0.953367672262664,
    "global-systems-simulator-gss": 0.9532908589550192,
    "telling-time-through-lagoons-of-human-waste-at-the-western-treatment-plant": 0.9531568870854483,
    "measuring-loss": 0.9530961070471454,
    "one-place-many-names": 0.9529278819097696,
    "data-flow": 0.9529008012556601,
    "shadowing-the-anthropocene": 0.9526184683945582,
    "seminar-modelling-wicked-problems": 0.9523577037128584,
    "risk-equity-in-the-louisiana-anthropocene": 0.9523243201110396,
    "forecasting-earth-futures": 0.952241487775296,
    "of-forests-of-rivers-and-of-meals": 0.9520218830702041,
    "seminar-reflections-algorithmic-intermediation-and-smartness": 0.9514359645049578,
    "terraforming": 0.9513000304671057,
    "inside-the-museum": 0.9508769499585867,
    "the-terrain-of-the-former-veb-elektrokohle-lichtenberg": 0.9505777117736702,
    "louisiana-a-planetary-reactor": 0.9502734151934057,
    "mobile-hedges": 0.9498104760619926,
    "one-world-solid-and-cracked": 0.949725636504426,
    "seminar-reflection-2": 0.9491037474023148,
    "producing-the-anthropocene-producing-the-future": 0.9488834443528231,
    "going-against-the-flow": 0.9487320690398194,
    "deconstructing-fences": 0.9487005964376533,
    "hurricane-katrina": 0.9486675985433668,
    "on-consuming-slow-media": 0.9481661449334595,
    "praying-for-the-water-with-saundi-mcclain-kloeckner": 0.9479774917057953,
    "edible-encounters-along-the-mississippi-river": 0.9479578389898687,
    "voice-and-representation": 0.947651474354716,
    "driving-the-limits-of-time": 0.9473254540886562,
    "prologue-the-fence-concept": 0.9466810960897952,
    "the-aerocene-campus": 0.9465956008051457,
    "the-hedge": 0.9461050843372538,
    "seminar-report-slow-media": 0.9459909939121306,
    "how-does-the-world-end-for-others": 0.9456614848062274,
    "time-and-time-again": 0.9452623241616702,
    "introduction-3": 0.945084694197151,
    "the-anthropocene-in-light-of-biological-feedback": 0.9450388440491213,
    "conundrums-on-country": 0.9444745035545272,
    "exhibition-opening-at-g-cadd-st-louis": 0.9439889138681858,
    "tree-x-office": 0.9432973516158795,
    "seminar-co-evolutionary-perspectives": 0.9432707074845268,
    "the-anthropocene-and-our-post-natural-future-2": 0.9432104047347475,
    "check-my-pulse": 0.9431538694253374,
    "meskonsing-indian-lake-convergence-1": 0.9431385139526581,
    "outrunning-the-anthropocene": 0.9428931618739608,
    "stranging-the-anthropocene-refraction": 0.9419771745348262,
    "extracts-and-exclusions": 0.9418080959532912,
    "seminar-report-filtering-the-anthropocene": 0.941393353495191,
    "planting-a-seed-is-revolutionary-act": 0.9412442341430878,
    "seminar-consensus-building": 0.9411098787321429,
    "enter-anthropocene-searching-for-signal-in-new-orleans": 0.9409893782307189,
    "interspecies-accomplices-cultivating-conspiracy-at-the-royal-botanic-gardens-victoria": 0.9404894994493386,
    "remnant-formations": 0.9402673470992653,
    "walk-about-it": 0.9400748563202357,
    "seminar-report-anthropogenic-landscapes": 0.9399015841371166,
    "this-is-not-about-survival-its-about-bringing-your-coracle": 0.9398119576804658,
    "tactics-for-quotidian-anthropocenes": 0.9395790201628265,
    "seminar-imaging-the-anthropocene": 0.9395076374878689,
    "meskonsing-kansan-an-introduction": 0.9394226814231332,
    "seminar-sensing": 0.9390181344020488,
    "seminar-valuing-nature": 0.9384369148114218,
    "listening-to-the-mississippi": 0.9383616115750438,
    "seminar-archiving": 0.9380559814030915,
    "geo-politics": 0.9375955148685011,
    "patagonia": 0.9375681124114312,
    "imagining-an-economy-based-on-care": 0.9373305190961201,
    "sounding-landscapes": 0.9366417574061568,
    "uncalculated-risk": 0.9365492904833228,
    "seminar-anthropogenic-landscapes": 0.9360060155104177,
    "timeslips": 0.9355401954567564,
    "systems-analysis-and-modeling": 0.9340364889184456,
    "seminar-sensing-the-insensible": 0.9338201328441398,
    "the-shape-of-a-practice": 0.9338017673573289,
    "seminar-filtering-the-anthropocene": 0.9334971245070969,
    "kansan-view-from-iowa-point-1-glacial": 0.9317528598232337,
    "layers-of-violence": 0.9309526793859964,
    "driving-the-golden-spike": 0.9308866071153137,
    "la-arboleda": 0.9297196743040987,
    "seminar-clashing-temporalities": 0.9295598922192988,
    "seminar-disciplinarities": 0.9291915830920555,
    "campus-2016": 0.9289128070449851,
    "sacrifice-zones-and-portable-climate": 0.9286778229511528,
    "lake-chad-narratives": 0.9280931080146404,
    "white-sands": 0.9278077695046683,
    "humanities-on-the-ground": 0.9278066192979324,
    "freshkills-new-york-city": 0.927732352714274,
    "economic-framing-environmental-governance-and-teaching-pluralist-economics": 0.9273694298855393,
    "seminar-communicating": 0.927288742785252,
    "place-and-space": 0.9272658251768843,
    "data-sensing": 0.926932014397072,
    "environing-technology": 0.9268159946313564,
    "the-stories-we-tell-the-images-we-take": 0.926596266668427,
    "seminar-algorithmic-intermediation-and-smartness": 0.92655734379257,
    "orbital-geopolitics": 0.9265304290477924,
    "the-four-dimensional-mississippi": 0.9265036387245181,
    "significant-and-insignificant-mounds": 0.9263271245830701,
    "on-the-recuperative-mismanagement-of-a-cosmopolitan-fish": 0.9261758869318693,
    "cadillac-ranch-2004": 0.9260681568624706,
    "essay-series": 0.9258118981354638,
    "field-station-4-confluence-ecologies": 0.9256583115451446,
    "real-estate-river": 0.9253311657021618,
    "deep-time-walking": 0.925244973935013,
    "social-witnessing": 0.925235763271405,
    "seminar-co-evolution-of-the-technosphere": 0.9244781542990294,