{
    "check-my-pulse": 0.9818508607709964,
    "driving-the-limits-of-time": 0.9805404387855443,
    "white-sands": 0.980316225682629,
    "one-place-many-names": 0.9801110269211045,
    "confluence-ecologies": 0.9793558032131292,
    "meskonsing-indian-lake-convergence-1": 0.9789117406423061,
    "driving-the-golden-spike": 0.9787378267225921,
    "la-arboleda": 0.9784348508818962,
    "conundrums-on-country": 0.9783515711819006,
    "the-terrain-of-the-former-veb-elektrokohle-lichtenberg": 0.97801514689826,
    "performing-the-anthropocene": 0.9778164286724322,
    "louisiana-a-planetary-reactor": 0.97755625763358,
    "going-against-the-flow": 0.9774074611752164,
    "on-the-use-of-the-word-code-by-the-kogi-translator": 0.9767750256001322,
    "rogue-elements-of-the-upper-mississippi": 0.9762703781689547,
    "navigating-the-anthropocene-river": 0.9758224163657536,
    "how-does-the-world-end-for-others": 0.9756421209779385,
    "interspecies-accomplices-cultivating-conspiracy-at-the-royal-botanic-gardens-victoria": 0.975434799516725,
    "telling-time-through-lagoons-of-human-waste-at-the-western-treatment-plant": 0.9753024065906729,
    "layers-of-violence": 0.9748236372764892,
    "uncalculated-risk": 0.9747683631897373,
    "sacrifice-zones-and-portable-climate": 0.9743504804267848,
    "the-aerocene-campus": 0.9743096514349593,
    "timeslips": 0.9742706154799503,
    "sounding-landscapes": 0.9740597557472047,
    "the-four-dimensional-mississippi": 0.9738756936704188,
    "enter-anthropocene-searching-for-signal-in-new-orleans": 0.9738470286026443,
    "essay-series": 0.9736261733569117,
    "pockets-reflections-on-the-anthropocene-campus-melbourne": 0.9735304444208281,
    "time-out-of-mind": 0.9735226204569098,
    "deep-time-walking": 0.9735055977703481,
    "nordic-fauna-seen-in-nature": 0.973293383777292,
    "kansan-view-from-iowa-point-1-glacial": 0.9728373202785624,
    "meeker-dam": 0.9724759368680651,
    "measuring-loss": 0.9722244297968652,
    "planting-a-seed-is-revolutionary-act": 0.9720219492252025,
    "outrunning-the-anthropocene": 0.9713339762711303,
    "patagonia": 0.9712218780601565,
    "mobile-hedges": 0.970808814764982,
    "freshkills-new-york-city": 0.9708071426676417,
    "real-estate-river": 0.9707596498020242,
    "gas-flares-in-the-bakken-oil-fields-williston-north-dakota-2013": 0.9707280622793211,
    "risk-equity-in-the-louisiana-anthropocene": 0.9705514284162775,
    "the-free-sea": 0.9703358841552315,
    "data-flow": 0.9699389834740522,
    "imagine-the-anthropocene-with-a-little-help-from-the-monster-in-you": 0.9695348266733675,
    "confluence-bus-tour-reflection": 0.9694925452923525,
    "introductions-to-matters-2": 0.9692658464582985,
    "fort-snellings-deep-time-stories": 0.9688726633564593,
    "the-vietnamese-community-in-eastern-new-orleans": 0.968325109079165,
    "kairos-earthquake-early-warning-application": 0.9681238122099248,
    "touring-the-anthropocenery-whos-in-charge-here-2014": 0.9677620873992313,
    "drawn-together": 0.9676778957106749,
    "one-world-solid-and-cracked": 0.9675695253527108,
    "somewhere-somehow-a-co-evolution-story": 0.9674687258660581,
    "seminar-report-geo-politics": 0.9671545073428999,
    "orbital-geopolitics": 0.9668431140078864,
    "nigeria-oil-pipes": 0.966772226139507,
    "paddle-waves-and-sparkling-light": 0.9664977566345901,
    "tactics-for-quotidian-anthropocenes": 0.966414680977726,
    "remnant-formations": 0.9660210703088832,
    "producing-the-anthropocene-producing-the-future": 0.9657990740614778,
    "lost-voices": 0.9657763696021748,
    "seminar-report-anthropogenic-landscapes": 0.965365092801536,
    "inside-the-museum": 0.9653637027744368,
    "tree-x-office": 0.9651299892142973,
    "shadowing-the-anthropocene": 0.9642419483287579,
    "edible-encounters-along-the-mississippi-river": 0.9640797134236099,
    "ioway": 0.963744219549089,
    "technostratigraphy-of-a-technological-object": 0.963628199601756,
    "forecasting-earth-futures": 0.9633231458516804,
    "stranging-the-anthropocene-refraction": 0.9631554937900558,
    "dramatizing-the-future": 0.9630926100790238,
    "limits-to-growth": 0.9630274188844411,
    "of-forests-of-rivers-and-of-meals": 0.9624622600112843,
    "the-hyphen": 0.9623242916940721,
    "the-stories-we-tell-the-images-we-take": 0.9622538871004982,
    "resisting-the-oblivion-of-eco-colonialism": 0.961912186059974,
    "land-acknowledgement-statement": 0.9618938259793121,
    "deconstructing-the-we": 0.9612936776468282,
    "seminar-report-slow-media": 0.9612754370754734,
    "film-residency-mississippi-an-anthropocene-river": 0.9611566335781263,
    "histories-of-disintegration": 0.9607282141306173,
    "seminar-report-filtering-the-anthropocene": 0.9605026148258213,
    "listening-to-the-mississippi": 0.9604274365696572,
    "introduction-3": 0.9603957111718185,
    "meskonsing-kansan-an-introduction": 0.9602477327319131,
    "imagining-an-economy-based-on-care": 0.9600264032205276,
    "times-before-and-after": 0.9597532844940206,
    "the-danish-text": 0.9589283334680889,
    "ny-alesund-svalbard-norway": 0.9589019444194433,
    "technosphere-co-evolution-a-seminal-seminar-conversation": 0.9578811802813165,
    "social-witnessing": 0.9577211883933865,
    "on-the-recuperative-mismanagement-of-a-cosmopolitan-fish": 0.9576985439993135,
    "walk-about-it": 0.9576141416189431,
    "the-floating-ear": 0.9573240453420689,
    "seminar-reflections-algorithmic-intermediation-and-smartness": 0.9570181382860825,
    "field-station-4-confluence-ecologies": 0.9569461250027748,
    "time-and-time-again": 0.9568503879243412,
    "terraforming": 0.9568367299242594,
    "prologue-the-fence-concept": 0.9567962681408615,
    "seminar-imaging-the-anthropocene": 0.9567004471355608,
    "deep-time-chicago": 0.9564465785436139,
    "the-anthropocene-in-light-of-biological-feedback": 0.9563863508326301,
    "natchez-etiologies-of-athropogenic-emergence": 0.9563511682474566,
    "seminar-co-evolution-of-the-technosphere": 0.9561961940995982,
    "xaraasi-xanne-crossing-voices": 0.9558167129150916,
    "laboratory-for-a-radical-suburbia": 0.9557481610515922,
    "the-confluence-area": 0.9549637278734792,
    "mikado-sol-2014": 0.9549261828295109,
    "mapping-an-exercise-in-cartography": 0.9549242777669105,
    "re-patterning-with-kudzu": 0.9547695682030192,
    "praying-for-the-water-with-saundi-mcclain-kloeckner": 0.9547425689857996,
    "field-station-5-commodity-exploitation": 0.9545587424453752,
    "the-mississippi-basin-an-operational-landscape": 0.9543498413718371,
    "feeling-following-creative-experiments-and-material-play": 0.954251494794376,
    "how-not-what-power-time-landscape": 0.9536699004605886,
    "this-is-not-about-survival-its-about-bringing-your-coracle": 0.9536688618365982,
    "seminar-reflection-2": 0.9534146095321617,
    "the-shape-of-a-practice": 0.9532672624383394,
    "the-american-bottom": 0.9530061811220213,
    "specifics-of-vulnerability": 0.9529757891184029,
    "us-southwest": 0.9529455383043406,
    "field-station-3-anthropocene-vernacular": 0.952919756802061,
    "knowing-in-the-anthropocene": 0.9528011511062278,
    "seminar-clashing-temporalities": 0.9524363461229282,
    "the-great-green-desert": 0.9521941995247036,
    "comics-and-graphic-novels": 0.9520026819996983,
    "seminar-communicating": 0.9518920454998333,
    "peter-schlemihl-exploring-anthropocenic-landscapes": 0.9509160724274128,
    "eating-the-anthropocene": 0.9506315981944986,
    "from-limits-to-growth-to-chernobyl": 0.9505389367081176,
    "wicked-problems-and-mental-models": 0.949509264506959,
    "on-consuming-slow-media": 0.9489779428835146,
    "global-systems-simulator-gss": 0.9486199786800122,
    "humanities-on-the-ground": 0.948368943557893,
    "lake-chad-narratives": 0.9482744556805345,
    "knowing-together": 0.9478076473203456,
    "extracts-and-exclusions": 0.9478017472268152,