{
    "lisboa-parallax-2020": 0.9828034584805828,
    "the-shape-of-a-practice": 0.9792763703186739,
    "seminar-reflection-2": 0.9784578831016252,
    "seminar-co-evolution-of-the-technosphere": 0.9784048177861293,
    "humanities-on-the-ground": 0.9780607287264844,
    "seminar-report-anthropogenic-landscapes": 0.9764402608577647,
    "inside-the-museum": 0.9747829426848926,
    "campus-2016": 0.9740157165739101,
    "seminar-reflections-algorithmic-intermediation-and-smartness": 0.9738106106663168,
    "economic-framing-environmental-governance-and-teaching-pluralist-economics": 0.9736939280296772,
    "parallax-lisboa": 0.9730305803364884,
    "from-a-living-exhibition-to-the-dmz": 0.9728323788470038,
    "field-station-4-confluence-ecologies": 0.9725387276115847,
    "seminar-imaging-the-anthropocene": 0.9724743540811362,
    "seminar-valuing-nature": 0.9723264207605258,
    "seminar-report-filtering-the-anthropocene": 0.9722819808126201,
    "writing-global-histories-in-the-anthropocene": 0.9722182793287734,
    "data-sensing": 0.9722100382940829,
    "feeling-following-creative-experiments-and-material-play": 0.9716660699555676,
    "voice-and-representation": 0.9715767970237746,
    "tactics-for-quotidian-anthropocenes": 0.9712894959226247,
    "seminar-report-slow-media": 0.9712728894368589,
    "producing-the-anthropocene-producing-the-future": 0.9707804357533097,
    "introductions-to-matters-2": 0.9707248363323412,
    "project-launch-minneapolis": 0.9703543175447102,
    "seminar-sensing": 0.9703430572127183,
    "seminar-communicating": 0.9702773247726769,
    "conference-state-of-nature-in-india": 0.9702215581822067,
    "on-consuming-slow-media": 0.9692915441294764,
    "monsanto-town": 0.9691760274735595,
    "knowing-together": 0.9691337682805586,
    "seminar-disciplinarities": 0.9690100134575365,
    "stranging-the-anthropocene-refraction": 0.9688178779015826,
    "state-of-nature-in-india": 0.9687445902476061,
    "the-aerocene-campus": 0.9687338590860913,
    "environing-technology": 0.968549901483278,
    "ny-alesund-svalbard-norway": 0.9685037306088518,
    "risk-equity-in-the-louisiana-anthropocene": 0.9683392605377461,
    "geo-politics": 0.9683045904637166,
    "seminar-consensus-building": 0.9681868902871575,
    "forecasting-earth-futures": 0.9680207150906391,
    "seminar-modelling-wicked-problems": 0.9673252772733101,
    "place-and-space": 0.9670233345837225,
    "deep-time-chicago": 0.9665248374378396,
    "seminar-filtering-the-anthropocene": 0.965808872217732,
    "global-systems-simulator-gss": 0.9655777961052071,
    "seminar-anthropogenic-landscapes": 0.9655171229540073,
    "limits-to-growth": 0.9654143901326648,
    "imagining-an-economy-based-on-care": 0.9653716203833536,
    "seminar-report-geo-politics": 0.9653292140002575,
    "one-world-solid-and-cracked": 0.9652702968280437,
    "tactics-for-quotidian-anthropocenes-2": 0.9651961906559117,
    "drawn-together": 0.9648148564907718,
    "comics-and-graphic-novels": 0.9647070648150601,
    "seminar-co-evolutionary-perspectives": 0.9646575188812179,
    "state-of-nature-some-philosophical-issues": 0.964288681686298,
    "mapping-an-exercise-in-cartography": 0.964288298387855,
    "infrastrucural-nature": 0.9642136060799882,
    "histories-of-disintegration": 0.9640996147729136,
    "the-floating-ear": 0.9639299420987686,
    "the-shape-of-a-practice-online-project-environment": 0.9637442789646754,
    "lost-voices": 0.9637029606530267,
    "enter-anthropocene-searching-for-signal-in-new-orleans": 0.9634872136070808,
    "the-shape-of-a-practice-seminars": 0.9634664264796653,
    "field-stations": 0.9632763125160784,
    "twin-cities-artist-residency-mississippi-an-anthropocene-story": 0.9632325803408047,
    "land-acknowledgement-statement": 0.9628388279523207,
    "river-semester-project": 0.9622434854791552,
    "seminar-archiving": 0.9622224173581738,
    "shadowing-the-anthropocene": 0.9620911337354441,
    "times-before-and-after": 0.9616584704237985,
    "navigating-the-anthropocene-river": 0.9612511850151434,
    "the-anthropocene-and-our-post-natural-future-2": 0.9611399195359859,
    "looking-downstream": 0.9611151981059181,
    "walk-about-it": 0.9609336801099932,
    "time-and-time-again": 0.960800910664188,
    "terraforming": 0.9607472818425425,
    "coordinating-practice": 0.9607374004814924,
    "planting-a-seed-is-revolutionary-act": 0.9601441216523598,
    "laboratory-for-a-radical-suburbia": 0.9600151259747057,
    "going-against-the-flow": 0.9597885718510045,
    "the-anthropocene-in-light-of-biological-feedback": 0.959630773398817,
    "orbital-geopolitics": 0.9590290711844232,
    "seminar-slow-media": 0.9587115947034962,
    "plastic-and-surrogacy": 0.9586035498272627,
    "kairos-earthquake-early-warning-application": 0.9577761895162084,
    "social-witnessing": 0.9577517848753311,
    "eating-the-anthropocene": 0.9576394023203973,
    "deep-time-chicago-lecture": 0.9572677992620471,
    "systems-analysis-and-modeling": 0.9572468381769482,
    "from-valuing-nature-to-reclaiming-resources-2": 0.9571645986534185,
    "knowing-in-the-anthropocene": 0.9571279684148657,
    "seminar-governing-the-technosphere": 0.9570085066090018,
    "the-stories-we-tell-the-images-we-take": 0.9568915388291712,
    "taking-nature-into-account-historical-perspectives-and-paradoxes": 0.9568324894313335,
    "performing-the-anthropocene": 0.9567007952874758,
    "measuring-loss": 0.9566067950899317,
    "data-flow": 0.9565861336071829,
    "dramatizing-the-future": 0.9564738130168715,
    "driving-the-limits-of-time": 0.9564372305381846,
    "extracts-and-exclusions": 0.956335587583953,
    "seminar-exhaustion-and-imagination": 0.9563146937646163,
    "kansan-view-from-iowa-point-1-glacial": 0.9563055226549435,
    "too-little-water-the-lake-chad-story": 0.9562950748021483,
    "new-orleans-anthropocene-field-campus": 0.9562214512591836,
    "seminar-sensing-the-insensible": 0.9559368816524803,
    "seminar-romancing-the-anthropocene": 0.9553476723355041,
    "the-terrain-of-the-former-veb-elektrokohle-lichtenberg": 0.9553026295510573,
    "the-hyphen": 0.9550221817725316,
    "interspecies-accomplices-cultivating-conspiracy-at-the-royal-botanic-gardens-victoria": 0.9548888731520003,
    "real-estate-river": 0.9548280469084384,
    "sounding-landscapes": 0.9547325156277349,
    "wicked-problems-and-mental-models": 0.9547015354635627,
    "film-residency-mississippi-an-anthropocene-river": 0.9546815345569853,
    "meskonsing-kansan-an-introduction": 0.9546347440139509,
    "resisting-the-oblivion-of-eco-colonialism": 0.9544786762499661,
    "from-plantations-to-petrochemicals": 0.9542888332001133,
    "conversations": 0.954202188176568,
    "natchez-etiologies-of-athropogenic-emergence": 0.9539611218845533,
    "seminar-clashing-temporalities": 0.9539416898504371,
    "seminar-algorithmic-intermediation-and-smartness": 0.9533702807797558,
    "pockets-reflections-on-the-anthropocene-campus-melbourne": 0.9528513026777303,
    "field-station-5-commodity-exploitation": 0.9526382291089907,
    "xaraasi-xanne-crossing-voices": 0.9525944360100128,
    "river-memory": 0.9523698271383012,
    "mississippi": 0.9523297516466929,
    "the-american-bottom": 0.9523190456516256,
    "the-free-sea": 0.9520033870855726,
    "the-confluence-area": 0.9518078610148035,
    "telling-time-through-lagoons-of-human-waste-at-the-western-treatment-plant": 0.9517978477497158,
    "essay-series": 0.9517380159562857,
    "technosphere-co-evolution-a-seminal-seminar-conversation": 0.9517276251662502,
    "somewhere-somehow-a-co-evolution-story": 0.9510998624634602,
    "confluence-ecologies": 0.9508977338091473,
    "touring-the-anthropocenery-whos-in-charge-here-2014": 0.9507284113586623,
    "outrunning-the-anthropocene": 0.9504931606055681,
    "meeker-dam": 0.950399940243678,