{
    "state-of-nature-in-india": 0.9857546506670677,
    "seminar-co-evolution-of-the-technosphere": 0.9853671394195838,
    "humanities-on-the-ground": 0.9837390486301014,
    "inside-the-museum": 0.9831209359409568,
    "one-world-solid-and-cracked": 0.9829626172614141,
    "the-floating-ear": 0.9828700742190294,
    "forecasting-earth-futures": 0.9825868379983861,
    "seminar-report-filtering-the-anthropocene": 0.9823240257987511,
    "producing-the-anthropocene-producing-the-future": 0.9821086941634137,
    "feeling-following-creative-experiments-and-material-play": 0.9819354797719062,
    "seminar-valuing-nature": 0.9816525021094301,
    "lisboa-parallax-2020": 0.9815688676256219,
    "environing-technology": 0.9814644832195504,
    "the-shape-of-a-practice": 0.9813753606627663,
    "stranging-the-anthropocene-refraction": 0.9809910852780084,
    "seminar-report-anthropogenic-landscapes": 0.9805641803334978,
    "seminar-imaging-the-anthropocene": 0.9791797414692537,
    "the-anthropocene-in-light-of-biological-feedback": 0.9789166858442205,
    "times-before-and-after": 0.9786505144397675,
    "global-systems-simulator-gss": 0.9785280390216774,
    "seminar-reflection-2": 0.9779036894492402,
    "seminar-sensing": 0.9776732693407078,
    "the-hyphen": 0.9776155081985615,
    "plastic-and-surrogacy": 0.9773286946085115,
    "mapping-an-exercise-in-cartography": 0.977197683978078,
    "parallax-lisboa": 0.9769707354675286,
    "kairos-earthquake-early-warning-application": 0.9763133615443084,
    "seminar-reflections-algorithmic-intermediation-and-smartness": 0.9761340354474799,
    "economic-framing-environmental-governance-and-teaching-pluralist-economics": 0.975972124583,
    "seminar-communicating": 0.9755449585423881,
    "seminar-modelling-wicked-problems": 0.9755177529161548,
    "lost-voices": 0.9754638013206913,
    "ny-alesund-svalbard-norway": 0.9748889804559471,
    "limits-to-growth": 0.974606239228293,
    "seminar-report-geo-politics": 0.9744620090256255,
    "seminar-report-slow-media": 0.9743020640092239,
    "orbital-geopolitics": 0.9741598614457874,
    "shadowing-the-anthropocene": 0.9741155969942027,
    "terraforming": 0.974064463446499,
    "field-station-4-confluence-ecologies": 0.9739685096544012,
    "navigating-the-anthropocene-river": 0.9737702232501085,
    "wicked-problems-and-mental-models": 0.9737099360575296,
    "drawn-together": 0.9733631901890688,
    "comics-and-graphic-novels": 0.973120322128256,
    "systems-analysis-and-modeling": 0.973078798008563,
    "introductions-to-matters-2": 0.972950575716975,
    "risk-equity-in-the-louisiana-anthropocene": 0.9727871814458415,
    "on-consuming-slow-media": 0.9725376838192824,
    "seminar-co-evolutionary-perspectives": 0.9722368925295822,
    "time-and-time-again": 0.9721268484360791,
    "pockets-reflections-on-the-anthropocene-campus-melbourne": 0.971841689232479,
    "state-of-nature-some-philosophical-issues": 0.9717302324000763,
    "going-against-the-flow": 0.9714284666769213,
    "imagining-an-economy-based-on-care": 0.9712638073406196,
    "infrastrucural-nature": 0.9709280020075514,
    "monsanto-town": 0.9707752512082729,
    "data-sensing": 0.9706593795384315,
    "seminar-filtering-the-anthropocene": 0.9706224366420296,
    "from-a-living-exhibition-to-the-dmz": 0.9704593042290671,
    "the-anthropocene-and-our-post-natural-future-2": 0.970322950022365,
    "enter-anthropocene-searching-for-signal-in-new-orleans": 0.9701724349042112,
    "seminar-anthropogenic-landscapes": 0.9695724265116547,
    "data-flow": 0.9694537851900814,
    "geo-politics": 0.9694069269735172,
    "technosphere-co-evolution-a-seminal-seminar-conversation": 0.9692295974010552,
    "planting-a-seed-is-revolutionary-act": 0.969128345496402,
    "field-station-5-commodity-exploitation": 0.9689334273355268,
    "dramatizing-the-future": 0.9686152713396777,
    "seminar-consensus-building": 0.9685362506813504,
    "knowing-together": 0.9682951897323377,
    "performing-the-anthropocene": 0.9682820486295362,
    "the-aerocene-campus": 0.9682608825081387,
    "voice-and-representation": 0.9681186383094241,
    "driving-the-limits-of-time": 0.9680766814383108,
    "somewhere-somehow-a-co-evolution-story": 0.9679683504657673,
    "deep-time-chicago": 0.967802649989581,
    "seminar-disciplinarities": 0.9668489769943222,
    "kansan-view-from-iowa-point-1-glacial": 0.966426940965772,
    "tactics-for-quotidian-anthropocenes": 0.9662128110026383,
    "seminar-exhaustion-and-imagination": 0.9656833861548875,
    "confluence-ecologies": 0.9656428499268118,
    "writing-global-histories-in-the-anthropocene": 0.9653644303741105,
    "walk-about-it": 0.9653098519319555,
    "oysters-selective-pressures-and-antibiotic-resistance-in-the-mississippi-delta": 0.9651445624315268,
    "too-little-water-the-lake-chad-story": 0.9650704133128374,
    "sounding-landscapes": 0.965057811786768,
    "telling-time-through-lagoons-of-human-waste-at-the-western-treatment-plant": 0.9649274547481506,
    "measuring-loss": 0.9647351179877869,
    "reshaping-the-shape-embodiment-ecology-and-culture-of-a-postnatural-carp": 0.9646934642578552,
    "meskonsing-kansan-an-introduction": 0.96458175626617,
    "looking-downstream": 0.9644098353052442,
    "the-mississippi-basin-an-operational-landscape": 0.9640239255848104,
    "the-terrain-of-the-former-veb-elektrokohle-lichtenberg": 0.963974267097937,
    "meeker-dam": 0.9639144424977396,
    "on-the-use-of-the-word-code-by-the-kogi-translator": 0.9638123237167944,
    "nordic-fauna-seen-in-nature": 0.963778320761987,
    "louisiana-a-planetary-reactor": 0.963723672407045,
    "outrunning-the-anthropocene": 0.9636957319777706,
    "knowing-in-the-anthropocene": 0.963310539233986,
    "field-station-3-anthropocene-vernacular": 0.9628250332045943,
    "driving-the-golden-spike": 0.9626714952641068,
    "touring-the-anthropocenery-whos-in-charge-here-2014": 0.9626370648532698,
    "resisting-the-oblivion-of-eco-colonialism": 0.9626030785624565,
    "seminar-sensing-the-insensible": 0.9625935631765595,
    "the-free-sea": 0.9625670213324328,
    "taking-nature-into-account-historical-perspectives-and-paradoxes": 0.9624967616651661,
    "land-acknowledgement-statement": 0.9624966343780051,
    "seminar-governing-the-technosphere": 0.96248600702906,
    "interspecies-accomplices-cultivating-conspiracy-at-the-royal-botanic-gardens-victoria": 0.9621597409084874,
    "imagine-the-anthropocene-with-a-little-help-from-the-monster-in-you": 0.9619971774942513,
    "seminar-commodity-flows": 0.9617317744955967,
    "deconstructing-fences": 0.9616943027575601,
    "natchez-etiologies-of-athropogenic-emergence": 0.9616675094103015,
    "laboratory-for-a-radical-suburbia": 0.9611788569154486,
    "gas-flares-in-the-bakken-oil-fields-williston-north-dakota-2013": 0.96114160107365,
    "real-estate-river": 0.9610824625167156,
    "prologue-the-fence-concept": 0.9608557310741775,
    "seminar-archiving": 0.9608390540347495,
    "histories-of-disintegration": 0.9605425408948981,
    "patagonia": 0.9604466547875912,
    "social-witnessing": 0.9600284970817885,
    "remnant-formations": 0.9599388318778858,
    "essay-series": 0.9598378547403063,
    "seminar-algorithmic-intermediation-and-smartness": 0.9593763513027319,
    "introduction-3": 0.9593633234765304,
    "project-launch-minneapolis": 0.9592646065195471,
    "from-valuing-nature-to-reclaiming-resources": 0.9590482885998262,
    "deconstructing-the-we": 0.9589711358895677,
    "conundrums-on-country": 0.9587554639988038,
    "the-stories-we-tell-the-images-we-take": 0.958685993303313,
    "the-shape-of-a-practice-online-project-environment": 0.9586385742934739,
    "place-and-space": 0.9584740497658901,
    "conference-state-of-nature-in-india": 0.9580747460564905,
    "eating-the-anthropocene": 0.9580095314569066,
    "tactics-for-quotidian-anthropocenes-2": 0.9579690693700651,
    "the-american-bottom": 0.9577964612288858,