{
    "state-of-nature-in-india": 0.807086952159509,
    "land-acknowledgement-statement": 0.8067818808887898,
    "field-station-3-anthropocene-vernacular": 0.8056553470469608,
    "seminar-claims-property": 0.8050025763877854,
    "parallax-lisboa": 0.804940479062677,
    "taking-nature-into-account-historical-perspectives-and-paradoxes": 0.8040968900062654,
    "too-little-water-the-lake-chad-story": 0.8037200899479747,
    "natchez-etiologies-of-athropogenic-emergence": 0.8036318615775363,
    "infrastrucural-nature": 0.8029538572336044,
    "lounging-through-the-flood": 0.80272033623952,
    "lisboa-parallax-2020": 0.8024934298971929,
    "ny-alesund-svalbard-norway": 0.8023687501738337,
    "monsanto-town": 0.8020982769941633,
    "environing-technology": 0.8020779898886028,
    "shaped-by-rivers": 0.8012350081734539,
    "state-of-nature-some-philosophical-issues": 0.8012034040422832,
    "field-station-4-confluence-ecologies": 0.8007388032386124,
    "field-stations": 0.7992546782152344,
    "infrastructures": 0.7976516465942723,
    "plant-domestication-and-dispersal": 0.7972619735257743,
    "writing-global-histories-in-the-anthropocene": 0.7966752902631972,
    "economic-framing-environmental-governance-and-teaching-pluralist-economics": 0.7966311935170084,
    "temporary-continent": 0.7957631942904131,
    "contesting-the-de-industrial-futures-of-the-upper-mississippi": 0.7946269593698772,
    "the-mississippi-basin-an-operational-landscape": 0.793819054903764,
    "field-station-5-commodity-exploitation": 0.7932938042086597,
    "humanities-on-the-ground": 0.7931483484388979,
    "seminar-commodity-flows": 0.792773261275154,
    "conference-state-of-nature-in-india": 0.7921020144818849,
    "closing-discussion-with-akeel-bilgrami-and-bernd-scherer": 0.7920690075007877,
    "from-a-living-exhibition-to-the-dmz": 0.7916601114840505,
    "seminar-co-evolution-of-the-technosphere": 0.7913876544729023,
    "imagining-an-economy-based-on-care": 0.7912457752046419,
    "seminar-disciplinarities": 0.7907526705939096,
    "reshaping-the-shape-embodiment-ecology-and-culture-of-a-postnatural-carp": 0.7905577067178903,
    "seminar-un-bounded-engineering-and-evolutionary-stability": 0.790286244419221,
    "kansan-view-from-iowa-point-1-glacial": 0.7879153163963539,
    "worshipping-along-the-routes-of-migration": 0.7877460043935692,
    "from-plantations-to-petrochemicals": 0.787370865104077,
    "essay-series": 0.7873633605302899,
    "seminar-valuing-nature": 0.7872076948463159,
    "laboratory-for-a-radical-suburbia": 0.7864348535621751,
    "from-valuing-nature-to-reclaiming-resources-2": 0.7861362131847482,
    "seminar-communicating": 0.7856648023613263,
    "the-shape-of-a-practice": 0.7856157006758945,
    "stranging-the-anthropocene-refraction": 0.785027995113196,
    "river-memory": 0.7848067512416783,
    "seminar-imaging-the-anthropocene": 0.784250419343312,
    "re-patterning-with-kudzu": 0.78397026016585,
    "river-semester": 0.7834225356287449,
    "seminar-risk-equity": 0.7832653733533854,
    "real-estate-river": 0.783230438919749,
    "planting-a-seed-is-revolutionary-act": 0.7829097382088682,
    "looking-downstream": 0.7817426180809917,
    "the-confluence-area": 0.7817033957086913,
    "seminar-report-anthropogenic-landscapes": 0.7816755229806458,
    "deconstructing-fences": 0.7811611270588499,
    "the-american-bottom": 0.7805389838695397,
    "significant-and-insignificant-mounds": 0.7804401785314757,
    "limits-to-growth": 0.7803725362709342,
    "meskonsing-kansan": 0.7802278425296892,
    "knowing-together": 0.7799793542451282,
    "data-sensing": 0.7794950213341405,
    "sounding-landscapes": 0.7792291563787113,
    "seminar-report-filtering-the-anthropocene": 0.7792091099156597,
    "film-residency-mississippi-an-anthropocene-river": 0.7789190692932877,
    "histories-of-disintegration": 0.7787508631120226,
    "geo-politics": 0.7782009851151623,
    "lake-chad-sharing-a-diminishing-resource": 0.7780334353412482,
    "seminar-reflection-2": 0.7774528119822701,
    "forecasting-earth-futures": 0.7771506628340685,
    "producing-the-anthropocene-producing-the-future": 0.7769261846381835,
    "plastic-and-surrogacy": 0.7759127218417138,
    "seminar-reflections-algorithmic-intermediation-and-smartness": 0.7757935834536674,
    "mississippi": 0.7750780356811388,
    "patagonia": 0.7748236029768092,
    "risk-equity-in-the-louisiana-anthropocene": 0.7745771946294809,
    "eating-the-anthropocene": 0.7744790861638119,
    "social-witnessing": 0.7744377808648091,
    "orbital-geopolitics": 0.7743969730126155,
    "oysters-selective-pressures-and-antibiotic-resistance-in-the-mississippi-delta": 0.7743107111713701,
    "seminar-sensing": 0.7740743401265416,
    "sacrifice-zones-and-portable-climate": 0.7737630790382736,
    "seminar-algorithmic-intermediation-and-smartness": 0.7733980123179138,
    "deep-time-chicago": 0.7733178869380726,
    "panel-talk-beween-patricia-piccinini-and-claudia-vickers": 0.7732824013999489,
    "tactics-for-quotidian-anthropocenes": 0.7730679976664753,
    "remnant-formations": 0.7728843297843916,
    "voice-and-representation": 0.7727609540827587,
    "drawn-together": 0.7723276545455952,
    "navigating-the-anthropocene-river": 0.7717733358517019,
    "seminar-film-un-bounded-engineering-and-evolutionary-stability": 0.7717436360884719,
    "field-station-2-anthropocene-drift": 0.7713986430029237,
    "deep-time-chicago-lecture": 0.7712237111489352,
    "lost-voices": 0.7708740961159342,
    "one-world-solid-and-cracked": 0.7707491709246034,
    "measuring-loss": 0.7707290057845425,
    "interspecies-accomplices-cultivating-conspiracy-at-the-royal-botanic-gardens-victoria": 0.7706366177238893,
    "feeling-following-creative-experiments-and-material-play": 0.7701654322557852,
    "field-station-1-sediment-settlement-sentiment": 0.769801923313885,
    "the-floating-ear": 0.769544185616948,
    "going-against-the-flow": 0.7694737585299952,
    "introductions-to-matters-2": 0.7693354896044887,
    "meskonsing-kansan-an-introduction": 0.7692326160291577,
    "outrunning-the-anthropocene": 0.7692036750921528,
    "introduction-3": 0.7689116673744243,
    "seminar-consensus-building": 0.7688728553298287,
    "open-seminars": 0.7685196625571222,
    "inside-the-museum": 0.7683728419656414,
    "seminar-co-evolutionary-perspectives": 0.768354133139129,
    "slow-disaster": 0.7683532796127043,
    "gas-flares-in-the-bakken-oil-fields-williston-north-dakota-2013": 0.7679002649658129,
    "significant-and-insignificant-mounds-2": 0.7677752743471112,
    "river-semester-project": 0.7677090388149336,
    "xaraasi-xanne-crossing-voices": 0.7675175365873338,
    "seminar-filtering-the-anthropocene": 0.7674988705872543,
    "new-orleans-anthropocene-field-campus": 0.7673141441777752,
    "seminar-report-geo-politics": 0.7672813063288472,
    "global-systems-simulator-gss": 0.766549762629937,
    "mapping-an-exercise-in-cartography": 0.7665368444864713,
    "comics-and-graphic-novels": 0.7665240732734833,
    "the-maledives-case": 0.7659146749806397,
    "meeker-dam": 0.7657486435771131,
    "seminar-anthropogenic-landscapes": 0.7656094575951304,
    "seminar-film-exhaustion-and-imagination": 0.7655878233947588,
    "uncalculated-risk": 0.7651016920508174,
    "twin-cities-artist-residency-mississippi-an-anthropocene-story": 0.7650466650911547,
    "us-southwest": 0.7649355944853519,
    "layers-of-violence": 0.7645272873881923,
    "driving-the-limits-of-time": 0.7644486066744108,
    "technosphere-magazine": 0.763645757047521,
    "walk-about-it": 0.7635144147619785,
    "inheritance": 0.7633480811693028,
    "seminar-report-slow-media": 0.7633191332062009,
    "seminar-exhaustion-and-imagination": 0.7629645248963183,
    "on-consuming-slow-media": 0.7626665465890038,
    "seminar-clashing-temporalities": 0.7626091366679862,
    "defining-the-anthropocene": 0.7623408131171268,