{
    "seminar-co-evolutionary-perspectives": 0.9497050825200979,
    "geo-politics": 0.9481348837213913,
    "seminar-algorithmic-intermediation-and-smartness": 0.947267147807176,
    "writing-global-histories-in-the-anthropocene": 0.9470635474465633,
    "seminar-sensing-the-insensible": 0.9465298718452118,
    "voice-and-representation": 0.9457206225559763,
    "seminar-imaging-the-anthropocene": 0.9452635198586468,
    "state-of-nature-in-india": 0.9449175243390275,
    "state-of-nature-some-philosophical-issues": 0.9444619244904192,
    "stranging-the-anthropocene-refraction": 0.9441467894614111,
    "feeling-following-creative-experiments-and-material-play": 0.9433570421151709,
    "panel-talk-beween-patricia-piccinini-and-claudia-vickers": 0.9425441294909493,
    "humanities-on-the-ground": 0.9425056483442636,
    "seminar-consensus-building": 0.9421636477626305,
    "parallax-lisboa": 0.9420327643468573,
    "lisboa-parallax-2020": 0.9420196449766458,
    "seminar-sensing": 0.9419758955760968,
    "seminar-co-evolution-of-the-technosphere": 0.9418469986070125,
    "seminar-disciplinarities": 0.940942535993547,
    "seminar-reflection-2": 0.940290137749026,
    "the-floating-ear": 0.9401366794221829,
    "knowing-together": 0.9400226355587304,
    "seminar-anthropogenic-landscapes": 0.9400224749225494,
    "forecasting-earth-futures": 0.9392513077213871,
    "seminar-valuing-nature": 0.9389720976714008,
    "seminar-modelling-wicked-problems": 0.9386351058331429,
    "taking-nature-into-account-historical-perspectives-and-paradoxes": 0.9381396085476115,
    "seminar-filtering-the-anthropocene": 0.9380760105470765,
    "introductions-to-matters-2": 0.9377977578644636,
    "seminar-reflections-algorithmic-intermediation-and-smartness": 0.9374725474140465,
    "economic-framing-environmental-governance-and-teaching-pluralist-economics": 0.9366759356885971,
    "extracts-and-exclusions": 0.9366705011662841,
    "inside-the-museum": 0.9366105858969745,
    "lost-voices": 0.9365459814965509,
    "walk-about-it": 0.936187343323358,
    "seminar-communicating": 0.9352388023639275,
    "mapping-an-exercise-in-cartography": 0.935011975504056,
    "drawn-together": 0.9348285615692241,
    "coordinating-practice": 0.9347151492756055,
    "seminar-exhaustion-and-imagination": 0.9340854987316489,
    "on-consuming-slow-media": 0.9338532735005132,
    "time-and-time-again": 0.9336903429480718,
    "seminar-report-slow-media": 0.9336817806017673,
    "histories-of-disintegration": 0.9335960524455942,
    "project-launch-minneapolis": 0.9335885072976904,
    "data-sensing": 0.9333142855635282,
    "place-and-space": 0.9331667365400776,
    "the-hyphen": 0.933074210413744,
    "environing-technology": 0.9329221858816882,
    "producing-the-anthropocene-producing-the-future": 0.9328324714630963,
    "comics-and-graphic-novels": 0.932558128806227,
    "times-before-and-after": 0.9325139619289923,
    "field-station-4-confluence-ecologies": 0.9321207934951665,
    "from-a-living-exhibition-to-the-dmz": 0.9319717197164099,
    "seminar-romancing-the-anthropocene": 0.9318931962070288,
    "risk-equity-in-the-louisiana-anthropocene": 0.9316256923730734,
    "social-witnessing": 0.9312196688851275,
    "seminar-report-anthropogenic-landscapes": 0.9311691858390065,
    "one-world-solid-and-cracked": 0.9307426210857936,
    "defining-the-anthropocene": 0.9307050375087174,
    "looking-downstream": 0.9305219637082747,
    "the-stories-we-tell-the-images-we-take": 0.9303213038302376,
    "conference-state-of-nature-in-india": 0.9297700748442181,
    "river-memory": 0.9297502130472377,
    "terraforming": 0.9295548715353834,
    "seminar-report-filtering-the-anthropocene": 0.9293444348375783,
    "pockets-reflections-on-the-anthropocene-campus-melbourne": 0.9291905633368263,
    "slow-disaster": 0.9289782411142709,
    "shadowing-the-anthropocene": 0.9274330691484642,
    "the-aerocene-campus": 0.927192133439548,
    "the-american-bottom": 0.9271186717898273,
    "wicked-problems-and-mental-models": 0.927052671736348,
    "seminar-slow-media": 0.9265568192706292,
    "navigating-the-anthropocene-river": 0.9265303398049021,
    "the-shape-of-a-practice": 0.9264304692714141,
    "monsanto-town": 0.9260881381715004,
    "the-confluence-area": 0.9259846309814532,
    "global-systems-simulator-gss": 0.9259149374895674,
    "tactics-for-quotidian-anthropocenes": 0.9255846516603199,
    "planting-a-seed-is-revolutionary-act": 0.9254112679351744,
    "seminar-archiving": 0.9253836194208728,
    "lounging-through-the-flood": 0.9244699475013487,
    "dramatizing-the-future": 0.9242211158268595,
    "seminar-techno-metabolism": 0.9240874167192635,
    "seminar-governing-the-technosphere": 0.9235479677279931,
    "data-flow": 0.9232822136504889,
    "limits-to-growth": 0.9230468384654656,
    "field-station-3-anthropocene-vernacular": 0.9229877223548059,
    "driving-the-limits-of-time": 0.9228819796871733,
    "seminar-risk-equity": 0.9227352027855676,
    "measuring-loss": 0.9227023031143565,
    "technosphere-co-evolution-a-seminal-seminar-conversation": 0.9226130249591497,
    "land-acknowledgement-statement": 0.9222928220856069,
    "kairos-earthquake-early-warning-application": 0.9222501578909454,
    "deep-time-chicago": 0.9220780464728012,
    "performing-the-anthropocene": 0.9219947855032851,
    "imagine-the-anthropocene-with-a-little-help-from-the-monster-in-you": 0.9219606164497393,
    "natchez-etiologies-of-athropogenic-emergence": 0.9215598354195838,
    "the-anthropocene-in-light-of-biological-feedback": 0.9215543135078316,
    "laboratory-for-a-radical-suburbia": 0.9212034722044072,
    "imagining-an-economy-based-on-care": 0.9211348513035206,
    "systems-analysis-and-modeling": 0.9204741470449076,
    "going-against-the-flow": 0.920115628037058,
    "the-anthropocene-and-our-post-natural-future-2": 0.9199754629907458,
    "confluence-ecologies": 0.9198087810086543,
    "plastic-and-surrogacy": 0.9195603534515083,
    "seminar-clashing-temporalities": 0.9194608271943346,
    "resisting-the-oblivion-of-eco-colonialism": 0.9194319222449014,
    "film-residency-mississippi-an-anthropocene-river": 0.9193824685537315,
    "somewhere-somehow-a-co-evolution-story": 0.9193324893456157,
    "knowing-in-the-anthropocene": 0.918934635932054,
    "seminar-report-geo-politics": 0.9185505122772106,
    "river-semester-project": 0.9184342248701934,
    "ny-alesund-svalbard-norway": 0.9182272075077197,
    "meeker-dam": 0.9181464192528684,
    "reshaping-the-shape-embodiment-ecology-and-culture-of-a-postnatural-carp": 0.9178997093491041,
    "touring-the-anthropocenery-whos-in-charge-here-2014": 0.9178661794928021,
    "deep-time-chicago-lecture": 0.9177245834841912,
    "eating-the-anthropocene": 0.9175070073194036,
    "from-plantations-to-petrochemicals": 0.917348200749248,
    "field-station-5-commodity-exploitation": 0.9171207490495391,
    "twin-cities-artist-residency-mississippi-an-anthropocene-story": 0.9171099483051954,
    "on-the-recuperative-mismanagement-of-a-cosmopolitan-fish": 0.9170441265454926,
    "meskonsing-kansan-an-introduction": 0.91678448919792,
    "driving-the-golden-spike": 0.9162810482721206,
    "the-free-sea": 0.916000012215381,
    "interspecies-accomplices-cultivating-conspiracy-at-the-royal-botanic-gardens-victoria": 0.9158317844896507,
    "infrastrucural-nature": 0.9154424960891756,
    "kansan-view-from-iowa-point-1-glacial": 0.9152663493855414,
    "enter-anthropocene-searching-for-signal-in-new-orleans": 0.9152070308729484,
    "deconstructing-the-we": 0.9151894434388582,
    "deconstructing-fences": 0.9144171612271985,
    "nordic-fauna-seen-in-nature": 0.9140331514973385,
    "listening-to-the-mississippi": 0.9139578617627916,
    "on-the-use-of-the-word-code-by-the-kogi-translator": 0.9138781945744854,
    "sounding-landscapes": 0.9136218968193628,
    "field-stations": 0.9132254057474751,