{
    "essay-series": 0.9825442959512491,
    "the-four-dimensional-mississippi": 0.9819016983490467,
    "rogue-elements-of-the-upper-mississippi": 0.9810616718302779,
    "deep-time-walking": 0.9810546773619779,
    "one-place-many-names": 0.9808591930494767,
    "conundrums-on-country": 0.9807159177787443,
    "sacrifice-zones-and-portable-climate": 0.980668002346876,
    "driving-the-limits-of-time": 0.9802452438839083,
    "timeslips": 0.9793203484860715,
    "meskonsing-indian-lake-convergence-1": 0.9792672845194923,
    "white-sands": 0.9779343724709523,
    "la-arboleda": 0.9771451794520611,
    "louisiana-a-planetary-reactor": 0.9769040217598568,
    "telling-time-through-lagoons-of-human-waste-at-the-western-treatment-plant": 0.9765707338712054,
    "uncalculated-risk": 0.9763518755814563,
    "layers-of-violence": 0.9760752376459588,
    "kansan-view-from-iowa-point-1-glacial": 0.9753083655533444,
    "time-out-of-mind": 0.9750192349413598,
    "meeker-dam": 0.9747673587626225,
    "field-station-1-sediment-settlement-sentiment": 0.9747654156494028,
    "navigating-the-anthropocene-river": 0.9745337983477999,
    "outrunning-the-anthropocene": 0.9739991425347011,
    "interspecies-accomplices-cultivating-conspiracy-at-the-royal-botanic-gardens-victoria": 0.9728876945768616,
    "the-vietnamese-community-in-eastern-new-orleans": 0.9725302840611181,
    "measuring-loss": 0.9713935019484705,
    "confluence-ecologies": 0.9711952564303853,
    "planting-a-seed-is-revolutionary-act": 0.9706250458623585,
    "going-against-the-flow": 0.9705736758355882,
    "fort-snellings-deep-time-stories": 0.9705074396494866,
    "real-estate-river": 0.9700644841817503,
    "sounding-landscapes": 0.9697701913317123,
    "how-does-the-world-end-for-others": 0.969483399253879,
    "driving-the-golden-spike": 0.9692863382774137,
    "freshkills-new-york-city": 0.9686598180252478,
    "patagonia": 0.9684738286966266,
    "the-terrain-of-the-former-veb-elektrokohle-lichtenberg": 0.9684357655636855,
    "nigeria-oil-pipes": 0.9680000605011626,
    "edible-encounters-along-the-mississippi-river": 0.9679770652425796,
    "land-acknowledgement-statement": 0.9678657597800528,
    "remnant-formations": 0.9678329911379017,
    "this-is-not-about-survival-its-about-bringing-your-coracle": 0.9663030546473037,
    "gas-flares-in-the-bakken-oil-fields-williston-north-dakota-2013": 0.9659448407648795,
    "performing-the-anthropocene": 0.9654948604745807,
    "drawn-together": 0.965364961474917,
    "praying-for-the-water-with-saundi-mcclain-kloeckner": 0.9652022812523068,
    "data-flow": 0.9651859981473457,
    "transect-walk-cahokia-mounds-to-fairmont-city": 0.9647412802070382,
    "the-great-green-desert": 0.9646285778176281,
    "risk-equity-in-the-louisiana-anthropocene": 0.964553530546125,
    "of-forests-of-rivers-and-of-meals": 0.9645114558198098,
    "ioway": 0.9631436855784583,
    "lost-voices": 0.9623329341123765,
    "resisting-the-oblivion-of-eco-colonialism": 0.9620840654279867,
    "introductions-to-matters-2": 0.9617106764322225,
    "imagining-an-economy-based-on-care": 0.9615121222691019,
    "on-the-use-of-the-word-code-by-the-kogi-translator": 0.9613806119028961,
    "lake-chad-narratives": 0.9613057893557906,
    "enter-anthropocene-searching-for-signal-in-new-orleans": 0.9607073812951141,
    "natchez-etiologies-of-athropogenic-emergence": 0.9605827703227475,
    "pockets-reflections-on-the-anthropocene-campus-melbourne": 0.9605201985604677,
    "on-the-recuperative-mismanagement-of-a-cosmopolitan-fish": 0.9604258349878433,
    "meskonsing-kansan-an-introduction": 0.9600440241473925,
    "field-station-4-confluence-ecologies": 0.959443224729018,
    "field-station-3-anthropocene-vernacular": 0.9591458906340131,
    "the-free-sea": 0.9591456386975827,
    "us-southwest": 0.9589913560977502,
    "re-patterning-with-kudzu": 0.9589198700004483,
    "nordic-fauna-seen-in-nature": 0.9587571378020101,
    "significant-and-insignificant-mounds": 0.958534678890265,
    "somewhere-somehow-a-co-evolution-story": 0.9585108972615657,
    "imagine-the-anthropocene-with-a-little-help-from-the-monster-in-you": 0.9579819042648844,
    "the-confluence-area": 0.9579727192460418,
    "listening-to-the-mississippi": 0.9572767350610718,
    "tactics-for-quotidian-anthropocenes": 0.9568334553609497,
    "histories-of-disintegration": 0.9567140510195882,
    "the-mississippi-basin-an-operational-landscape": 0.9563804707391631,
    "ny-alesund-svalbard-norway": 0.956183996678437,
    "tree-x-office": 0.9555749003771878,
    "social-witnessing": 0.9555467086262163,
    "the-aerocene-campus": 0.955396309375548,
    "touring-the-anthropocenery-whos-in-charge-here-2014": 0.9546776863837474,
    "understanding-the-north-american-lost-crops": 0.9539940076352322,
    "seminar-clashing-temporalities": 0.9538553093667909,
    "mobile-hedges": 0.9535833908381602,
    "deconstructing-the-we": 0.9532837952990328,
    "paddle-waves-and-sparkling-light": 0.9532730134009142,
    "seminar-report-filtering-the-anthropocene": 0.9525501769812321,
    "the-american-bottom": 0.9521071722539467,
    "introduction-3": 0.9515326512804931,
    "shaped-by-rivers": 0.9515194947074777,
    "walk-about-it": 0.9514139397552192,
    "river-memory": 0.9512712140199291,
    "seminar-report-geo-politics": 0.9511364224233123,
    "seminar-report-anthropogenic-landscapes": 0.9511118490055244,
    "forecasting-earth-futures": 0.9509753119858112,
    "too-little-water-the-lake-chad-story": 0.9508144415490011,
    "field-station-5-commodity-exploitation": 0.9506299999333891,
    "one-world-solid-and-cracked": 0.9504650097646941,
    "significant-and-insignificant-mounds-2": 0.9500974629402964,
    "from-plantations-to-petrochemicals": 0.9499407413838115,
    "the-stories-we-tell-the-images-we-take": 0.9497293653169888,
    "dramatizing-the-future": 0.9496905850685682,
    "lake-chad-sharing-a-diminishing-resource": 0.9495794590554777,
    "film-residency-mississippi-an-anthropocene-river": 0.9494284105173757,
    "meskonsing-kansan": 0.9492221327753242,
    "the-maledives-case": 0.9487438066702067,
    "stranging-the-anthropocene-refraction": 0.9483286851355124,
    "eating-the-anthropocene": 0.9481717516532243,
    "orbital-geopolitics": 0.9480784023652197,
    "inside-the-museum": 0.9479765004862223,
    "producing-the-anthropocene-producing-the-future": 0.9470719824115283,
    "shadowing-the-anthropocene": 0.9468275842718964,
    "river-semester": 0.94666101482603,
    "mikado-sol-2014": 0.9465031132534196,
    "mississippi": 0.9462471390536352,
    "kick-off-anthropocene-river-journey": 0.945970502322545,
    "laboratory-for-a-radical-suburbia": 0.9459065230864979,
    "prologue-the-fence-concept": 0.9457199356683438,
    "kairos-earthquake-early-warning-application": 0.9454508930312207,
    "specifics-of-vulnerability": 0.9447748568979996,
    "seminar-anthropogenic-landscapes": 0.943780412524456,
    "inheritance": 0.943703153078213,
    "deconstructing-fences": 0.9436244913017866,
    "oysters-selective-pressures-and-antibiotic-resistance-in-the-mississippi-delta": 0.9434028915154223,
    "xaraasi-xanne-crossing-voices": 0.9433849459370052,
    "technosphere-co-evolution-a-seminal-seminar-conversation": 0.943320230796028,
    "knowing-together": 0.9426144947334623,
    "seminar-claims-property": 0.9425874576290464,
    "limits-to-growth": 0.9423687272282332,
    "over-the-levee-under-the-plow": 0.9416523684423158,
    "plant-domestication-and-dispersal": 0.9416456814217428,
    "technostratigraphy-of-a-technological-object": 0.9416242645308001,
    "contesting-the-de-industrial-futures-of-the-upper-mississippi": 0.9412367809629374,
    "extracts-and-exclusions": 0.9409238502824468,
    "peter-schlemihl-exploring-anthropocenic-landscapes": 0.9398856075701362,
    "river-semester-project": 0.9393012245234399,
    "field-stations": 0.939272464212489,
    "seminar-report-slow-media": 0.9391951501063667,