{
    "performing-the-anthropocene": 0.9931294808110668,
    "driving-the-limits-of-time": 0.9926362378153973,
    "time-out-of-mind": 0.9916325008555571,
    "navigating-the-anthropocene-river": 0.9913683881566915,
    "nordic-fauna-seen-in-nature": 0.9907982529919396,
    "on-the-use-of-the-word-code-by-the-kogi-translator": 0.9907355425761354,
    "pockets-reflections-on-the-anthropocene-campus-melbourne": 0.9902259234350873,
    "introductions-to-matters-2": 0.9889789979327308,
    "telling-time-through-lagoons-of-human-waste-at-the-western-treatment-plant": 0.9887424178694051,
    "how-does-the-world-end-for-others": 0.9886087826413269,
    "rogue-elements-of-the-upper-mississippi": 0.9885855224624429,
    "lost-voices": 0.9885829827106574,
    "meskonsing-indian-lake-convergence-1": 0.9877378438560447,
    "one-place-many-names": 0.9876642663816999,
    "conundrums-on-country": 0.9875876631333607,
    "imagine-the-anthropocene-with-a-little-help-from-the-monster-in-you": 0.9875306616625147,
    "going-against-the-flow": 0.9871835290838746,
    "the-free-sea": 0.987048459357771,
    "louisiana-a-planetary-reactor": 0.987031483532296,
    "planting-a-seed-is-revolutionary-act": 0.9866524050630497,
    "data-flow": 0.9864164993615041,
    "shadowing-the-anthropocene": 0.9862155142567898,
    "measuring-loss": 0.9859944170264422,
    "risk-equity-in-the-louisiana-anthropocene": 0.9859445281141934,
    "deconstructing-the-we": 0.9855975599546928,
    "meeker-dam": 0.9855848566607355,
    "drawn-together": 0.9855499606196324,
    "interspecies-accomplices-cultivating-conspiracy-at-the-royal-botanic-gardens-victoria": 0.9854659532560281,
    "driving-the-golden-spike": 0.9853496827649506,
    "touring-the-anthropocenery-whos-in-charge-here-2014": 0.9849717976083933,
    "dramatizing-the-future": 0.9846338905113354,
    "one-world-solid-and-cracked": 0.9843383669196517,
    "inside-the-museum": 0.9841714936785255,
    "fort-snellings-deep-time-stories": 0.9840074922168137,
    "the-aerocene-campus": 0.9834822050134471,
    "the-terrain-of-the-former-veb-elektrokohle-lichtenberg": 0.9833274214252504,
    "forecasting-earth-futures": 0.9831020772214624,
    "ioway": 0.9830166281606298,
    "sounding-landscapes": 0.9829440935249952,
    "kansan-view-from-iowa-point-1-glacial": 0.9828833964053028,
    "somewhere-somehow-a-co-evolution-story": 0.9827503280207498,
    "the-hyphen": 0.9823773563500291,
    "on-the-recuperative-mismanagement-of-a-cosmopolitan-fish": 0.9815922441055135,
    "seminar-report-slow-media": 0.9815644199096026,
    "technosphere-co-evolution-a-seminal-seminar-conversation": 0.9815099439759154,
    "edible-encounters-along-the-mississippi-river": 0.9814967530036328,
    "layers-of-violence": 0.981178106237194,
    "technostratigraphy-of-a-technological-object": 0.9811715175575435,
    "stranging-the-anthropocene-refraction": 0.9811119048411943,
    "sacrifice-zones-and-portable-climate": 0.9810854625450779,
    "kairos-earthquake-early-warning-application": 0.981026512372217,
    "times-before-and-after": 0.9809704216358128,
    "deep-time-walking": 0.9807462040431243,
    "la-arboleda": 0.9805333294162598,
    "seminar-report-filtering-the-anthropocene": 0.9804966449891184,
    "producing-the-anthropocene-producing-the-future": 0.980470913321743,
    "outrunning-the-anthropocene": 0.9803639533667193,
    "white-sands": 0.9803333981414968,
    "patagonia": 0.9802156780566232,
    "resisting-the-oblivion-of-eco-colonialism": 0.9801539184741407,
    "enter-anthropocene-searching-for-signal-in-new-orleans": 0.980024861991416,
    "walk-about-it": 0.9797867661702688,
    "time-and-time-again": 0.9794136063705089,
    "seminar-imaging-the-anthropocene": 0.9793956387045956,
    "timeslips": 0.9790605150926841,
    "of-forests-of-rivers-and-of-meals": 0.978946738234018,
    "meskonsing-kansan-an-introduction": 0.9785020217115025,
    "essay-series": 0.9783390009292245,
    "mobile-hedges": 0.9783136358525061,
    "the-stories-we-tell-the-images-we-take": 0.9782931135194539,
    "seminar-report-geo-politics": 0.9782207121718609,
    "the-floating-ear": 0.9781015688768231,
    "the-four-dimensional-mississippi": 0.978044701230649,
    "seminar-report-anthropogenic-landscapes": 0.9779886398471743,
    "gas-flares-in-the-bakken-oil-fields-williston-north-dakota-2013": 0.9779708834345487,
    "specifics-of-vulnerability": 0.9776785176980909,
    "social-witnessing": 0.9774198559838693,
    "feeling-following-creative-experiments-and-material-play": 0.9771441090140789,
    "histories-of-disintegration": 0.976594451603214,
    "real-estate-river": 0.9765574282830591,
    "imagining-an-economy-based-on-care": 0.9764942266195373,
    "remnant-formations": 0.9764583500706261,
    "uncalculated-risk": 0.9760193842774282,
    "tactics-for-quotidian-anthropocenes": 0.9759145044157059,
    "nigeria-oil-pipes": 0.9759074490042637,
    "freshkills-new-york-city": 0.9756571766123184,
    "listening-to-the-mississippi": 0.9752685919329406,
    "this-is-not-about-survival-its-about-bringing-your-coracle": 0.9751224537968572,
    "seminar-reflections-algorithmic-intermediation-and-smartness": 0.9747215871593302,
    "mapping-an-exercise-in-cartography": 0.9746760556070465,
    "field-station-4-confluence-ecologies": 0.9738306326099387,
    "peter-schlemihl-exploring-anthropocenic-landscapes": 0.9737714959104138,
    "wicked-problems-and-mental-models": 0.973709748978252,
    "praying-for-the-water-with-saundi-mcclain-kloeckner": 0.9733867552619132,
    "terraforming": 0.9729708128110546,
    "knowing-in-the-anthropocene": 0.97285738211886,
    "paddle-waves-and-sparkling-light": 0.972664729615163,
    "seminar-co-evolution-of-the-technosphere": 0.97218085884913,
    "seminar-reflection-2": 0.9719920167321489,
    "orbital-geopolitics": 0.9718307044040653,
    "prologue-the-fence-concept": 0.9718233117906236,
    "the-anthropocene-in-light-of-biological-feedback": 0.9711154318920898,
    "seminar-anthropogenic-landscapes": 0.97111321907354,
    "introduction-3": 0.9708973324200895,
    "the-shape-of-a-practice": 0.9706854567712337,
    "ny-alesund-svalbard-norway": 0.9706687569835655,
    "seminar-governing-the-technosphere": 0.9704837035824813,
    "mikado-sol-2014": 0.970346353615615,
    "significant-and-insignificant-mounds": 0.9703389519440676,
    "seminar-slow-media": 0.970219633227046,
    "land-acknowledgement-statement": 0.9701465134577305,
    "tree-x-office": 0.9699458673135904,
    "humanities-on-the-ground": 0.9694378533106727,
    "knowing-together": 0.9690833754107141,
    "film-residency-mississippi-an-anthropocene-river": 0.9689875123700117,
    "extracts-and-exclusions": 0.9689699695198186,
    "on-consuming-slow-media": 0.96866798304631,
    "the-vietnamese-community-in-eastern-new-orleans": 0.9681476755742529,
    "seminar-modelling-wicked-problems": 0.9680034201709495,
    "eating-the-anthropocene": 0.9678056511341239,
    "natchez-etiologies-of-athropogenic-emergence": 0.9673456104369076,
    "river-memory": 0.9672467658944194,
    "limits-to-growth": 0.9672019165751651,
    "the-confluence-area": 0.9671422865825322,
    "laboratory-for-a-radical-suburbia": 0.9667592318378159,
    "seminar-clashing-temporalities": 0.9666504208551611,
    "global-systems-simulator-gss": 0.9666401550025494,
    "from-a-living-exhibition-to-the-dmz": 0.9663922638751685,
    "re-patterning-with-kudzu": 0.9663243291406436,
    "field-station-3-anthropocene-vernacular": 0.9657001392666201,
    "seminar-sensing": 0.9654878940827546,
    "seminar-sensing-the-insensible": 0.9652899335656558,
    "seminar-valuing-nature": 0.9652284646586267,
    "seminar-communicating": 0.9645317878148459,
    "deep-time-chicago": 0.9644349425349246,
    "the-american-bottom": 0.9642603596294286,
    "seminar-co-evolutionary-perspectives": 0.9639070182259553,
    "deconstructing-fences": 0.9637609959226422,
    "how-not-what-power-time-landscape": 0.9633660729734536,