{
    "field-trips": 0.9700624725339937,
    "seminar-co-evolution-of-the-technosphere": 0.9698266229447481,
    "images-of-the-anthropocene": 0.9692718927108621,
    "seminar-report-slow-media": 0.9690793956967689,
    "seminar-reflections-algorithmic-intermediation-and-smartness": 0.9672511125378889,
    "seminar-imaging-the-anthropocene": 0.9652830712717845,
    "producing-the-anthropocene-producing-the-future": 0.9649731934644599,
    "data-sensing": 0.9631018027099375,
    "seminar-reflection-2": 0.9626784405272547,
    "seminar-report-anthropogenic-landscapes": 0.9618376106651657,
    "introductions-to-matters-2": 0.9614887511721356,
    "seminar-filtering-the-anthropocene": 0.9607513868585293,
    "inside-the-museum": 0.9606220918384515,
    "walk-about-it": 0.9604430925465464,
    "seminar-report-filtering-the-anthropocene": 0.9599457418820732,
    "voice-and-representation": 0.9596713191741225,
    "seminar-disciplinarities": 0.9595272280412928,
    "shadowing-the-anthropocene": 0.9587366657630553,
    "enter-anthropocene-searching-for-signal-in-new-orleans": 0.9580322078441019,
    "the-shape-of-a-practice": 0.9579251826667409,
    "feeling-following-creative-experiments-and-material-play": 0.9575181443806783,
    "stranging-the-anthropocene-refraction": 0.9573771944482796,
    "humanities-on-the-ground": 0.956983288667336,
    "performing-the-anthropocene": 0.956514957798712,
    "the-aerocene-campus": 0.9564763898195243,
    "seminar-sensing": 0.9557351448468282,
    "risk-equity-in-the-louisiana-anthropocene": 0.9557334797296332,
    "seminar-romancing-the-anthropocene": 0.9556575311559717,
    "tactics-for-quotidian-anthropocenes-2": 0.9554043130333816,
    "seminar-communicating": 0.955163261834909,
    "project-launch-minneapolis": 0.954948388317703,
    "time-and-time-again": 0.9548512203243031,
    "twin-cities-artist-residency-mississippi-an-anthropocene-story": 0.9542459366211259,
    "navigating-the-anthropocene-river": 0.9542326260334503,
    "the-floating-ear": 0.954056501215592,
    "times-before-and-after": 0.9539684863927529,
    "seminar-sensing-the-insensible": 0.9537936157806226,
    "plastic-and-surrogacy": 0.9536661069904889,
    "touring-the-anthropocenery-whos-in-charge-here-2014": 0.9534876583701963,
    "mapping-an-exercise-in-cartography": 0.9532491391846324,
    "tactics-for-quotidian-anthropocenes": 0.9532055398912208,
    "on-consuming-slow-media": 0.9530509319127701,
    "seminar-slow-media": 0.9528194626292653,
    "knowing-in-the-anthropocene": 0.9524686465347783,
    "going-against-the-flow": 0.9523797318750788,
    "seminar-valuing-nature": 0.9523574457885062,
    "parallax-lisboa": 0.9521997980063935,
    "driving-the-limits-of-time": 0.9521628720447498,
    "drawn-together": 0.9519965475070118,
    "on-the-use-of-the-word-code-by-the-kogi-translator": 0.9518231770732668,
    "seminar-governing-the-technosphere": 0.9517250479434087,
    "terraforming": 0.9515278635331624,
    "seminar-consensus-building": 0.9514332870960495,
    "imagine-the-anthropocene-with-a-little-help-from-the-monster-in-you": 0.9510711446373062,
    "state-of-nature-some-philosophical-issues": 0.9509966935589597,
    "film-residency-mississippi-an-anthropocene-river": 0.9507017568483586,
    "field-station-4-confluence-ecologies": 0.9506992223532136,
    "the-shape-of-a-practice-seminars": 0.9505692811824925,
    "pockets-reflections-on-the-anthropocene-campus-melbourne": 0.950519772740691,
    "deep-time-chicago": 0.9502698517143374,
    "sounding-landscapes": 0.9501803215757875,
    "histories-of-disintegration": 0.9501546880671403,
    "planting-a-seed-is-revolutionary-act": 0.9501096209214716,
    "real-estate-river": 0.9500203462910828,
    "seminar-report-geo-politics": 0.9500167544269266,
    "the-terrain-of-the-former-veb-elektrokohle-lichtenberg": 0.9495504715538277,
    "forecasting-earth-futures": 0.9494331586676676,
    "monsanto-town": 0.9492479325094779,
    "the-hyphen": 0.9491901657748631,
    "global-systems-simulator-gss": 0.9490626587874622,
    "ny-alesund-svalbard-norway": 0.9489776132802533,
    "lost-voices": 0.9487428073799993,
    "seminar-film-clashing-temporalities": 0.9484463762002124,
    "lisboa-parallax-2020": 0.9480761798810419,
    "seminar-film-exhaustion-and-imagination": 0.9480233677731673,
    "writing-global-histories-in-the-anthropocene": 0.9478263208382522,
    "interspecies-accomplices-cultivating-conspiracy-at-the-royal-botanic-gardens-victoria": 0.9476089494795511,
    "limits-to-growth": 0.947275694763933,
    "natchez-etiologies-of-athropogenic-emergence": 0.9467101351387985,
    "infrastrucural-nature": 0.9463933979323965,
    "seminar-exhaustion-and-imagination": 0.9459736663868308,
    "the-free-sea": 0.9457876153511425,
    "one-world-solid-and-cracked": 0.9457243160158371,
    "laboratory-for-a-radical-suburbia": 0.9454972187673674,
    "kansan-view-from-iowa-point-1-glacial": 0.9453325145106547,
    "social-witnessing": 0.9453219714264198,
    "kairos-earthquake-early-warning-application": 0.9451775349611244,
    "place-and-space": 0.9448419279622983,
    "knowing-together": 0.9445738606121755,
    "how-does-the-world-end-for-others": 0.9445361919642344,
    "xaraasi-xanne-crossing-voices": 0.944226731557738,
    "time-out-of-mind": 0.9441264637257746,
    "seminar-modelling-wicked-problems": 0.9440541367352627,
    "imagining-an-economy-based-on-care": 0.9440172189194682,
    "the-stories-we-tell-the-images-we-take": 0.9439776389163131,
    "dramatizing-the-future": 0.9435135734152224,
    "the-confluence-area": 0.9434827478998731,
    "driving-the-golden-spike": 0.9434238206421808,
    "seminar-algorithmic-intermediation-and-smartness": 0.9433319301273156,
    "from-plantations-to-petrochemicals": 0.9430865169693947,
    "land-acknowledgement-statement": 0.9430099729522476,
    "taking-nature-into-account-historical-perspectives-and-paradoxes": 0.9427507713513045,
    "timeslips": 0.9426288266030453,
    "from-a-living-exhibition-to-the-dmz": 0.9423800030233745,
    "essay-series": 0.9423218274294255,
    "state-of-nature-in-india": 0.9422710888682669,
    "measuring-loss": 0.9421956140283122,
    "uncalculated-risk": 0.9419101466784414,
    "one-place-many-names": 0.9418570387768479,
    "economic-framing-environmental-governance-and-teaching-pluralist-economics": 0.9418451808302037,
    "the-anthropocene-in-light-of-biological-feedback": 0.9416275881488018,
    "telling-time-through-lagoons-of-human-waste-at-the-western-treatment-plant": 0.9414924476773958,
    "the-shape-of-a-practice-online-project-environment": 0.9414460371287078,
    "geo-politics": 0.9413856896755151,
    "coordinating-practice": 0.9413773885015274,
    "listening-to-the-mississippi": 0.9413181438907551,
    "seminar-archiving": 0.9409099467020504,
    "meskonsing-indian-lake-convergence-1": 0.9408148363710345,
    "extracts-and-exclusions": 0.940791430561519,
    "eating-the-anthropocene": 0.9403654928537453,
    "inheritance": 0.9403578784698209,
    "mississippi": 0.9402721943185252,
    "nordic-fauna-seen-in-nature": 0.9398953963188942,
    "sacrifice-zones-and-portable-climate": 0.9395722114627507,
    "seminar-co-evolutionary-perspectives": 0.9395588585282025,
    "field-stations": 0.938703350726559,
    "meeker-dam": 0.9384965739497514,
    "somewhere-somehow-a-co-evolution-story": 0.9384952659005359,
    "seminar-anthropogenic-landscapes": 0.9382988534100908,
    "typha-the-once-and-future-planty-companion": 0.9382103677379932,
    "technosphere-co-evolution-a-seminal-seminar-conversation": 0.9381342793627582,
    "environing-technology": 0.9379567936238415,
    "resisting-the-oblivion-of-eco-colonialism": 0.9377630673030372,
    "data-flow": 0.937750951349796,
    "mobile-hedges": 0.9376791277791126,
    "wicked-problems-and-mental-models": 0.9376498872233816,
    "outrunning-the-anthropocene": 0.9370066122363754,
    "river-semester-project": 0.9369437374782558,