{
    "the-abolition-of-market-dependency": 0.6292593267849177,
    "lounging-through-the-flood": 0.6185047352198553,
    "writing-global-histories-in-the-anthropocene": 0.5943143382851421,
    "taking-nature-into-account-historical-perspectives-and-paradoxes": 0.5942282061810905,
    "slow-disaster": 0.5934795705902016,
    "seminar-risk-equity": 0.5932051771630678,
    "environing-technology": 0.5919004112850348,
    "state-of-nature-in-india": 0.5894502232373391,
    "state-of-nature-some-philosophical-issues": 0.5894262197601404,
    "defining-the-anthropocene": 0.5858422253914458,
    "reshaping-the-shape-embodiment-ecology-and-culture-of-a-postnatural-carp": 0.5803594934408499,
    "plastic-and-surrogacy": 0.5801102738407266,
    "seminar-disciplinarities": 0.5794794279614248,
    "seminar-commodity-flows": 0.5787613481267766,
    "plant-domestication-and-dispersal": 0.5783346204272066,
    "seminar-un-bounded-engineering-and-evolutionary-stability": 0.5777562871778095,
    "limits-to-growth": 0.576709453577619,
    "infrastrucural-nature": 0.5766605929270356,
    "seminar-algorithmic-intermediation-and-smartness": 0.5758824091181373,
    "parallax-lisboa": 0.575724620490826,
    "open-seminars": 0.5753117382489724,
    "lisboa-parallax-2020": 0.5738851552211791,
    "the-mississippi-basin-an-operational-landscape": 0.5731503985092022,
    "data-sensing": 0.5730461137270308,
    "seminar-co-evolution-of-the-technosphere": 0.5722720298904183,
    "economic-framing-environmental-governance-and-teaching-pluralist-economics": 0.5719573131479792,
    "new-orleans-anthropocene-field-campus": 0.5705605846341101,
    "laboratory-for-a-radical-suburbia": 0.5702364413397751,
    "natchez-etiologies-of-athropogenic-emergence": 0.5690824327460182,
    "ny-alesund-svalbard-norway": 0.5685656857574155,
    "hopium-economy": 0.5680746021969055,
    "field-stations": 0.5674054596533461,
    "seminar-communicating": 0.56451703492691,
    "seminar-valuing-nature": 0.563281641425308,
    "tactics-for-quotidian-anthropocenes-2": 0.5625632232277753,
    "looking-downstream": 0.5623700608319431,
    "deep-time-chicago-lecture": 0.5613837989247983,
    "producing-the-anthropocene-producing-the-future": 0.5607802396791876,
    "field-station-2-anthropocene-drift": 0.5606672030688121,
    "worshipping-along-the-routes-of-migration": 0.5605169902214253,
    "panel-talk-beween-patricia-piccinini-and-claudia-vickers": 0.560496204134857,
    "monsanto-town": 0.5603990881132039,
    "humanities-on-the-ground": 0.5601051744087528,
    "seminar-imaging-the-anthropocene": 0.559598351077209,
    "geo-politics": 0.5593622439263211,
    "mississippi": 0.5592540713404229,
    "field-trips": 0.5588217517501582,
    "seminar-claims-property": 0.5586710703710283,
    "shaped-by-rivers": 0.557913280427578,
    "field-station-3-anthropocene-vernacular": 0.5572971131407549,
    "technosphere-magazine": 0.5565771392473218,
    "systems-analysis-and-modeling": 0.5562417888235531,
    "the-shape-of-a-practice": 0.5558428445751179,
    "seminar-techno-metabolism": 0.5558103107439668,
    "too-little-water-the-lake-chad-story": 0.5551445461787806,
    "stranging-the-anthropocene-refraction": 0.5550798018836983,
    "field-station-4-confluence-ecologies": 0.554997322404462,
    "oysters-selective-pressures-and-antibiotic-resistance-in-the-mississippi-delta": 0.5540778804886914,
    "seminar-report-filtering-the-anthropocene": 0.553741521922129,
    "seminar-reflections-algorithmic-intermediation-and-smartness": 0.5531394771666666,
    "deep-time-chicago": 0.5525437790443561,
    "seminar-filtering-the-anthropocene": 0.552424667077741,
    "infrastructures": 0.5515824035176241,
    "from-valuing-nature-to-reclaiming-resources-2": 0.5515392374742573,
    "global-systems-simulator-gss": 0.5514099869541949,
    "knowing-together": 0.5511505457550627,
    "seminar-sensing": 0.5510974340099033,
    "seminar-modelling-wicked-problems": 0.5507316655553521,
    "inheritance": 0.5502187638753355,
    "from-a-living-exhibition-to-the-dmz": 0.549142298343026,
    "seminar-exhaustion-and-imagination": 0.5491131851751784,
    "seminar-film-exhaustion-and-imagination": 0.5483037103530134,
    "forecasting-earth-futures": 0.5482887933336306,
    "land-acknowledgement-statement": 0.5482632323100853,
    "film-residency-mississippi-an-anthropocene-river": 0.5476108498350106,
    "imagining-an-economy-based-on-care": 0.5472631089986648,
    "project-launch-minneapolis": 0.5465799538196807,
    "voice-and-representation": 0.5458948264613714,
    "seminar-film-un-bounded-engineering-and-evolutionary-stability": 0.5455836131088961,
    "seminar-report-anthropogenic-landscapes": 0.5453877938108387,
    "environmental-geochemistry-of-river-sediments": 0.5450478607275213,
    "orbital-geopolitics": 0.5447280335173081,
    "seminar-anthropogenic-landscapes": 0.5445519711116503,
    "seminar-consensus-building": 0.5441381023072818,
    "field-station-5-commodity-exploitation": 0.5439673691284153,
    "temporary-continent": 0.5437965384836835,
    "from-plantations-to-petrochemicals": 0.5435302178614957,
    "seminar-sensing-the-insensible": 0.5435252256802453,
    "feeling-following-creative-experiments-and-material-play": 0.5415258407141514,
    "seminar-reflection-2": 0.5411703527570432,
    "the-maledives-case": 0.5411637993549214,
    "on-consuming-slow-media": 0.5409925858636252,
    "histories-of-disintegration": 0.5405644260477223,
    "the-floating-ear": 0.5402670236246868,
    "re-patterning-with-kudzu": 0.5395725019141144,
    "from-limits-to-growth-to-chernobyl": 0.5389969105968838,
    "the-shape-of-a-practice-seminars": 0.5387839928883721,
    "the-shape-of-a-practice-online-project-environment": 0.538455213976726,
    "mapping-an-exercise-in-cartography": 0.5383516585633227,
    "gas-flares-in-the-bakken-oil-fields-williston-north-dakota-2013": 0.5381148075834998,
    "lake-chad-sharing-a-diminishing-resource": 0.5376122477011451,
    "inside-the-museum": 0.5374666182876432,
    "seminar-co-evolutionary-perspectives": 0.5371187223763347,
    "one-world-solid-and-cracked": 0.5364348704466568,
    "seminar-report-slow-media": 0.5363592262294078,
    "social-witnessing": 0.5359907945350991,
    "real-estate-river": 0.5356109176439685,
    "walk-about-it": 0.5339945286535993,
    "enter-anthropocene-searching-for-signal-in-new-orleans": 0.5337647947722469,
    "the-anthropocene-in-light-of-biological-feedback": 0.5331800956861587,
    "seminar-romancing-the-anthropocene": 0.5329091078390424,
    "significant-and-insignificant-mounds-2": 0.5318617924648945,
    "tactics-for-quotidian-anthropocenes": 0.531861208214241,
    "the-anthropogenic-influence-onto-the-air-quality-along-the-mississippi-river-findings": 0.5314082691051448,
    "drawn-together": 0.5309696911982182,
    "river-memory": 0.5305973187824368,
    "planting-a-seed-is-revolutionary-act": 0.5302557577547118,
    "twin-cities-artist-residency-mississippi-an-anthropocene-story": 0.5297768135422845,
    "wicked-problems-and-mental-models": 0.529376734564345,
    "going-against-the-flow": 0.5291623205150794,
    "the-rights-of-nature": 0.5282435660791994,
    "risk-equity-in-the-louisiana-anthropocene": 0.5281102514790587,
    "the-confluence-area": 0.5272998540226975,
    "navigating-the-anthropocene-river": 0.5271525428477162,
    "the-american-bottom": 0.5259081266883201,
    "sounding-landscapes": 0.5256489123685824,
    "seminar-film-commodity-flows": 0.5252427839848058,
    "seminar-report-geo-politics": 0.5247490656903941,
    "eating-the-anthropocene": 0.5242056558908739,
    "essay-series": 0.5232257719212381,
    "from-valuing-nature-to-reclaiming-resources": 0.5232236478911383,
    "understanding-the-north-american-lost-crops": 0.5232119028229799,
    "terraforming": 0.522423853314475,
    "driving-the-golden-spike": 0.5224232964564953,
    "kairos-earthquake-early-warning-application": 0.5220183749003635,