{
    "resonance-vegetale": 0.680503014416637,
    "lake-chad-narratives": 0.6499464481138395,
    "museum-library": 0.645708632316695,
    "paddle-waves-and-sparkling-light": 0.6420081831855083,
    "introduction-3": 0.6419008817159341,
    "from-valuing-nature-to-reclaiming-resources-2": 0.6390075013885324,
    "deconstructing-fences": 0.638861195549152,
    "xaraasi-xanne-crossing-voices": 0.6380287407982047,
    "terraforming": 0.6373155166470058,
    "from-valuing-nature-to-reclaiming-resources": 0.6333817379850182,
    "la-arboleda": 0.632902309104128,
    "the-aerocene-campus": 0.6317634495356413,
    "the-anthropocene-in-light-of-biological-feedback": 0.6281221277022854,
    "seminar-archiving": 0.6262359938601001,
    "how-not-what-power-time-landscape": 0.6252641598214349,
    "nordic-fauna-seen-in-nature": 0.6245761555449105,
    "orbital-geopolitics": 0.6222812467859157,
    "patagonia": 0.622082664134311,
    "mobile-hedges": 0.6219860359237765,
    "meskonsing-indian-lake-convergence-1": 0.6219399304377291,
    "time-and-time-again": 0.62161766507928,
    "one-place-many-names": 0.6215192376547507,
    "tree-x-office": 0.6207380168578456,
    "the-vietnamese-community-in-eastern-new-orleans": 0.6205262274556419,
    "how-does-the-world-end-for-others": 0.6203591281621252,
    "meskonsing-kansan-an-introduction": 0.6202742449986878,
    "exhibition-opening-at-g-cadd-st-louis": 0.6199601011271035,
    "edible-encounters-along-the-mississippi-river": 0.6196311871239365,
    "the-stories-we-tell-the-images-we-take": 0.619432456679962,
    "of-forests-of-rivers-and-of-meals": 0.6190612621740518,
    "kairos-earthquake-early-warning-application": 0.6190249260823464,
    "on-the-use-of-the-word-code-by-the-kogi-translator": 0.6189178774638063,
    "technostratigraphy-of-a-technological-object": 0.6187199235573533,
    "pockets-reflections-on-the-anthropocene-campus-melbourne": 0.6175779204687343,
    "peter-schlemihl-exploring-anthropocenic-landscapes": 0.6171842167491267,
    "this-is-not-about-survival-its-about-bringing-your-coracle": 0.6171482387614792,
    "interspecies-accomplices-cultivating-conspiracy-at-the-royal-botanic-gardens-victoria": 0.6159330026789817,
    "rogue-elements-of-the-upper-mississippi": 0.6153593347373443,
    "stranging-the-anthropocene-refraction": 0.6146361790620426,
    "ioway": 0.6146308612702709,
    "shadowing-the-anthropocene": 0.6137731273734819,
    "performing-the-anthropocene": 0.613460621284282,
    "praying-for-the-water-with-saundi-mcclain-kloeckner": 0.6134038236795762,
    "the-floating-ear": 0.6129167184480768,
    "deconstructing-the-we": 0.6124434154407954,
    "mapping-an-exercise-in-cartography": 0.6119925685887723,
    "navigating-the-anthropocene-river": 0.6114721235394301,
    "us-southwest": 0.6114288208032399,
    "the-terrain-of-the-former-veb-elektrokohle-lichtenberg": 0.610891500418389,
    "louisiana-a-planetary-reactor": 0.6100409090007103,
    "listening-to-the-mississippi": 0.608863112893803,
    "sacrifice-zones-and-portable-climate": 0.6085991225435546,
    "data-flow": 0.6085890689819483,
    "time-out-of-mind": 0.6084821007155358,
    "kansan-view-from-iowa-point-1-glacial": 0.6084300471132479,
    "telling-time-through-lagoons-of-human-waste-at-the-western-treatment-plant": 0.6079321867822771,
    "seminar-clashing-temporalities": 0.6078511914789118,
    "imagine-the-anthropocene-with-a-little-help-from-the-monster-in-you": 0.6077307560301509,
    "risk-equity-in-the-louisiana-anthropocene": 0.6074579770040003,
    "images-of-the-anthropocene": 0.6070455223858209,
    "outrunning-the-anthropocene": 0.6069340500893187,
    "touring-the-anthropocenery-whos-in-charge-here-2014": 0.6067333035155942,
    "tactics-for-quotidian-anthropocenes": 0.6065632288982206,
    "seminar-report-geo-politics": 0.6063808261668027,
    "on-the-recuperative-mismanagement-of-a-cosmopolitan-fish": 0.6061753676566707,
    "the-hyphen": 0.6061479524162077,
    "wicked-problems-and-mental-models": 0.6052694706605979,
    "seminar-reflection-2": 0.6048579219817595,
    "nigeria-oil-pipes": 0.6041709561868216,
    "white-sands": 0.6040755438936061,
    "measuring-loss": 0.6038047455461495,
    "prologue-the-fence-concept": 0.6037070817764307,
    "introductions-to-matters-2": 0.6027604276121928,
    "the-danish-text": 0.6024823799802594,
    "from-a-living-exhibition-to-the-dmz": 0.6023822512884609,
    "going-against-the-flow": 0.6023633021896064,
    "lost-voices": 0.602279246830423,
    "layers-of-violence": 0.6020692858113186,
    "the-hedge": 0.6013422972942041,
    "one-world-solid-and-cracked": 0.6009437547567142,
    "the-free-sea": 0.6008205443833758,
    "resisting-the-oblivion-of-eco-colonialism": 0.6007479190445577,
    "meeker-dam": 0.600524379879491,
    "knowing-in-the-anthropocene": 0.6004747767880677,
    "dramatizing-the-future": 0.5996001407905349,
    "typha-the-once-and-future-planty-companion": 0.5991385059270361,
    "feeling-following-creative-experiments-and-material-play": 0.5988612877669417,
    "fort-snellings-deep-time-stories": 0.5988464940697478,
    "drawn-together": 0.5987470130374382,
    "driving-the-limits-of-time": 0.5983145530834872,
    "the-anthropocene-and-our-post-natural-future-2": 0.5982496625856781,
    "seminar-report-slow-media": 0.5980201066333352,
    "specifics-of-vulnerability": 0.5976944502777258,
    "eating-the-anthropocene": 0.597615683678242,
    "imagination-of-the-terra": 0.5972892423916771,
    "times-before-and-after": 0.59706179567001,
    "the-four-dimensional-mississippi": 0.5970035256776806,
    "extracts-and-exclusions": 0.5969552480431357,
    "the-anthropogenic-influence-onto-the-air-quality-along-the-mississippi-river-findings": 0.5968337250682828,
    "place-and-space": 0.596763496124375,
    "deep-time-chicago": 0.5959478386569278,
    "planting-a-seed-is-revolutionary-act": 0.5958619714169138,
    "somewhere-somehow-a-co-evolution-story": 0.5955061117475375,
    "the-confluence-area": 0.5949622653240878,
    "sounding-landscapes": 0.5949348949890183,
    "deep-time-walking": 0.5948394269808612,
    "mikado-sol-2014": 0.594658692083913,
    "twin-cities-artist-residency-mississippi-an-anthropocene-story": 0.5945647632836388,
    "forecasting-earth-futures": 0.5944422559841133,
    "technosphere-co-evolution-a-seminal-seminar-conversation": 0.5944169233373455,
    "land-acknowledgement-statement": 0.5929833327638103,
    "enter-anthropocene-searching-for-signal-in-new-orleans": 0.5929678938932659,
    "uncalculated-risk": 0.5929096204555613,
    "essay-series": 0.5926675942282221,
    "remnant-formations": 0.5921764101994357,
    "seminar-reflections-algorithmic-intermediation-and-smartness": 0.5920032999748328,
    "driving-the-golden-spike": 0.5919829071793475,
    "film-residency-mississippi-an-anthropocene-river": 0.5919511908812706,
    "seminar-techno-metabolism": 0.5918063817093083,
    "seminar-report-anthropogenic-landscapes": 0.5916165709733138,
    "inside-the-museum": 0.5915391176424583,
    "natchez-etiologies-of-athropogenic-emergence": 0.5912094310768953,
    "lisboa-parallax-2020": 0.5910523666430867,
    "freshkills-new-york-city": 0.5909805407242128,
    "too-little-water-the-lake-chad-story": 0.5904900524745584,
    "global-systems-simulator-gss": 0.589484683592735,
    "oysters-selective-pressures-and-antibiotic-resistance-in-the-mississippi-delta": 0.5891275797516714,
    "field-station-4-confluence-ecologies": 0.5887985818794835,
    "timeslips": 0.5884679528535821,
    "systems-analysis-and-modeling": 0.5877552014665687,
    "field-station-5-commodity-exploitation": 0.5870098446134778,
    "seminar-slow-media": 0.5868277169597195,
    "limits-to-growth": 0.5867945366205856,
    "seminar-sensing": 0.5865751167262054,
    "humanities-on-the-ground": 0.5860170701268997,
    "producing-the-anthropocene-producing-the-future": 0.585945377754292,
    "from-limits-to-growth-to-chernobyl": 0.585825927019086,