{
    "seminar-co-evolution-of-the-technosphere": 0.9850299132182726,
    "seminar-reflections-algorithmic-intermediation-and-smartness": 0.9848196543038459,
    "the-shape-of-a-practice": 0.983594254633087,
    "seminar-report-anthropogenic-landscapes": 0.9828063532749473,
    "producing-the-anthropocene-producing-the-future": 0.9820732192058688,
    "inside-the-museum": 0.9809709699565684,
    "seminar-report-filtering-the-anthropocene": 0.9798835256353647,
    "seminar-reflection-2": 0.9795679990723345,
    "global-systems-simulator-gss": 0.9793474282371695,
    "seminar-modelling-wicked-problems": 0.9793473074735769,
    "enter-anthropocene-searching-for-signal-in-new-orleans": 0.9791139234412497,
    "seminar-imaging-the-anthropocene": 0.9786465198673949,
    "feeling-following-creative-experiments-and-material-play": 0.9785607825706792,
    "seminar-consensus-building": 0.9773042285936391,
    "introductions-to-matters-2": 0.977254613031693,
    "drawn-together": 0.9770567244040531,
    "on-consuming-slow-media": 0.9767088821687726,
    "seminar-valuing-nature": 0.975667647943838,
    "limits-to-growth": 0.9755965361707892,
    "seminar-sensing": 0.9755780050565417,
    "forecasting-earth-futures": 0.9747820013844156,
    "environing-technology": 0.9745677733195507,
    "field-station-4-confluence-ecologies": 0.9745505028340669,
    "the-floating-ear": 0.9745310813355695,
    "mapping-an-exercise-in-cartography": 0.9744868461137917,
    "tactics-for-quotidian-anthropocenes": 0.9743108329979031,
    "seminar-communicating": 0.9742786954393693,
    "times-before-and-after": 0.9741582439049977,
    "humanities-on-the-ground": 0.9738970085415767,
    "seminar-report-slow-media": 0.9736977336196034,
    "risk-equity-in-the-louisiana-anthropocene": 0.9734656185414093,
    "walk-about-it": 0.9732897917356442,
    "seminar-exhaustion-and-imagination": 0.9731698325305396,
    "systems-analysis-and-modeling": 0.9730748168571138,
    "plastic-and-surrogacy": 0.9729565709354372,
    "going-against-the-flow": 0.9729273559882258,
    "infrastrucural-nature": 0.9726735541736803,
    "stranging-the-anthropocene-refraction": 0.9724081857404696,
    "seminar-report-geo-politics": 0.9722935254923806,
    "voice-and-representation": 0.9717976398455355,
    "histories-of-disintegration": 0.9716019624868758,
    "lisboa-parallax-2020": 0.9713881063080607,
    "navigating-the-anthropocene-river": 0.9712533845978375,
    "the-aerocene-campus": 0.9712526645925726,
    "project-launch-minneapolis": 0.9710749183357166,
    "ny-alesund-svalbard-norway": 0.9710165043324241,
    "parallax-lisboa": 0.9708582102401065,
    "lost-voices": 0.9707423967629942,
    "kairos-earthquake-early-warning-application": 0.9706464006116712,
    "driving-the-limits-of-time": 0.97037966226799,
    "shadowing-the-anthropocene": 0.9701663898375441,
    "performing-the-anthropocene": 0.9697109517199933,
    "seminar-disciplinarities": 0.9691950000419887,
    "imagining-an-economy-based-on-care": 0.9691676559806883,
    "terraforming": 0.9689440994702954,
    "knowing-in-the-anthropocene": 0.968794827584139,
    "monsanto-town": 0.9687016177550681,
    "economic-framing-environmental-governance-and-teaching-pluralist-economics": 0.968657754245381,
    "from-a-living-exhibition-to-the-dmz": 0.9685307012099422,
    "seminar-governing-the-technosphere": 0.9684706290626137,
    "twin-cities-artist-residency-mississippi-an-anthropocene-story": 0.9683728216395321,
    "state-of-nature-in-india": 0.9680709311995392,
    "the-terrain-of-the-former-veb-elektrokohle-lichtenberg": 0.9678892079927989,
    "the-anthropocene-in-light-of-biological-feedback": 0.9675593846804151,
    "writing-global-histories-in-the-anthropocene": 0.9675192880355487,
    "sounding-landscapes": 0.9675164730284436,
    "remnant-formations": 0.9675064362228759,
    "social-witnessing": 0.9672438197151603,
    "the-hyphen": 0.9668285681087847,
    "geo-politics": 0.9666006426005775,
    "technosphere-co-evolution-a-seminal-seminar-conversation": 0.9663679866969065,
    "the-free-sea": 0.9661118154815369,
    "touring-the-anthropocenery-whos-in-charge-here-2014": 0.9660794883748529,
    "seminar-filtering-the-anthropocene": 0.9659970867679405,
    "one-world-solid-and-cracked": 0.9658520541563536,
    "knowing-together": 0.9657758488054992,
    "planting-a-seed-is-revolutionary-act": 0.9657387628977397,
    "time-and-time-again": 0.9655748079916828,
    "imagine-the-anthropocene-with-a-little-help-from-the-monster-in-you": 0.9655163593670749,
    "extracts-and-exclusions": 0.9655002210924126,
    "on-the-use-of-the-word-code-by-the-kogi-translator": 0.965423871617201,
    "wicked-problems-and-mental-models": 0.9654004893773225,
    "somewhere-somehow-a-co-evolution-story": 0.9652965226673815,
    "seminar-sensing-the-insensible": 0.9652215757940138,
    "uncalculated-risk": 0.9651466722284352,
    "place-and-space": 0.9650089284754123,
    "the-shape-of-a-practice-online-project-environment": 0.9649187368785913,
    "field-trips": 0.9642556776739176,
    "land-acknowledgement-statement": 0.9642083427867892,
    "the-shape-of-a-practice-seminars": 0.9641999180114529,
    "film-residency-mississippi-an-anthropocene-river": 0.963932588007778,
    "seminar-co-evolutionary-perspectives": 0.9638756599486498,
    "resisting-the-oblivion-of-eco-colonialism": 0.9636870843197982,
    "pockets-reflections-on-the-anthropocene-campus-melbourne": 0.9635575085178125,
    "timeslips": 0.963507174324451,
    "field-stations": 0.9632573245708284,
    "measuring-loss": 0.9632304531937589,
    "seminar-archiving": 0.9631399901960646,
    "real-estate-river": 0.9630839318624899,
    "dramatizing-the-future": 0.9630761122624073,
    "tactics-for-quotidian-anthropocenes-2": 0.9628401090962335,
    "taking-nature-into-account-historical-perspectives-and-paradoxes": 0.9627822315176531,
    "seminar-romancing-the-anthropocene": 0.9627528146988877,
    "outrunning-the-anthropocene": 0.9626288715623368,
    "seminar-anthropogenic-landscapes": 0.9624428717202467,
    "seminar-slow-media": 0.9617912870413737,
    "the-stories-we-tell-the-images-we-take": 0.9614449781420684,
    "telling-time-through-lagoons-of-human-waste-at-the-western-treatment-plant": 0.9613409633391847,
    "meeker-dam": 0.9610362339702954,
    "inheritance": 0.9606738034708445,
    "kansan-view-from-iowa-point-1-glacial": 0.9605390903110802,
    "deep-time-chicago": 0.9604800759060931,
    "seminar-algorithmic-intermediation-and-smartness": 0.960267744854726,
    "essay-series": 0.9601245770678078,
    "natchez-etiologies-of-athropogenic-emergence": 0.9600098407127263,
    "interspecies-accomplices-cultivating-conspiracy-at-the-royal-botanic-gardens-victoria": 0.9599665468693452,
    "state-of-nature-some-philosophical-issues": 0.9594480357339056,
    "from-plantations-to-petrochemicals": 0.9593891283094056,
    "orbital-geopolitics": 0.959213617582105,
    "the-confluence-area": 0.9591723027849137,
    "freshkills-new-york-city": 0.9585682813791875,
    "sacrifice-zones-and-portable-climate": 0.9585457171367853,
    "louisiana-a-planetary-reactor": 0.9582660406764832,
    "the-mississippi-basin-an-operational-landscape": 0.9581982625599934,
    "listening-to-the-mississippi": 0.957897626011307,
    "one-place-many-names": 0.9574603009891629,
    "eating-the-anthropocene": 0.9570625650935985,
    "laboratory-for-a-radical-suburbia": 0.9570352408303245,
    "nordic-fauna-seen-in-nature": 0.9570070888416253,
    "time-out-of-mind": 0.9565923286266613,
    "field-station-5-commodity-exploitation": 0.9561493599732859,
    "images-of-the-anthropocene": 0.9556879806283767,
    "the-anthropocene-and-our-post-natural-future-2": 0.9555876343722886,
    "the-four-dimensional-mississippi": 0.9552803249226476,
    "mississippi": 0.9549331041889996,
    "oysters-selective-pressures-and-antibiotic-resistance-in-the-mississippi-delta": 0.9549248654747401,
    "white-sands": 0.9547948324902795,