{
    "technosphere-co-evolution-a-seminal-seminar-conversation": 0.9926189799115905,
    "specifics-of-vulnerability": 0.9914464118301267,
    "the-free-sea": 0.9910075402442503,
    "ioway": 0.990957819240237,
    "time-out-of-mind": 0.9895567348097002,
    "on-the-use-of-the-word-code-by-the-kogi-translator": 0.9894297794644318,
    "performing-the-anthropocene": 0.988615287058553,
    "pockets-reflections-on-the-anthropocene-campus-melbourne": 0.9879216154130129,
    "lost-voices": 0.9876344890939139,
    "dramatizing-the-future": 0.9870841260063269,
    "rogue-elements-of-the-upper-mississippi": 0.9868418928294479,
    "technostratigraphy-of-a-technological-object": 0.9866194501988811,
    "resisting-the-oblivion-of-eco-colonialism": 0.985522819012231,
    "nordic-fauna-seen-in-nature": 0.9849128894757908,
    "navigating-the-anthropocene-river": 0.9847855766410433,
    "times-before-and-after": 0.9843930382159578,
    "wicked-problems-and-mental-models": 0.9840732762578538,
    "peter-schlemihl-exploring-anthropocenic-landscapes": 0.9840583047710372,
    "somewhere-somehow-a-co-evolution-story": 0.9838483928817998,
    "touring-the-anthropocenery-whos-in-charge-here-2014": 0.9836929251945309,
    "introductions-to-matters-2": 0.9832933589075281,
    "imagine-the-anthropocene-with-a-little-help-from-the-monster-in-you": 0.9832392961757331,
    "driving-the-limits-of-time": 0.9831536226300098,
    "kairos-earthquake-early-warning-application": 0.9822122042965659,
    "the-hyphen": 0.9821290655956636,
    "telling-time-through-lagoons-of-human-waste-at-the-western-treatment-plant": 0.9821199504733871,
    "meeker-dam": 0.9815443356522213,
    "drawn-together": 0.9814492949881395,
    "louisiana-a-planetary-reactor": 0.9811247488380765,
    "forecasting-earth-futures": 0.9802604499430085,
    "one-world-solid-and-cracked": 0.980236450054766,
    "measuring-loss": 0.9801635777386324,
    "risk-equity-in-the-louisiana-anthropocene": 0.97963603849394,
    "going-against-the-flow": 0.9791473094137229,
    "how-does-the-world-end-for-others": 0.9790942008801438,
    "one-place-many-names": 0.9789551421100613,
    "of-forests-of-rivers-and-of-meals": 0.9782276992871266,
    "the-floating-ear": 0.9780996183229991,
    "fort-snellings-deep-time-stories": 0.9780896796962173,
    "shadowing-the-anthropocene": 0.9778873695106073,
    "inside-the-museum": 0.9775400904833448,
    "feeling-following-creative-experiments-and-material-play": 0.977088160677982,
    "producing-the-anthropocene-producing-the-future": 0.9767902000265107,
    "knowing-in-the-anthropocene": 0.9767171159111651,
    "edible-encounters-along-the-mississippi-river": 0.9766887956325869,
    "the-terrain-of-the-former-veb-elektrokohle-lichtenberg": 0.9759966790017989,
    "mapping-an-exercise-in-cartography": 0.9757727559890311,
    "seminar-report-filtering-the-anthropocene": 0.9752729739491812,
    "seminar-report-geo-politics": 0.9747614748868924,
    "meskonsing-indian-lake-convergence-1": 0.9740317123709274,
    "outrunning-the-anthropocene": 0.9738300876565276,
    "planting-a-seed-is-revolutionary-act": 0.9737426034620378,
    "enter-anthropocene-searching-for-signal-in-new-orleans": 0.9735025009089608,
    "seminar-reflections-algorithmic-intermediation-and-smartness": 0.9733155692160605,
    "time-and-time-again": 0.9726450124090583,
    "stranging-the-anthropocene-refraction": 0.9724029488073556,
    "the-aerocene-campus": 0.9723781037103015,
    "interspecies-accomplices-cultivating-conspiracy-at-the-royal-botanic-gardens-victoria": 0.9720261509734122,
    "seminar-exhaustion-and-imagination": 0.9717750739162283,
    "praying-for-the-water-with-saundi-mcclain-kloeckner": 0.9710902251088651,
    "sounding-landscapes": 0.9710529719031176,
    "global-systems-simulator-gss": 0.9708872434788587,
    "remnant-formations": 0.9708298371713009,
    "the-anthropocene-in-light-of-biological-feedback": 0.9706949388416912,
    "seminar-modelling-wicked-problems": 0.9703256918759179,
    "terraforming": 0.9701790922640653,
    "seminar-governing-the-technosphere": 0.970004367874531,
    "walk-about-it": 0.9699195525175734,
    "this-is-not-about-survival-its-about-bringing-your-coracle": 0.969598935278626,
    "on-consuming-slow-media": 0.9695061752270624,
    "driving-the-golden-spike": 0.9694091698753836,
    "seminar-report-slow-media": 0.9693890284821867,
    "patagonia": 0.9690295881585079,
    "prologue-the-fence-concept": 0.968846383419975,
    "seminar-reflection-2": 0.9686882738951503,
    "seminar-imaging-the-anthropocene": 0.9686519852431534,
    "timeslips": 0.968484432777668,
    "listening-to-the-mississippi": 0.9681116795920152,
    "seminar-slow-media": 0.9680022882382746,
    "mobile-hedges": 0.9679027057148298,
    "kansan-view-from-iowa-point-1-glacial": 0.9677800667991503,
    "meskonsing-kansan-an-introduction": 0.9676201448964112,
    "deep-time-walking": 0.9675396877057225,
    "seminar-report-anthropogenic-landscapes": 0.9674982279574266,
    "imagining-an-economy-based-on-care": 0.9673585728990894,
    "the-four-dimensional-mississippi": 0.9671877166047429,
    "uncalculated-risk": 0.9668693531057221,
    "layers-of-violence": 0.966350655332476,
    "white-sands": 0.9658527359150128,
    "seminar-anthropogenic-landscapes": 0.965524031868951,
    "la-arboleda": 0.9651649263015533,
    "seminar-sensing": 0.9647372601838797,
    "seminar-co-evolutionary-perspectives": 0.9645406461116715,
    "tactics-for-quotidian-anthropocenes": 0.9644361318895605,
    "tree-x-office": 0.9637412373634272,
    "gas-flares-in-the-bakken-oil-fields-williston-north-dakota-2013": 0.9635217356707232,
    "sacrifice-zones-and-portable-climate": 0.9635158642679923,
    "introduction-3": 0.9632491797963478,
    "extracts-and-exclusions": 0.9625579163941348,
    "significant-and-insignificant-mounds": 0.9623067790679057,
    "voice-and-representation": 0.9623007410091661,
    "orbital-geopolitics": 0.9619214299597607,
    "nigeria-oil-pipes": 0.9618706057534593,
    "freshkills-new-york-city": 0.9617280008323909,
    "seminar-valuing-nature": 0.9611308504502414,
    "the-shape-of-a-practice": 0.9610219813271516,
    "essay-series": 0.9609241661445956,
    "hurricane-katrina": 0.9608542512117961,
    "on-the-recuperative-mismanagement-of-a-cosmopolitan-fish": 0.96077897795684,
    "lake-chad-narratives": 0.9605959614604167,
    "environing-technology": 0.9604539069242272,
    "histories-of-disintegration": 0.9604083163540452,
    "social-witnessing": 0.9602477474818972,
    "the-stories-we-tell-the-images-we-take": 0.9597944913076831,
    "the-anthropocene-and-our-post-natural-future-2": 0.959633279103115,
    "humanities-on-the-ground": 0.9595909081938633,
    "real-estate-river": 0.9594979052602963,
    "seminar-consensus-building": 0.9594003034616806,
    "seminar-co-evolution-of-the-technosphere": 0.9581942779512251,
    "seminar-sensing-the-insensible": 0.9572420599675983,
    "systems-analysis-and-modeling": 0.9566786244905993,
    "field-station-4-confluence-ecologies": 0.9565709502541625,
    "geo-politics": 0.9564684308122403,
    "paddle-waves-and-sparkling-light": 0.9564033768844011,
    "seminar-clashing-temporalities": 0.95636962837204,
    "limits-to-growth": 0.9561849295660032,
    "knowing-together": 0.9559853524038511,
    "seminar-filtering-the-anthropocene": 0.9557012912809447,
    "plastic-and-surrogacy": 0.955495718368826,
    "seminar-archiving": 0.9554493186009545,
    "seminar-communicating": 0.9550541756726242,
    "land-acknowledgement-statement": 0.9550343064963748,
    "the-maledives-case": 0.9550263284113726,
    "state-of-nature-in-india": 0.9541924653111368,
    "the-hedge": 0.9540951720042802,
    "ny-alesund-svalbard-norway": 0.953665780191606,
    "river-memory": 0.952572628629611,
    "seminar-disciplinarities": 0.9514220952669514,