{
    "introduction-3": 0.9878438726016616,
    "patagonia": 0.9769942761346601,
    "drawn-together": 0.9744522794457737,
    "lost-voices": 0.9744389786034048,
    "remnant-formations": 0.973432120798948,
    "seminar-report-geo-politics": 0.973425696608234,
    "navigating-the-anthropocene-river": 0.9730171527770479,
    "measuring-loss": 0.9725857814735517,
    "risk-equity-in-the-louisiana-anthropocene": 0.9724992429714675,
    "telling-time-through-lagoons-of-human-waste-at-the-western-treatment-plant": 0.9724126122955568,
    "resisting-the-oblivion-of-eco-colonialism": 0.9721599776755167,
    "the-terrain-of-the-former-veb-elektrokohle-lichtenberg": 0.9721068976725247,
    "sounding-landscapes": 0.9719807019850185,
    "outrunning-the-anthropocene": 0.9719016586815679,
    "forecasting-earth-futures": 0.9718605495401886,
    "meeker-dam": 0.9715178100454139,
    "stranging-the-anthropocene-refraction": 0.9713413000018504,
    "going-against-the-flow": 0.971214536944515,
    "interspecies-accomplices-cultivating-conspiracy-at-the-royal-botanic-gardens-victoria": 0.9711861957719494,
    "one-world-solid-and-cracked": 0.9707643934879584,
    "one-place-many-names": 0.9707565449651613,
    "introductions-to-matters-2": 0.9706807983066631,
    "imagining-an-economy-based-on-care": 0.9702195525822128,
    "the-hedge": 0.9701092666502132,
    "seminar-report-anthropogenic-landscapes": 0.9699778792325523,
    "kansan-view-from-iowa-point-1-glacial": 0.9699366061505037,
    "louisiana-a-planetary-reactor": 0.969748329358269,
    "kairos-earthquake-early-warning-application": 0.9694552835773121,
    "prologue-the-fence-concept": 0.969139969587065,
    "inside-the-museum": 0.9691351422002618,
    "wicked-problems-and-mental-models": 0.968848020882449,
    "the-floating-ear": 0.968424820215176,
    "planting-a-seed-is-revolutionary-act": 0.9679458863765251,
    "driving-the-limits-of-time": 0.9676076128485903,
    "seminar-report-filtering-the-anthropocene": 0.9675802532625264,
    "mapping-an-exercise-in-cartography": 0.967568270166304,
    "pockets-reflections-on-the-anthropocene-campus-melbourne": 0.9674166252426027,
    "feeling-following-creative-experiments-and-material-play": 0.9673829791885739,
    "somewhere-somehow-a-co-evolution-story": 0.9672159195302166,
    "field-station-4-confluence-ecologies": 0.9667077565371942,
    "from-a-living-exhibition-to-the-dmz": 0.9664296576998652,
    "tree-x-office": 0.9664051181443659,
    "mobile-hedges": 0.9663219838076916,
    "producing-the-anthropocene-producing-the-future": 0.9662070667757542,
    "performing-the-anthropocene": 0.9661862304876864,
    "nordic-fauna-seen-in-nature": 0.9661024793607434,
    "times-before-and-after": 0.9660796747396588,
    "meskonsing-indian-lake-convergence-1": 0.9660183503497122,
    "global-systems-simulator-gss": 0.9659411463421413,
    "tactics-for-quotidian-anthropocenes": 0.9659113655686825,
    "the-free-sea": 0.9658915101723262,
    "land-acknowledgement-statement": 0.9658221417365246,
    "essay-series": 0.9656572902744429,
    "meskonsing-kansan-an-introduction": 0.9656133251924339,
    "the-anthropocene-in-light-of-biological-feedback": 0.9654279352804106,
    "technosphere-co-evolution-a-seminal-seminar-conversation": 0.9652746450838436,
    "orbital-geopolitics": 0.9652586709465969,
    "environing-technology": 0.9650467141523164,
    "dramatizing-the-future": 0.9649295914444657,
    "the-aerocene-campus": 0.964620503692888,
    "seminar-reflections-algorithmic-intermediation-and-smartness": 0.964554036643298,
    "seminar-reflection-2": 0.9645312700744689,
    "lisboa-parallax-2020": 0.964368813704442,
    "edible-encounters-along-the-mississippi-river": 0.9643603178677475,
    "sacrifice-zones-and-portable-climate": 0.9640400366560498,
    "enter-anthropocene-searching-for-signal-in-new-orleans": 0.9639764685863179,
    "deconstructing-the-we": 0.963970167245319,
    "uncalculated-risk": 0.9638995351801394,
    "significant-and-insignificant-mounds": 0.9638247830762713,
    "on-the-use-of-the-word-code-by-the-kogi-translator": 0.9638069091756435,
    "the-shape-of-a-practice": 0.9634345881298195,
    "la-arboleda": 0.9634087694156053,
    "shadowing-the-anthropocene": 0.9634054033669256,
    "the-hyphen": 0.9631978254487752,
    "white-sands": 0.9631656814579147,
    "infrastrucural-nature": 0.9630156499606101,
    "too-little-water-the-lake-chad-story": 0.9629133292747146,
    "state-of-nature-in-india": 0.9628018320011111,
    "layers-of-violence": 0.9623420276271895,
    "us-southwest": 0.9622660673499044,
    "seminar-valuing-nature": 0.9622250267622607,
    "rogue-elements-of-the-upper-mississippi": 0.9619817185757253,
    "time-out-of-mind": 0.9617629148870905,
    "seminar-anthropogenic-landscapes": 0.9616304795683047,
    "ny-alesund-svalbard-norway": 0.9614644910282835,
    "terraforming": 0.961432809592842,
    "field-station-5-commodity-exploitation": 0.9612195528485588,
    "touring-the-anthropocenery-whos-in-charge-here-2014": 0.9610449463153719,
    "ioway": 0.9609298870114503,
    "humanities-on-the-ground": 0.9605562720802105,
    "economic-framing-environmental-governance-and-teaching-pluralist-economics": 0.9604633006626857,
    "seminar-imaging-the-anthropocene": 0.9604349348593122,
    "of-forests-of-rivers-and-of-meals": 0.9603929834566088,
    "this-is-not-about-survival-its-about-bringing-your-coracle": 0.9603322529201297,
    "seminar-modelling-wicked-problems": 0.9600664592906591,
    "imagine-the-anthropocene-with-a-little-help-from-the-monster-in-you": 0.9600295696481311,
    "time-and-time-again": 0.9598772142965128,
    "voice-and-representation": 0.9595984012701184,
    "lake-chad-narratives": 0.9592251873502822,
    "the-four-dimensional-mississippi": 0.9591990187654968,
    "seminar-report-slow-media": 0.9590499898352193,
    "freshkills-new-york-city": 0.9588042057624423,
    "knowing-in-the-anthropocene": 0.9587042185885155,
    "seminar-sensing": 0.9586829191310126,
    "the-mississippi-basin-an-operational-landscape": 0.9584687102556685,
    "timeslips": 0.9584233006150148,
    "oysters-selective-pressures-and-antibiotic-resistance-in-the-mississippi-delta": 0.9583633327827017,
    "seminar-co-evolution-of-the-technosphere": 0.958179792560708,
    "geo-politics": 0.9581606364439631,
    "systems-analysis-and-modeling": 0.9577798863409771,
    "knowing-together": 0.9577139246466473,
    "real-estate-river": 0.9576129022222556,
    "fort-snellings-deep-time-stories": 0.9576075741592518,
    "seminar-communicating": 0.957388691475462,
    "seminar-co-evolutionary-perspectives": 0.9572853736192446,
    "seminar-exhaustion-and-imagination": 0.9571054871582563,
    "walk-about-it": 0.9570224520067656,
    "on-consuming-slow-media": 0.9569529006910087,
    "limits-to-growth": 0.9568982496878995,
    "monsanto-town": 0.9563889189262871,
    "extracts-and-exclusions": 0.9563793504479832,
    "histories-of-disintegration": 0.955558149630073,
    "nigeria-oil-pipes": 0.9553886413134675,
    "deep-time-walking": 0.9552756241722372,
    "seminar-archiving": 0.9551331064801813,
    "natchez-etiologies-of-athropogenic-emergence": 0.9543973594311221,
    "gas-flares-in-the-bakken-oil-fields-williston-north-dakota-2013": 0.9541078233573594,
    "specifics-of-vulnerability": 0.9537407741998611,
    "from-valuing-nature-to-reclaiming-resources-2": 0.9536056191878449,
    "the-stories-we-tell-the-images-we-take": 0.9534438526162824,
    "the-vietnamese-community-in-eastern-new-orleans": 0.9533964577957745,
    "driving-the-golden-spike": 0.9533897642794201,
    "social-witnessing": 0.9532734899743504,
    "from-valuing-nature-to-reclaiming-resources": 0.9529834355980649,
    "field-station-3-anthropocene-vernacular": 0.9527049048780154,
    "plastic-and-surrogacy": 0.9525493973773665,
    "parallax-lisboa": 0.9523276430890212,
    "the-confluence-area": 0.952021132005292,