{
    "knowing-together": 0.9610613804467825,
    "writing-global-histories-in-the-anthropocene": 0.9577356760214788,
    "river-semester-project": 0.9533218467062373,
    "project-launch-minneapolis": 0.9530848243774076,
    "histories-of-disintegration": 0.952896119724024,
    "lisboa-parallax-2020": 0.9527904058446491,
    "field-station-4-confluence-ecologies": 0.9527019628347869,
    "from-a-living-exhibition-to-the-dmz": 0.9519233534354252,
    "tactics-for-quotidian-anthropocenes": 0.9505058607604508,
    "the-stories-we-tell-the-images-we-take": 0.9498033410328445,
    "place-and-space": 0.949102136983309,
    "the-aerocene-campus": 0.9487405673034559,
    "film-residency-mississippi-an-anthropocene-river": 0.9484507003904068,
    "seminar-co-evolution-of-the-technosphere": 0.947414910112407,
    "seminar-report-slow-media": 0.947163364737257,
    "humanities-on-the-ground": 0.9469445173639299,
    "tactics-for-quotidian-anthropocenes-2": 0.9466037955313275,
    "walk-about-it": 0.9463361412868644,
    "social-witnessing": 0.9462432879051468,
    "field-stations": 0.9458527917126198,
    "the-american-bottom": 0.9457971328092335,
    "the-confluence-area": 0.9455963923823734,
    "inside-the-museum": 0.9452937232170446,
    "monsanto-town": 0.9451485383179187,
    "land-acknowledgement-statement": 0.9450842957950839,
    "river-memory": 0.9449763594562808,
    "eating-the-anthropocene": 0.9446328991823936,
    "the-shape-of-a-practice": 0.9446282693948341,
    "seminar-imaging-the-anthropocene": 0.944085659262738,
    "river-semester": 0.9437340394761514,
    "seminar-clashing-temporalities": 0.9433101222046619,
    "twin-cities-artist-residency-mississippi-an-anthropocene-story": 0.9430001431769239,
    "parallax-lisboa": 0.9426962766206903,
    "panel-talk-beween-patricia-piccinini-and-claudia-vickers": 0.9425448413463406,
    "risk-equity-in-the-louisiana-anthropocene": 0.9420557371011087,
    "seminar-report-anthropogenic-landscapes": 0.9419628775667606,
    "introductions-to-matters-2": 0.9415845286485058,
    "stranging-the-anthropocene-refraction": 0.9414997953661698,
    "seminar-anthropogenic-landscapes": 0.9414239491863171,
    "ny-alesund-svalbard-norway": 0.9407639637801872,
    "drawn-together": 0.9404796290513808,
    "new-orleans-anthropocene-field-campus": 0.9403597397813409,
    "taking-nature-into-account-historical-perspectives-and-paradoxes": 0.9402944767611155,
    "voice-and-representation": 0.9401888220758523,
    "slow-disaster": 0.9400485472834152,
    "xaraasi-xanne-crossing-voices": 0.9394146275208048,
    "seminar-communicating": 0.9392866770534285,
    "seminar-reflection-2": 0.9389257332385326,
    "on-the-recuperative-mismanagement-of-a-cosmopolitan-fish": 0.9386290972590593,
    "seminar-romancing-the-anthropocene": 0.93848809462318,
    "seminar-disciplinarities": 0.9382383369689828,
    "seminar-archiving": 0.9380239900366628,
    "the-shape-of-a-practice-seminars": 0.9379669379030207,
    "interspecies-accomplices-cultivating-conspiracy-at-the-royal-botanic-gardens-victoria": 0.9378537093470635,
    "environing-technology": 0.9378115283535399,
    "natchez-etiologies-of-athropogenic-emergence": 0.9373050745481709,
    "planting-a-seed-is-revolutionary-act": 0.9372481178657669,
    "laboratory-for-a-radical-suburbia": 0.9371779525575119,
    "extracts-and-exclusions": 0.9370341428216146,
    "forecasting-earth-futures": 0.9370091004964117,
    "from-plantations-to-petrochemicals": 0.9369919887523276,
    "state-of-nature-some-philosophical-issues": 0.9367035645909261,
    "seminar-consensus-building": 0.9366329130245462,
    "seminar-reflections-algorithmic-intermediation-and-smartness": 0.9364840160707922,
    "time-and-time-again": 0.9364583284930728,
    "seminar-sensing": 0.9364147436329161,
    "seminar-report-filtering-the-anthropocene": 0.936218427702847,
    "typha-the-once-and-future-planty-companion": 0.9360828418145419,
    "navigating-the-anthropocene-river": 0.9355734857113428,
    "seminar-co-evolutionary-perspectives": 0.9353241698084948,
    "seminar-valuing-nature": 0.934861322137638,
    "the-anthropocene-and-our-post-natural-future-2": 0.9346025602573464,
    "economic-framing-environmental-governance-and-teaching-pluralist-economics": 0.9344538719007174,
    "state-of-nature-in-india": 0.9343943708919463,
    "mississippi": 0.9336516479174292,
    "seminar-film-exhaustion-and-imagination": 0.9335200767224365,
    "imagining-an-economy-based-on-care": 0.933363931183208,
    "looking-downstream": 0.9333350538183576,
    "how-not-what-power-time-landscape": 0.933276115735693,
    "driving-the-limits-of-time": 0.9328668145436265,
    "feeling-following-creative-experiments-and-material-play": 0.9326919593481268,
    "on-consuming-slow-media": 0.9324413954599109,
    "seminar-film-clashing-temporalities": 0.9319419771242397,
    "the-shape-of-a-practice-online-project-environment": 0.9315210250655772,
    "seminar-filtering-the-anthropocene": 0.9314722678934656,
    "essay-series": 0.9312973013846884,
    "lost-voices": 0.9312816938643277,
    "producing-the-anthropocene-producing-the-future": 0.9311313927183227,
    "one-world-solid-and-cracked": 0.930981196373583,
    "orbital-geopolitics": 0.9307463060691697,
    "performing-the-anthropocene": 0.9306143453042662,
    "seminar-sensing-the-insensible": 0.9300163912969572,
    "kansan-view-from-iowa-point-1-glacial": 0.9299131870762115,
    "measuring-loss": 0.9297294416992932,
    "limits-to-growth": 0.9292413970907019,
    "field-trips": 0.9292388748342699,
    "meskonsing-kansan-an-introduction": 0.9290484983948267,
    "seminar-slow-media": 0.9289547289351079,
    "going-against-the-flow": 0.9288698404472596,
    "real-estate-river": 0.9285917853504989,
    "plant-domestication-and-dispersal": 0.9285000371612814,
    "driving-the-golden-spike": 0.9283627507569483,
    "shadowing-the-anthropocene": 0.9282118532759004,
    "field-station-5-commodity-exploitation": 0.9281645147920674,
    "seminar-modelling-wicked-problems": 0.9280780752983063,
    "from-valuing-nature-to-reclaiming-resources-2": 0.9280560541217444,
    "seminar-report-geo-politics": 0.9274853524030401,
    "field-station-3-anthropocene-vernacular": 0.9273868112495297,
    "enter-anthropocene-searching-for-signal-in-new-orleans": 0.927334865933312,
    "sacrifice-zones-and-portable-climate": 0.9269798806476651,
    "the-floating-ear": 0.9268398415581158,
    "pockets-reflections-on-the-anthropocene-campus-melbourne": 0.9268001828342738,
    "terraforming": 0.9266725606996145,
    "too-little-water-the-lake-chad-story": 0.9265751263615485,
    "temporary-continent": 0.9265081373675704,
    "meskonsing-indian-lake-convergence-1": 0.9264924656559077,
    "seminar-un-bounded-engineering-and-evolutionary-stability": 0.9258199289273441,
    "geo-politics": 0.9258055768720628,
    "infrastrucural-nature": 0.9257570078657047,
    "telling-time-through-lagoons-of-human-waste-at-the-western-treatment-plant": 0.9253421119105527,
    "images-of-the-anthropocene": 0.9239379004225624,
    "midway-meeting-st-louis": 0.9239165810151408,
    "seminar-claims-property": 0.923017359945207,
    "one-place-many-names": 0.9229731764894262,
    "plastic-and-surrogacy": 0.9229082805723713,
    "layers-of-violence": 0.9227024938365282,
    "mapping-an-exercise-in-cartography": 0.9222102952695934,
    "seminar-algorithmic-intermediation-and-smartness": 0.9221784162330743,
    "seminar-film-un-bounded-engineering-and-evolutionary-stability": 0.9220968989421212,
    "seminar-techno-metabolism": 0.9219402609405455,
    "sounding-landscapes": 0.9211261732417164,
    "dramatizing-the-future": 0.9209225879599802,
    "touring-the-anthropocenery-whos-in-charge-here-2014": 0.9206995120965741,
    "the-rights-of-nature": 0.9203618742160308,
    "kairos-earthquake-early-warning-application": 0.9202265537607033,
    "louisiana-a-planetary-reactor": 0.9199490565451648,