{
    "shaped-by-rivers": 0.7743485202498598,
    "mississippi": 0.7611521189009715,
    "the-great-green-desert": 0.7485791292031044,
    "islands-colonialism-and-geopolitics": 0.7428906904651729,
    "the-maledives-case": 0.7419217107779845,
    "inheritance": 0.7415327303116915,
    "plant-domestication-and-dispersal": 0.7391391807813391,
    "writing-global-histories-in-the-anthropocene": 0.7387536930749595,
    "transect-walk-cahokia-mounds-to-fairmont-city": 0.7381702991114851,
    "significant-and-insignificant-mounds-2": 0.733787721055645,
    "meskonsing-kansan": 0.7334340128329503,
    "natchez-etiologies-of-athropogenic-emergence": 0.7328297460352134,
    "ny-alesund-svalbard-norway": 0.7320800818565961,
    "field-station-3-anthropocene-vernacular": 0.7304790062909121,
    "seminar-un-bounded-engineering-and-evolutionary-stability": 0.729484541022937,
    "the-lena-is-worthy-of-baikal-defining-remoteness-across-the-north-and-the-east": 0.7294468934470691,
    "field-station-1-sediment-settlement-sentiment": 0.7289263664811289,
    "kansan-view-from-iowa-point-1-glacial": 0.7275652222434085,
    "field-station-2-anthropocene-drift": 0.7266305979844058,
    "the-american-bottom": 0.7264850100311958,
    "eating-the-anthropocene": 0.7241610599848248,
    "taking-nature-into-account-historical-perspectives-and-paradoxes": 0.7235028104685554,
    "from-plantations-to-petrochemicals": 0.7228884642613707,
    "over-the-levee-under-the-plow": 0.7220629665458618,
    "significant-and-insignificant-mounds": 0.7195807857159393,
    "state-of-nature-some-philosophical-issues": 0.7191604156232123,
    "understanding-the-north-american-lost-crops": 0.7190647527771267,
    "environmental-geochemistry-of-river-sediments": 0.7188207316014905,
    "field-station-5-commodity-exploitation": 0.7182597336066195,
    "the-mississippi-basin-an-operational-landscape": 0.7179179430769018,
    "the-four-dimensional-mississippi": 0.7165237170262163,
    "forecasting-earth-futures": 0.715829950851741,
    "seminar-claims-property": 0.7157504822961234,
    "seminar-anthropogenic-landscapes": 0.7157469194496615,
    "re-patterning-with-kudzu": 0.7149429675723646,
    "field-stations": 0.7145916891333899,
    "gas-flares-in-the-bakken-oil-fields-williston-north-dakota-2013": 0.7144068354893053,
    "field-station-4-confluence-ecologies": 0.7143657113655821,
    "seminar-commodity-flows": 0.7142342358823102,
    "social-witnessing": 0.7140799104178636,
    "temporary-continent": 0.7139262952951974,
    "too-little-water-the-lake-chad-story": 0.7133820597073324,
    "orbital-geopolitics": 0.7112236349103377,
    "on-land-and-lakes-colonizing-the-north": 0.7110202151197781,
    "lake-chad-sharing-a-diminishing-resource": 0.7103907764255172,
    "humanities-on-the-ground": 0.7101968375319971,
    "sacrifice-zones-and-portable-climate": 0.7097299120114788,
    "lounging-through-the-flood": 0.7089124401154563,
    "land-acknowledgement-statement": 0.7087209636423197,
    "infrastructures": 0.7083973010388878,
    "environing-technology": 0.7071210882708788,
    "meskonsing-kansan-an-introduction": 0.7066924818536161,
    "white-sands": 0.7063861578898767,
    "reshaping-the-shape-embodiment-ecology-and-culture-of-a-postnatural-carp": 0.7062250540654396,
    "seminar-report-filtering-the-anthropocene": 0.7058830379225319,
    "histories-of-disintegration": 0.7050975419560329,
    "driving-the-limits-of-time": 0.7045210431785729,
    "essay-series": 0.7040205192168302,
    "monsanto-town": 0.7036238750482162,
    "mikado-sol-2014": 0.7032896903186421,
    "laboratory-for-a-radical-suburbia": 0.7032002390814684,
    "slow-disaster": 0.7031746571222729,
    "enter-anthropocene-searching-for-signal-in-new-orleans": 0.7024935320848323,
    "the-confluence-area": 0.7023267683617278,
    "walk-about-it": 0.7019499644174301,
    "river-semester": 0.7018277513767978,
    "meskonsing-indian-lake-convergence-1": 0.7017574895085227,
    "panel-talk-beween-patricia-piccinini-and-claudia-vickers": 0.699731305075095,
    "lake-chad-narratives": 0.6994582679320209,
    "field-trips": 0.6993994527415611,
    "la-arboleda": 0.6991404231917393,
    "seminar-clashing-temporalities": 0.6991306918617631,
    "nigeria-oil-pipes": 0.698930362637696,
    "seminar-disciplinarities": 0.6979900515326376,
    "state-of-nature-in-india": 0.6978359136819751,
    "interspecies-accomplices-cultivating-conspiracy-at-the-royal-botanic-gardens-victoria": 0.6976765836568999,
    "driving-the-golden-spike": 0.6975666065780213,
    "seminar-co-evolution-of-the-technosphere": 0.6975501662085059,
    "seminar-film-un-bounded-engineering-and-evolutionary-stability": 0.6973553837923108,
    "time-and-time-again": 0.6972431189299804,
    "outrunning-the-anthropocene": 0.6967735176679392,
    "seminar-imaging-the-anthropocene": 0.6966247732220329,
    "from-a-living-exhibition-to-the-dmz": 0.696175142288794,
    "patagonia": 0.6947250099618566,
    "plastic-and-surrogacy": 0.6944432931434533,
    "stranging-the-anthropocene-refraction": 0.6943930840997207,
    "looking-downstream": 0.6936558914557923,
    "river-semester-project": 0.6936391133287035,
    "film-residency-mississippi-an-anthropocene-river": 0.6934284586143477,
    "navigating-the-anthropocene-river": 0.693085757011086,
    "lisboa-parallax-2020": 0.6927196190864922,
    "typha-the-once-and-future-planty-companion": 0.692532764237933,
    "oysters-selective-pressures-and-antibiotic-resistance-in-the-mississippi-delta": 0.6921262692363983,
    "inside-the-museum": 0.6920696714851495,
    "worshipping-along-the-routes-of-migration": 0.6920208395806363,
    "planting-a-seed-is-revolutionary-act": 0.6915059680603954,
    "one-world-solid-and-cracked": 0.691162304760297,
    "real-estate-river": 0.6907551052153331,
    "seminar-techno-metabolism": 0.6905258713960926,
    "technosphere-magazine": 0.6903130840738768,
    "how-not-what-power-time-landscape": 0.6897682804111137,
    "limits-to-growth": 0.6891916605336841,
    "economic-framing-environmental-governance-and-teaching-pluralist-economics": 0.6890451494881075,
    "sounding-landscapes": 0.6888478046681247,
    "louisiana-a-planetary-reactor": 0.6884914862994438,
    "project-launch-minneapolis": 0.6883600381995735,
    "timeslips": 0.6880849183030368,
    "going-against-the-flow": 0.6877397315012487,
    "seminar-film-commodity-flows": 0.6873589753090784,
    "telling-time-through-lagoons-of-human-waste-at-the-western-treatment-plant": 0.6872756246491429,
    "st-louis-anthropocene-field-campus": 0.6871898575134007,
    "meeker-dam": 0.6866282024551829,
    "knowing-together": 0.6862526273806949,
    "edible-encounters-along-the-mississippi-river": 0.6862163650031214,
    "tactics-for-quotidian-anthropocenes-2": 0.6859745481115931,
    "seminar-co-evolutionary-perspectives": 0.685922684583334,
    "on-the-recuperative-mismanagement-of-a-cosmopolitan-fish": 0.6858199716378545,
    "the-shape-of-a-practice": 0.6855653681409621,
    "lost-voices": 0.6853569047745193,
    "layers-of-violence": 0.6851952747177013,
    "from-valuing-nature-to-reclaiming-resources": 0.6850722844096855,
    "us-southwest": 0.6848759246309566,
    "kick-off-anthropocene-river-journey": 0.6848672361230406,
    "the-vietnamese-community-in-eastern-new-orleans": 0.684486952524196,
    "seminar-film-exhaustion-and-imagination": 0.684096135960053,
    "producing-the-anthropocene-producing-the-future": 0.6839819463074023,
    "the-anthropocene-and-our-post-natural-future-2": 0.6838228115547759,
    "the-rights-of-nature": 0.6837317640400475,
    "introduction-3": 0.6837225061470575,
    "introductions-to-matters-2": 0.6832049726559503,
    "drawn-together": 0.6830960817292451,
    "one-place-many-names": 0.6826048678830632,
    "seminar-romancing-the-anthropocene": 0.6825530788235727,
    "infrastrucural-nature": 0.6823544384804753,
    "freshkills-new-york-city": 0.6822043304470504,
    "remnant-formations": 0.6816871340762231,