{
    "navigating-the-anthropocene-river": 0.9924475506522409,
    "risk-equity-in-the-louisiana-anthropocene": 0.9910361414932034,
    "driving-the-limits-of-time": 0.9910165557923872,
    "going-against-the-flow": 0.9905658245843983,
    "lost-voices": 0.990071359091614,
    "introductions-to-matters-2": 0.9898317191482973,
    "measuring-loss": 0.9883315320529003,
    "seminar-report-anthropogenic-landscapes": 0.9880563653101803,
    "tactics-for-quotidian-anthropocenes": 0.9879158765614796,
    "performing-the-anthropocene": 0.9877160641545772,
    "inside-the-museum": 0.9877142117178819,
    "telling-time-through-lagoons-of-human-waste-at-the-western-treatment-plant": 0.9876965614222096,
    "the-aerocene-campus": 0.9872807444148414,
    "louisiana-a-planetary-reactor": 0.9870714657928898,
    "pockets-reflections-on-the-anthropocene-campus-melbourne": 0.9867073445356122,
    "forecasting-earth-futures": 0.9862991811843919,
    "kairos-earthquake-early-warning-application": 0.986166287131051,
    "resisting-the-oblivion-of-eco-colonialism": 0.9859577798523411,
    "one-world-solid-and-cracked": 0.9858276527327393,
    "seminar-reflections-algorithmic-intermediation-and-smartness": 0.9857800194644973,
    "imagining-an-economy-based-on-care": 0.9855089202912171,
    "seminar-report-geo-politics": 0.9852632806404615,
    "one-place-many-names": 0.9852242799481663,
    "feeling-following-creative-experiments-and-material-play": 0.9849748335202694,
    "stranging-the-anthropocene-refraction": 0.9849091951877106,
    "outrunning-the-anthropocene": 0.9848441461832356,
    "the-floating-ear": 0.9848139233048148,
    "meeker-dam": 0.9847234325355548,
    "interspecies-accomplices-cultivating-conspiracy-at-the-royal-botanic-gardens-victoria": 0.9840496326284974,
    "planting-a-seed-is-revolutionary-act": 0.9840478711114986,
    "field-station-4-confluence-ecologies": 0.98402830839574,
    "the-shape-of-a-practice": 0.9839213509224327,
    "mapping-an-exercise-in-cartography": 0.9839165222690941,
    "producing-the-anthropocene-producing-the-future": 0.983843217932133,
    "the-terrain-of-the-former-veb-elektrokohle-lichtenberg": 0.9836810854785568,
    "seminar-reflection-2": 0.9835921608864256,
    "seminar-report-filtering-the-anthropocene": 0.9835446171847455,
    "the-free-sea": 0.9827781670386984,
    "essay-series": 0.982666410090783,
    "enter-anthropocene-searching-for-signal-in-new-orleans": 0.9823329866891678,
    "times-before-and-after": 0.9821730278953325,
    "time-out-of-mind": 0.9820386182943053,
    "on-consuming-slow-media": 0.9819760837450726,
    "seminar-modelling-wicked-problems": 0.9819616759931922,
    "histories-of-disintegration": 0.981816321572925,
    "technosphere-co-evolution-a-seminal-seminar-conversation": 0.9816087609095517,
    "seminar-imaging-the-anthropocene": 0.9815646163364207,
    "environing-technology": 0.9815166719433268,
    "kansan-view-from-iowa-point-1-glacial": 0.9815139178522186,
    "on-the-use-of-the-word-code-by-the-kogi-translator": 0.9814842942458774,
    "knowing-together": 0.9813884454565015,
    "global-systems-simulator-gss": 0.9813853453107444,
    "uncalculated-risk": 0.9812764016726248,
    "somewhere-somehow-a-co-evolution-story": 0.9811973418399516,
    "sacrifice-zones-and-portable-climate": 0.9808797975466603,
    "sounding-landscapes": 0.9808158166785423,
    "remnant-formations": 0.9806121873060712,
    "seminar-report-slow-media": 0.9805782939015891,
    "the-hyphen": 0.980511434024849,
    "seminar-anthropogenic-landscapes": 0.9804400665386281,
    "land-acknowledgement-statement": 0.9804166256371155,
    "rogue-elements-of-the-upper-mississippi": 0.9804037370513434,
    "seminar-co-evolution-of-the-technosphere": 0.9801644224931595,
    "shadowing-the-anthropocene": 0.9801245877329008,
    "terraforming": 0.9800070933358257,
    "the-stories-we-tell-the-images-we-take": 0.979638030440658,
    "wicked-problems-and-mental-models": 0.9794251377242548,
    "extracts-and-exclusions": 0.9792502525212602,
    "imagine-the-anthropocene-with-a-little-help-from-the-monster-in-you": 0.9792035973141585,
    "seminar-sensing": 0.9790456964446117,
    "social-witnessing": 0.9789278023771598,
    "touring-the-anthropocenery-whos-in-charge-here-2014": 0.9788516294685257,
    "nordic-fauna-seen-in-nature": 0.9787880355191398,
    "meskonsing-indian-lake-convergence-1": 0.9787134861614087,
    "the-confluence-area": 0.9786992926797567,
    "seminar-clashing-temporalities": 0.9784702677359092,
    "of-forests-of-rivers-and-of-meals": 0.9782877882654266,
    "seminar-consensus-building": 0.9782226971328615,
    "walk-about-it": 0.9777701774129411,
    "edible-encounters-along-the-mississippi-river": 0.9777449075790637,
    "the-four-dimensional-mississippi": 0.977647451859593,
    "seminar-valuing-nature": 0.9776117946843825,
    "real-estate-river": 0.9774432383390503,
    "patagonia": 0.9773408110523656,
    "limits-to-growth": 0.9773339756685764,
    "orbital-geopolitics": 0.9772160674912107,
    "ioway": 0.9771606109946659,
    "layers-of-violence": 0.9769984073960926,
    "seminar-communicating": 0.976927122468299,
    "white-sands": 0.9766980190270249,
    "the-anthropocene-in-light-of-biological-feedback": 0.9765970425885735,
    "meskonsing-kansan-an-introduction": 0.9764494714198706,
    "knowing-in-the-anthropocene": 0.9763386688938102,
    "seminar-exhaustion-and-imagination": 0.976149073914689,
    "timeslips": 0.97585219772008,
    "seminar-co-evolutionary-perspectives": 0.9757730845658606,
    "freshkills-new-york-city": 0.9754983924188123,
    "listening-to-the-mississippi": 0.9754007201334642,
    "lisboa-parallax-2020": 0.975397758962058,
    "river-memory": 0.9753830153227941,
    "from-a-living-exhibition-to-the-dmz": 0.9753102123696612,
    "seminar-archiving": 0.9752958302797196,
    "fort-snellings-deep-time-stories": 0.9751484952013869,
    "mobile-hedges": 0.9749677105633362,
    "on-the-recuperative-mismanagement-of-a-cosmopolitan-fish": 0.9749081300435766,
    "introduction-3": 0.9746674236381184,
    "infrastrucural-nature": 0.9744380505150759,
    "place-and-space": 0.9743569499837892,
    "ny-alesund-svalbard-norway": 0.974316032387455,
    "time-and-time-again": 0.9742687261891645,
    "the-mississippi-basin-an-operational-landscape": 0.9740928308082311,
    "voice-and-representation": 0.9740685641088599,
    "state-of-nature-in-india": 0.9739817676042433,
    "driving-the-golden-spike": 0.9738154565562123,
    "too-little-water-the-lake-chad-story": 0.9737711493631308,
    "specifics-of-vulnerability": 0.9737449903134462,
    "humanities-on-the-ground": 0.9735624309581953,
    "systems-analysis-and-modeling": 0.9732692812037843,
    "how-does-the-world-end-for-others": 0.9731119837900167,
    "gas-flares-in-the-bakken-oil-fields-williston-north-dakota-2013": 0.9731007425658028,
    "la-arboleda": 0.9725194716404122,
    "tree-x-office": 0.9723165147293438,
    "field-station-5-commodity-exploitation": 0.9717737811957295,
    "the-american-bottom": 0.9717220148073695,
    "film-residency-mississippi-an-anthropocene-river": 0.97156940656422,
    "seminar-slow-media": 0.9714973129649026,
    "seminar-governing-the-technosphere": 0.9713657204919536,
    "monsanto-town": 0.9706367221420125,
    "nigeria-oil-pipes": 0.9705392453401508,
    "this-is-not-about-survival-its-about-bringing-your-coracle": 0.9705255963121567,
    "field-station-3-anthropocene-vernacular": 0.9704309740973196,
    "eating-the-anthropocene": 0.9702632444850279,
    "technostratigraphy-of-a-technological-object": 0.9701180556331952,
    "twin-cities-artist-residency-mississippi-an-anthropocene-story": 0.9700932671255558,
    "economic-framing-environmental-governance-and-teaching-pluralist-economics": 0.9700577605248878,
    "significant-and-insignificant-mounds": 0.9699369923586246,
    "oysters-selective-pressures-and-antibiotic-resistance-in-the-mississippi-delta": 0.9699043407079856,