{
    "inside-the-museum": 0.9760075803089923,
    "interspecies-accomplices-cultivating-conspiracy-at-the-royal-botanic-gardens-victoria": 0.975728051819051,
    "risk-equity-in-the-louisiana-anthropocene": 0.9738859550194539,
    "introductions-to-matters-2": 0.9732025843241572,
    "stranging-the-anthropocene-refraction": 0.9728981080370654,
    "tactics-for-quotidian-anthropocenes": 0.972811260862632,
    "knowing-together": 0.9725315954226681,
    "seminar-report-anthropogenic-landscapes": 0.9721952823332695,
    "field-station-4-confluence-ecologies": 0.9721557934173112,
    "planting-a-seed-is-revolutionary-act": 0.9720804998958066,
    "navigating-the-anthropocene-river": 0.9718732978960711,
    "kansan-view-from-iowa-point-1-glacial": 0.9717989940848107,
    "land-acknowledgement-statement": 0.9716092350974402,
    "the-aerocene-campus": 0.9711411860029824,
    "meskonsing-kansan-an-introduction": 0.971093631693498,
    "measuring-loss": 0.9707966603520871,
    "meskonsing-indian-lake-convergence-1": 0.9701878793904826,
    "on-the-recuperative-mismanagement-of-a-cosmopolitan-fish": 0.9701779018074682,
    "plant-domestication-and-dispersal": 0.9701363022952392,
    "going-against-the-flow": 0.9693122791585911,
    "imagining-an-economy-based-on-care": 0.9692962098820347,
    "forecasting-earth-futures": 0.9691394826481988,
    "telling-time-through-lagoons-of-human-waste-at-the-western-treatment-plant": 0.9690514456247313,
    "lost-voices": 0.9690098025283073,
    "lisboa-parallax-2020": 0.9685547578332598,
    "histories-of-disintegration": 0.9681850679218479,
    "the-american-bottom": 0.9679115664181653,
    "the-confluence-area": 0.9677379278287678,
    "social-witnessing": 0.9676600489362922,
    "one-place-many-names": 0.9675865168385134,
    "seminar-report-slow-media": 0.967528416349346,
    "seminar-co-evolution-of-the-technosphere": 0.9674880342151908,
    "from-a-living-exhibition-to-the-dmz": 0.9674047995698325,
    "seminar-imaging-the-anthropocene": 0.967358118099517,
    "one-world-solid-and-cracked": 0.9673404222520409,
    "limits-to-growth": 0.9672779955825085,
    "the-stories-we-tell-the-images-we-take": 0.9670739750300388,
    "seminar-report-filtering-the-anthropocene": 0.9670697430719141,
    "natchez-etiologies-of-athropogenic-emergence": 0.9669215383774491,
    "time-and-time-again": 0.966651009979329,
    "louisiana-a-planetary-reactor": 0.9666179409924596,
    "the-shape-of-a-practice": 0.9665886895426825,
    "orbital-geopolitics": 0.9665115719493943,
    "performing-the-anthropocene": 0.9665108188614465,
    "ny-alesund-svalbard-norway": 0.9664166313600117,
    "monsanto-town": 0.9664013613818532,
    "seminar-clashing-temporalities": 0.9663422150560574,
    "sounding-landscapes": 0.9662008750201522,
    "humanities-on-the-ground": 0.9661868564604251,
    "too-little-water-the-lake-chad-story": 0.9661108795015801,
    "sacrifice-zones-and-portable-climate": 0.9657725734394307,
    "the-anthropocene-and-our-post-natural-future-2": 0.96575240972303,
    "essay-series": 0.9651154755900321,
    "outrunning-the-anthropocene": 0.9649156310211434,
    "real-estate-river": 0.9648067254538956,
    "seminar-valuing-nature": 0.9645460689525022,
    "producing-the-anthropocene-producing-the-future": 0.9644260158557862,
    "edible-encounters-along-the-mississippi-river": 0.9643433843210412,
    "shadowing-the-anthropocene": 0.9640342413395265,
    "layers-of-violence": 0.9638416696113333,
    "seminar-co-evolutionary-perspectives": 0.9637887575479294,
    "resisting-the-oblivion-of-eco-colonialism": 0.9637516577215491,
    "state-of-nature-in-india": 0.9636942787608042,
    "seminar-report-geo-politics": 0.9635032091557237,
    "feeling-following-creative-experiments-and-material-play": 0.9634785465497517,
    "patagonia": 0.9633030317476265,
    "the-terrain-of-the-former-veb-elektrokohle-lichtenberg": 0.9631092696583815,
    "enter-anthropocene-searching-for-signal-in-new-orleans": 0.9630671911388641,
    "seminar-anthropogenic-landscapes": 0.9629693317138239,
    "meeker-dam": 0.9629445662397843,
    "xaraasi-xanne-crossing-voices": 0.9628556715748069,
    "writing-global-histories-in-the-anthropocene": 0.9627830599751158,
    "seminar-reflection-2": 0.962491063967454,
    "pockets-reflections-on-the-anthropocene-campus-melbourne": 0.9624726912357747,
    "white-sands": 0.9622520487423448,
    "oysters-selective-pressures-and-antibiotic-resistance-in-the-mississippi-delta": 0.9618373635643738,
    "kairos-earthquake-early-warning-application": 0.9616270037864361,
    "somewhere-somehow-a-co-evolution-story": 0.9613651516752301,
    "the-anthropocene-in-light-of-biological-feedback": 0.9613582525884196,
    "understanding-the-north-american-lost-crops": 0.9613090596407384,
    "seminar-archiving": 0.9611694609023215,
    "remnant-formations": 0.9608927172515018,
    "seminar-reflections-algorithmic-intermediation-and-smartness": 0.9608527566353735,
    "freshkills-new-york-city": 0.9608401279374217,
    "walk-about-it": 0.960805701031672,
    "from-valuing-nature-to-reclaiming-resources": 0.9607246744787116,
    "la-arboleda": 0.9604514282190787,
    "nordic-fauna-seen-in-nature": 0.9603188086298204,
    "project-launch-minneapolis": 0.9600508313184934,
    "seminar-consensus-building": 0.9597951602467726,
    "how-not-what-power-time-landscape": 0.95979491954619,
    "the-vietnamese-community-in-eastern-new-orleans": 0.9594038119954118,
    "re-patterning-with-kudzu": 0.9592793417197835,
    "mapping-an-exercise-in-cartography": 0.9589677384760498,
    "touring-the-anthropocenery-whos-in-charge-here-2014": 0.9586865129548966,
    "the-free-sea": 0.9585555577271564,
    "seminar-sensing": 0.9582434325267507,
    "seminar-communicating": 0.9581690218595723,
    "laboratory-for-a-radical-suburbia": 0.9578827714787732,
    "from-plantations-to-petrochemicals": 0.9577266794350036,
    "infrastrucural-nature": 0.95768221916416,
    "fort-snellings-deep-time-stories": 0.9576767818244385,
    "introduction-3": 0.9575196548857241,
    "time-out-of-mind": 0.9573479969083439,
    "environing-technology": 0.9569827940188581,
    "field-station-3-anthropocene-vernacular": 0.9569037903510776,
    "terraforming": 0.9568855099063434,
    "on-consuming-slow-media": 0.956678153000405,
    "tree-x-office": 0.9564303887313059,
    "the-floating-ear": 0.9563977483479456,
    "economic-framing-environmental-governance-and-teaching-pluralist-economics": 0.95636421613324,
    "extracts-and-exclusions": 0.9563046023608694,
    "river-semester-project": 0.9562278401131467,
    "the-hyphen": 0.9560192612489021,
    "on-the-use-of-the-word-code-by-the-kogi-translator": 0.9558795545055478,
    "tactics-for-quotidian-anthropocenes-2": 0.9557810688124854,
    "times-before-and-after": 0.9556403740573021,
    "the-mississippi-basin-an-operational-landscape": 0.9555634856667026,
    "global-systems-simulator-gss": 0.955457191731397,
    "imagine-the-anthropocene-with-a-little-help-from-the-monster-in-you": 0.9554113292689116,
    "significant-and-insignificant-mounds": 0.9553085585956478,
    "film-residency-mississippi-an-anthropocene-river": 0.955212377080612,
    "seminar-modelling-wicked-problems": 0.9551877035994485,
    "place-and-space": 0.9551767171491602,
    "of-forests-of-rivers-and-of-meals": 0.9550855322644987,
    "this-is-not-about-survival-its-about-bringing-your-coracle": 0.9550015580835349,
    "river-memory": 0.9549705650394122,
    "seminar-techno-metabolism": 0.954959603706803,
    "plastic-and-surrogacy": 0.9548441546077961,
    "voice-and-representation": 0.9547222865391193,
    "technosphere-co-evolution-a-seminal-seminar-conversation": 0.9543269076882688,
    "mississippi": 0.9538478911332038,
    "us-southwest": 0.9538381709444753,
    "uncalculated-risk": 0.953660301246545,
    "the-great-green-desert": 0.9535622075806982,
    "rogue-elements-of-the-upper-mississippi": 0.9531169059800692,