{
    "seminar-valuing-nature": 0.9892828459848373,
    "global-systems-simulator-gss": 0.9842334572087493,
    "seminar-modelling-wicked-problems": 0.9817292399977907,
    "lisboa-parallax-2020": 0.9812639536523382,
    "limits-to-growth": 0.9802426024699757,
    "humanities-on-the-ground": 0.9801138597145022,
    "voice-and-representation": 0.9799960988342235,
    "seminar-reflections-algorithmic-intermediation-and-smartness": 0.9798822575643499,
    "seminar-reflection-2": 0.9797345419472776,
    "producing-the-anthropocene-producing-the-future": 0.9793378165441339,
    "forecasting-earth-futures": 0.9791782289511743,
    "seminar-report-anthropogenic-landscapes": 0.9791284262427397,
    "infrastrucural-nature": 0.9790299737798625,
    "seminar-report-geo-politics": 0.9788029240170607,
    "feeling-following-creative-experiments-and-material-play": 0.9787273124098178,
    "imagining-an-economy-based-on-care": 0.9778814586802026,
    "state-of-nature-some-philosophical-issues": 0.9778803808822826,
    "seminar-report-filtering-the-anthropocene": 0.9775927815719658,
    "the-shape-of-a-practice": 0.9774698883207944,
    "seminar-co-evolution-of-the-technosphere": 0.9769505801531764,
    "stranging-the-anthropocene-refraction": 0.9763995405996466,
    "systems-analysis-and-modeling": 0.975482219214035,
    "inside-the-museum": 0.9754436430152946,
    "the-anthropocene-in-light-of-biological-feedback": 0.97518108485201,
    "wicked-problems-and-mental-models": 0.9751082524104175,
    "risk-equity-in-the-louisiana-anthropocene": 0.9746055618216072,
    "one-world-solid-and-cracked": 0.9745124307880928,
    "parallax-lisboa": 0.9744816183674029,
    "environing-technology": 0.974474882709942,
    "seminar-sensing": 0.9739238351116729,
    "on-consuming-slow-media": 0.9737712078587539,
    "ny-alesund-svalbard-norway": 0.973741969325136,
    "mapping-an-exercise-in-cartography": 0.9736254286526789,
    "geo-politics": 0.9732386895076235,
    "state-of-nature-in-india": 0.9732094342256304,
    "from-valuing-nature-to-reclaiming-resources-2": 0.9731008046082948,
    "seminar-consensus-building": 0.9726325352200338,
    "too-little-water-the-lake-chad-story": 0.9719965468222621,
    "the-floating-ear": 0.9719354070674529,
    "seminar-communicating": 0.9718499110119592,
    "introductions-to-matters-2": 0.9718423240733792,
    "seminar-imaging-the-anthropocene": 0.9717725955215095,
    "lost-voices": 0.9716713505375094,
    "field-station-4-confluence-ecologies": 0.9712615321960811,
    "writing-global-histories-in-the-anthropocene": 0.9708443025360085,
    "kairos-earthquake-early-warning-application": 0.970292134003606,
    "seminar-report-slow-media": 0.9700826579478034,
    "seminar-co-evolutionary-perspectives": 0.9698635177854446,
    "seminar-exhaustion-and-imagination": 0.9697255833527317,
    "going-against-the-flow": 0.9691112818205118,
    "tactics-for-quotidian-anthropocenes": 0.9685838429413932,
    "plastic-and-surrogacy": 0.9683464679931836,
    "from-valuing-nature-to-reclaiming-resources": 0.9682523515010145,
    "from-a-living-exhibition-to-the-dmz": 0.9679034399826778,
    "resisting-the-oblivion-of-eco-colonialism": 0.9677608988632049,
    "times-before-and-after": 0.9677101713356219,
    "knowing-together": 0.9675850520101645,
    "time-and-time-again": 0.9674669167664013,
    "planting-a-seed-is-revolutionary-act": 0.967339711597556,
    "navigating-the-anthropocene-river": 0.9673235209627445,
    "monsanto-town": 0.9672373185305221,
    "technosphere-co-evolution-a-seminal-seminar-conversation": 0.9671993539830148,
    "the-anthropocene-and-our-post-natural-future-2": 0.9670883257568352,
    "seminar-archiving": 0.9669254130484273,
    "terraforming": 0.9664774055875603,
    "seminar-filtering-the-anthropocene": 0.9662131971873817,
    "seminar-disciplinarities": 0.9659114827970702,
    "taking-nature-into-account-historical-perspectives-and-paradoxes": 0.9657166428096573,
    "orbital-geopolitics": 0.9656327066502498,
    "measuring-loss": 0.9650391449313344,
    "seminar-risk-equity": 0.964801545534207,
    "outrunning-the-anthropocene": 0.9645166373145523,
    "seminar-governing-the-technosphere": 0.9642115945444755,
    "seminar-anthropogenic-landscapes": 0.9640299137074169,
    "enter-anthropocene-searching-for-signal-in-new-orleans": 0.9638130429263282,
    "land-acknowledgement-statement": 0.9636417433409377,
    "the-aerocene-campus": 0.963494668575878,
    "real-estate-river": 0.9633085653785282,
    "the-mississippi-basin-an-operational-landscape": 0.9630877990949321,
    "the-terrain-of-the-former-veb-elektrokohle-lichtenberg": 0.9629417818549745,
    "seminar-algorithmic-intermediation-and-smartness": 0.9625047388836123,
    "meeker-dam": 0.9623982611157393,
    "oysters-selective-pressures-and-antibiotic-resistance-in-the-mississippi-delta": 0.9619933065063432,
    "sounding-landscapes": 0.9619345080947187,
    "the-free-sea": 0.9619266446156164,
    "knowing-in-the-anthropocene": 0.9619208498957912,
    "the-hyphen": 0.961836452362383,
    "shadowing-the-anthropocene": 0.9618311352019373,
    "somewhere-somehow-a-co-evolution-story": 0.9618048922565069,
    "kansan-view-from-iowa-point-1-glacial": 0.9610241947160301,
    "looking-downstream": 0.9608426845232224,
    "field-stations": 0.960370858818949,
    "place-and-space": 0.9600053098845011,
    "walk-about-it": 0.9599891709469797,
    "seminar-commodity-flows": 0.9598356654766342,
    "remnant-formations": 0.9595766801926631,
    "meskonsing-kansan-an-introduction": 0.9589278668621986,
    "performing-the-anthropocene": 0.9589260186317828,
    "laboratory-for-a-radical-suburbia": 0.9585493807498993,
    "extracts-and-exclusions": 0.958347578684809,
    "louisiana-a-planetary-reactor": 0.958184740039158,
    "field-station-5-commodity-exploitation": 0.9578800033703205,
    "interspecies-accomplices-cultivating-conspiracy-at-the-royal-botanic-gardens-victoria": 0.9575167853073385,
    "lake-chad-sharing-a-diminishing-resource": 0.9574384946583014,
    "essay-series": 0.9573673025263266,
    "project-launch-minneapolis": 0.9569627225409,
    "histories-of-disintegration": 0.9569324145111479,
    "pockets-reflections-on-the-anthropocene-campus-melbourne": 0.9561553648716705,
    "telling-time-through-lagoons-of-human-waste-at-the-western-treatment-plant": 0.9561182486786748,
    "uncalculated-risk": 0.9558015463820468,
    "social-witnessing": 0.9553014527734099,
    "the-shape-of-a-practice-seminars": 0.9550239913087992,
    "seminar-slow-media": 0.9542892022398012,
    "on-the-use-of-the-word-code-by-the-kogi-translator": 0.9541401006519713,
    "one-place-many-names": 0.953738319514114,
    "sacrifice-zones-and-portable-climate": 0.953503137901615,
    "the-stories-we-tell-the-images-we-take": 0.9532890709874247,
    "natchez-etiologies-of-athropogenic-emergence": 0.9530353405366574,
    "hurricane-katrina": 0.9528473824746898,
    "river-memory": 0.9520923517432832,
    "reshaping-the-shape-embodiment-ecology-and-culture-of-a-postnatural-carp": 0.9520805950161031,
    "plant-domestication-and-dispersal": 0.9520011643848443,
    "introduction-3": 0.9516191664212637,
    "imagine-the-anthropocene-with-a-little-help-from-the-monster-in-you": 0.9510508778342945,
    "field-station-3-anthropocene-vernacular": 0.9510404538881388,
    "meskonsing-indian-lake-convergence-1": 0.9509240257116468,
    "touring-the-anthropocenery-whos-in-charge-here-2014": 0.9505755532729037,
    "nordic-fauna-seen-in-nature": 0.9504119049891235,
    "the-american-bottom": 0.9503535249595371,
    "the-shape-of-a-practice-online-project-environment": 0.9503483236747272,
    "freshkills-new-york-city": 0.9501530604711347,
    "patagonia": 0.9500655932962397,
    "the-confluence-area": 0.9498819846034771,
    "layers-of-violence": 0.9497784515023339,
    "tree-x-office": 0.9494832139142136,