{
    "producing-the-anthropocene-producing-the-future": 0.9888972084978193,
    "going-against-the-flow": 0.9877549957377735,
    "seminar-report-filtering-the-anthropocene": 0.9870754659919951,
    "navigating-the-anthropocene-river": 0.985596007087571,
    "the-terrain-of-the-former-veb-elektrokohle-lichtenberg": 0.9850863841345636,
    "inside-the-museum": 0.9849387639329225,
    "performing-the-anthropocene": 0.98487845203266,
    "seminar-report-anthropogenic-landscapes": 0.9847540423571746,
    "sounding-landscapes": 0.9847411812798442,
    "forecasting-earth-futures": 0.9840974912024136,
    "the-four-dimensional-mississippi": 0.9837045223006464,
    "on-the-use-of-the-word-code-by-the-kogi-translator": 0.9836901682007466,
    "times-before-and-after": 0.9835612158107964,
    "introductions-to-matters-2": 0.98354823399436,
    "remnant-formations": 0.983471789508769,
    "outrunning-the-anthropocene": 0.9831361720712704,
    "risk-equity-in-the-louisiana-anthropocene": 0.9828621340542626,
    "the-free-sea": 0.9827489997514579,
    "the-shape-of-a-practice": 0.9827440423865903,
    "seminar-report-geo-politics": 0.9826859860727452,
    "louisiana-a-planetary-reactor": 0.9820466604687926,
    "somewhere-somehow-a-co-evolution-story": 0.9819556416616505,
    "uncalculated-risk": 0.9815054786595708,
    "timeslips": 0.981410425691304,
    "kansan-view-from-iowa-point-1-glacial": 0.9812403594618913,
    "white-sands": 0.9810693704990251,
    "ny-alesund-svalbard-norway": 0.9810571432772791,
    "seminar-reflections-algorithmic-intermediation-and-smartness": 0.9810165684434288,
    "meeker-dam": 0.9808701373160018,
    "lost-voices": 0.9808461020742902,
    "telling-time-through-lagoons-of-human-waste-at-the-western-treatment-plant": 0.9807307397111557,
    "imagine-the-anthropocene-with-a-little-help-from-the-monster-in-you": 0.9805098338666292,
    "kairos-earthquake-early-warning-application": 0.9804923714999337,
    "seminar-co-evolution-of-the-technosphere": 0.9802123400004189,
    "sacrifice-zones-and-portable-climate": 0.9795901200690545,
    "one-world-solid-and-cracked": 0.9794250006972492,
    "pockets-reflections-on-the-anthropocene-campus-melbourne": 0.979131581370259,
    "global-systems-simulator-gss": 0.97902463458407,
    "technosphere-co-evolution-a-seminal-seminar-conversation": 0.9790078606216789,
    "freshkills-new-york-city": 0.978759281605614,
    "feeling-following-creative-experiments-and-material-play": 0.9787516154839865,
    "limits-to-growth": 0.9787257128457509,
    "measuring-loss": 0.9786170628024309,
    "one-place-many-names": 0.9785681456503545,
    "planting-a-seed-is-revolutionary-act": 0.9785516155792306,
    "the-aerocene-campus": 0.9784560711544245,
    "seminar-imaging-the-anthropocene": 0.9783928224870736,
    "imagining-an-economy-based-on-care": 0.9779964546255628,
    "tactics-for-quotidian-anthropocenes": 0.9776464803719074,
    "the-anthropocene-in-light-of-biological-feedback": 0.9776000229110774,
    "stranging-the-anthropocene-refraction": 0.9774914959831266,
    "resisting-the-oblivion-of-eco-colonialism": 0.9774682530982934,
    "interspecies-accomplices-cultivating-conspiracy-at-the-royal-botanic-gardens-victoria": 0.9772553808925244,
    "orbital-geopolitics": 0.9771119604578268,
    "touring-the-anthropocenery-whos-in-charge-here-2014": 0.977040969704935,
    "the-floating-ear": 0.9769538379530497,
    "time-out-of-mind": 0.9769251306138027,
    "mapping-an-exercise-in-cartography": 0.976842034604343,
    "meskonsing-indian-lake-convergence-1": 0.9768152722318981,
    "knowing-in-the-anthropocene": 0.9767876655969402,
    "seminar-reflection-2": 0.9765254718405468,
    "nordic-fauna-seen-in-nature": 0.9764345854256228,
    "shadowing-the-anthropocene": 0.9759312685213805,
    "la-arboleda": 0.9759282563004648,
    "field-station-4-confluence-ecologies": 0.9756849201021199,
    "gas-flares-in-the-bakken-oil-fields-williston-north-dakota-2013": 0.9756700521544508,
    "essay-series": 0.9755213807208506,
    "walk-about-it": 0.9747547947115637,
    "real-estate-river": 0.9742578360801716,
    "histories-of-disintegration": 0.9741187252697691,
    "humanities-on-the-ground": 0.973974671620875,
    "on-consuming-slow-media": 0.9739567857969063,
    "the-hyphen": 0.9739436441513228,
    "plastic-and-surrogacy": 0.9738103291877959,
    "rogue-elements-of-the-upper-mississippi": 0.9737250792631846,
    "time-and-time-again": 0.9737166308384839,
    "land-acknowledgement-statement": 0.9735033452045752,
    "seminar-report-slow-media": 0.9731184193120773,
    "the-mississippi-basin-an-operational-landscape": 0.9730327485190081,
    "wicked-problems-and-mental-models": 0.9727992443641892,
    "seminar-communicating": 0.9726164131592754,
    "seminar-sensing": 0.9724660605391633,
    "environing-technology": 0.9715787657568111,
    "seminar-modelling-wicked-problems": 0.9715744622806906,
    "terraforming": 0.9711685862560936,
    "patagonia": 0.9711337139495728,
    "layers-of-violence": 0.9710927820654134,
    "state-of-nature-in-india": 0.9709359179457145,
    "seminar-exhaustion-and-imagination": 0.9704757308063304,
    "infrastrucural-nature": 0.9703238128958314,
    "seminar-valuing-nature": 0.9700930831264151,
    "fort-snellings-deep-time-stories": 0.9697732213381879,
    "ioway": 0.9695344657658738,
    "how-does-the-world-end-for-others": 0.9688479130221804,
    "systems-analysis-and-modeling": 0.968801940016799,
    "oysters-selective-pressures-and-antibiotic-resistance-in-the-mississippi-delta": 0.9684483701534039,
    "of-forests-of-rivers-and-of-meals": 0.9683474649771119,
    "meskonsing-kansan-an-introduction": 0.9681089425286534,
    "lisboa-parallax-2020": 0.9679524174688442,
    "social-witnessing": 0.9679436005432555,
    "natchez-etiologies-of-athropogenic-emergence": 0.9673604336459337,
    "inheritance": 0.967251674867497,
    "seminar-consensus-building": 0.9671016853888783,
    "tree-x-office": 0.9669642422932506,
    "specifics-of-vulnerability": 0.966873240659486,
    "from-a-living-exhibition-to-the-dmz": 0.9661265604922923,
    "seminar-governing-the-technosphere": 0.9656978454896058,
    "film-residency-mississippi-an-anthropocene-river": 0.9654342051954008,
    "laboratory-for-a-radical-suburbia": 0.9651504034697025,
    "mobile-hedges": 0.9650516439579726,
    "technostratigraphy-of-a-technological-object": 0.9650387267764776,
    "listening-to-the-mississippi": 0.9650312863997839,
    "field-station-5-commodity-exploitation": 0.9649065603508271,
    "significant-and-insignificant-mounds": 0.9646721757030726,
    "monsanto-town": 0.9646443536906607,
    "mississippi": 0.9646439399974315,
    "voice-and-representation": 0.9645210125873851,
    "field-station-3-anthropocene-vernacular": 0.9640325821977812,
    "seminar-slow-media": 0.9638830869054997,
    "too-little-water-the-lake-chad-story": 0.9634787919880928,
    "extracts-and-exclusions": 0.9633843653503084,
    "seminar-anthropogenic-landscapes": 0.963215126294073,
    "lake-chad-sharing-a-diminishing-resource": 0.9631175970114682,
    "seminar-filtering-the-anthropocene": 0.9629340635137672,
    "the-confluence-area": 0.9626265507360949,
    "seminar-archiving": 0.9625491353284831,
    "reshaping-the-shape-embodiment-ecology-and-culture-of-a-postnatural-carp": 0.9624451989644259,
    "seminar-clashing-temporalities": 0.9623199394355153,
    "nigeria-oil-pipes": 0.962215746026899,
    "re-patterning-with-kudzu": 0.9621685751727285,
    "the-stories-we-tell-the-images-we-take": 0.9620917254815071,
    "introduction-3": 0.9616672905996744,
    "knowing-together": 0.961635623025,
    "writing-global-histories-in-the-anthropocene": 0.9610452602059649,
    "prologue-the-fence-concept": 0.9604126567590361,
    "seminar-co-evolutionary-perspectives": 0.9603842992188729,
    "tactics-for-quotidian-anthropocenes-2": 0.9602773823370486,
    "parallax-lisboa": 0.9600948097951996,
    "the-maledives-case": 0.9599624901668901,