{
    "the-shape-of-a-practice": 0.9823178317042375,
    "state-of-nature-in-india": 0.9813661889986444,
    "seminar-report-anthropogenic-landscapes": 0.9813158976729468,
    "forecasting-earth-futures": 0.9806574232800177,
    "global-systems-simulator-gss": 0.9805045020991493,
    "inside-the-museum": 0.9802280647132806,
    "seminar-report-filtering-the-anthropocene": 0.9796368280607028,
    "the-floating-ear": 0.9794529299163234,
    "ny-alesund-svalbard-norway": 0.9792501720476675,
    "one-world-solid-and-cracked": 0.9790322553282581,
    "field-station-4-confluence-ecologies": 0.9789979751707443,
    "lisboa-parallax-2020": 0.9782986613315535,
    "orbital-geopolitics": 0.9782624838853633,
    "seminar-co-evolution-of-the-technosphere": 0.978108026908736,
    "seminar-reflections-algorithmic-intermediation-and-smartness": 0.9780555689979037,
    "seminar-sensing": 0.9780334120837442,
    "seminar-modelling-wicked-problems": 0.9775465118791873,
    "seminar-valuing-nature": 0.976864229954091,
    "systems-analysis-and-modeling": 0.9768045033031119,
    "kairos-earthquake-early-warning-application": 0.9765090610787599,
    "producing-the-anthropocene-producing-the-future": 0.9764691393491648,
    "feeling-following-creative-experiments-and-material-play": 0.9763661311992057,
    "seminar-report-geo-politics": 0.976234400242976,
    "infrastrucural-nature": 0.975910413840965,
    "seminar-anthropogenic-landscapes": 0.9755436246885892,
    "limits-to-growth": 0.9753607979266685,
    "going-against-the-flow": 0.9753595140110388,
    "mapping-an-exercise-in-cartography": 0.9752809036622585,
    "stranging-the-anthropocene-refraction": 0.9749264940196339,
    "on-consuming-slow-media": 0.9748085355997325,
    "from-a-living-exhibition-to-the-dmz": 0.9745422119897112,
    "imagining-an-economy-based-on-care": 0.9745331085694416,
    "knowing-together": 0.9737441826817306,
    "seminar-reflection-2": 0.9736594091592214,
    "lost-voices": 0.973634932243047,
    "the-anthropocene-in-light-of-biological-feedback": 0.973632310340324,
    "tactics-for-quotidian-anthropocenes": 0.9735688230769713,
    "navigating-the-anthropocene-river": 0.9733315989634834,
    "risk-equity-in-the-louisiana-anthropocene": 0.9729230941347414,
    "seminar-imaging-the-anthropocene": 0.9729077704755843,
    "the-mississippi-basin-an-operational-landscape": 0.9728381478198767,
    "humanities-on-the-ground": 0.9727648372734032,
    "seminar-communicating": 0.9722713371616167,
    "remnant-formations": 0.9722607026022888,
    "plastic-and-surrogacy": 0.9712773915876979,
    "too-little-water-the-lake-chad-story": 0.9712619623192463,
    "introductions-to-matters-2": 0.9712360500823972,
    "parallax-lisboa": 0.9711669226474977,
    "the-aerocene-campus": 0.9707398586575123,
    "telling-time-through-lagoons-of-human-waste-at-the-western-treatment-plant": 0.9707372294277953,
    "wicked-problems-and-mental-models": 0.9706301997980125,
    "times-before-and-after": 0.9706210917236451,
    "seminar-consensus-building": 0.9699535904138488,
    "outrunning-the-anthropocene": 0.9698041535959839,
    "oysters-selective-pressures-and-antibiotic-resistance-in-the-mississippi-delta": 0.9696754161403321,
    "field-stations": 0.969585200923724,
    "seminar-report-slow-media": 0.9693136527197146,
    "terraforming": 0.9690839420604613,
    "field-station-5-commodity-exploitation": 0.9689726411053564,
    "histories-of-disintegration": 0.9688735115382527,
    "geo-politics": 0.9680462955501757,
    "sounding-landscapes": 0.9680016590190572,
    "performing-the-anthropocene": 0.9677133482846709,
    "louisiana-a-planetary-reactor": 0.9676402661242892,
    "pockets-reflections-on-the-anthropocene-campus-melbourne": 0.9674975898150887,
    "monsanto-town": 0.9674711562741662,
    "technosphere-co-evolution-a-seminal-seminar-conversation": 0.9669146740944067,
    "seminar-co-evolutionary-perspectives": 0.9669030118544455,
    "the-terrain-of-the-former-veb-elektrokohle-lichtenberg": 0.9668357540008441,
    "the-shape-of-a-practice-online-project-environment": 0.9667925703651522,
    "the-hyphen": 0.966710461224637,
    "walk-about-it": 0.9666479811892167,
    "somewhere-somehow-a-co-evolution-story": 0.9665291093948726,
    "resisting-the-oblivion-of-eco-colonialism": 0.9663758338193824,
    "social-witnessing": 0.9661952834220848,
    "land-acknowledgement-statement": 0.9658465690873038,
    "kansan-view-from-iowa-point-1-glacial": 0.9655998728179229,
    "measuring-loss": 0.9654034084982106,
    "looking-downstream": 0.9653472736545191,
    "voice-and-representation": 0.9653263470555241,
    "seminar-exhaustion-and-imagination": 0.9652528626434941,
    "freshkills-new-york-city": 0.9649504850054281,
    "planting-a-seed-is-revolutionary-act": 0.9649275791909426,
    "shadowing-the-anthropocene": 0.9641860327433505,
    "writing-global-histories-in-the-anthropocene": 0.9640548999369505,
    "seminar-disciplinarities": 0.9640003991150722,
    "sacrifice-zones-and-portable-climate": 0.963893962417319,
    "interspecies-accomplices-cultivating-conspiracy-at-the-royal-botanic-gardens-victoria": 0.9637450987966761,
    "seminar-archiving": 0.9636842929850158,
    "place-and-space": 0.9632485282517605,
    "gas-flares-in-the-bakken-oil-fields-williston-north-dakota-2013": 0.9627090095730373,
    "essay-series": 0.9626852244316121,
    "meeker-dam": 0.9624374800774661,
    "extracts-and-exclusions": 0.9624162561580321,
    "the-free-sea": 0.9623842206532157,
    "seminar-commodity-flows": 0.9622131222179411,
    "uncalculated-risk": 0.9618492272812945,
    "time-and-time-again": 0.9616198005214933,
    "white-sands": 0.9612860717516805,
    "the-four-dimensional-mississippi": 0.9611751493903589,
    "nordic-fauna-seen-in-nature": 0.9606881053393441,
    "patagonia": 0.9606379582521345,
    "the-anthropocene-and-our-post-natural-future-2": 0.9605829305049864,
    "the-confluence-area": 0.9603396489165369,
    "the-stories-we-tell-the-images-we-take": 0.9602042943931003,
    "from-valuing-nature-to-reclaiming-resources-2": 0.959846536101193,
    "real-estate-river": 0.959492414461493,
    "seminar-filtering-the-anthropocene": 0.9594405429459316,
    "one-place-many-names": 0.9593200078240289,
    "project-launch-minneapolis": 0.9588753545394275,
    "introduction-3": 0.9586303889102941,
    "field-station-3-anthropocene-vernacular": 0.9585838616724502,
    "seminar-governing-the-technosphere": 0.9584486089122825,
    "knowing-in-the-anthropocene": 0.9584242600257651,
    "the-anthropogenic-influence-onto-the-air-quality-along-the-mississippi-river-findings": 0.958112508190105,
    "taking-nature-into-account-historical-perspectives-and-paradoxes": 0.957884794445452,
    "on-the-use-of-the-word-code-by-the-kogi-translator": 0.957769967371173,
    "film-residency-mississippi-an-anthropocene-river": 0.9577572483875095,
    "imagine-the-anthropocene-with-a-little-help-from-the-monster-in-you": 0.9576975541494562,
    "from-valuing-nature-to-reclaiming-resources": 0.9574855460351718,
    "river-memory": 0.9573018590980558,
    "reshaping-the-shape-embodiment-ecology-and-culture-of-a-postnatural-carp": 0.9572386318970969,
    "meskonsing-kansan-an-introduction": 0.9569157165263974,
    "state-of-nature-some-philosophical-issues": 0.9568989389634701,
    "natchez-etiologies-of-athropogenic-emergence": 0.9568960231688688,
    "the-american-bottom": 0.9568124553353022,
    "significant-and-insignificant-mounds": 0.9568062714067496,
    "lake-chad-sharing-a-diminishing-resource": 0.9568021175134361,
    "seminar-clashing-temporalities": 0.9565686099927088,
    "the-shape-of-a-practice-seminars": 0.9561482504092068,
    "seminar-slow-media": 0.9558520958488412,
    "twin-cities-artist-residency-mississippi-an-anthropocene-story": 0.9552322255984307,
    "touring-the-anthropocenery-whos-in-charge-here-2014": 0.9549722294950497,
    "timeslips": 0.9549278137916533,