{
    "seminar-reflection-2": 0.9937316810703379,
    "mapping-an-exercise-in-cartography": 0.9926952385115105,
    "the-floating-ear": 0.9923045886560768,
    "times-before-and-after": 0.9920221220506287,
    "stranging-the-anthropocene-refraction": 0.9919965675245402,
    "seminar-reflections-algorithmic-intermediation-and-smartness": 0.9907214535555146,
    "the-hyphen": 0.9900009290915949,
    "seminar-imaging-the-anthropocene": 0.9891599681310131,
    "producing-the-anthropocene-producing-the-future": 0.9887825915126467,
    "introductions-to-matters-2": 0.9886232274681793,
    "kairos-earthquake-early-warning-application": 0.9884710054422091,
    "on-consuming-slow-media": 0.9883752425887198,
    "inside-the-museum": 0.988368128223948,
    "forecasting-earth-futures": 0.9883282170837043,
    "terraforming": 0.9882589964136548,
    "lost-voices": 0.988182427638676,
    "seminar-sensing": 0.9880996970448266,
    "one-world-solid-and-cracked": 0.9880920897639554,
    "global-systems-simulator-gss": 0.9877763511297829,
    "wicked-problems-and-mental-models": 0.9875937451255032,
    "time-and-time-again": 0.9874768098830283,
    "seminar-report-anthropogenic-landscapes": 0.9873419353149737,
    "seminar-valuing-nature": 0.9867283568010615,
    "humanities-on-the-ground": 0.9866021340938305,
    "the-anthropocene-in-light-of-biological-feedback": 0.9865295883948719,
    "shadowing-the-anthropocene": 0.9858020507200012,
    "seminar-co-evolution-of-the-technosphere": 0.9857590096596001,
    "seminar-modelling-wicked-problems": 0.9853799651852418,
    "seminar-report-slow-media": 0.9853079860358449,
    "technosphere-co-evolution-a-seminal-seminar-conversation": 0.9851647820867756,
    "pockets-reflections-on-the-anthropocene-campus-melbourne": 0.9849588607302658,
    "the-shape-of-a-practice": 0.9847621142509944,
    "voice-and-representation": 0.9845512857878872,
    "navigating-the-anthropocene-river": 0.9841034086304719,
    "risk-equity-in-the-louisiana-anthropocene": 0.9840176143084919,
    "seminar-communicating": 0.9829785663530982,
    "seminar-report-filtering-the-anthropocene": 0.9824004252169382,
    "seminar-consensus-building": 0.9822970762478933,
    "performing-the-anthropocene": 0.9819018310673325,
    "seminar-report-geo-politics": 0.9817184385628244,
    "the-aerocene-campus": 0.9815289958479884,
    "knowing-in-the-anthropocene": 0.9815048169150004,
    "on-the-use-of-the-word-code-by-the-kogi-translator": 0.9810619657123727,
    "seminar-exhaustion-and-imagination": 0.9805138940819789,
    "going-against-the-flow": 0.9803282805410201,
    "walk-about-it": 0.9802541261182605,
    "the-free-sea": 0.97982126275487,
    "seminar-archiving": 0.9797467103094083,
    "systems-analysis-and-modeling": 0.97939884734027,
    "lisboa-parallax-2020": 0.9791886033645147,
    "seminar-co-evolutionary-perspectives": 0.9789556385729762,
    "imagine-the-anthropocene-with-a-little-help-from-the-monster-in-you": 0.9784437634542729,
    "tactics-for-quotidian-anthropocenes": 0.9783121195664155,
    "somewhere-somehow-a-co-evolution-story": 0.9782728419112049,
    "measuring-loss": 0.9778467742856611,
    "resisting-the-oblivion-of-eco-colonialism": 0.977430785086157,
    "nordic-fauna-seen-in-nature": 0.9773742389337139,
    "seminar-disciplinarities": 0.9772690271444442,
    "touring-the-anthropocenery-whos-in-charge-here-2014": 0.9771027383580718,
    "parallax-lisboa": 0.9768781773612186,
    "field-station-4-confluence-ecologies": 0.9765520626687242,
    "state-of-nature-in-india": 0.9765358260545648,
    "meeker-dam": 0.9762770492244404,
    "limits-to-growth": 0.9762468911102566,
    "planting-a-seed-is-revolutionary-act": 0.9760280926242543,
    "geo-politics": 0.9755668356874437,
    "meskonsing-kansan-an-introduction": 0.9755328417233663,
    "imagining-an-economy-based-on-care": 0.9752144538321097,
    "plastic-and-surrogacy": 0.9751484434209243,
    "the-terrain-of-the-former-veb-elektrokohle-lichtenberg": 0.9748066866907455,
    "place-and-space": 0.9747457190498413,
    "orbital-geopolitics": 0.974563771114102,
    "kansan-view-from-iowa-point-1-glacial": 0.9744889581049526,
    "seminar-slow-media": 0.9739930226412236,
    "from-a-living-exhibition-to-the-dmz": 0.9738194486031014,
    "telling-time-through-lagoons-of-human-waste-at-the-western-treatment-plant": 0.9737836182173815,
    "interspecies-accomplices-cultivating-conspiracy-at-the-royal-botanic-gardens-victoria": 0.9735183689291071,
    "sounding-landscapes": 0.9732272812440209,
    "seminar-sensing-the-insensible": 0.9731832726415686,
    "seminar-governing-the-technosphere": 0.9730937260330483,
    "seminar-anthropogenic-landscapes": 0.973010403334791,
    "seminar-algorithmic-intermediation-and-smartness": 0.972690998011264,
    "the-anthropocene-and-our-post-natural-future-2": 0.972399912063905,
    "monsanto-town": 0.9723187011482279,
    "knowing-together": 0.9721728946471442,
    "one-place-many-names": 0.971788429780842,
    "louisiana-a-planetary-reactor": 0.9716736002521755,
    "specifics-of-vulnerability": 0.9714389571917968,
    "seminar-filtering-the-anthropocene": 0.9713008089043875,
    "the-stories-we-tell-the-images-we-take": 0.9712007845398787,
    "time-out-of-mind": 0.9707968116908091,
    "histories-of-disintegration": 0.970599902649427,
    "infrastrucural-nature": 0.9703880647293502,
    "social-witnessing": 0.9702149801868032,
    "outrunning-the-anthropocene": 0.9700634756441117,
    "state-of-nature-some-philosophical-issues": 0.9688755162476271,
    "ny-alesund-svalbard-norway": 0.9687883154067191,
    "meskonsing-indian-lake-convergence-1": 0.9684163009772476,
    "ioway": 0.9680864299056134,
    "land-acknowledgement-statement": 0.9678797385600535,
    "remnant-formations": 0.9678637802587078,
    "introduction-3": 0.9677704916155853,
    "technostratigraphy-of-a-technological-object": 0.9676927429182562,
    "patagonia": 0.9676603916093722,
    "twin-cities-artist-residency-mississippi-an-anthropocene-story": 0.966747894537384,
    "prologue-the-fence-concept": 0.9663883628458376,
    "real-estate-river": 0.9656051711546466,
    "fort-snellings-deep-time-stories": 0.9654239108153848,
    "tree-x-office": 0.9651521372752745,
    "the-shape-of-a-practice-online-project-environment": 0.9651313455517654,
    "project-launch-minneapolis": 0.9647635274049321,
    "seminar-clashing-temporalities": 0.9647291819957853,
    "the-confluence-area": 0.9645901558910203,
    "listening-to-the-mississippi": 0.9644424311463564,
    "how-does-the-world-end-for-others": 0.964424740553574,
    "writing-global-histories-in-the-anthropocene": 0.9641324081400879,
    "from-valuing-nature-to-reclaiming-resources": 0.964053699519808,
    "seminar-romancing-the-anthropocene": 0.963453249924823,
    "too-little-water-the-lake-chad-story": 0.9630988068789077,
    "uncalculated-risk": 0.9629186559561558,
    "sacrifice-zones-and-portable-climate": 0.962649539164217,
    "oysters-selective-pressures-and-antibiotic-resistance-in-the-mississippi-delta": 0.9623602431567468,
    "timeslips": 0.9622081479004796,
    "laboratory-for-a-radical-suburbia": 0.9621251913966057,
    "looking-downstream": 0.9618146136831642,
    "tactics-for-quotidian-anthropocenes-2": 0.9616912310620113,
    "mobile-hedges": 0.9615957981912867,
    "field-station-5-commodity-exploitation": 0.9615152261474763,
    "layers-of-violence": 0.961506451644458,
    "on-the-recuperative-mismanagement-of-a-cosmopolitan-fish": 0.9612360729334554,
    "of-forests-of-rivers-and-of-meals": 0.9612108522504081,
    "field-station-3-anthropocene-vernacular": 0.9610575776247268,
    "rogue-elements-of-the-upper-mississippi": 0.9610456436992778,
    "taking-nature-into-account-historical-perspectives-and-paradoxes": 0.9610219170518235,
    "river-memory": 0.960989439322533,
    "freshkills-new-york-city": 0.9609787818026128,
    "natchez-etiologies-of-athropogenic-emergence": 0.9609051932416828,