{
    "kansan-view-from-iowa-point-1-glacial": 0.9686481716390674,
    "sacrifice-zones-and-portable-climate": 0.9683098000161846,
    "meskonsing-indian-lake-convergence-1": 0.9664092534287663,
    "the-four-dimensional-mississippi": 0.9647035642437533,
    "one-place-many-names": 0.9629837619347964,
    "field-station-3-anthropocene-vernacular": 0.9608993895495468,
    "land-acknowledgement-statement": 0.960449716408942,
    "the-vietnamese-community-in-eastern-new-orleans": 0.9599619602831512,
    "white-sands": 0.9592241108201627,
    "us-southwest": 0.9590663455359486,
    "outrunning-the-anthropocene": 0.9584549497871252,
    "layers-of-violence": 0.9578132234526734,
    "meeker-dam": 0.9575820344959978,
    "la-arboleda": 0.9574556172447695,
    "louisiana-a-planetary-reactor": 0.9569616392226954,
    "meskonsing-kansan-an-introduction": 0.9566915242902211,
    "real-estate-river": 0.9564154050404986,
    "transect-walk-cahokia-mounds-to-fairmont-city": 0.9560631017670276,
    "patagonia": 0.9548706906878097,
    "natchez-etiologies-of-athropogenic-emergence": 0.9546109350819635,
    "field-station-4-confluence-ecologies": 0.954504652593834,
    "timeslips": 0.9541993475804676,
    "meskonsing-kansan": 0.9537980298114557,
    "planting-a-seed-is-revolutionary-act": 0.9536403025209722,
    "navigating-the-anthropocene-river": 0.9536397612125793,
    "uncalculated-risk": 0.9535345663458592,
    "shaped-by-rivers": 0.9534043825224916,
    "telling-time-through-lagoons-of-human-waste-at-the-western-treatment-plant": 0.953007742307079,
    "nigeria-oil-pipes": 0.952882769521272,
    "rogue-elements-of-the-upper-mississippi": 0.9528745722062699,
    "measuring-loss": 0.9527118194187364,
    "the-great-green-desert": 0.9524728646712216,
    "interspecies-accomplices-cultivating-conspiracy-at-the-royal-botanic-gardens-victoria": 0.9517674423042285,
    "field-station-5-commodity-exploitation": 0.9517492721207874,
    "going-against-the-flow": 0.9511548477221956,
    "over-the-levee-under-the-plow": 0.950795934833896,
    "re-patterning-with-kudzu": 0.9505427944854524,
    "lake-chad-narratives": 0.9503110237315457,
    "the-mississippi-basin-an-operational-landscape": 0.9503069099812289,
    "gas-flares-in-the-bakken-oil-fields-williston-north-dakota-2013": 0.949647011915199,
    "the-american-bottom": 0.9494141183894391,
    "imagining-an-economy-based-on-care": 0.9491029867567755,
    "ny-alesund-svalbard-norway": 0.9481125307902121,
    "freshkills-new-york-city": 0.9476457632753419,
    "sounding-landscapes": 0.9476053331620581,
    "remnant-formations": 0.9474038588676534,
    "risk-equity-in-the-louisiana-anthropocene": 0.9458079170099757,
    "the-terrain-of-the-former-veb-elektrokohle-lichtenberg": 0.9457346131128042,
    "river-semester": 0.9456802080504702,
    "this-is-not-about-survival-its-about-bringing-your-coracle": 0.9453747998904176,
    "on-the-recuperative-mismanagement-of-a-cosmopolitan-fish": 0.9447067785246556,
    "too-little-water-the-lake-chad-story": 0.9445491672738934,
    "fort-snellings-deep-time-stories": 0.9444005879394873,
    "time-out-of-mind": 0.9442669046701297,
    "significant-and-insignificant-mounds": 0.9440185318431433,
    "lost-voices": 0.9437068015246218,
    "seminar-clashing-temporalities": 0.9430787179724074,
    "mississippi": 0.9427003240647099,
    "the-confluence-area": 0.9422683756604692,
    "orbital-geopolitics": 0.9407205337521315,
    "river-memory": 0.9406294283847705,
    "field-stations": 0.9405572929628072,
    "tactics-for-quotidian-anthropocenes": 0.9404322334096433,
    "introductions-to-matters-2": 0.9399357725083413,
    "lake-chad-sharing-a-diminishing-resource": 0.9388269333414805,
    "introduction-3": 0.9387512521253434,
    "praying-for-the-water-with-saundi-mcclain-kloeckner": 0.9387410407859046,
    "resisting-the-oblivion-of-eco-colonialism": 0.93870009714701,
    "how-does-the-world-end-for-others": 0.9386391470434291,
    "one-world-solid-and-cracked": 0.9385814775029894,
    "paddle-waves-and-sparkling-light": 0.9383232976239736,
    "of-forests-of-rivers-and-of-meals": 0.938007976760659,
    "from-plantations-to-petrochemicals": 0.9378757309567818,
    "river-semester-project": 0.9372374760856855,
    "seminar-claims-property": 0.9367473817166163,
    "significant-and-insignificant-mounds-2": 0.936597410389997,
    "histories-of-disintegration": 0.9364664675582617,
    "seminar-report-filtering-the-anthropocene": 0.9359812820955411,
    "listening-to-the-mississippi": 0.935965328492999,
    "oysters-selective-pressures-and-antibiotic-resistance-in-the-mississippi-delta": 0.9358430281390859,
    "field-station-2-anthropocene-drift": 0.9356304330290457,
    "plant-domestication-and-dispersal": 0.935450680557344,
    "temporary-continent": 0.9353501824841252,
    "social-witnessing": 0.9352489694379493,
    "understanding-the-north-american-lost-crops": 0.9352206401261728,
    "tree-x-office": 0.9352010572929128,
    "pockets-reflections-on-the-anthropocene-campus-melbourne": 0.9351112211052781,
    "prologue-the-fence-concept": 0.9350966725670741,
    "forecasting-earth-futures": 0.935095038979942,
    "seminar-report-anthropogenic-landscapes": 0.9350157303023097,
    "performing-the-anthropocene": 0.9346955264328186,
    "seminar-report-geo-politics": 0.9343894533262141,
    "nordic-fauna-seen-in-nature": 0.9337980137030178,
    "the-aerocene-campus": 0.9336254142161919,
    "ioway": 0.9334948734061005,
    "monsanto-town": 0.9328524999309868,
    "film-residency-mississippi-an-anthropocene-river": 0.9323189270645207,
    "on-the-use-of-the-word-code-by-the-kogi-translator": 0.9323109177101767,
    "stranging-the-anthropocene-refraction": 0.9317471029445519,
    "laboratory-for-a-radical-suburbia": 0.9315251218314092,
    "somewhere-somehow-a-co-evolution-story": 0.9307472136450782,
    "infrastrucural-nature": 0.9304982476179016,
    "the-stories-we-tell-the-images-we-take": 0.9301730795007545,
    "the-maledives-case": 0.9293283560407969,
    "seminar-commodity-flows": 0.9291016929889142,
    "limits-to-growth": 0.9285241723814549,
    "the-free-sea": 0.9283874980438017,
    "seminar-un-bounded-engineering-and-evolutionary-stability": 0.9282706896963948,
    "seminar-anthropogenic-landscapes": 0.9276550644594237,
    "knowing-together": 0.9273371100218757,
    "inside-the-museum": 0.9269610374535111,
    "kairos-earthquake-early-warning-application": 0.9268639600244927,
    "mikado-sol-2014": 0.9267366017398103,
    "shadowing-the-anthropocene": 0.926477935589951,
    "how-not-what-power-time-landscape": 0.9263414602882493,
    "producing-the-anthropocene-producing-the-future": 0.9250570233758513,
    "walk-about-it": 0.9249813401514362,
    "from-a-living-exhibition-to-the-dmz": 0.9247712383531211,
    "imagine-the-anthropocene-with-a-little-help-from-the-monster-in-you": 0.9246780626521589,
    "kick-off-anthropocene-river-journey": 0.9235823013157268,
    "the-shape-of-a-practice": 0.922988416151684,
    "mobile-hedges": 0.9223319337831765,
    "touring-the-anthropocenery-whos-in-charge-here-2014": 0.9221719426453425,
    "seminar-report-slow-media": 0.9216726776990694,
    "lisboa-parallax-2020": 0.9214166030944441,
    "xaraasi-xanne-crossing-voices": 0.9201004006650662,
    "seminar-co-evolution-of-the-technosphere": 0.9200304808552217,
    "humanities-on-the-ground": 0.919959183447957,
    "state-of-nature-in-india": 0.919699595995343,
    "seminar-imaging-the-anthropocene": 0.9193510363711349,
    "inheritance": 0.9191725070426189,
    "time-and-time-again": 0.9190722777582034,
    "the-danish-text": 0.9173923508252296,
    "reshaping-the-shape-embodiment-ecology-and-culture-of-a-postnatural-carp": 0.9172818174601608,
    "the-floating-ear": 0.9169725567544743,
    "the-anthropocene-in-light-of-biological-feedback": 0.9164726506126153,
    "seminar-communicating": 0.9158120729714906,
    "mapping-an-exercise-in-cartography": 0.9155524075332812,