{
    "kansan-view-from-iowa-point-1-glacial": 0.981608242126109,
    "land-acknowledgement-statement": 0.976354406034078,
    "natchez-etiologies-of-athropogenic-emergence": 0.9761439298699298,
    "field-station-4-confluence-ecologies": 0.9757789228421244,
    "planting-a-seed-is-revolutionary-act": 0.9752299309957198,
    "meskonsing-kansan-an-introduction": 0.9747573684780526,
    "navigating-the-anthropocene-river": 0.9745950049922922,
    "the-american-bottom": 0.9745716503158868,
    "one-world-solid-and-cracked": 0.9734249353415091,
    "field-station-5-commodity-exploitation": 0.973361249604775,
    "meeker-dam": 0.9730276978932157,
    "sacrifice-zones-and-portable-climate": 0.9722946574717422,
    "stranging-the-anthropocene-refraction": 0.9714059996653222,
    "forecasting-earth-futures": 0.9713959145551284,
    "meskonsing-indian-lake-convergence-1": 0.9712869055915377,
    "measuring-loss": 0.9707513438334979,
    "real-estate-river": 0.9707115580131427,
    "patagonia": 0.970641547148012,
    "going-against-the-flow": 0.9705929985757493,
    "river-memory": 0.9702532278922131,
    "imagining-an-economy-based-on-care": 0.9700596152131556,
    "layers-of-violence": 0.9700302639757602,
    "lost-voices": 0.9700051624395838,
    "risk-equity-in-the-louisiana-anthropocene": 0.9698235611021357,
    "significant-and-insignificant-mounds": 0.9695331611970738,
    "the-four-dimensional-mississippi": 0.9689871131895859,
    "one-place-many-names": 0.968656530677156,
    "seminar-report-anthropogenic-landscapes": 0.9685322712584709,
    "introductions-to-matters-2": 0.9683140945944143,
    "interspecies-accomplices-cultivating-conspiracy-at-the-royal-botanic-gardens-victoria": 0.9680242598013954,
    "louisiana-a-planetary-reactor": 0.9679849969463167,
    "ny-alesund-svalbard-norway": 0.9676931486647495,
    "the-mississippi-basin-an-operational-landscape": 0.9675391475698268,
    "seminar-claims-property": 0.9673672580227785,
    "outrunning-the-anthropocene": 0.9670354034886927,
    "monsanto-town": 0.9667416003243853,
    "seminar-co-evolution-of-the-technosphere": 0.9663721074442597,
    "seminar-report-filtering-the-anthropocene": 0.9662528736699837,
    "gas-flares-in-the-bakken-oil-fields-williston-north-dakota-2013": 0.9662117538407352,
    "telling-time-through-lagoons-of-human-waste-at-the-western-treatment-plant": 0.9661928690961435,
    "sounding-landscapes": 0.9661718171161661,
    "histories-of-disintegration": 0.9659604617693608,
    "seminar-imaging-the-anthropocene": 0.9655794424876613,
    "pockets-reflections-on-the-anthropocene-campus-melbourne": 0.9653617603731953,
    "la-arboleda": 0.9652225767913049,
    "temporary-continent": 0.9651928883779126,
    "orbital-geopolitics": 0.9650844997221334,
    "producing-the-anthropocene-producing-the-future": 0.9650192087276471,
    "uncalculated-risk": 0.9646279959459494,
    "social-witnessing": 0.9642905069009703,
    "lisboa-parallax-2020": 0.9640066248043849,
    "humanities-on-the-ground": 0.9639444068207548,
    "the-confluence-area": 0.9637655137797484,
    "the-shape-of-a-practice": 0.9634027555760669,
    "white-sands": 0.9632011455248447,
    "introduction-3": 0.9631076297105686,
    "inside-the-museum": 0.9630441203967722,
    "time-and-time-again": 0.9628561060897518,
    "meskonsing-kansan": 0.9626499564808875,
    "seminar-report-geo-politics": 0.9625261112289798,
    "the-terrain-of-the-former-veb-elektrokohle-lichtenberg": 0.9624706183845055,
    "too-little-water-the-lake-chad-story": 0.9622614744066075,
    "seminar-clashing-temporalities": 0.9622169270090961,
    "laboratory-for-a-radical-suburbia": 0.9618638904110255,
    "prologue-the-fence-concept": 0.9617360449074079,
    "tactics-for-quotidian-anthropocenes": 0.961090898601729,
    "kairos-earthquake-early-warning-application": 0.9609314827464164,
    "timeslips": 0.9609161024883557,
    "field-stations": 0.9606401208136089,
    "limits-to-growth": 0.9604878394098716,
    "re-patterning-with-kudzu": 0.96037223666268,
    "parallax-lisboa": 0.9601280765723808,
    "the-floating-ear": 0.9598833164708391,
    "seminar-anthropogenic-landscapes": 0.9595880027866178,
    "mapping-an-exercise-in-cartography": 0.9595567438076829,
    "seminar-communicating": 0.9592764545249827,
    "state-of-nature-some-philosophical-issues": 0.9591749607672604,
    "remnant-formations": 0.9590801652213231,
    "performing-the-anthropocene": 0.9590188785942199,
    "nigeria-oil-pipes": 0.958997921404586,
    "the-stories-we-tell-the-images-we-take": 0.9589903035576539,
    "seminar-commodity-flows": 0.9586223593513966,
    "state-of-nature-in-india": 0.9585408147956906,
    "knowing-together": 0.9584716471265496,
    "writing-global-histories-in-the-anthropocene": 0.9582332458789203,
    "from-plantations-to-petrochemicals": 0.9578296347802454,
    "shadowing-the-anthropocene": 0.95782725035245,
    "on-the-use-of-the-word-code-by-the-kogi-translator": 0.9577153934018445,
    "the-hyphen": 0.9574585004623912,
    "the-aerocene-campus": 0.9573179869091386,
    "somewhere-somehow-a-co-evolution-story": 0.9573034531744448,
    "shaped-by-rivers": 0.9570426922307965,
    "freshkills-new-york-city": 0.95698829048292,
    "walk-about-it": 0.9569439059934246,
    "resisting-the-oblivion-of-eco-colonialism": 0.9568842964202802,
    "reshaping-the-shape-embodiment-ecology-and-culture-of-a-postnatural-carp": 0.956863634638254,
    "the-vietnamese-community-in-eastern-new-orleans": 0.9566822911563935,
    "plant-domestication-and-dispersal": 0.9564820903202781,
    "seminar-report-slow-media": 0.95628749606984,
    "oysters-selective-pressures-and-antibiotic-resistance-in-the-mississippi-delta": 0.9562709279373688,
    "nordic-fauna-seen-in-nature": 0.9562301518098736,
    "times-before-and-after": 0.9562036694187213,
    "fort-snellings-deep-time-stories": 0.9559865238285379,
    "mississippi": 0.955977434358779,
    "seminar-reflection-2": 0.9559722692255304,
    "infrastrucural-nature": 0.9557080196951889,
    "on-the-recuperative-mismanagement-of-a-cosmopolitan-fish": 0.9557009460303636,
    "imagine-the-anthropocene-with-a-little-help-from-the-monster-in-you": 0.9556984463264593,
    "how-does-the-world-end-for-others": 0.9554945399037379,
    "rogue-elements-of-the-upper-mississippi": 0.9549967928940035,
    "seminar-valuing-nature": 0.9547293442336124,
    "the-free-sea": 0.9539280180166806,
    "time-out-of-mind": 0.9539101547575208,
    "touring-the-anthropocenery-whos-in-charge-here-2014": 0.9536475822421839,
    "tree-x-office": 0.9536425461724507,
    "seminar-reflections-algorithmic-intermediation-and-smartness": 0.9535251217656673,
    "lake-chad-sharing-a-diminishing-resource": 0.9535108311155807,
    "terraforming": 0.9534823987182871,
    "from-a-living-exhibition-to-the-dmz": 0.9531965345232837,
    "listening-to-the-mississippi": 0.9526967450600314,
    "film-residency-mississippi-an-anthropocene-river": 0.9525235375789343,
    "the-anthropocene-in-light-of-biological-feedback": 0.9523791305919553,
    "taking-nature-into-account-historical-perspectives-and-paradoxes": 0.9523256435209887,
    "seminar-co-evolutionary-perspectives": 0.9518608125449752,
    "us-southwest": 0.9504741501746635,
    "significant-and-insignificant-mounds-2": 0.9503564146331449,
    "on-consuming-slow-media": 0.9502927167033973,
    "looking-downstream": 0.9502216536046788,
    "seminar-sensing": 0.9500469353043962,
    "wicked-problems-and-mental-models": 0.9499709720119947,
    "plastic-and-surrogacy": 0.9499601423123804,
    "global-systems-simulator-gss": 0.9499433084144498,
    "seminar-modelling-wicked-problems": 0.9496109072590462,
    "of-forests-of-rivers-and-of-meals": 0.9491974176885931,
    "mikado-sol-2014": 0.9486757437836563,
    "river-semester-project": 0.9478654025512412,
    "paddle-waves-and-sparkling-light": 0.9473741478139213,
    "seminar-exhaustion-and-imagination": 0.947197341562231,