{
    "the-stories-we-tell-the-images-we-take": 0.977194088809237,
    "histories-of-disintegration": 0.9749351413726519,
    "tactics-for-quotidian-anthropocenes": 0.9729297994693201,
    "the-aerocene-campus": 0.9725039975110804,
    "risk-equity-in-the-louisiana-anthropocene": 0.9724828912606605,
    "going-against-the-flow": 0.9719413522694464,
    "navigating-the-anthropocene-river": 0.9713902380842302,
    "social-witnessing": 0.9713567560387284,
    "seminar-report-anthropogenic-landscapes": 0.9711610142433554,
    "land-acknowledgement-statement": 0.9704144968891366,
    "knowing-together": 0.9696627428263875,
    "introductions-to-matters-2": 0.9688268979348513,
    "interspecies-accomplices-cultivating-conspiracy-at-the-royal-botanic-gardens-victoria": 0.968807910502841,
    "the-confluence-area": 0.9687090938908892,
    "sounding-landscapes": 0.9682892601557892,
    "sacrifice-zones-and-portable-climate": 0.9681144385742997,
    "real-estate-river": 0.9679368843311383,
    "seminar-co-evolution-of-the-technosphere": 0.9679360516984874,
    "planting-a-seed-is-revolutionary-act": 0.9677272701804569,
    "seminar-report-slow-media": 0.9676764310687859,
    "walk-about-it": 0.9674376578204625,
    "outrunning-the-anthropocene": 0.9668475060697214,
    "imagining-an-economy-based-on-care": 0.9666782430821325,
    "stranging-the-anthropocene-refraction": 0.9666219914765782,
    "ny-alesund-svalbard-norway": 0.9665282752897355,
    "uncalculated-risk": 0.9664937591223718,
    "from-a-living-exhibition-to-the-dmz": 0.9664455539367254,
    "the-shape-of-a-practice": 0.966367054539535,
    "measuring-loss": 0.9663609916603458,
    "telling-time-through-lagoons-of-human-waste-at-the-western-treatment-plant": 0.9663045291962625,
    "limits-to-growth": 0.9660314182931833,
    "inside-the-museum": 0.9658467820652447,
    "kansan-view-from-iowa-point-1-glacial": 0.9655297671269049,
    "freshkills-new-york-city": 0.965491551964517,
    "seminar-report-filtering-the-anthropocene": 0.9654026388922373,
    "seminar-reflections-algorithmic-intermediation-and-smartness": 0.9652337495120753,
    "timeslips": 0.9652273592461315,
    "the-terrain-of-the-former-veb-elektrokohle-lichtenberg": 0.9645416139084241,
    "one-place-many-names": 0.9643784501853407,
    "twin-cities-artist-residency-mississippi-an-anthropocene-story": 0.964375357964688,
    "performing-the-anthropocene": 0.9641313565593236,
    "seminar-imaging-the-anthropocene": 0.9639554741348916,
    "louisiana-a-planetary-reactor": 0.9637017281562386,
    "on-the-recuperative-mismanagement-of-a-cosmopolitan-fish": 0.9633742963946506,
    "lost-voices": 0.9629331107851566,
    "natchez-etiologies-of-athropogenic-emergence": 0.9628001330493839,
    "xaraasi-xanne-crossing-voices": 0.9626587890168574,
    "the-floating-ear": 0.9624582159794424,
    "place-and-space": 0.9624153561821102,
    "white-sands": 0.9622638551648626,
    "remnant-formations": 0.9622334673649533,
    "producing-the-anthropocene-producing-the-future": 0.9622194438245936,
    "infrastrucural-nature": 0.9620864483794368,
    "seminar-communicating": 0.9618396839555053,
    "pockets-reflections-on-the-anthropocene-campus-melbourne": 0.9618016218022469,
    "seminar-reflection-2": 0.9617451729966581,
    "seminar-report-geo-politics": 0.9615504422422866,
    "forecasting-earth-futures": 0.9612490108817625,
    "laboratory-for-a-radical-suburbia": 0.9612060943341254,
    "layers-of-violence": 0.9609654557352977,
    "the-mississippi-basin-an-operational-landscape": 0.9609541207560565,
    "project-launch-minneapolis": 0.9609373228540831,
    "meskonsing-indian-lake-convergence-1": 0.9609148510758321,
    "seminar-sensing": 0.9606047095965177,
    "the-four-dimensional-mississippi": 0.9604865256732366,
    "orbital-geopolitics": 0.9599500859618586,
    "river-semester-project": 0.9598184123710292,
    "la-arboleda": 0.959543925440258,
    "humanities-on-the-ground": 0.9593227784719709,
    "from-plantations-to-petrochemicals": 0.9592750756803015,
    "river-memory": 0.9591618128861684,
    "listening-to-the-mississippi": 0.9587850662948163,
    "kairos-earthquake-early-warning-application": 0.9585009488097924,
    "one-world-solid-and-cracked": 0.9584360212231096,
    "meeker-dam": 0.9582823077724896,
    "seminar-valuing-nature": 0.9581936338100923,
    "lisboa-parallax-2020": 0.9581352079510295,
    "monsanto-town": 0.957966776484903,
    "gas-flares-in-the-bakken-oil-fields-williston-north-dakota-2013": 0.9579456232436429,
    "on-the-use-of-the-word-code-by-the-kogi-translator": 0.9578589896429704,
    "imagine-the-anthropocene-with-a-little-help-from-the-monster-in-you": 0.9577249405285226,
    "nordic-fauna-seen-in-nature": 0.9575707369832717,
    "too-little-water-the-lake-chad-story": 0.9573586254027106,
    "nigeria-oil-pipes": 0.9573241749809973,
    "seminar-clashing-temporalities": 0.9569883171444896,
    "the-american-bottom": 0.9567852243873123,
    "mapping-an-exercise-in-cartography": 0.9565837408449166,
    "shadowing-the-anthropocene": 0.9564458671964304,
    "patagonia": 0.9564322639060691,
    "oysters-selective-pressures-and-antibiotic-resistance-in-the-mississippi-delta": 0.9563823469365966,
    "the-free-sea": 0.9561456194251015,
    "terraforming": 0.9561259018718627,
    "tactics-for-quotidian-anthropocenes-2": 0.9560567492876825,
    "time-out-of-mind": 0.9559780487741104,
    "resisting-the-oblivion-of-eco-colonialism": 0.9559658851721924,
    "on-consuming-slow-media": 0.9556782953708318,
    "mobile-hedges": 0.9555562423644481,
    "seminar-archiving": 0.9554191749102573,
    "state-of-nature-in-india": 0.9553540854818618,
    "the-vietnamese-community-in-eastern-new-orleans": 0.9552343931301942,
    "the-anthropocene-in-light-of-biological-feedback": 0.9551268014836545,
    "seminar-modelling-wicked-problems": 0.9550772169219238,
    "plastic-and-surrogacy": 0.955027327053782,
    "writing-global-histories-in-the-anthropocene": 0.9548482417435282,
    "the-hyphen": 0.9547504148752376,
    "how-does-the-world-end-for-others": 0.9547276009533051,
    "parallax-lisboa": 0.9546120991671174,
    "time-and-time-again": 0.9545861214389858,
    "fort-snellings-deep-time-stories": 0.9545567774768231,
    "somewhere-somehow-a-co-evolution-story": 0.9545509468501431,
    "how-not-what-power-time-landscape": 0.9545022669401304,
    "seminar-romancing-the-anthropocene": 0.9544864788283142,
    "global-systems-simulator-gss": 0.9543841660939058,
    "seminar-consensus-building": 0.9540941170396924,
    "meskonsing-kansan-an-introduction": 0.954013199826289,
    "seminar-sensing-the-insensible": 0.9539302507432004,
    "voice-and-representation": 0.9529704800579273,
    "the-shape-of-a-practice-seminars": 0.9527936516605783,
    "paddle-waves-and-sparkling-light": 0.9527034979305149,
    "touring-the-anthropocenery-whos-in-charge-here-2014": 0.9526536112058046,
    "seminar-anthropogenic-landscapes": 0.952185252736997,
    "rogue-elements-of-the-upper-mississippi": 0.9521330940464692,
    "introduction-3": 0.9514744314441553,
    "tree-x-office": 0.9514453345318852,
    "the-shape-of-a-practice-online-project-environment": 0.9512622473882867,
    "times-before-and-after": 0.9512478161697755,
    "re-patterning-with-kudzu": 0.9508492532517643,
    "systems-analysis-and-modeling": 0.9507652408219546,
    "mississippi": 0.9506694476266497,
    "river-semester": 0.9502581546458988,
    "taking-nature-into-account-historical-perspectives-and-paradoxes": 0.9499358648648997,
    "of-forests-of-rivers-and-of-meals": 0.9492413727561965,
    "seminar-governing-the-technosphere": 0.9484760343266461,
    "seminar-disciplinarities": 0.9480118280637105,
    "reshaping-the-shape-embodiment-ecology-and-culture-of-a-postnatural-carp": 0.9476295267900692,
    "seminar-slow-media": 0.9472487084856323,
    "technosphere-co-evolution-a-seminal-seminar-conversation": 0.9465941672170922,