{
    "on-the-use-of-the-word-code-by-the-kogi-translator": 0.740262477550282,
    "technostratigraphy-of-a-technological-object": 0.7383597525114711,
    "shadowing-the-anthropocene": 0.7369211349336426,
    "imagine-the-anthropocene-with-a-little-help-from-the-monster-in-you": 0.7360616003135291,
    "how-does-the-world-end-for-others": 0.7353830576971276,
    "seminar-report-slow-media": 0.7341695834665986,
    "images-of-the-anthropocene": 0.7324623933334076,
    "seminar-governing-the-technosphere": 0.731309988580502,
    "times-before-and-after": 0.7295408699434651,
    "peter-schlemihl-exploring-anthropocenic-landscapes": 0.7293649277654912,
    "seminar-romancing-the-anthropocene": 0.7276042424776801,
    "seminar-slow-media": 0.7266328779183945,
    "the-hyphen": 0.7257857125049156,
    "time-out-of-mind": 0.7254388282331882,
    "the-free-sea": 0.725249832067333,
    "nordic-fauna-seen-in-nature": 0.7238644965757921,
    "performing-the-anthropocene": 0.7219151454942616,
    "time-and-time-again": 0.7214663052166468,
    "introductions-to-matters-2": 0.7205414402910949,
    "seminar-imaging-the-anthropocene": 0.7194961078941329,
    "fort-snellings-deep-time-stories": 0.7188302879184006,
    "knowing-in-the-anthropocene": 0.718278863118356,
    "laboratory-for-a-radical-suburbia": 0.7168961134424258,
    "the-terrain-of-the-former-veb-elektrokohle-lichtenberg": 0.7162885329141465,
    "producing-the-anthropocene-producing-the-future": 0.7158987058614065,
    "mobile-hedges": 0.7154392859985436,
    "touring-the-anthropocenery-whos-in-charge-here-2014": 0.714411096625585,
    "sounding-landscapes": 0.7134637732014587,
    "mapping-an-exercise-in-cartography": 0.7133908509767865,
    "meskonsing-indian-lake-convergence-1": 0.7131827102909354,
    "specifics-of-vulnerability": 0.712098966175647,
    "planting-a-seed-is-revolutionary-act": 0.7118808660841999,
    "on-the-recuperative-mismanagement-of-a-cosmopolitan-fish": 0.7115917951892714,
    "mikado-sol-2014": 0.7115357883802347,
    "xaraasi-xanne-crossing-voices": 0.7113378487519445,
    "technosphere-co-evolution-a-seminal-seminar-conversation": 0.7112011554195701,
    "lost-voices": 0.7109521758171735,
    "terraforming": 0.7101480431841699,
    "praying-for-the-water-with-saundi-mcclain-kloeckner": 0.7097970800029543,
    "seminar-reflections-algorithmic-intermediation-and-smartness": 0.7093982949694126,
    "one-world-solid-and-cracked": 0.7092853800318669,
    "ioway": 0.7091720379782999,
    "timeslips": 0.7081709703305955,
    "seminar-report-geo-politics": 0.7079928851415569,
    "seminar-reflection-2": 0.7076292581739644,
    "seminar-filtering-the-anthropocene": 0.7073245915747948,
    "walk-about-it": 0.7064658461994181,
    "seminar-co-evolution-of-the-technosphere": 0.7062758722712655,
    "rogue-elements-of-the-upper-mississippi": 0.7062005006706229,
    "the-stories-we-tell-the-images-we-take": 0.7061523115639718,
    "meeker-dam": 0.7061197942834165,
    "on-consuming-slow-media": 0.706104722140894,
    "the-shape-of-a-practice": 0.7059093585043316,
    "pockets-reflections-on-the-anthropocene-campus-melbourne": 0.7055795490599555,
    "the-aerocene-campus": 0.7054367166131216,
    "one-place-many-names": 0.7053236287057095,
    "la-arboleda": 0.7048812404627706,
    "the-floating-ear": 0.7048774952901286,
    "seminar-sensing-the-insensible": 0.7045526292120893,
    "going-against-the-flow": 0.7042535410812779,
    "voice-and-representation": 0.7042070365318003,
    "wicked-problems-and-mental-models": 0.7040299924622726,
    "tactics-for-quotidian-anthropocenes-2": 0.7033974115955868,
    "navigating-the-anthropocene-river": 0.7023566851577845,
    "inside-the-museum": 0.7022507643817573,
    "kansan-view-from-iowa-point-1-glacial": 0.7022499251439216,
    "listening-to-the-mississippi": 0.7019855966533984,
    "stranging-the-anthropocene-refraction": 0.7018352820512134,
    "seminar-report-anthropogenic-landscapes": 0.7018198665159515,
    "risk-equity-in-the-louisiana-anthropocene": 0.7015970250329336,
    "typha-the-once-and-future-planty-companion": 0.700788076162111,
    "social-witnessing": 0.7003973801802114,
    "kairos-earthquake-early-warning-application": 0.7003963065128002,
    "real-estate-river": 0.7003120436950262,
    "the-shape-of-a-practice-online-project-environment": 0.6998121073489555,
    "patagonia": 0.6997895471933896,
    "somewhere-somehow-a-co-evolution-story": 0.6993739172610663,
    "humanities-on-the-ground": 0.6993566061823016,
    "the-anthropocene-in-light-of-biological-feedback": 0.6992380460381967,
    "meskonsing-kansan-an-introduction": 0.6991607814207267,
    "paddle-waves-and-sparkling-light": 0.698913377402818,
    "measuring-loss": 0.6985971879179458,
    "layers-of-violence": 0.6982730239982823,
    "mississippi": 0.6982099508414863,
    "seminar-report-filtering-the-anthropocene": 0.6975556996840587,
    "freshkills-new-york-city": 0.6972974055417716,
    "twin-cities-artist-residency-mississippi-an-anthropocene-story": 0.69655863776822,
    "seminar-modelling-wicked-problems": 0.6959327764300337,
    "prologue-the-fence-concept": 0.6956492482279355,
    "white-sands": 0.6955057335851523,
    "louisiana-a-planetary-reactor": 0.695400626558385,
    "global-systems-simulator-gss": 0.6948342027469387,
    "interspecies-accomplices-cultivating-conspiracy-at-the-royal-botanic-gardens-victoria": 0.6947679603852686,
    "seminar-algorithmic-intermediation-and-smartness": 0.6946669628459528,
    "tree-x-office": 0.6944319080765594,
    "seminar-communicating": 0.6942339447624808,
    "gas-flares-in-the-bakken-oil-fields-williston-north-dakota-2013": 0.6939298689026938,
    "remnant-formations": 0.6935071487963294,
    "histories-of-disintegration": 0.6931272230274962,
    "seminar-disciplinarities": 0.6924859818178889,
    "seminar-valuing-nature": 0.6919791628244176,
    "this-is-not-about-survival-its-about-bringing-your-coracle": 0.6916973307691008,
    "place-and-space": 0.6915906207183727,
    "telling-time-through-lagoons-of-human-waste-at-the-western-treatment-plant": 0.6913840364207073,
    "forecasting-earth-futures": 0.6911647534540465,
    "how-not-what-power-time-landscape": 0.6900458067823092,
    "reshaping-the-shape-embodiment-ecology-and-culture-of-a-postnatural-carp": 0.689801557378009,
    "of-forests-of-rivers-and-of-meals": 0.689637812096015,
    "seminar-sensing": 0.6895789606293988,
    "systems-analysis-and-modeling": 0.6892380981093575,
    "resisting-the-oblivion-of-eco-colonialism": 0.6885714896331352,
    "from-limits-to-growth-to-chernobyl": 0.6880436480237706,
    "sacrifice-zones-and-portable-climate": 0.6875660623570763,
    "seminar-archiving": 0.687256145714277,
    "tactics-for-quotidian-anthropocenes": 0.6872086121898671,
    "monsanto-town": 0.6865513916669521,
    "natchez-etiologies-of-athropogenic-emergence": 0.6865171892350036,
    "river-memory": 0.6865110856020961,
    "geo-politics": 0.6863524398120958,
    "outrunning-the-anthropocene": 0.6860804873324076,
    "uncalculated-risk": 0.6856998259362362,
    "the-danish-text": 0.6856337987802694,
    "plastic-and-surrogacy": 0.6855205872002331,
    "parallax-lisboa": 0.685362330722113,
    "the-four-dimensional-mississippi": 0.6850352948814662,
    "imagining-an-economy-based-on-care": 0.6849152297718114,
    "nigeria-oil-pipes": 0.683827993815319,
    "introduction-3": 0.6837104093590988,
    "re-patterning-with-kudzu": 0.6836770698158584,
    "resonance-vegetale": 0.682895893528794,
    "technosphere-magazine": 0.6826950214712295,
    "limits-to-growth": 0.6825406839179023,
    "seminar-film-exhaustion-and-imagination": 0.6824580687533875,
    "seminar-claims-property": 0.6823931223538664,
    "the-vietnamese-community-in-eastern-new-orleans": 0.6816000103287412,
    "from-plantations-to-petrochemicals": 0.681067654769877,
    "the-maledives-case": 0.6806225057318444,
    "state-of-nature-some-philosophical-issues": 0.6797949547518184,