{
    "meskonsing-indian-lake-convergence-1": 0.9887352830677031,
    "one-place-many-names": 0.9887189538896932,
    "time-out-of-mind": 0.9886440235597309,
    "ioway": 0.9886037082160557,
    "measuring-loss": 0.9875810510744445,
    "meeker-dam": 0.9865925317269608,
    "introductions-to-matters-2": 0.9864467973932035,
    "the-free-sea": 0.9855770561938009,
    "planting-a-seed-is-revolutionary-act": 0.9846417811788908,
    "resisting-the-oblivion-of-eco-colonialism": 0.9846374326831585,
    "lost-voices": 0.9845572178114363,
    "navigating-the-anthropocene-river": 0.9836318053611461,
    "performing-the-anthropocene": 0.9835853189694813,
    "on-the-use-of-the-word-code-by-the-kogi-translator": 0.983247722003873,
    "rogue-elements-of-the-upper-mississippi": 0.9829983153927561,
    "risk-equity-in-the-louisiana-anthropocene": 0.9828945111430537,
    "layers-of-violence": 0.9825729986236171,
    "how-does-the-world-end-for-others": 0.9818752975180742,
    "interspecies-accomplices-cultivating-conspiracy-at-the-royal-botanic-gardens-victoria": 0.9816770488726749,
    "telling-time-through-lagoons-of-human-waste-at-the-western-treatment-plant": 0.981589866540761,
    "louisiana-a-planetary-reactor": 0.9808308188025903,
    "specifics-of-vulnerability": 0.9808015786382385,
    "pockets-reflections-on-the-anthropocene-campus-melbourne": 0.9781133447990049,
    "nordic-fauna-seen-in-nature": 0.9780736382390219,
    "going-against-the-flow": 0.977868330353179,
    "the-terrain-of-the-former-veb-elektrokohle-lichtenberg": 0.9776400656542739,
    "imagine-the-anthropocene-with-a-little-help-from-the-monster-in-you": 0.9774903378184835,
    "timeslips": 0.9773596804958811,
    "touring-the-anthropocenery-whos-in-charge-here-2014": 0.9771168549372828,
    "kansan-view-from-iowa-point-1-glacial": 0.9765415680821317,
    "technosphere-co-evolution-a-seminal-seminar-conversation": 0.9764088776189109,
    "somewhere-somehow-a-co-evolution-story": 0.9761511647480583,
    "meskonsing-kansan-an-introduction": 0.9754941122528764,
    "peter-schlemihl-exploring-anthropocenic-landscapes": 0.9747730452127247,
    "la-arboleda": 0.9746073343680167,
    "the-aerocene-campus": 0.9745730663637626,
    "white-sands": 0.9742794343330565,
    "uncalculated-risk": 0.9740659340766785,
    "sounding-landscapes": 0.974002792659391,
    "real-estate-river": 0.9736538400148033,
    "tactics-for-quotidian-anthropocenes": 0.9736215387087543,
    "outrunning-the-anthropocene": 0.973463682771091,
    "sacrifice-zones-and-portable-climate": 0.9725961140558126,
    "this-is-not-about-survival-its-about-bringing-your-coracle": 0.9724834286212313,
    "patagonia": 0.9721115334064051,
    "the-vietnamese-community-in-eastern-new-orleans": 0.9720102640850468,
    "land-acknowledgement-statement": 0.9719617937115324,
    "remnant-formations": 0.971664627377766,
    "praying-for-the-water-with-saundi-mcclain-kloeckner": 0.971514183037632,
    "shadowing-the-anthropocene": 0.9711598994125316,
    "seminar-report-geo-politics": 0.9708756807925893,
    "one-world-solid-and-cracked": 0.9706828408097715,
    "walk-about-it": 0.9705246628065874,
    "imagining-an-economy-based-on-care": 0.9704830834317393,
    "inside-the-museum": 0.9703533004271769,
    "time-and-time-again": 0.9702709162438343,
    "histories-of-disintegration": 0.9702481975147238,
    "times-before-and-after": 0.9696959847005955,
    "seminar-report-slow-media": 0.9689895809733192,
    "producing-the-anthropocene-producing-the-future": 0.9689627912107309,
    "stranging-the-anthropocene-refraction": 0.9684531457292584,
    "kairos-earthquake-early-warning-application": 0.9683333712017362,
    "social-witnessing": 0.9681565219445929,
    "technostratigraphy-of-a-technological-object": 0.9679470753173908,
    "on-the-recuperative-mismanagement-of-a-cosmopolitan-fish": 0.9669907847671363,
    "tree-x-office": 0.9667888194361618,
    "seminar-report-filtering-the-anthropocene": 0.9667048621167038,
    "the-stories-we-tell-the-images-we-take": 0.9665765173330255,
    "river-memory": 0.9662808104627086,
    "of-forests-of-rivers-and-of-meals": 0.9657281338047766,
    "the-hyphen": 0.9655294414689009,
    "significant-and-insignificant-mounds": 0.9655082239619198,
    "mobile-hedges": 0.9652902299380187,
    "seminar-report-anthropogenic-landscapes": 0.964822561158443,
    "the-four-dimensional-mississippi": 0.9647081176128718,
    "knowing-in-the-anthropocene": 0.964522817639291,
    "freshkills-new-york-city": 0.9644137316254814,
    "the-confluence-area": 0.9643217672346683,
    "seminar-reflections-algorithmic-intermediation-and-smartness": 0.9641099084348737,
    "wicked-problems-and-mental-models": 0.9638734318456559,
    "seminar-imaging-the-anthropocene": 0.9635947475543745,
    "seminar-governing-the-technosphere": 0.9631724591639158,
    "nigeria-oil-pipes": 0.962972119199252,
    "us-southwest": 0.9627109211521944,
    "knowing-together": 0.9625650164849724,
    "listening-to-the-mississippi": 0.9624563336402476,
    "seminar-slow-media": 0.9618925805279961,
    "seminar-reflection-2": 0.9618106737454946,
    "natchez-etiologies-of-athropogenic-emergence": 0.9617655446837516,
    "mapping-an-exercise-in-cartography": 0.9616131805692121,
    "introduction-3": 0.9614738751434876,
    "gas-flares-in-the-bakken-oil-fields-williston-north-dakota-2013": 0.9612970674910853,
    "seminar-clashing-temporalities": 0.9604935810583112,
    "laboratory-for-a-radical-suburbia": 0.9604292754340122,
    "the-floating-ear": 0.9603048908853441,
    "prologue-the-fence-concept": 0.9596816918468803,
    "seminar-exhaustion-and-imagination": 0.9589710896737159,
    "seminar-co-evolutionary-perspectives": 0.9579719535321323,
    "from-plantations-to-petrochemicals": 0.9579074163350701,
    "humanities-on-the-ground": 0.9577273067038042,
    "seminar-anthropogenic-landscapes": 0.9577068415030959,
    "xaraasi-xanne-crossing-voices": 0.9574924157428575,
    "how-not-what-power-time-landscape": 0.9569407134391914,
    "seminar-modelling-wicked-problems": 0.9568568836839957,
    "ny-alesund-svalbard-norway": 0.9565459142299916,
    "lake-chad-narratives": 0.9562666819179331,
    "orbital-geopolitics": 0.9562138753167854,
    "the-shape-of-a-practice": 0.9561614768652605,
    "on-consuming-slow-media": 0.9559580376505062,
    "the-american-bottom": 0.9558527752062035,
    "from-a-living-exhibition-to-the-dmz": 0.9556898793878592,
    "terraforming": 0.9552965980595084,
    "seminar-archiving": 0.9548318577073328,
    "seminar-communicating": 0.9547692320076365,
    "voice-and-representation": 0.9546259693894149,
    "the-anthropocene-in-light-of-biological-feedback": 0.9540417217945807,
    "paddle-waves-and-sparkling-light": 0.9539628516220628,
    "seminar-consensus-building": 0.9538273225572943,
    "the-danish-text": 0.9536797860044243,
    "global-systems-simulator-gss": 0.9529943722846047,
    "seminar-sensing": 0.952711084128259,
    "limits-to-growth": 0.9526906099143209,
    "seminar-co-evolution-of-the-technosphere": 0.9524120841117529,
    "seminar-valuing-nature": 0.9519776163770182,
    "monsanto-town": 0.9519403821155735,
    "re-patterning-with-kudzu": 0.9515457931385695,
    "too-little-water-the-lake-chad-story": 0.9511865370595468,
    "understanding-the-north-american-lost-crops": 0.9510682745643588,
    "significant-and-insignificant-mounds-2": 0.9507696382396765,
    "seminar-sensing-the-insensible": 0.9505497474971084,
    "the-anthropocene-and-our-post-natural-future-2": 0.9501023509917403,
    "typha-the-once-and-future-planty-companion": 0.9494383140514467,
    "the-hedge": 0.9493323585726681,
    "lisboa-parallax-2020": 0.9488865281303139,
    "place-and-space": 0.9487745769521979,
    "twin-cities-artist-residency-mississippi-an-anthropocene-story": 0.9486092423328712,
    "the-maledives-case": 0.9469279481081713,
    "geo-politics": 0.946704458059302,
    "inheritance": 0.9464882184216902,