{
    "limits-to-growth": 0.9654111779005029,
    "orbital-geopolitics": 0.9596037771104987,
    "the-aerocene-campus": 0.9565334709743323,
    "kairos-earthquake-early-warning-application": 0.9548539660021539,
    "the-danish-text": 0.9520060479035218,
    "tactics-for-quotidian-anthropocenes": 0.9510903755832277,
    "one-world-solid-and-cracked": 0.9509128557190429,
    "going-against-the-flow": 0.9509060551255069,
    "the-anthropocene-in-light-of-biological-feedback": 0.9505298228361108,
    "sharing-surveillance-data": 0.9502824722409646,
    "the-stories-we-tell-the-images-we-take": 0.9502770310742741,
    "seminar-report-geo-politics": 0.9501736060521708,
    "white-sands": 0.9498852908686952,
    "seminar-report-anthropogenic-landscapes": 0.9497605371627049,
    "terraforming": 0.9487970235267293,
    "producing-the-anthropocene-producing-the-future": 0.9485242996093076,
    "inside-the-museum": 0.9483555692587234,
    "risk-equity-in-the-louisiana-anthropocene": 0.9483511186360614,
    "histories-of-disintegration": 0.9476692200248137,
    "seminar-co-evolution-of-the-technosphere": 0.9475695800578484,
    "outrunning-the-anthropocene": 0.9472721154927689,
    "stranging-the-anthropocene-refraction": 0.9468774512855592,
    "louisiana-a-planetary-reactor": 0.9468771277302871,
    "social-witnessing": 0.9460522186436138,
    "introductions-to-matters-2": 0.9457356258353244,
    "state-of-nature-in-india": 0.9454470252759847,
    "seminar-report-slow-media": 0.9453053810458356,
    "one-place-many-names": 0.9449799729807028,
    "knowing-together": 0.9447600681729209,
    "systems-analysis-and-modeling": 0.9447418994645032,
    "measuring-loss": 0.9446574161193366,
    "performing-the-anthropocene": 0.9445076541657041,
    "the-terrain-of-the-former-veb-elektrokohle-lichtenberg": 0.9444299864740965,
    "navigating-the-anthropocene-river": 0.9444012020157511,
    "real-estate-river": 0.9443806202959911,
    "seminar-modelling-wicked-problems": 0.9443612309701913,
    "sacrifice-zones-and-portable-climate": 0.9443381911954055,
    "xaraasi-xanne-crossing-voices": 0.9441478743762873,
    "planting-a-seed-is-revolutionary-act": 0.9439128714405635,
    "the-vietnamese-community-in-eastern-new-orleans": 0.9439059351839595,
    "interspecies-accomplices-cultivating-conspiracy-at-the-royal-botanic-gardens-victoria": 0.9438499807055425,
    "how-not-what-power-time-landscape": 0.943799781469917,
    "from-valuing-nature-to-reclaiming-resources": 0.9436642617596563,
    "lisboa-parallax-2020": 0.9435327610582488,
    "meskonsing-indian-lake-convergence-1": 0.9434163072361499,
    "sounding-landscapes": 0.9433898560348742,
    "the-shape-of-a-practice": 0.9433157663642993,
    "seminar-reflections-algorithmic-intermediation-and-smartness": 0.9430237134910526,
    "uncalculated-risk": 0.9430059461132945,
    "ny-alesund-svalbard-norway": 0.9427263709003655,
    "seminar-communicating": 0.9427043459265583,
    "nordic-fauna-seen-in-nature": 0.9425402904844249,
    "mapping-an-exercise-in-cartography": 0.9420029248150976,
    "lost-voices": 0.9418838787583431,
    "telling-time-through-lagoons-of-human-waste-at-the-western-treatment-plant": 0.9417554555011377,
    "somewhere-somehow-a-co-evolution-story": 0.9417074028142813,
    "kansan-view-from-iowa-point-1-glacial": 0.9416941835840839,
    "land-acknowledgement-statement": 0.941655380502436,
    "global-systems-simulator-gss": 0.9415489098158235,
    "layers-of-violence": 0.9413300838102918,
    "imagining-an-economy-based-on-care": 0.941089361621401,
    "meeker-dam": 0.9407714901213786,
    "pockets-reflections-on-the-anthropocene-campus-melbourne": 0.9407548461818276,
    "seminar-imaging-the-anthropocene": 0.9405119889662328,
    "the-free-sea": 0.9404849523773832,
    "seminar-report-filtering-the-anthropocene": 0.9397823812969983,
    "la-arboleda": 0.9393975053648176,
    "remnant-formations": 0.9392355933651265,
    "the-hyphen": 0.9392321895421352,
    "mobile-hedges": 0.9390682102426833,
    "the-floating-ear": 0.9388949538094455,
    "too-little-water-the-lake-chad-story": 0.9387891719404372,
    "timeslips": 0.9385183417975033,
    "on-the-use-of-the-word-code-by-the-kogi-translator": 0.9383757846689661,
    "patagonia": 0.9382662075953689,
    "seminar-archiving": 0.9382139150285695,
    "meskonsing-kansan-an-introduction": 0.9381333707502654,
    "seminar-valuing-nature": 0.938060795724246,
    "nigeria-oil-pipes": 0.9378342077426334,
    "time-and-time-again": 0.9378053688735443,
    "resisting-the-oblivion-of-eco-colonialism": 0.9376215493211464,
    "the-anthropocene-and-our-post-natural-future-2": 0.9375642480743365,
    "seminar-co-evolutionary-perspectives": 0.9374540823718258,
    "oysters-selective-pressures-and-antibiotic-resistance-in-the-mississippi-delta": 0.9372489192428716,
    "shadowing-the-anthropocene": 0.9371835803017787,
    "touring-the-anthropocenery-whos-in-charge-here-2014": 0.9367943135937025,
    "seminar-reflection-2": 0.9367834955811412,
    "gas-flares-in-the-bakken-oil-fields-williston-north-dakota-2013": 0.9366500315853213,
    "infrastrucural-nature": 0.9366134113730428,
    "seminar-techno-metabolism": 0.9364585428626607,
    "tree-x-office": 0.9362632527602807,
    "from-valuing-nature-to-reclaiming-resources-2": 0.9359336689083693,
    "walk-about-it": 0.9358771203099844,
    "times-before-and-after": 0.9355815729960857,
    "technosphere-co-evolution-a-seminal-seminar-conversation": 0.9355726324346646,
    "seminar-consensus-building": 0.9349697206438791,
    "imagine-the-anthropocene-with-a-little-help-from-the-monster-in-you": 0.9348896014437542,
    "natchez-etiologies-of-athropogenic-emergence": 0.9347812225707702,
    "on-consuming-slow-media": 0.9346723624434806,
    "seminar-governing-the-technosphere": 0.9345576402412148,
    "the-rights-of-nature": 0.9340798499592484,
    "humanities-on-the-ground": 0.933443060573376,
    "how-does-the-world-end-for-others": 0.9325847342900833,
    "the-four-dimensional-mississippi": 0.9323784052995232,
    "the-mississippi-basin-an-operational-landscape": 0.9322108254505448,
    "introduction-3": 0.9320796198729565,
    "place-and-space": 0.9318383061267197,
    "monsanto-town": 0.9317437389891391,
    "seminar-sensing": 0.9316424182649,
    "parallax-lisboa": 0.9315339178305743,
    "technostratigraphy-of-a-technological-object": 0.931362063381573,
    "rogue-elements-of-the-upper-mississippi": 0.93135446748018,
    "time-out-of-mind": 0.9312485686022368,
    "seminar-romancing-the-anthropocene": 0.931223106789538,
    "on-the-recuperative-mismanagement-of-a-cosmopolitan-fish": 0.9309987781548182,
    "wicked-problems-and-mental-models": 0.9308698246229121,
    "seminar-commodity-flows": 0.930656373607908,
    "resonance-vegetale": 0.9301915574571551,
    "seminar-anthropogenic-landscapes": 0.9301185715277428,
    "plastic-and-surrogacy": 0.9300590001287823,
    "laboratory-for-a-radical-suburbia": 0.9300579907835437,
    "the-confluence-area": 0.9299389889872897,
    "the-american-bottom": 0.9297898466637103,
    "knowing-in-the-anthropocene": 0.9297003906045177,
    "taking-nature-into-account-historical-perspectives-and-paradoxes": 0.9286625853115253,
    "from-plantations-to-petrochemicals": 0.9284440774834407,
    "writing-global-histories-in-the-anthropocene": 0.9283260799914358,
    "listening-to-the-mississippi": 0.9277803267930793,
    "tactics-for-quotidian-anthropocenes-2": 0.9277661115490131,
    "seminar-clashing-temporalities": 0.9276830069024345,
    "paddle-waves-and-sparkling-light": 0.9272688871302489,
    "seminar-algorithmic-intermediation-and-smartness": 0.9270924589463411,
    "river-memory": 0.9266393639491279,
    "state-of-nature-some-philosophical-issues": 0.9254792231193554,
    "ioway": 0.9252192159300198,
    "voice-and-representation": 0.9250451247342106,
    "us-southwest": 0.9250382651020317,
    "seminar-slow-media": 0.9246919334676031,