{
    "louisiana-a-planetary-reactor": 0.9848784361932259,
    "going-against-the-flow": 0.9840785604633079,
    "the-four-dimensional-mississippi": 0.983694259049336,
    "sacrifice-zones-and-portable-climate": 0.9828635865133787,
    "navigating-the-anthropocene-river": 0.9824470055086874,
    "telling-time-through-lagoons-of-human-waste-at-the-western-treatment-plant": 0.9810224328364218,
    "outrunning-the-anthropocene": 0.9806219156251141,
    "white-sands": 0.9793930936714786,
    "kansan-view-from-iowa-point-1-glacial": 0.9785042785469714,
    "the-mississippi-basin-an-operational-landscape": 0.9773975287374557,
    "sounding-landscapes": 0.9772488097745722,
    "one-world-solid-and-cracked": 0.9770825622402879,
    "planting-a-seed-is-revolutionary-act": 0.9767263638876592,
    "ny-alesund-svalbard-norway": 0.9767104969658713,
    "meeker-dam": 0.9763630182150415,
    "uncalculated-risk": 0.9762200319637633,
    "nigeria-oil-pipes": 0.9761667895485637,
    "performing-the-anthropocene": 0.9760694698050262,
    "real-estate-river": 0.9757727204067959,
    "seminar-report-filtering-the-anthropocene": 0.9756034132455631,
    "risk-equity-in-the-louisiana-anthropocene": 0.9754614499657774,
    "imagining-an-economy-based-on-care": 0.9754007084763646,
    "layers-of-violence": 0.9752449390291102,
    "the-terrain-of-the-former-veb-elektrokohle-lichtenberg": 0.9752317952326041,
    "pockets-reflections-on-the-anthropocene-campus-melbourne": 0.9751250332507911,
    "seminar-report-geo-politics": 0.9745330907512468,
    "rogue-elements-of-the-upper-mississippi": 0.9743118629690177,
    "one-place-many-names": 0.9741604332114764,
    "measuring-loss": 0.9740431931429129,
    "meskonsing-indian-lake-convergence-1": 0.9739711213271579,
    "producing-the-anthropocene-producing-the-future": 0.973865945828502,
    "la-arboleda": 0.9736566160726481,
    "timeslips": 0.9731107470027677,
    "orbital-geopolitics": 0.9725241668014429,
    "time-out-of-mind": 0.9721237090893716,
    "somewhere-somehow-a-co-evolution-story": 0.9715136966746853,
    "lost-voices": 0.9714190909046,
    "remnant-formations": 0.9711567521461775,
    "on-the-use-of-the-word-code-by-the-kogi-translator": 0.971086150601193,
    "interspecies-accomplices-cultivating-conspiracy-at-the-royal-botanic-gardens-victoria": 0.9705337589884702,
    "kairos-earthquake-early-warning-application": 0.9702350244277805,
    "limits-to-growth": 0.9696478697299872,
    "seminar-report-anthropogenic-landscapes": 0.9696262236660091,
    "nordic-fauna-seen-in-nature": 0.9691723453564586,
    "introductions-to-matters-2": 0.9691184541498283,
    "patagonia": 0.9687838925558018,
    "the-free-sea": 0.9687155052819144,
    "of-forests-of-rivers-and-of-meals": 0.9686394882595787,
    "inside-the-museum": 0.9684358008796347,
    "land-acknowledgement-statement": 0.9677493593097091,
    "how-does-the-world-end-for-others": 0.9674601172371978,
    "imagine-the-anthropocene-with-a-little-help-from-the-monster-in-you": 0.9673733474401498,
    "stranging-the-anthropocene-refraction": 0.9663833217680015,
    "resisting-the-oblivion-of-eco-colonialism": 0.9663457874638367,
    "the-aerocene-campus": 0.9663327754488938,
    "significant-and-insignificant-mounds": 0.9652815082004172,
    "tactics-for-quotidian-anthropocenes": 0.9652177757156024,
    "meskonsing-kansan-an-introduction": 0.965049369587914,
    "times-before-and-after": 0.9648235682959185,
    "shadowing-the-anthropocene": 0.9645379000164327,
    "seminar-imaging-the-anthropocene": 0.9643916632689957,
    "mobile-hedges": 0.9640798220285597,
    "re-patterning-with-kudzu": 0.9634823165366957,
    "the-maledives-case": 0.9632764093084097,
    "the-floating-ear": 0.9631674045721622,
    "laboratory-for-a-radical-suburbia": 0.9631236506273123,
    "the-hyphen": 0.9630643677992016,
    "too-little-water-the-lake-chad-story": 0.9628581510023903,
    "state-of-nature-in-india": 0.9628571774351764,
    "histories-of-disintegration": 0.9624193749964632,
    "prologue-the-fence-concept": 0.9623694886838375,
    "technosphere-co-evolution-a-seminal-seminar-conversation": 0.9621055079208924,
    "the-shape-of-a-practice": 0.9620839828006232,
    "natchez-etiologies-of-athropogenic-emergence": 0.9620328182450237,
    "touring-the-anthropocenery-whos-in-charge-here-2014": 0.9617259603617999,
    "oysters-selective-pressures-and-antibiotic-resistance-in-the-mississippi-delta": 0.961715616965255,
    "seminar-report-slow-media": 0.9615870326688963,
    "seminar-co-evolution-of-the-technosphere": 0.9611343889351857,
    "mikado-sol-2014": 0.9610571570592856,
    "global-systems-simulator-gss": 0.9607124654792109,
    "seminar-reflections-algorithmic-intermediation-and-smartness": 0.9602779671356748,
    "the-anthropocene-in-light-of-biological-feedback": 0.960237335932108,
    "mapping-an-exercise-in-cartography": 0.9600544743232,
    "lake-chad-sharing-a-diminishing-resource": 0.9596531731576278,
    "infrastrucural-nature": 0.9595306342606482,
    "the-great-green-desert": 0.9594204798736545,
    "the-vietnamese-community-in-eastern-new-orleans": 0.9593690981630044,
    "ioway": 0.9588009138650068,
    "social-witnessing": 0.9587624219240464,
    "listening-to-the-mississippi": 0.9587360708045087,
    "seminar-anthropogenic-landscapes": 0.9585962494161404,
    "introduction-3": 0.958538716292772,
    "wicked-problems-and-mental-models": 0.9580706722916441,
    "time-and-time-again": 0.9579160551155463,
    "seminar-valuing-nature": 0.9571747619922772,
    "monsanto-town": 0.957067790026187,
    "technostratigraphy-of-a-technological-object": 0.9570649425474689,
    "the-stories-we-tell-the-images-we-take": 0.9569249169621368,
    "on-the-recuperative-mismanagement-of-a-cosmopolitan-fish": 0.9568516368053834,
    "seminar-commodity-flows": 0.9565460633356508,
    "paddle-waves-and-sparkling-light": 0.9564726146081859,
    "tree-x-office": 0.9564620729285155,
    "walk-about-it": 0.9560278834263899,
    "the-american-bottom": 0.9559171763799319,
    "seminar-communicating": 0.9558999715035772,
    "humanities-on-the-ground": 0.9556217295440554,
    "knowing-in-the-anthropocene": 0.9555605464420642,
    "plastic-and-surrogacy": 0.9551568045492362,
    "seminar-reflection-2": 0.9545572622284445,
    "this-is-not-about-survival-its-about-bringing-your-coracle": 0.9540131048849184,
    "on-consuming-slow-media": 0.9538499128523418,
    "terraforming": 0.9538041785248071,
    "the-confluence-area": 0.9535054214791723,
    "seminar-modelling-wicked-problems": 0.9532900013423691,
    "the-anthropogenic-influence-onto-the-air-quality-along-the-mississippi-river-findings": 0.953047109061828,
    "seminar-sensing": 0.9527786650021085,
    "knowing-together": 0.9526328275726563,
    "inheritance": 0.9522329674785381,
    "plant-domestication-and-dispersal": 0.9521592931856391,
    "lisboa-parallax-2020": 0.9521433152758432,
    "lake-chad-narratives": 0.9519145681758823,
    "seminar-clashing-temporalities": 0.9512388898173962,
    "praying-for-the-water-with-saundi-mcclain-kloeckner": 0.9510358549263619,
    "seminar-exhaustion-and-imagination": 0.950921546700391,
    "specifics-of-vulnerability": 0.9508497675998637,
    "mississippi": 0.9503716773824333,
    "reshaping-the-shape-embodiment-ecology-and-culture-of-a-postnatural-carp": 0.9502026676841425,
    "the-danish-text": 0.9497786399341103,
    "river-memory": 0.9493617109824053,
    "seminar-slow-media": 0.9493418807452626,
    "seminar-governing-the-technosphere": 0.9491536237657352,
    "writing-global-histories-in-the-anthropocene": 0.9490169827334838,
    "systems-analysis-and-modeling": 0.9489927662702085,
    "understanding-the-north-american-lost-crops": 0.9487961315194883,
    "us-southwest": 0.9487406237930497,
    "significant-and-insignificant-mounds-2": 0.946993365726355,
    "seminar-claims-property": 0.9457851574169628,
    "parallax-lisboa": 0.9444199046311305,