{
    "seminar-filtering-the-anthropocene": 0.9760017652776932,
    "seminar-modelling-wicked-problems": 0.9753973145984302,
    "seminar-valuing-nature": 0.9747240319137742,
    "voice-and-representation": 0.9746702738805494,
    "seminar-reflections-algorithmic-intermediation-and-smartness": 0.9732221010040866,
    "seminar-reflection-2": 0.9729081796301283,
    "times-before-and-after": 0.9725333090298114,
    "seminar-co-evolutionary-perspectives": 0.9725136114799455,
    "producing-the-anthropocene-producing-the-future": 0.9724166981640057,
    "seminar-disciplinarities": 0.972213911033479,
    "humanities-on-the-ground": 0.971541906054389,
    "global-systems-simulator-gss": 0.9714476892482277,
    "the-floating-ear": 0.9710258022137241,
    "lost-voices": 0.9705297878400542,
    "introductions-to-matters-2": 0.9705121616238142,
    "mapping-an-exercise-in-cartography": 0.970496803249353,
    "seminar-governing-the-technosphere": 0.9704041744367935,
    "lisboa-parallax-2020": 0.9699586040216148,
    "stranging-the-anthropocene-refraction": 0.9693376752488622,
    "seminar-report-anthropogenic-landscapes": 0.9692964145088637,
    "seminar-imaging-the-anthropocene": 0.969265667397309,
    "inside-the-museum": 0.9692132056063936,
    "seminar-report-filtering-the-anthropocene": 0.9691029188328762,
    "seminar-co-evolution-of-the-technosphere": 0.9689396533379596,
    "seminar-anthropogenic-landscapes": 0.9689186959485694,
    "wicked-problems-and-mental-models": 0.9681603951894833,
    "parallax-lisboa": 0.9681400857143784,
    "the-shape-of-a-practice": 0.9678330970751085,
    "one-world-solid-and-cracked": 0.9677286445994214,
    "seminar-report-geo-politics": 0.9673325333550752,
    "seminar-sensing": 0.9669469256719484,
    "seminar-report-slow-media": 0.9667023941781392,
    "on-consuming-slow-media": 0.9665667040218422,
    "seminar-slow-media": 0.9663218142847463,
    "technosphere-co-evolution-a-seminal-seminar-conversation": 0.9662131713519166,
    "seminar-consensus-building": 0.9657528987604445,
    "the-hyphen": 0.9655556099460241,
    "seminar-exhaustion-and-imagination": 0.9653766921873258,
    "risk-equity-in-the-louisiana-anthropocene": 0.964819144273701,
    "knowing-in-the-anthropocene": 0.9646866374511317,
    "state-of-nature-some-philosophical-issues": 0.9643290053425386,
    "shadowing-the-anthropocene": 0.9637176647691146,
    "state-of-nature-in-india": 0.9635754714490371,
    "time-and-time-again": 0.9635407717703319,
    "resisting-the-oblivion-of-eco-colonialism": 0.963321402541747,
    "terraforming": 0.9629962131124425,
    "writing-global-histories-in-the-anthropocene": 0.9629820539626036,
    "seminar-communicating": 0.9628517112885068,
    "kairos-earthquake-early-warning-application": 0.962748245365015,
    "walk-about-it": 0.962690499424552,
    "seminar-algorithmic-intermediation-and-smartness": 0.962210826412992,
    "the-anthropocene-in-light-of-biological-feedback": 0.9620476532661772,
    "imagining-an-economy-based-on-care": 0.96200626774638,
    "seminar-sensing-the-insensible": 0.9614072569680978,
    "the-free-sea": 0.9610763273121017,
    "navigating-the-anthropocene-river": 0.9604169107378188,
    "touring-the-anthropocenery-whos-in-charge-here-2014": 0.9602312702684663,
    "systems-analysis-and-modeling": 0.9600277270140627,
    "looking-downstream": 0.9599811734472148,
    "knowing-together": 0.9591396241012583,
    "infrastrucural-nature": 0.9589710253761888,
    "performing-the-anthropocene": 0.9586317523561918,
    "planting-a-seed-is-revolutionary-act": 0.9582747382756995,
    "tactics-for-quotidian-anthropocenes": 0.9578225617373036,
    "measuring-loss": 0.9578218640325191,
    "histories-of-disintegration": 0.9577926010208768,
    "ny-alesund-svalbard-norway": 0.9577677404760145,
    "somewhere-somehow-a-co-evolution-story": 0.9569097932061633,
    "monsanto-town": 0.9568556405939362,
    "pockets-reflections-on-the-anthropocene-campus-melbourne": 0.9568509598370855,
    "going-against-the-flow": 0.9567876384547828,
    "the-aerocene-campus": 0.9565931517613466,
    "the-anthropocene-and-our-post-natural-future-2": 0.9564162671320612,
    "limits-to-growth": 0.9560062521437601,
    "place-and-space": 0.9559664471370339,
    "meeker-dam": 0.9557998003897316,
    "on-the-use-of-the-word-code-by-the-kogi-translator": 0.955009703339943,
    "hurricane-katrina": 0.9549645518550935,
    "imagine-the-anthropocene-with-a-little-help-from-the-monster-in-you": 0.9546807406037415,
    "plastic-and-surrogacy": 0.9543082699840567,
    "social-witnessing": 0.9537532990404227,
    "taking-nature-into-account-historical-perspectives-and-paradoxes": 0.9536563034718172,
    "specifics-of-vulnerability": 0.9533210423655457,
    "the-terrain-of-the-former-veb-elektrokohle-lichtenberg": 0.952974215586911,
    "land-acknowledgement-statement": 0.9529617711881077,
    "project-launch-minneapolis": 0.9525583246434416,
    "sounding-landscapes": 0.9524803100844194,
    "meskonsing-kansan-an-introduction": 0.9523791495610078,
    "laboratory-for-a-radical-suburbia": 0.9514555018592519,
    "river-memory": 0.9513229058628556,
    "outrunning-the-anthropocene": 0.9511890304234161,
    "kansan-view-from-iowa-point-1-glacial": 0.9511865850882044,
    "nordic-fauna-seen-in-nature": 0.95100966027862,
    "seminar-archiving": 0.9509376421249672,
    "twin-cities-artist-residency-mississippi-an-anthropocene-story": 0.9506284730475135,
    "too-little-water-the-lake-chad-story": 0.9499860559337215,
    "telling-time-through-lagoons-of-human-waste-at-the-western-treatment-plant": 0.9497373523694727,
    "remnant-formations": 0.9494458764207214,
    "interspecies-accomplices-cultivating-conspiracy-at-the-royal-botanic-gardens-victoria": 0.9493308150503933,
    "seminar-risk-equity": 0.9491446772325306,
    "the-stories-we-tell-the-images-we-take": 0.9489181494592123,
    "orbital-geopolitics": 0.9489036739597834,
    "time-out-of-mind": 0.9481517043671334,
    "seminar-romancing-the-anthropocene": 0.9481310054984488,
    "real-estate-river": 0.9475554333053576,
    "the-shape-of-a-practice-online-project-environment": 0.9474935398969151,
    "louisiana-a-planetary-reactor": 0.94675532907371,
    "one-place-many-names": 0.9462112384006343,
    "patagonia": 0.9456298688912467,
    "significant-and-insignificant-mounds": 0.9454280965198719,
    "uncalculated-risk": 0.9453289008643122,
    "reshaping-the-shape-embodiment-ecology-and-culture-of-a-postnatural-carp": 0.9452815996356169,
    "meskonsing-indian-lake-convergence-1": 0.9450042434109743,
    "ioway": 0.9445671885329248,
    "natchez-etiologies-of-athropogenic-emergence": 0.9443127459740973,
    "tactics-for-quotidian-anthropocenes-2": 0.94398525176775,
    "timeslips": 0.9438785292508552,
    "introduction-3": 0.9434283266189034,
    "the-american-bottom": 0.9433212719252291,
    "panel-talk-beween-patricia-piccinini-and-claudia-vickers": 0.9425685108145246,
    "oysters-selective-pressures-and-antibiotic-resistance-in-the-mississippi-delta": 0.9416896049839268,
    "the-confluence-area": 0.9416273252821493,
    "lake-chad-sharing-a-diminishing-resource": 0.9414643879300006,
    "mobile-hedges": 0.9408800782758453,
    "layers-of-violence": 0.9404070889470492,
    "seminar-clashing-temporalities": 0.9404009797106957,
    "the-mississippi-basin-an-operational-landscape": 0.9401638692160302,
    "tree-x-office": 0.939586347792992,
    "sacrifice-zones-and-portable-climate": 0.9393685554017602,
    "technostratigraphy-of-a-technological-object": 0.9390774939189506,
    "xaraasi-xanne-crossing-voices": 0.9382153211174555,
    "slow-disaster": 0.9377836401786006,
    "on-the-recuperative-mismanagement-of-a-cosmopolitan-fish": 0.9377689361480487,
    "the-shape-of-a-practice-seminars": 0.9376383916362212,
    "prologue-the-fence-concept": 0.9376270468680324,
    "the-hedge": 0.9372628653243111,
    "listening-to-the-mississippi": 0.9372045760367957,