{
    "systems-analysis-and-modeling": 0.9901695633840686,
    "seminar-modelling-wicked-problems": 0.9901223945701815,
    "seminar-valuing-nature": 0.9890808956174717,
    "seminar-reflections-algorithmic-intermediation-and-smartness": 0.9885286031955219,
    "producing-the-anthropocene-producing-the-future": 0.9881871689261358,
    "wicked-problems-and-mental-models": 0.9871578793931645,
    "the-floating-ear": 0.987116530539628,
    "mapping-an-exercise-in-cartography": 0.9870873965334493,
    "the-anthropocene-in-light-of-biological-feedback": 0.9869991719604538,
    "seminar-report-anthropogenic-landscapes": 0.9868330153903716,
    "kairos-earthquake-early-warning-application": 0.9866286534532169,
    "times-before-and-after": 0.985853913888671,
    "seminar-report-geo-politics": 0.9853275667719356,
    "seminar-reflection-2": 0.9846673681647692,
    "limits-to-growth": 0.9844545766019388,
    "the-shape-of-a-practice": 0.9841001964338598,
    "on-consuming-slow-media": 0.9837127524523935,
    "seminar-report-filtering-the-anthropocene": 0.9836337506494383,
    "inside-the-museum": 0.983286405719041,
    "technosphere-co-evolution-a-seminal-seminar-conversation": 0.9832536638097797,
    "seminar-co-evolution-of-the-technosphere": 0.9818053388085997,
    "seminar-sensing": 0.9813119589506547,
    "infrastrucural-nature": 0.9812806489666869,
    "terraforming": 0.9811513621802588,
    "one-world-solid-and-cracked": 0.9804531660094842,
    "going-against-the-flow": 0.9802131445793889,
    "seminar-consensus-building": 0.9794193917470336,
    "stranging-the-anthropocene-refraction": 0.9792518702304951,
    "knowing-in-the-anthropocene": 0.97914640460168,
    "the-hyphen": 0.978976068492989,
    "lost-voices": 0.9786758458725374,
    "risk-equity-in-the-louisiana-anthropocene": 0.978313223099824,
    "seminar-exhaustion-and-imagination": 0.9782814972756362,
    "introductions-to-matters-2": 0.9782521925393345,
    "imagining-an-economy-based-on-care": 0.9777770240287051,
    "seminar-imaging-the-anthropocene": 0.9774818188016982,
    "the-free-sea": 0.9771289568600392,
    "seminar-report-slow-media": 0.9768742391455112,
    "voice-and-representation": 0.9768068351337781,
    "humanities-on-the-ground": 0.9766416264603999,
    "the-terrain-of-the-former-veb-elektrokohle-lichtenberg": 0.9766323116199391,
    "navigating-the-anthropocene-river": 0.9765327840342365,
    "plastic-and-surrogacy": 0.9760598379152037,
    "somewhere-somehow-a-co-evolution-story": 0.9755544020609627,
    "seminar-governing-the-technosphere": 0.9755188879362077,
    "resisting-the-oblivion-of-eco-colonialism": 0.9754165139319023,
    "state-of-nature-in-india": 0.9752454596675635,
    "seminar-communicating": 0.9750095099890919,
    "performing-the-anthropocene": 0.9749503353423237,
    "lisboa-parallax-2020": 0.9740829300600343,
    "on-the-use-of-the-word-code-by-the-kogi-translator": 0.9737819213456692,
    "outrunning-the-anthropocene": 0.9734635777251499,
    "tactics-for-quotidian-anthropocenes": 0.973406926468546,
    "sounding-landscapes": 0.9730586378053011,
    "the-aerocene-campus": 0.9726952923537412,
    "remnant-formations": 0.9726571849462871,
    "ny-alesund-svalbard-norway": 0.9725336910217537,
    "shadowing-the-anthropocene": 0.9724350901087075,
    "time-and-time-again": 0.9721503422835296,
    "seminar-archiving": 0.971826862389218,
    "pockets-reflections-on-the-anthropocene-campus-melbourne": 0.9717645072249449,
    "orbital-geopolitics": 0.9713736596721612,
    "the-mississippi-basin-an-operational-landscape": 0.9713291531368518,
    "parallax-lisboa": 0.9708531591146194,
    "measuring-loss": 0.9701795398998028,
    "meeker-dam": 0.9699189553108347,
    "imagine-the-anthropocene-with-a-little-help-from-the-monster-in-you": 0.9697684262866779,
    "louisiana-a-planetary-reactor": 0.9689215914697934,
    "planting-a-seed-is-revolutionary-act": 0.9686825326591677,
    "seminar-filtering-the-anthropocene": 0.9684830411980413,
    "walk-about-it": 0.9682504918782736,
    "telling-time-through-lagoons-of-human-waste-at-the-western-treatment-plant": 0.9680788085665313,
    "uncalculated-risk": 0.9680039541677213,
    "seminar-co-evolutionary-perspectives": 0.9677850789139811,
    "seminar-slow-media": 0.9675837332396753,
    "too-little-water-the-lake-chad-story": 0.9673740944581511,
    "touring-the-anthropocenery-whos-in-charge-here-2014": 0.9672809871356436,
    "nordic-fauna-seen-in-nature": 0.9668687171037473,
    "seminar-disciplinarities": 0.9668658965599545,
    "the-shape-of-a-practice-online-project-environment": 0.9667665389886805,
    "the-anthropocene-and-our-post-natural-future-2": 0.9666188910599463,
    "kansan-view-from-iowa-point-1-glacial": 0.9658934114454505,
    "specifics-of-vulnerability": 0.9657435838531364,
    "knowing-together": 0.9656297420303778,
    "real-estate-river": 0.9650146123959861,
    "seminar-anthropogenic-landscapes": 0.9648731789449321,
    "oysters-selective-pressures-and-antibiotic-resistance-in-the-mississippi-delta": 0.964777310091902,
    "place-and-space": 0.9647381484675384,
    "one-place-many-names": 0.9639272731409176,
    "interspecies-accomplices-cultivating-conspiracy-at-the-royal-botanic-gardens-victoria": 0.9634721478754255,
    "histories-of-disintegration": 0.9633029581024192,
    "the-shape-of-a-practice-seminars": 0.9632357307168803,
    "time-out-of-mind": 0.962907902289497,
    "seminar-algorithmic-intermediation-and-smartness": 0.9621598163165038,
    "technostratigraphy-of-a-technological-object": 0.9618589634694034,
    "social-witnessing": 0.9616933541415732,
    "land-acknowledgement-statement": 0.9612013508732045,
    "tree-x-office": 0.9610133437488244,
    "sacrifice-zones-and-portable-climate": 0.9608985787406827,
    "state-of-nature-some-philosophical-issues": 0.9608426555337323,
    "timeslips": 0.9607858328203891,
    "mobile-hedges": 0.9605861580400614,
    "monsanto-town": 0.9605759754987142,
    "of-forests-of-rivers-and-of-meals": 0.960559241986761,
    "the-four-dimensional-mississippi": 0.9605365422414317,
    "hurricane-katrina": 0.9595809919329314,
    "ioway": 0.9593404904511496,
    "meskonsing-kansan-an-introduction": 0.9593097781435518,
    "the-stories-we-tell-the-images-we-take": 0.9592683629024286,
    "lake-chad-sharing-a-diminishing-resource": 0.9588460416160729,
    "introduction-3": 0.9586046952696481,
    "writing-global-histories-in-the-anthropocene": 0.9580762987110457,
    "twin-cities-artist-residency-mississippi-an-anthropocene-story": 0.9579204059644776,
    "project-launch-minneapolis": 0.9575358058052372,
    "meskonsing-indian-lake-convergence-1": 0.9573827845648074,
    "patagonia": 0.9573462294624744,
    "la-arboleda": 0.957243368580257,
    "white-sands": 0.9570883815526291,
    "seminar-sensing-the-insensible": 0.9558723073287851,
    "laboratory-for-a-radical-suburbia": 0.9555281231659671,
    "the-anthropogenic-influence-onto-the-air-quality-along-the-mississippi-river-findings": 0.9554525633235947,
    "looking-downstream": 0.9551959265130257,
    "rogue-elements-of-the-upper-mississippi": 0.9550632867880304,
    "listening-to-the-mississippi": 0.9548985246492544,
    "seminar-commodity-flows": 0.9546620315824758,
    "taking-nature-into-account-historical-perspectives-and-paradoxes": 0.9544049994281888,
    "tactics-for-quotidian-anthropocenes-2": 0.9543620071163019,
    "prologue-the-fence-concept": 0.9536040088682971,
    "layers-of-violence": 0.9532724708280476,
    "the-confluence-area": 0.9523962441206019,
    "seminar-risk-equity": 0.951776563288195,
    "reshaping-the-shape-embodiment-ecology-and-culture-of-a-postnatural-carp": 0.9515395732227883,
    "seminar-romancing-the-anthropocene": 0.950989219758559,
    "natchez-etiologies-of-athropogenic-emergence": 0.9506965486071999,
    "river-memory": 0.9506573345287604,
    "images-of-the-anthropocene": 0.9505682253885711,
    "seminar-techno-metabolism": 0.9505411563334565,