{
    "phenomenal-machines-2": 0.4124448236337519,
    "risk-as-immaterial-raw-material": 0.12722844329557684,
    "test-contribution": 0.12302662148725325,
    "ve-vm-vt-the-ideal-cosmic-messengers": 0.12207474445255252,
    "open-seminars": 0.11632046131767725,
    "hopium-economy": 0.10011005155014446,
    "of-forests-of-rivers-and-of-meals": 0.096922287683037,
    "mikado-sol-2014": 0.0903511313306477,
    "seminar-commodity-flows": 0.08636701565013767,
    "understanding-the-north-american-lost-crops": 0.0862069754914422,
    "the-current-mississippi-an-anthropocene-river": 0.0854457956144232,
    "the-anthropogenic-influence-onto-the-air-quality-along-the-mississippi-river-findings": 0.08419969929874647,
    "over-the-levee-under-the-plow": 0.08342897904083599,
    "the-great-green-desert": 0.08342363916648954,
    "louisiana-a-planetary-reactor": 0.08284250144353304,
    "reshaping-the-shape-embodiment-ecology-and-culture-of-a-postnatural-carp": 0.08248701788886265,
    "sacrifice-zones-and-portable-climate": 0.08062945178038335,
    "the-hedge": 0.0800323344022053,
    "significant-and-insignificant-mounds-2": 0.07992144963712994,
    "nigeria-oil-pipes": 0.07973134346959365,
    "the-mississippi-basin-an-operational-landscape": 0.07970201673700808,
    "meskonsing-kansan": 0.07941516578949484,
    "this-is-not-about-survival-its-about-bringing-your-coracle": 0.07862112524603657,
    "on-the-recuperative-mismanagement-of-a-cosmopolitan-fish": 0.07849787013173587,
    "significant-and-insignificant-mounds": 0.07823041337427353,
    "rogue-elements-of-the-upper-mississippi": 0.07742897432844394,
    "the-four-dimensional-mississippi": 0.0762666991979123,
    "lake-chad-narratives": 0.07429578010734861,
    "plant-domestication-and-dispersal": 0.07420328254074113,
    "systems-analysis-and-modeling": 0.07406602699656241,
    "prologue-the-fence-concept": 0.07309270479929142,
    "orbital-geopolitics": 0.07245088234664364,
    "layers-of-violence": 0.07227901281371477,
    "seminar-modelling-wicked-problems": 0.0717360324319193,
    "remnant-formations": 0.07148306830629637,
    "telling-time-through-lagoons-of-human-waste-at-the-western-treatment-plant": 0.07121149249158394,
    "seminar-techno-metabolism": 0.07088052454515377,
    "plastic-and-surrogacy": 0.0706069592477242,
    "oysters-selective-pressures-and-antibiotic-resistance-in-the-mississippi-delta": 0.07018031483090113,
    "introduction-3": 0.0699102712545274,
    "the-maledives-case": 0.0687728010514941,
    "re-patterning-with-kudzu": 0.06862547724267246,
    "technostratigraphy-of-a-technological-object": 0.06852111430314524,
    "knowing-together": 0.06771954162801341,
    "wicked-problems-and-mental-models": 0.06710658244518988,
    "hurricane-katrina": 0.06698043849081016,
    "technosphere-co-evolution-a-seminal-seminar-conversation": 0.06625721281636299,
    "ioway": 0.06606399843160082,
    "imagining-an-economy-based-on-care": 0.06540832130503975,
    "mobile-hedges": 0.06539031635422819,
    "praying-for-the-water-with-saundi-mcclain-kloeckner": 0.06513307293581826,
    "seminar-report-filtering-the-anthropocene": 0.06505948978052539,
    "technosphere-magazine": 0.06489748921267971,
    "planting-a-seed-is-revolutionary-act": 0.0638035005241272,
    "white-sands": 0.06373093477061985,
    "time-out-of-mind": 0.06367331861857699,
    "performing-the-anthropocene": 0.06347770147345318,
    "new-orleans-anthropocene-field-campus": 0.06219455653758795,
    "pockets-reflections-on-the-anthropocene-campus-melbourne": 0.06208110669558778,
    "slow-disaster": 0.062054391982446735,
    "seminar-anthropogenic-landscapes": 0.06176148519012219,
    "sounding-landscapes": 0.06175422515589639,
    "la-arboleda": 0.06164260374873321,
    "inheritance": 0.061408222470972273,
    "outrunning-the-anthropocene": 0.06122165324570907,
    "paddle-waves-and-sparkling-light": 0.06086434314658023,
    "navigating-the-anthropocene-river": 0.06064564294374327,
    "lake-chad-sharing-a-diminishing-resource": 0.06010336432091558,
    "on-consuming-slow-media": 0.059998866064761416,
    "kansan-view-from-iowa-point-1-glacial": 0.059939454114592845,
    "shaped-by-rivers": 0.059876700771749884,
    "temporary-continent": 0.0596550052626932,
    "the-terrain-of-the-former-veb-elektrokohle-lichtenberg": 0.05939095977239663,
    "too-little-water-the-lake-chad-story": 0.05938584153879099,
    "t-rain-lines": 0.05937606127038918,
    "one-world-solid-and-cracked": 0.059273851037935234,
    "measuring-loss": 0.0590983419662314,
    "interspecies-accomplices-cultivating-conspiracy-at-the-royal-botanic-gardens-victoria": 0.0589508365651474,
    "imagine-the-anthropocene-with-a-little-help-from-the-monster-in-you": 0.0587740213197992,
    "writing-global-histories-in-the-anthropocene": 0.05876997006807859,
    "one-place-many-names": 0.05819639078282415,
    "resisting-the-oblivion-of-eco-colonialism": 0.0581059284195318,
    "patagonia": 0.057876823321470434,
    "somewhere-somehow-a-co-evolution-story": 0.05784400900327054,
    "specifics-of-vulnerability": 0.05742711345742748,
    "transect-walk-cahokia-mounds-to-fairmont-city": 0.05602533446455153,
    "how-does-the-world-end-for-others": 0.05579396184928337,
    "risk-equity-in-the-louisiana-anthropocene": 0.05575636433230799,
    "inside-the-museum": 0.05551914600057833,
    "uncalculated-risk": 0.055123495937979924,
    "the-floating-ear": 0.05505481029619491,
    "meeker-dam": 0.05500961059127735,
    "tactics-for-quotidian-anthropocenes": 0.05484786001747751,
    "the-hyphen": 0.05440824043038714,
    "seminar-disciplinarities": 0.05429372014053643,
    "st-louis-anthropocene-field-campus": 0.0540795585715048,
    "on-the-use-of-the-word-code-by-the-kogi-translator": 0.05393923050002623,
    "meskonsing-indian-lake-convergence-1": 0.05393550961000252,
    "state-of-nature-in-india": 0.053735878760382993,
    "limits-to-growth": 0.05345492921321837,
    "voice-and-representation": 0.05324696877570551,
    "the-vietnamese-community-in-eastern-new-orleans": 0.05306193219144734,
    "seminar-report-anthropogenic-landscapes": 0.05288229835176628,
    "natchez-etiologies-of-athropogenic-emergence": 0.05266585346896747,
    "the-free-sea": 0.05259029917299986,
    "living-arctic-infrastructures-2": 0.05256313617145453,
    "place-and-space": 0.0523751062633434,
    "ny-alesund-svalbard-norway": 0.052186470616161704,
    "monsanto-town": 0.052116576693577145,
    "lost-voices": 0.05203206368949356,
    "seminar-report-geo-politics": 0.0517587075357736,
    "kairos-earthquake-early-warning-application": 0.05155460931041934,
    "seminar-exhaustion-and-imagination": 0.051538506090036434,
    "on-the-operation-of-border-regimes": 0.0512456760236486,
    "seminar-sensing-the-insensible": 0.05038294316623479,
    "the-shape-of-a-practice": 0.05038258591602351,
    "meskonsing-kansan-an-introduction": 0.050130255447245094,
    "seminar-consensus-building": 0.05009163092572716,
    "river-memory": 0.05000401922122786,
    "times-before-and-after": 0.04991152800745043,
    "how-not-what-power-time-landscape": 0.04926394558008194,
    "nordic-fauna-seen-in-nature": 0.049221349459829,
    "producing-the-anthropocene-producing-the-future": 0.04917522152927043,
    "seminar-reflections-algorithmic-intermediation-and-smartness": 0.04873475743427927,
    "us-southwest": 0.0483219882868537,
    "the-anthropocene-in-light-of-biological-feedback": 0.04800946380271232,
    "land-acknowledgement-statement": 0.04800123757988159,
    "seminar-sensing": 0.047970967152240265,
    "panel-talk-beween-patricia-piccinini-and-claudia-vickers": 0.04795435533545477,
    "the-american-bottom": 0.04766240027378712,
    "seminar-imaging-the-anthropocene": 0.04749873363513574,
    "seminar-clashing-temporalities": 0.047494258494143966,
    "mapping-an-exercise-in-cartography": 0.047132646597034346,
    "seminar-filtering-the-anthropocene": 0.04703785696071914,