{
    "introductions-to-matters-2": 0.9829404008422783,
    "social-witnessing": 0.982637975437535,
    "risk-equity-in-the-louisiana-anthropocene": 0.9823507380020624,
    "the-stories-we-tell-the-images-we-take": 0.9806614493100244,
    "lost-voices": 0.979622702828074,
    "tactics-for-quotidian-anthropocenes": 0.9794170104768679,
    "the-aerocene-campus": 0.9792077160243247,
    "knowing-together": 0.9788429529716802,
    "seminar-report-anthropogenic-landscapes": 0.9787991295581714,
    "navigating-the-anthropocene-river": 0.9787483193885492,
    "measuring-loss": 0.9778693674676545,
    "inside-the-museum": 0.9777326945421023,
    "planting-a-seed-is-revolutionary-act": 0.9774567069309328,
    "land-acknowledgement-statement": 0.977275183080867,
    "kansan-view-from-iowa-point-1-glacial": 0.9760163004368715,
    "interspecies-accomplices-cultivating-conspiracy-at-the-royal-botanic-gardens-victoria": 0.9758769980402794,
    "place-and-space": 0.9754986287410087,
    "seminar-report-filtering-the-anthropocene": 0.975235856638554,
    "seminar-imaging-the-anthropocene": 0.9749458562982575,
    "performing-the-anthropocene": 0.9746988911171082,
    "seminar-reflections-algorithmic-intermediation-and-smartness": 0.9745972131013892,
    "seminar-co-evolution-of-the-technosphere": 0.9743693166678412,
    "the-shape-of-a-practice": 0.9743562353281587,
    "sounding-landscapes": 0.9743523733961312,
    "the-confluence-area": 0.9741749698673821,
    "seminar-report-slow-media": 0.9741572782090819,
    "river-memory": 0.9741030864306801,
    "xaraasi-xanne-crossing-voices": 0.9739294943850134,
    "stranging-the-anthropocene-refraction": 0.9738591876509232,
    "meskonsing-indian-lake-convergence-1": 0.9737588870601732,
    "imagining-an-economy-based-on-care": 0.9735255675333757,
    "telling-time-through-lagoons-of-human-waste-at-the-western-treatment-plant": 0.9732910186645453,
    "walk-about-it": 0.9729034582636493,
    "one-world-solid-and-cracked": 0.972779933464336,
    "producing-the-anthropocene-producing-the-future": 0.9727140485801878,
    "seminar-communicating": 0.9725433210042698,
    "one-place-many-names": 0.9722371901611918,
    "seminar-reflection-2": 0.9718984431761202,
    "meeker-dam": 0.9717018452189651,
    "seminar-sensing": 0.9715471806856911,
    "louisiana-a-planetary-reactor": 0.971421595492071,
    "the-free-sea": 0.9713352489402581,
    "pockets-reflections-on-the-anthropocene-campus-melbourne": 0.9712510439994031,
    "the-american-bottom": 0.9712012116814707,
    "ny-alesund-svalbard-norway": 0.9710674934240886,
    "on-consuming-slow-media": 0.9708933367364373,
    "layers-of-violence": 0.9707579931181086,
    "resisting-the-oblivion-of-eco-colonialism": 0.9706636769006313,
    "the-terrain-of-the-former-veb-elektrokohle-lichtenberg": 0.9706115790605642,
    "white-sands": 0.970414189223571,
    "seminar-consensus-building": 0.9701490298324214,
    "time-and-time-again": 0.9701426537645159,
    "seminar-archiving": 0.9696884422534439,
    "shadowing-the-anthropocene": 0.9696784964058776,
    "seminar-report-geo-politics": 0.969659072343522,
    "remnant-formations": 0.9693290638014506,
    "real-estate-river": 0.9692164373364046,
    "writing-global-histories-in-the-anthropocene": 0.9691827186545727,
    "sacrifice-zones-and-portable-climate": 0.9691591672425452,
    "humanities-on-the-ground": 0.9691583861820149,
    "seminar-clashing-temporalities": 0.9691437140998126,
    "lisboa-parallax-2020": 0.9689776691716057,
    "limits-to-growth": 0.9689154018876233,
    "mapping-an-exercise-in-cartography": 0.9688574005621658,
    "natchez-etiologies-of-athropogenic-emergence": 0.9688441859186577,
    "outrunning-the-anthropocene": 0.9688336579753494,
    "meskonsing-kansan-an-introduction": 0.9688245564709964,
    "kairos-earthquake-early-warning-application": 0.968786228834138,
    "somewhere-somehow-a-co-evolution-story": 0.9687065023752169,
    "the-floating-ear": 0.9686251608783483,
    "timeslips": 0.9683609070860236,
    "seminar-anthropogenic-landscapes": 0.9682710627001718,
    "nordic-fauna-seen-in-nature": 0.9680623509362932,
    "patagonia": 0.9679665149352108,
    "on-the-use-of-the-word-code-by-the-kogi-translator": 0.9679356277747664,
    "time-out-of-mind": 0.9679254405205828,
    "orbital-geopolitics": 0.9678763456429862,
    "imagine-the-anthropocene-with-a-little-help-from-the-monster-in-you": 0.9666189076474746,
    "uncalculated-risk": 0.9665762252267357,
    "times-before-and-after": 0.9660827425761426,
    "twin-cities-artist-residency-mississippi-an-anthropocene-story": 0.9659188354582293,
    "laboratory-for-a-radical-suburbia": 0.9658745533273277,
    "seminar-modelling-wicked-problems": 0.9658004135148431,
    "river-semester-project": 0.965729312927345,
    "la-arboleda": 0.9656835544867506,
    "how-does-the-world-end-for-others": 0.9653872096074959,
    "on-the-recuperative-mismanagement-of-a-cosmopolitan-fish": 0.9651251248474056,
    "touring-the-anthropocenery-whos-in-charge-here-2014": 0.9651241615244257,
    "monsanto-town": 0.9646426519107629,
    "listening-to-the-mississippi": 0.9645039090635396,
    "the-hyphen": 0.9644523152046808,
    "parallax-lisboa": 0.9642569198680564,
    "terraforming": 0.9641162143582475,
    "the-four-dimensional-mississippi": 0.9637872602213189,
    "too-little-water-the-lake-chad-story": 0.9637046429881773,
    "seminar-valuing-nature": 0.9634221164702711,
    "voice-and-representation": 0.9633783772090191,
    "significant-and-insignificant-mounds": 0.9629313541387112,
    "project-launch-minneapolis": 0.9624675003384402,
    "technosphere-co-evolution-a-seminal-seminar-conversation": 0.9623482287017332,
    "rogue-elements-of-the-upper-mississippi": 0.9621680172012511,
    "state-of-nature-in-india": 0.9621402601730056,
    "seminar-co-evolutionary-perspectives": 0.9617605621068218,
    "seminar-exhaustion-and-imagination": 0.9615938065720736,
    "infrastrucural-nature": 0.961280893662344,
    "the-anthropocene-in-light-of-biological-feedback": 0.9609467973349697,
    "oysters-selective-pressures-and-antibiotic-resistance-in-the-mississippi-delta": 0.9604448768330066,
    "the-vietnamese-community-in-eastern-new-orleans": 0.9603467956618299,
    "ioway": 0.9599817178948542,
    "seminar-slow-media": 0.9599283044421145,
    "wicked-problems-and-mental-models": 0.9597825475808303,
    "nigeria-oil-pipes": 0.9596448952581645,
    "seminar-romancing-the-anthropocene": 0.9591773086990341,
    "seminar-disciplinarities": 0.9582819276383817,
    "temporary-continent": 0.958112138575491,
    "looking-downstream": 0.9580739103451585,
    "introduction-3": 0.9575455654557159,
    "mobile-hedges": 0.9574982339320065,
    "the-mississippi-basin-an-operational-landscape": 0.9573672342918192,
    "this-is-not-about-survival-its-about-bringing-your-coracle": 0.9573596163402138,
    "plant-domestication-and-dispersal": 0.9572512307048096,
    "lake-chad-sharing-a-diminishing-resource": 0.9570126156018561,
    "the-shape-of-a-practice-online-project-environment": 0.956915668014291,
    "seminar-governing-the-technosphere": 0.9568901301598708,
    "knowing-in-the-anthropocene": 0.956880476130377,
    "plastic-and-surrogacy": 0.9566008954789648,
    "seminar-sensing-the-insensible": 0.9563440343695598,
    "mississippi": 0.9554298793931965,
    "specifics-of-vulnerability": 0.9553591162022893,
    "paddle-waves-and-sparkling-light": 0.9551234760369257,
    "taking-nature-into-account-historical-perspectives-and-paradoxes": 0.9549813250577208,
    "re-patterning-with-kudzu": 0.9548437713809814,
    "images-of-the-anthropocene": 0.9547466790295721,
    "tree-x-office": 0.9544448402063648,
    "seminar-filtering-the-anthropocene": 0.9544348377943447,
    "of-forests-of-rivers-and-of-meals": 0.9543731367132468,
    "systems-analysis-and-modeling": 0.9543179046106504,
    "tactics-for-quotidian-anthropocenes-2": 0.9542302552394285,
    "the-danish-text": 0.9541066047618549,