{
    "stranging-the-anthropocene-refraction": 0.9874137317294209,
    "seminar-co-evolution-of-the-technosphere": 0.9873225170313018,
    "inside-the-museum": 0.9871910054735298,
    "seminar-reflection-2": 0.9859120024794759,
    "time-and-time-again": 0.9856528407484003,
    "seminar-imaging-the-anthropocene": 0.9853525189851688,
    "seminar-valuing-nature": 0.98474391743169,
    "producing-the-anthropocene-producing-the-future": 0.9844271150033219,
    "lisboa-parallax-2020": 0.9841055731061664,
    "seminar-report-filtering-the-anthropocene": 0.9837126901975506,
    "introductions-to-matters-2": 0.9832269766179923,
    "seminar-report-anthropogenic-landscapes": 0.9831611747768593,
    "the-shape-of-a-practice": 0.9824682809857632,
    "seminar-reflections-algorithmic-intermediation-and-smartness": 0.9818427509504035,
    "one-world-solid-and-cracked": 0.9815214289310121,
    "lost-voices": 0.9805893054414925,
    "seminar-report-slow-media": 0.9802845264064788,
    "shadowing-the-anthropocene": 0.9802218756620872,
    "times-before-and-after": 0.9801015475363737,
    "state-of-nature-some-philosophical-issues": 0.9799949690274836,
    "the-floating-ear": 0.9794302456733496,
    "state-of-nature-in-india": 0.978625032504308,
    "voice-and-representation": 0.9785504674421066,
    "walk-about-it": 0.978520327215929,
    "risk-equity-in-the-louisiana-anthropocene": 0.9783289889726483,
    "parallax-lisboa": 0.9783282787747334,
    "ny-alesund-svalbard-norway": 0.978061273635795,
    "seminar-sensing": 0.9779933648958006,
    "the-hyphen": 0.9779591064440106,
    "seminar-disciplinarities": 0.9774666633875966,
    "writing-global-histories-in-the-anthropocene": 0.9767886012174677,
    "navigating-the-anthropocene-river": 0.9766648410232488,
    "seminar-report-geo-politics": 0.976523930638675,
    "planting-a-seed-is-revolutionary-act": 0.9763198574735988,
    "plastic-and-surrogacy": 0.9763180642350638,
    "mapping-an-exercise-in-cartography": 0.97628398535267,
    "seminar-communicating": 0.975979158592727,
    "on-consuming-slow-media": 0.9759233030245941,
    "the-anthropocene-in-light-of-biological-feedback": 0.9752873175580453,
    "seminar-co-evolutionary-perspectives": 0.9750458513131265,
    "performing-the-anthropocene": 0.9740116564776354,
    "monsanto-town": 0.9739021937835034,
    "limits-to-growth": 0.9737090960883369,
    "terraforming": 0.9730844421269701,
    "the-anthropocene-and-our-post-natural-future-2": 0.9730523774308797,
    "wicked-problems-and-mental-models": 0.973037017565575,
    "seminar-filtering-the-anthropocene": 0.9728809739366028,
    "imagining-an-economy-based-on-care": 0.9728066693521242,
    "seminar-modelling-wicked-problems": 0.97267065373317,
    "kansan-view-from-iowa-point-1-glacial": 0.9726420275147023,
    "seminar-consensus-building": 0.9726003088166219,
    "taking-nature-into-account-historical-perspectives-and-paradoxes": 0.9725624959821552,
    "kairos-earthquake-early-warning-application": 0.9724004627386882,
    "the-aerocene-campus": 0.972291675874411,
    "land-acknowledgement-statement": 0.9720768242033679,
    "tactics-for-quotidian-anthropocenes": 0.9720054590945286,
    "pockets-reflections-on-the-anthropocene-campus-melbourne": 0.9717735128301409,
    "knowing-together": 0.9714453570105327,
    "seminar-anthropogenic-landscapes": 0.9713334089948716,
    "technosphere-co-evolution-a-seminal-seminar-conversation": 0.9712518767064532,
    "seminar-exhaustion-and-imagination": 0.9709463229217615,
    "laboratory-for-a-radical-suburbia": 0.9709129509502387,
    "on-the-use-of-the-word-code-by-the-kogi-translator": 0.9707600695539212,
    "the-free-sea": 0.9704256791217588,
    "meskonsing-kansan-an-introduction": 0.9701965173414443,
    "seminar-archiving": 0.9700498593918242,
    "meeker-dam": 0.9699195833247831,
    "project-launch-minneapolis": 0.9698817621807106,
    "measuring-loss": 0.969798454641406,
    "interspecies-accomplices-cultivating-conspiracy-at-the-royal-botanic-gardens-victoria": 0.9697615794461951,
    "sounding-landscapes": 0.9697144006416843,
    "orbital-geopolitics": 0.9695112917973533,
    "resisting-the-oblivion-of-eco-colonialism": 0.9694131240264102,
    "imagine-the-anthropocene-with-a-little-help-from-the-monster-in-you": 0.9693700199593852,
    "infrastrucural-nature": 0.9692546453026619,
    "natchez-etiologies-of-athropogenic-emergence": 0.9690026953605253,
    "the-terrain-of-the-former-veb-elektrokohle-lichtenberg": 0.9687338321694258,
    "touring-the-anthropocenery-whos-in-charge-here-2014": 0.9682608677925861,
    "nordic-fauna-seen-in-nature": 0.9681721255898653,
    "somewhere-somehow-a-co-evolution-story": 0.9681380767468046,
    "real-estate-river": 0.9678853107009158,
    "seminar-governing-the-technosphere": 0.9678679206695603,
    "knowing-in-the-anthropocene": 0.9676765315262728,
    "social-witnessing": 0.9675297713542531,
    "the-stories-we-tell-the-images-we-take": 0.9657605451848864,
    "mississippi": 0.9651414901859693,
    "telling-time-through-lagoons-of-human-waste-at-the-western-treatment-plant": 0.9650169571870919,
    "systems-analysis-and-modeling": 0.9649691122843539,
    "meskonsing-indian-lake-convergence-1": 0.964591754052334,
    "seminar-sensing-the-insensible": 0.964587844721044,
    "place-and-space": 0.9644851316910072,
    "tactics-for-quotidian-anthropocenes-2": 0.9640595541021536,
    "the-american-bottom": 0.9636164484692925,
    "seminar-algorithmic-intermediation-and-smartness": 0.9635186589718796,
    "seminar-slow-media": 0.9634576119005775,
    "one-place-many-names": 0.9633678234623482,
    "outrunning-the-anthropocene": 0.963365973694405,
    "too-little-water-the-lake-chad-story": 0.9631390934381425,
    "louisiana-a-planetary-reactor": 0.9628101607611251,
    "the-confluence-area": 0.9622780956368684,
    "patagonia": 0.9621664536447079,
    "river-memory": 0.962027385693518,
    "remnant-formations": 0.961466685611315,
    "twin-cities-artist-residency-mississippi-an-anthropocene-story": 0.9611871330996178,
    "la-arboleda": 0.9609171722804176,
    "seminar-romancing-the-anthropocene": 0.960126421903561,
    "seminar-clashing-temporalities": 0.959585074147134,
    "reshaping-the-shape-embodiment-ecology-and-culture-of-a-postnatural-carp": 0.9592272799845822,
    "sacrifice-zones-and-portable-climate": 0.9589274891058885,
    "time-out-of-mind": 0.9586856913717633,
    "uncalculated-risk": 0.9585638727267898,
    "layers-of-violence": 0.9584579316488037,
    "oysters-selective-pressures-and-antibiotic-resistance-in-the-mississippi-delta": 0.9583596529978602,
    "the-shape-of-a-practice-online-project-environment": 0.9583352056256234,
    "the-mississippi-basin-an-operational-landscape": 0.9575415759922566,
    "looking-downstream": 0.9575061720495777,
    "timeslips": 0.9573160187914208,
    "re-patterning-with-kudzu": 0.9571557807789208,
    "xaraasi-xanne-crossing-voices": 0.9566938926954841,
    "plant-domestication-and-dispersal": 0.9563541217745877,
    "on-the-recuperative-mismanagement-of-a-cosmopolitan-fish": 0.9562398710959971,
    "the-shape-of-a-practice-seminars": 0.9560129962513753,
    "introduction-3": 0.9559995197080267,
    "significant-and-insignificant-mounds": 0.9559301424938345,
    "white-sands": 0.9558498580759164,
    "river-semester-project": 0.9556960199553103,
    "tree-x-office": 0.9553546493747604,
    "panel-talk-beween-patricia-piccinini-and-claudia-vickers": 0.9549783429855354,
    "seminar-film-exhaustion-and-imagination": 0.9547245692247651,
    "lake-chad-sharing-a-diminishing-resource": 0.9543627675645778,
    "inheritance": 0.9541974500791904,
    "seminar-commodity-flows": 0.9541835650219943,
    "prologue-the-fence-concept": 0.9541685828511,
    "specifics-of-vulnerability": 0.9541329269500223,
    "the-four-dimensional-mississippi": 0.9536784567525719,
    "seminar-claims-property": 0.9528383505731753,
    "ioway": 0.9523897042967306,