{
    "risk-equity-in-the-louisiana-anthropocene": 0.9920798120851398,
    "measuring-loss": 0.9898601504377523,
    "planting-a-seed-is-revolutionary-act": 0.9892257970439983,
    "navigating-the-anthropocene-river": 0.9889375562409786,
    "resisting-the-oblivion-of-eco-colonialism": 0.9874167254532709,
    "seminar-report-geo-politics": 0.9871559904994187,
    "outrunning-the-anthropocene": 0.9871552562901241,
    "louisiana-a-planetary-reactor": 0.986508521899711,
    "the-terrain-of-the-former-veb-elektrokohle-lichtenberg": 0.9863755401943641,
    "seminar-report-anthropogenic-landscapes": 0.9857107074252485,
    "sacrifice-zones-and-portable-climate": 0.9852741899020176,
    "real-estate-river": 0.9852138280725766,
    "tactics-for-quotidian-anthropocenes": 0.9850201157665985,
    "seminar-report-filtering-the-anthropocene": 0.9848902552195951,
    "introductions-to-matters-2": 0.9847571469734799,
    "remnant-formations": 0.984359211223214,
    "lost-voices": 0.9841620748241016,
    "land-acknowledgement-statement": 0.9839871802365889,
    "telling-time-through-lagoons-of-human-waste-at-the-western-treatment-plant": 0.9837716211589282,
    "meeker-dam": 0.9836610119186859,
    "sounding-landscapes": 0.9836198484941561,
    "uncalculated-risk": 0.9835202928016296,
    "too-little-water-the-lake-chad-story": 0.9830930632718493,
    "ny-alesund-svalbard-norway": 0.9826421864335293,
    "producing-the-anthropocene-producing-the-future": 0.9823363198546862,
    "layers-of-violence": 0.9823321787927505,
    "infrastrucural-nature": 0.9817878243878797,
    "somewhere-somehow-a-co-evolution-story": 0.9817535968236007,
    "the-shape-of-a-practice": 0.9817278443173395,
    "interspecies-accomplices-cultivating-conspiracy-at-the-royal-botanic-gardens-victoria": 0.9814700139627084,
    "kansan-view-from-iowa-point-1-glacial": 0.9811341594064604,
    "limits-to-growth": 0.9809322809969043,
    "one-place-many-names": 0.9809021660690586,
    "one-world-solid-and-cracked": 0.9808307110039792,
    "seminar-valuing-nature": 0.980442093738901,
    "inside-the-museum": 0.9792682204101837,
    "seminar-reflections-algorithmic-intermediation-and-smartness": 0.979065894932898,
    "the-free-sea": 0.9788661101334436,
    "performing-the-anthropocene": 0.9785599952428775,
    "stranging-the-anthropocene-refraction": 0.9781663706173839,
    "kairos-earthquake-early-warning-application": 0.9780315254909977,
    "white-sands": 0.977932650054657,
    "the-aerocene-campus": 0.9778074483487879,
    "meskonsing-indian-lake-convergence-1": 0.9777724158692871,
    "the-mississippi-basin-an-operational-landscape": 0.9769784275713974,
    "seminar-modelling-wicked-problems": 0.9766674929247281,
    "oysters-selective-pressures-and-antibiotic-resistance-in-the-mississippi-delta": 0.9766346738588618,
    "la-arboleda": 0.9764744477219749,
    "seminar-reflection-2": 0.9760481134085922,
    "knowing-together": 0.9760192865807821,
    "pockets-reflections-on-the-anthropocene-campus-melbourne": 0.9755527237447928,
    "on-the-use-of-the-word-code-by-the-kogi-translator": 0.9753684859084316,
    "lisboa-parallax-2020": 0.9752697697084598,
    "patagonia": 0.9751694552729574,
    "timeslips": 0.9749119905340248,
    "of-forests-of-rivers-and-of-meals": 0.9747879640350924,
    "time-out-of-mind": 0.9747670217094476,
    "seminar-co-evolution-of-the-technosphere": 0.9744001089485892,
    "meskonsing-kansan-an-introduction": 0.9743436749634915,
    "seminar-report-slow-media": 0.9743084854224201,
    "the-four-dimensional-mississippi": 0.9740567935228064,
    "lake-chad-sharing-a-diminishing-resource": 0.9740116557732666,
    "technosphere-co-evolution-a-seminal-seminar-conversation": 0.9735160025685383,
    "wicked-problems-and-mental-models": 0.9733108049948606,
    "seminar-communicating": 0.9730560867271981,
    "laboratory-for-a-radical-suburbia": 0.9730252722281109,
    "orbital-geopolitics": 0.972803186545798,
    "rogue-elements-of-the-upper-mississippi": 0.9727053560842531,
    "on-the-recuperative-mismanagement-of-a-cosmopolitan-fish": 0.9726023021494291,
    "tree-x-office": 0.9724035717750229,
    "river-memory": 0.9722605445138486,
    "the-anthropocene-in-light-of-biological-feedback": 0.9718504148313514,
    "monsanto-town": 0.9717522671162189,
    "on-consuming-slow-media": 0.971661901408618,
    "state-of-nature-in-india": 0.9715893327779611,
    "social-witnessing": 0.9712338467532171,
    "seminar-imaging-the-anthropocene": 0.9712189463626122,
    "the-floating-ear": 0.9711934688623708,
    "nigeria-oil-pipes": 0.9711746371082957,
    "shadowing-the-anthropocene": 0.9710181108850238,
    "the-vietnamese-community-in-eastern-new-orleans": 0.97091186101627,
    "mapping-an-exercise-in-cartography": 0.9707822999926473,
    "times-before-and-after": 0.970701797412343,
    "seminar-exhaustion-and-imagination": 0.9704263033795791,
    "the-stories-we-tell-the-images-we-take": 0.9701468902471757,
    "seminar-sensing": 0.9700971563647508,
    "natchez-etiologies-of-athropogenic-emergence": 0.9695440516048991,
    "seminar-anthropogenic-landscapes": 0.9692077276373094,
    "ioway": 0.969064810782389,
    "walk-about-it": 0.9689644170703244,
    "introduction-3": 0.9687411796755523,
    "nordic-fauna-seen-in-nature": 0.9687387486016406,
    "voice-and-representation": 0.9686349735288561,
    "seminar-consensus-building": 0.968379896879213,
    "re-patterning-with-kudzu": 0.9682112151563639,
    "the-hyphen": 0.9673999476980029,
    "plastic-and-surrogacy": 0.9673770886948241,
    "seminar-archiving": 0.9672966339888809,
    "this-is-not-about-survival-its-about-bringing-your-coracle": 0.9671664909249815,
    "the-confluence-area": 0.9669770770110226,
    "seminar-governing-the-technosphere": 0.9666757249442921,
    "time-and-time-again": 0.966303790746922,
    "mobile-hedges": 0.9661002595517914,
    "parallax-lisboa": 0.9660502181002731,
    "xaraasi-xanne-crossing-voices": 0.9659572873246476,
    "systems-analysis-and-modeling": 0.9656019338858611,
    "touring-the-anthropocenery-whos-in-charge-here-2014": 0.9655562339396684,
    "significant-and-insignificant-mounds": 0.9653074182920677,
    "seminar-clashing-temporalities": 0.9651983079645859,
    "terraforming": 0.9648849295422703,
    "place-and-space": 0.9634422707711675,
    "knowing-in-the-anthropocene": 0.9632706171280095,
    "specifics-of-vulnerability": 0.9631887786308054,
    "seminar-co-evolutionary-perspectives": 0.9629266080020655,
    "the-american-bottom": 0.9629211054118739,
    "us-southwest": 0.9628201513217233,
    "writing-global-histories-in-the-anthropocene": 0.9626947337063592,
    "plant-domestication-and-dispersal": 0.9626267862821528,
    "seminar-commodity-flows": 0.9624668262724737,
    "state-of-nature-some-philosophical-issues": 0.9618690703678606,
    "seminar-claims-property": 0.9616227654911997,
    "twin-cities-artist-residency-mississippi-an-anthropocene-story": 0.9610308391356382,
    "prologue-the-fence-concept": 0.9607227340546576,
    "reshaping-the-shape-embodiment-ecology-and-culture-of-a-postnatural-carp": 0.9605507873053977,
    "seminar-slow-media": 0.9602135765918053,
    "praying-for-the-water-with-saundi-mcclain-kloeckner": 0.9594550908892316,
    "listening-to-the-mississippi": 0.959262481694655,
    "the-danish-text": 0.9591629944784252,
    "the-anthropocene-and-our-post-natural-future-2": 0.9582778407948772,
    "looking-downstream": 0.9579811142777834,
    "the-hedge": 0.9576157450545151,
    "lake-chad-narratives": 0.9575666248846408,
    "project-launch-minneapolis": 0.9573320267559614,
    "taking-nature-into-account-historical-perspectives-and-paradoxes": 0.9572549096439376,
    "seminar-disciplinarities": 0.9569672081055212,
    "understanding-the-north-american-lost-crops": 0.9569402171533975,
    "seminar-filtering-the-anthropocene": 0.9568487063903568,
    "technostratigraphy-of-a-technological-object": 0.9565359653957631,