{
    "resonance-vegetale": 0.9178310984595,
    "museum-library": 0.9131538909745561,
    "river-semester-project": 0.9014286728007445,
    "typha-the-once-and-future-planty-companion": 0.9008374001415678,
    "the-aerocene-campus": 0.8999787907053686,
    "seminar-clashing-temporalities": 0.8950347575747811,
    "the-vietnamese-community-in-eastern-new-orleans": 0.8947082856394711,
    "tactics-for-quotidian-anthropocenes": 0.8937025948885496,
    "the-stories-we-tell-the-images-we-take": 0.8907251137862295,
    "midway-meeting-st-louis": 0.8904322878180598,
    "knowing-together": 0.8872594959848893,
    "river-semester": 0.886244012515927,
    "lisboa-parallax-2020": 0.8852433669184064,
    "xaraasi-xanne-crossing-voices": 0.8845282264900192,
    "on-the-recuperative-mismanagement-of-a-cosmopolitan-fish": 0.883612070002423,
    "interspecies-accomplices-cultivating-conspiracy-at-the-royal-botanic-gardens-victoria": 0.8831276470469054,
    "project-launch-minneapolis": 0.8824302916573683,
    "st-louis-anthropocene-field-campus": 0.88180108955112,
    "meskonsing-kansan-an-introduction": 0.8813100729532997,
    "the-american-bottom": 0.8810182874978773,
    "the-rights-of-nature": 0.8810145690879284,
    "the-danish-text": 0.8805644572159012,
    "orbital-geopolitics": 0.8802190310218377,
    "the-confluence-area": 0.8798452613464676,
    "place-and-space": 0.8791938012756859,
    "us-southwest": 0.8789432776196963,
    "land-acknowledgement-statement": 0.8764106497038686,
    "seminar-archiving": 0.875997699933781,
    "meskonsing-indian-lake-convergence-1": 0.8753038398124822,
    "social-witnessing": 0.8751666033443052,
    "one-place-many-names": 0.8750952743994806,
    "measuring-loss": 0.8737917623052837,
    "risk-equity-in-the-louisiana-anthropocene": 0.873163508745274,
    "seminar-co-evolutionary-perspectives": 0.8704842207042655,
    "tactics-for-quotidian-anthropocenes-2": 0.8702216951100352,
    "layers-of-violence": 0.8694611650073786,
    "state-of-nature-in-india": 0.869262975444471,
    "seminar-report-slow-media": 0.8688623805788352,
    "the-anthropocene-and-our-post-natural-future-2": 0.8688016196980672,
    "telling-time-through-lagoons-of-human-waste-at-the-western-treatment-plant": 0.8681326751703495,
    "planting-a-seed-is-revolutionary-act": 0.867817099745172,
    "introductions-to-matters-2": 0.86767154699829,
    "sacrifice-zones-and-portable-climate": 0.8674628977239448,
    "inside-the-museum": 0.8672204051612515,
    "louisiana-a-planetary-reactor": 0.8670703740710779,
    "white-sands": 0.8666389664707883,
    "monsanto-town": 0.8665450709944769,
    "navigating-the-anthropocene-river": 0.8663096104840438,
    "pockets-reflections-on-the-anthropocene-campus-melbourne": 0.8660633917086396,
    "seminar-report-anthropogenic-landscapes": 0.8660630251438967,
    "introduction-3": 0.866046033793161,
    "nordic-fauna-seen-in-nature": 0.866004918307589,
    "mobile-hedges": 0.8656322361111348,
    "real-estate-river": 0.8654961317943625,
    "stranging-the-anthropocene-refraction": 0.8651853538718257,
    "the-current-mississippi-an-anthropocene-river": 0.8651022660015733,
    "lake-chad-narratives": 0.8649974791031653,
    "one-world-solid-and-cracked": 0.8646839942385335,
    "kansan-view-from-iowa-point-1-glacial": 0.8643886853103667,
    "terraforming": 0.8643858518440465,
    "seminar-techno-metabolism": 0.8643491772216201,
    "seminar-film-clashing-temporalities": 0.8640040185416796,
    "patagonia": 0.8634357791968105,
    "seminar-film-exhaustion-and-imagination": 0.8633292200952934,
    "too-little-water-the-lake-chad-story": 0.8628134857518289,
    "tree-x-office": 0.8626425178621666,
    "seminar-communicating": 0.8625237096520755,
    "lost-voices": 0.8624139524250384,
    "river-memory": 0.8620896628763479,
    "the-shape-of-a-practice-seminars": 0.8619962472719729,
    "performing-the-anthropocene": 0.860800476795627,
    "kairos-earthquake-early-warning-application": 0.8596660690919286,
    "seminar-anthropogenic-landscapes": 0.8596151427690235,
    "la-arboleda": 0.8594735188727932,
    "nigeria-oil-pipes": 0.8594442823220688,
    "seminar-report-geo-politics": 0.8594298536825021,
    "new-orleans-anthropocene-field-campus": 0.8587614196804114,
    "imagining-an-economy-based-on-care": 0.858405628428821,
    "seminar-film-un-bounded-engineering-and-evolutionary-stability": 0.8581504997186912,
    "seminar-consensus-building": 0.8579479315389514,
    "outrunning-the-anthropocene": 0.8575118364953725,
    "seminar-reflection-2": 0.8568862620760831,
    "the-anthropocene-in-light-of-biological-feedback": 0.8566139299960547,
    "seminar-commodity-flows": 0.8563845571567739,
    "the-great-green-desert": 0.856264371913037,
    "limits-to-growth": 0.8562321436863531,
    "seminar-sensing": 0.8562311851883163,
    "meeker-dam": 0.855797587714291,
    "seminar-romancing-the-anthropocene": 0.8557696772561465,
    "the-terrain-of-the-former-veb-elektrokohle-lichtenberg": 0.8557440725358935,
    "seminar-un-bounded-engineering-and-evolutionary-stability": 0.8556107945039291,
    "time-and-time-again": 0.8555476264837452,
    "walk-about-it": 0.8553956519782331,
    "this-is-not-about-survival-its-about-bringing-your-coracle": 0.8553411065892584,
    "oysters-selective-pressures-and-antibiotic-resistance-in-the-mississippi-delta": 0.8553275433573773,
    "parallax-lisboa": 0.8550010495643403,
    "seminar-co-evolution-of-the-technosphere": 0.85496661308026,
    "natchez-etiologies-of-athropogenic-emergence": 0.8549477753084368,
    "resisting-the-oblivion-of-eco-colonialism": 0.8548891143533487,
    "laboratory-for-a-radical-suburbia": 0.8546526528550211,
    "panel-talk-beween-patricia-piccinini-and-claudia-vickers": 0.8545639973056833,
    "temporary-continent": 0.8540327661379574,
    "ny-alesund-svalbard-norway": 0.8538798423720413,
    "slow-disaster": 0.8538139898012136,
    "the-shape-of-a-practice": 0.8537023038763708,
    "twin-cities-artist-residency-mississippi-an-anthropocene-story": 0.8534630477711558,
    "seminar-slow-media": 0.8533354545666877,
    "touring-the-anthropocenery-whos-in-charge-here-2014": 0.8525487451104218,
    "seminar-film-commodity-flows": 0.8524959132738867,
    "writing-global-histories-in-the-anthropocene": 0.8520552698003341,
    "meskonsing-kansan": 0.8512758652656927,
    "the-hedge": 0.8505193595393973,
    "shadowing-the-anthropocene": 0.8505111562855833,
    "seminar-valuing-nature": 0.8500850893280425,
    "paddle-waves-and-sparkling-light": 0.8498092295275805,
    "the-shape-of-a-practice-online-project-environment": 0.8496133863044847,
    "seminar-imaging-the-anthropocene": 0.8488932985868105,
    "seminar-sensing-the-insensible": 0.8486255965118279,
    "time-out-of-mind": 0.8481564462407515,
    "seminar-reflections-algorithmic-intermediation-and-smartness": 0.8481558401236291,
    "voice-and-representation": 0.8481087379458399,
    "re-patterning-with-kudzu": 0.8479440561661635,
    "rogue-elements-of-the-upper-mississippi": 0.8478438604562828,
    "uncalculated-risk": 0.847484668877255,
    "sounding-landscapes": 0.84674508671105,
    "the-free-sea": 0.8464546732898103,
    "mikado-sol-2014": 0.8458099431050299,
    "the-floating-ear": 0.8457878511894046,
    "on-consuming-slow-media": 0.8452669968816836,
    "knowing-in-the-anthropocene": 0.844890086236551,
    "the-hyphen": 0.8447968738852265,
    "mapping-an-exercise-in-cartography": 0.8441697263327661,
    "somewhere-somehow-a-co-evolution-story": 0.8438933929153813,
    "sharing-surveillance-data": 0.8438703219996573,
    "ioway": 0.8438425134875807,
    "prologue-the-fence-concept": 0.8436816811121806,
    "on-the-use-of-the-word-code-by-the-kogi-translator": 0.8431150129397414,
    "mississippi": 0.8425953498270422,
    "plant-domestication-and-dispersal": 0.8422560760891538,
    "timeslips": 0.8419942177853206,
    "listening-to-the-mississippi": 0.8417197079976373,