{
    "shaped-by-rivers": 0.9161490111788958,
    "infrastrucural-nature": 0.9140744479577112,
    "the-mississippi-basin-an-operational-landscape": 0.9120071157646381,
    "seminar-un-bounded-engineering-and-evolutionary-stability": 0.9097864723818823,
    "too-little-water-the-lake-chad-story": 0.9082714858148161,
    "ny-alesund-svalbard-norway": 0.9053686252772731,
    "river-semester": 0.9048742560466968,
    "temporary-continent": 0.9047601921870192,
    "land-acknowledgement-statement": 0.9025471296948532,
    "the-american-bottom": 0.9018106671803784,
    "seminar-commodity-flows": 0.9004538829849844,
    "plant-domestication-and-dispersal": 0.8997756034423945,
    "kansan-view-from-iowa-point-1-glacial": 0.8986497935987965,
    "mississippi": 0.8960825748547275,
    "lake-chad-sharing-a-diminishing-resource": 0.8955533726373978,
    "real-estate-river": 0.8955068789813437,
    "lisboa-parallax-2020": 0.895222510354696,
    "natchez-etiologies-of-athropogenic-emergence": 0.8949862335870556,
    "outrunning-the-anthropocene": 0.8932194048270434,
    "meskonsing-kansan": 0.8922062753885882,
    "seminar-report-anthropogenic-landscapes": 0.8918261600413919,
    "river-memory": 0.891642160676551,
    "river-semester-project": 0.89108956320967,
    "state-of-nature-in-india": 0.8908561420423793,
    "orbital-geopolitics": 0.8904330805743305,
    "monsanto-town": 0.8903192548864082,
    "knowing-together": 0.8897622464569629,
    "limits-to-growth": 0.8891266872189767,
    "meskonsing-kansan-an-introduction": 0.8881272921382825,
    "laboratory-for-a-radical-suburbia": 0.88737509710054,
    "oysters-selective-pressures-and-antibiotic-resistance-in-the-mississippi-delta": 0.8872257131837059,
    "seminar-valuing-nature": 0.887187107836707,
    "sacrifice-zones-and-portable-climate": 0.8868004963585867,
    "tactics-for-quotidian-anthropocenes": 0.8866108789333051,
    "the-confluence-area": 0.8861131893480005,
    "parallax-lisboa": 0.885927921040048,
    "the-four-dimensional-mississippi": 0.8838898966664758,
    "one-world-solid-and-cracked": 0.8837019481332941,
    "midway-meeting-st-louis": 0.883652258324839,
    "looking-downstream": 0.8829839504070097,
    "uncalculated-risk": 0.8828219553145064,
    "social-witnessing": 0.8819018547510917,
    "us-southwest": 0.8818619419668382,
    "re-patterning-with-kudzu": 0.8814448917162409,
    "writing-global-histories-in-the-anthropocene": 0.8812808050065478,
    "seminar-report-geo-politics": 0.881092989445918,
    "the-shape-of-a-practice": 0.8809598003425725,
    "patagonia": 0.8809050633262151,
    "taking-nature-into-account-historical-perspectives-and-paradoxes": 0.8808318007973627,
    "seminar-claims-property": 0.8808030816430137,
    "over-the-levee-under-the-plow": 0.8807255710041444,
    "seminar-report-filtering-the-anthropocene": 0.8799203642424702,
    "one-place-many-names": 0.8799035175737246,
    "risk-equity-in-the-louisiana-anthropocene": 0.8794378868707893,
    "project-launch-minneapolis": 0.8792482581270848,
    "planting-a-seed-is-revolutionary-act": 0.8787546142552651,
    "sounding-landscapes": 0.87865392904844,
    "new-orleans-anthropocene-field-campus": 0.8785907911301899,
    "remnant-formations": 0.8785817915831168,
    "la-arboleda": 0.8780618342447783,
    "the-vietnamese-community-in-eastern-new-orleans": 0.8779668036403311,
    "stranging-the-anthropocene-refraction": 0.8776980588453484,
    "seminar-anthropogenic-landscapes": 0.877085713276139,
    "meeker-dam": 0.8769858947989488,
    "seminar-co-evolution-of-the-technosphere": 0.876740015736357,
    "meskonsing-indian-lake-convergence-1": 0.8764143957058679,
    "slow-disaster": 0.8759124377508072,
    "lake-chad-narratives": 0.875714909216746,
    "technosphere-magazine": 0.8753664079439354,
    "the-great-green-desert": 0.8751139960180482,
    "measuring-loss": 0.8750921115690334,
    "introduction-3": 0.8750150551050907,
    "navigating-the-anthropocene-river": 0.874989220208583,
    "telling-time-through-lagoons-of-human-waste-at-the-western-treatment-plant": 0.8749886665527934,
    "seminar-clashing-temporalities": 0.8749390946251498,
    "white-sands": 0.874102021073411,
    "seminar-communicating": 0.8729231212248209,
    "lost-voices": 0.8726746437489022,
    "seminar-techno-metabolism": 0.8721481615224215,
    "louisiana-a-planetary-reactor": 0.8720683088632711,
    "timeslips": 0.8719469029265242,
    "transect-walk-cahokia-mounds-to-fairmont-city": 0.8717850500934351,
    "seminar-film-commodity-flows": 0.8716392473123198,
    "the-terrain-of-the-former-veb-elektrokohle-lichtenberg": 0.8714130907758942,
    "systems-analysis-and-modeling": 0.8708540072030743,
    "prologue-the-fence-concept": 0.8708107575797588,
    "state-of-nature-some-philosophical-issues": 0.8707792458756748,
    "interspecies-accomplices-cultivating-conspiracy-at-the-royal-botanic-gardens-victoria": 0.8702542886018418,
    "the-anthropogenic-influence-onto-the-air-quality-along-the-mississippi-river-findings": 0.8701002810798759,
    "reshaping-the-shape-embodiment-ecology-and-culture-of-a-postnatural-carp": 0.8700786357132971,
    "seminar-report-slow-media": 0.8698770484683604,
    "inside-the-museum": 0.8697806617941257,
    "layers-of-violence": 0.8693463797734072,
    "seminar-sensing": 0.8692654026107607,
    "seminar-imaging-the-anthropocene": 0.8692401932814768,
    "producing-the-anthropocene-producing-the-future": 0.8690003517625345,
    "the-shape-of-a-practice-online-project-environment": 0.8688885195018786,
    "the-stories-we-tell-the-images-we-take": 0.8681713542005552,
    "the-floating-ear": 0.867821958160652,
    "introductions-to-matters-2": 0.8674931797559337,
    "twin-cities-artist-residency-mississippi-an-anthropocene-story": 0.8674777538010066,
    "kairos-earthquake-early-warning-application": 0.867195334160155,
    "mapping-an-exercise-in-cartography": 0.8670910039184325,
    "nigeria-oil-pipes": 0.8668597962561552,
    "seminar-reflection-2": 0.8668408073839597,
    "seminar-reflections-algorithmic-intermediation-and-smartness": 0.8663380521874542,
    "seminar-film-un-bounded-engineering-and-evolutionary-stability": 0.8657161347147312,
    "significant-and-insignificant-mounds": 0.8653658959568343,
    "seminar-risk-equity": 0.8653142706724791,
    "the-anthropocene-in-light-of-biological-feedback": 0.8650943653829662,
    "seminar-modelling-wicked-problems": 0.8649010575103632,
    "the-shape-of-a-practice-seminars": 0.8647337673634892,
    "seminar-co-evolutionary-perspectives": 0.8645338764210718,
    "resisting-the-oblivion-of-eco-colonialism": 0.8643604199498682,
    "on-the-recuperative-mismanagement-of-a-cosmopolitan-fish": 0.8641541539990506,
    "voice-and-representation": 0.8640641885744292,
    "plastic-and-surrogacy": 0.8640438143703353,
    "the-aerocene-campus": 0.8638923855163078,
    "significant-and-insignificant-mounds-2": 0.8635969645879578,
    "this-is-not-about-survival-its-about-bringing-your-coracle": 0.8627689940070931,
    "on-consuming-slow-media": 0.8625696805048073,
    "tactics-for-quotidian-anthropocenes-2": 0.8618475051059917,
    "seminar-archiving": 0.8616994791839541,
    "tree-x-office": 0.8604884460098748,
    "seminar-disciplinarities": 0.8566337431621066,
    "seminar-consensus-building": 0.8563607964258626,
    "xaraasi-xanne-crossing-voices": 0.8561668400812674,
    "the-hedge": 0.8556030345263184,
    "time-and-time-again": 0.8553034426889338,
    "place-and-space": 0.8537784340362854,
    "terraforming": 0.8536012095482739,
    "walk-about-it": 0.8535907827217127,
    "the-anthropocene-and-our-post-natural-future-2": 0.8532198305083621,
    "panel-talk-beween-patricia-piccinini-and-claudia-vickers": 0.8520143546740285,
    "listening-to-the-mississippi": 0.8518197870411893,
    "somewhere-somehow-a-co-evolution-story": 0.8515563154274299,
    "times-before-and-after": 0.8514398967341582,