{
    "seminar-filtering-the-anthropocene": 0.7475894469305812,
    "seminar-slow-media": 0.7395886055734043,
    "seminar-report-slow-media": 0.7341443494255497,
    "knowing-in-the-anthropocene": 0.7333820870203333,
    "times-before-and-after": 0.7313403869794884,
    "seminar-governing-the-technosphere": 0.731334132708452,
    "st-louis-anthropocene-field-campus": 0.7312474690032716,
    "mississippi": 0.7302032867624568,
    "seminar-sensing-the-insensible": 0.7279344662350188,
    "producing-the-anthropocene-producing-the-future": 0.7253112134465531,
    "touring-the-anthropocenery-whos-in-charge-here-2014": 0.7237877210863959,
    "seminar-romancing-the-anthropocene": 0.7234029592844631,
    "seminar-report-filtering-the-anthropocene": 0.718991764189402,
    "tactics-for-quotidian-anthropocenes-2": 0.7188251737312368,
    "shadowing-the-anthropocene": 0.717148075338044,
    "technostratigraphy-of-a-technological-object": 0.7166773250299815,
    "performing-the-anthropocene": 0.7153118581568105,
    "the-hyphen": 0.7142487677771421,
    "seminar-imaging-the-anthropocene": 0.7134865916508336,
    "on-the-use-of-the-word-code-by-the-kogi-translator": 0.7130374265622657,
    "nordic-fauna-seen-in-nature": 0.7105761467346116,
    "plastic-and-surrogacy": 0.7101591115764546,
    "terraforming": 0.7101289810462957,
    "the-anthropocene-and-our-post-natural-future-2": 0.7099637948977567,
    "seminar-co-evolution-of-the-technosphere": 0.707935975056049,
    "time-and-time-again": 0.7072441297483438,
    "walk-about-it": 0.7072212053945148,
    "technosphere-magazine": 0.7061822275382962,
    "time-out-of-mind": 0.7056869566495776,
    "the-maledives-case": 0.7055205391852131,
    "kairos-earthquake-early-warning-application": 0.7053794807198159,
    "technosphere-co-evolution-a-seminal-seminar-conversation": 0.7049462361956358,
    "the-anthropocene-in-light-of-biological-feedback": 0.7048597876015208,
    "the-free-sea": 0.7039744596857688,
    "peter-schlemihl-exploring-anthropocenic-landscapes": 0.7031978041446711,
    "mapping-an-exercise-in-cartography": 0.7031923805458811,
    "t-rain-lines": 0.702414084619186,
    "seminar-algorithmic-intermediation-and-smartness": 0.7022773274701378,
    "new-orleans-anthropocene-field-campus": 0.7016846653285373,
    "the-terrestrial-is-not-the-globe": 0.7013360054803027,
    "laboratory-for-a-radical-suburbia": 0.7012969336994842,
    "the-shape-of-a-practice": 0.7003852879903956,
    "one-world-solid-and-cracked": 0.69993052650533,
    "seminar-report-geo-politics": 0.6998589936422261,
    "the-floating-ear": 0.6993627467614469,
    "mikado-sol-2014": 0.6990756237022616,
    "pockets-reflections-on-the-anthropocene-campus-melbourne": 0.698855038168458,
    "project-launch-minneapolis": 0.6985515484203513,
    "seminar-valuing-nature": 0.697804001969151,
    "mobile-hedges": 0.6969621391611281,
    "specifics-of-vulnerability": 0.6968093548875056,
    "meskonsing-indian-lake-convergence-1": 0.6967383864048817,
    "ny-alesund-svalbard-norway": 0.6959776288673025,
    "state-of-nature-in-india": 0.6958564067242261,
    "seminar-report-anthropogenic-landscapes": 0.6943202750510206,
    "seminar-reflections-algorithmic-intermediation-and-smartness": 0.6940404704194506,
    "seminar-film-exhaustion-and-imagination": 0.6939500394277024,
    "the-terrain-of-the-former-veb-elektrokohle-lichtenberg": 0.6932232572524488,
    "seminar-modelling-wicked-problems": 0.6928008562252049,
    "seminar-film-clashing-temporalities": 0.6921387920978032,
    "voice-and-representation": 0.6914802520705838,
    "sounding-landscapes": 0.6914423129834137,
    "timeslips": 0.691158140426965,
    "lake-chad-sharing-a-diminishing-resource": 0.6901252204925655,
    "the-shape-of-a-practice-online-project-environment": 0.6895033502716496,
    "reshaping-the-shape-embodiment-ecology-and-culture-of-a-postnatural-carp": 0.6894955775379124,
    "systems-analysis-and-modeling": 0.6893000160049164,
    "somewhere-somehow-a-co-evolution-story": 0.6890741854833,
    "navigating-the-anthropocene-river": 0.6880187423295324,
    "meeker-dam": 0.6880178063021493,
    "wicked-problems-and-mental-models": 0.6876945288667876,
    "planting-a-seed-is-revolutionary-act": 0.6874606157508686,
    "on-consuming-slow-media": 0.6874048835990373,
    "the-aerocene-campus": 0.6871992491439318,
    "kansan-view-from-iowa-point-1-glacial": 0.6870332546619395,
    "rogue-elements-of-the-upper-mississippi": 0.686577333307885,
    "outrunning-the-anthropocene": 0.6864753991654122,
    "lost-voices": 0.6858809780678409,
    "limits-to-growth": 0.6853095028082238,
    "real-estate-river": 0.6849224905223898,
    "seminar-film-commodity-flows": 0.6848724932268517,
    "meskonsing-kansan-an-introduction": 0.6848226601338229,
    "orbital-geopolitics": 0.6847241775052554,
    "lisboa-parallax-2020": 0.6846914089042054,
    "telling-time-through-lagoons-of-human-waste-at-the-western-treatment-plant": 0.6841116794929144,
    "seminar-communicating": 0.6837864708421805,
    "one-place-many-names": 0.683510428459752,
    "seminar-anthropogenic-landscapes": 0.6832501593557202,
    "stranging-the-anthropocene-refraction": 0.6831765713333479,
    "seminar-disciplinarities": 0.6829943319770201,
    "the-four-dimensional-mississippi": 0.6828774179360031,
    "state-of-nature-some-philosophical-issues": 0.6827913636547251,
    "typha-the-once-and-future-planty-companion": 0.6825177340003953,
    "seminar-exhaustion-and-imagination": 0.6821857430562488,
    "la-arboleda": 0.6820585921111502,
    "white-sands": 0.6815107368706457,
    "seminar-film-un-bounded-engineering-and-evolutionary-stability": 0.6815011945916741,
    "seminar-sensing": 0.6814006307513046,
    "social-witnessing": 0.6813637866943034,
    "uncalculated-risk": 0.6811274529179309,
    "prologue-the-fence-concept": 0.6808038855357659,
    "seminar-reflection-2": 0.6804237539375378,
    "writing-global-histories-in-the-anthropocene": 0.6798849465796253,
    "re-patterning-with-kudzu": 0.6795597868369814,
    "listening-to-the-mississippi": 0.6791005851739459,
    "risk-equity-in-the-louisiana-anthropocene": 0.6790185062348612,
    "monsanto-town": 0.6786832369978069,
    "slow-disaster": 0.6781011881312573,
    "looking-downstream": 0.6774701946785016,
    "parallax-lisboa": 0.6774499924160851,
    "seminar-co-evolutionary-perspectives": 0.6774119899562212,
    "on-the-recuperative-mismanagement-of-a-cosmopolitan-fish": 0.6771590747669625,
    "resisting-the-oblivion-of-eco-colonialism": 0.6771168362761534,
    "kick-off-anthropocene-river-journey": 0.6763311050526972,
    "this-is-not-about-survival-its-about-bringing-your-coracle": 0.6762170864648401,
    "the-stories-we-tell-the-images-we-take": 0.6761290850400717,
    "louisiana-a-planetary-reactor": 0.6760351782870956,
    "paddle-waves-and-sparkling-light": 0.6750700497016218,
    "sacrifice-zones-and-portable-climate": 0.675054874927737,
    "patagonia": 0.6749070535887945,
    "tree-x-office": 0.67417824862323,
    "natchez-etiologies-of-athropogenic-emergence": 0.6740865967375077,
    "praying-for-the-water-with-saundi-mcclain-kloeckner": 0.6738373384345083,
    "nigeria-oil-pipes": 0.6730257573119242,
    "measuring-loss": 0.6725303343229133,
    "the-shape-of-a-practice-seminars": 0.6722193876524983,
    "the-danish-text": 0.6716426674746645,
    "remnant-formations": 0.6708162071998994,
    "the-rights-of-nature": 0.6706138247285721,
    "taking-nature-into-account-historical-perspectives-and-paradoxes": 0.669544558356745,
    "tactics-for-quotidian-anthropocenes": 0.6695143543772623,
    "seminar-claims-property": 0.6692030262915624,
    "seminar-consensus-building": 0.6688320484924809,
    "of-forests-of-rivers-and-of-meals": 0.6685960363610219,
    "layers-of-violence": 0.6672495381549156,
    "sharing-surveillance-data": 0.6669323328304948,