{
    "the-vietnamese-community-in-eastern-new-orleans": 0.7731708546737049,
    "on-the-recuperative-mismanagement-of-a-cosmopolitan-fish": 0.7716802241879873,
    "us-southwest": 0.7701580557284138,
    "the-current-mississippi-an-anthropocene-river": 0.7643218541648938,
    "the-great-green-desert": 0.7617399516871608,
    "lake-chad-narratives": 0.7597857598256482,
    "this-is-not-about-survival-its-about-bringing-your-coracle": 0.7570282812731175,
    "sacrifice-zones-and-portable-climate": 0.7547710343828071,
    "la-arboleda": 0.7538403897941215,
    "real-estate-river": 0.7533345876805667,
    "museum-library": 0.752366743750267,
    "social-witnessing": 0.751058009853919,
    "meskonsing-indian-lake-convergence-1": 0.7508359183389772,
    "one-place-many-names": 0.7506127041309424,
    "mobile-hedges": 0.7502403351091649,
    "too-little-water-the-lake-chad-story": 0.7501427789977118,
    "mikado-sol-2014": 0.7499501673380446,
    "outrunning-the-anthropocene": 0.7498323244362979,
    "telling-time-through-lagoons-of-human-waste-at-the-western-treatment-plant": 0.7481582998139049,
    "transect-walk-cahokia-mounds-to-fairmont-city": 0.74762639608746,
    "the-stories-we-tell-the-images-we-take": 0.7454342526595357,
    "nigeria-oil-pipes": 0.7450663096235117,
    "white-sands": 0.7449297184747852,
    "meskonsing-kansan-an-introduction": 0.7448389199102217,
    "knowing-together": 0.7443600420490256,
    "the-hedge": 0.7428996336731795,
    "layers-of-violence": 0.7426286290220643,
    "planting-a-seed-is-revolutionary-act": 0.7417879184420323,
    "tree-x-office": 0.7415602349918032,
    "kansan-view-from-iowa-point-1-glacial": 0.7410507845550511,
    "measuring-loss": 0.7402836053134596,
    "ny-alesund-svalbard-norway": 0.7398209188034347,
    "louisiana-a-planetary-reactor": 0.739292765247144,
    "uncalculated-risk": 0.7390125855276727,
    "patagonia": 0.7380796015700998,
    "tactics-for-quotidian-anthropocenes": 0.7380033131115287,
    "land-acknowledgement-statement": 0.7375360077531409,
    "the-terrain-of-the-former-veb-elektrokohle-lichtenberg": 0.7375174853773477,
    "lake-chad-sharing-a-diminishing-resource": 0.737357561468002,
    "river-memory": 0.7372131003564254,
    "paddle-waves-and-sparkling-light": 0.7367880032980114,
    "natchez-etiologies-of-athropogenic-emergence": 0.7355435007812001,
    "rogue-elements-of-the-upper-mississippi": 0.7352243978684382,
    "seminar-romancing-the-anthropocene": 0.7351376276681032,
    "walk-about-it": 0.7350545099210232,
    "river-semester": 0.7350484511979092,
    "re-patterning-with-kudzu": 0.7341309508468196,
    "navigating-the-anthropocene-river": 0.7339441747772968,
    "remnant-formations": 0.7337172716011625,
    "resonance-vegetale": 0.7331079924600121,
    "mississippi": 0.7325138214744155,
    "resisting-the-oblivion-of-eco-colonialism": 0.7324546342751449,
    "nordic-fauna-seen-in-nature": 0.732395288992788,
    "the-rights-of-nature": 0.7321973389428384,
    "seminar-report-slow-media": 0.731939636929034,
    "lisboa-parallax-2020": 0.7313468565105062,
    "of-forests-of-rivers-and-of-meals": 0.7313123529863776,
    "laboratory-for-a-radical-suburbia": 0.7312118782061405,
    "the-anthropocene-and-our-post-natural-future-2": 0.7309090650880998,
    "time-out-of-mind": 0.7308081126162871,
    "seminar-report-anthropogenic-landscapes": 0.7304680269060909,
    "performing-the-anthropocene": 0.7303377587713284,
    "the-aerocene-campus": 0.7298511511469136,
    "meeker-dam": 0.7297007457654422,
    "seminar-anthropogenic-landscapes": 0.7296309825617241,
    "kick-off-anthropocene-river-journey": 0.7295435837364377,
    "lost-voices": 0.729499565828313,
    "seminar-governing-the-technosphere": 0.7293397114731229,
    "seminar-valuing-nature": 0.7293395752633794,
    "risk-equity-in-the-louisiana-anthropocene": 0.7283266889787776,
    "redeeming-urban-spaces-the-ambivalence-of-building-a-pentecostal-city-in-lagos-nigeria": 0.7281724529960107,
    "sounding-landscapes": 0.728097085252035,
    "meskonsing-kansan": 0.7277290495423959,
    "stranging-the-anthropocene-refraction": 0.7273481333570976,
    "seminar-report-geo-politics": 0.7267958757246363,
    "xaraasi-xanne-crossing-voices": 0.7267360556581172,
    "river-semester-project": 0.72647539326515,
    "orbital-geopolitics": 0.7263148904121564,
    "plant-domestication-and-dispersal": 0.725449621525002,
    "the-four-dimensional-mississippi": 0.7250535956705276,
    "seminar-un-bounded-engineering-and-evolutionary-stability": 0.7249281023228258,
    "tactics-for-quotidian-anthropocenes-2": 0.724916027135534,
    "the-confluence-area": 0.7239300372910327,
    "timeslips": 0.7238492607006128,
    "touring-the-anthropocenery-whos-in-charge-here-2014": 0.7230161420060802,
    "taking-nature-into-account-historical-perspectives-and-paradoxes": 0.722662139843991,
    "project-launch-minneapolis": 0.7220248205736314,
    "seminar-clashing-temporalities": 0.7217616993956828,
    "the-american-bottom": 0.7215182600404946,
    "seminar-slow-media": 0.7213647364211488,
    "time-and-time-again": 0.7213264674502645,
    "pockets-reflections-on-the-anthropocene-campus-melbourne": 0.7211423230328872,
    "seminar-claims-property": 0.7209912569484154,
    "shaped-by-rivers": 0.7209756605409784,
    "seminar-commodity-flows": 0.7207242883223213,
    "oysters-selective-pressures-and-antibiotic-resistance-in-the-mississippi-delta": 0.7205315032399019,
    "one-world-solid-and-cracked": 0.7201948627197351,
    "praying-for-the-water-with-saundi-mcclain-kloeckner": 0.7195695810653151,
    "the-mississippi-basin-an-operational-landscape": 0.7187821286501896,
    "the-shape-of-a-practice": 0.7180665424003368,
    "seminar-film-un-bounded-engineering-and-evolutionary-stability": 0.717960729731872,
    "the-free-sea": 0.7177408351081382,
    "seminar-co-evolutionary-perspectives": 0.7168161516940783,
    "significant-and-insignificant-mounds": 0.716733932717764,
    "kairos-earthquake-early-warning-application": 0.7167234742431201,
    "monsanto-town": 0.7166712099408707,
    "writing-global-histories-in-the-anthropocene": 0.7166109173804862,
    "midway-meeting-st-louis": 0.7159356571087828,
    "significant-and-insignificant-mounds-2": 0.7152619747516387,
    "seminar-report-filtering-the-anthropocene": 0.7152216617294206,
    "the-maledives-case": 0.7146583992880727,
    "shadowing-the-anthropocene": 0.7146394096912736,
    "typha-the-once-and-future-planty-companion": 0.7140906487473762,
    "terraforming": 0.7129831807805552,
    "limits-to-growth": 0.7125378184104063,
    "twin-cities-artist-residency-mississippi-an-anthropocene-story": 0.7125207769831644,
    "state-of-nature-in-india": 0.7117818317271019,
    "on-the-use-of-the-word-code-by-the-kogi-translator": 0.71129864950432,
    "peter-schlemihl-exploring-anthropocenic-landscapes": 0.711277641166849,
    "knowing-in-the-anthropocene": 0.7106624629458289,
    "seminar-film-exhaustion-and-imagination": 0.710513358907096,
    "new-orleans-anthropocene-field-campus": 0.7103126334850923,
    "the-anthropocene-in-light-of-biological-feedback": 0.7102041925137603,
    "looking-downstream": 0.70979098252951,
    "seminar-film-commodity-flows": 0.7096309292330071,
    "seminar-modelling-wicked-problems": 0.7090830921716501,
    "seminar-film-clashing-temporalities": 0.7087028604105178,
    "systems-analysis-and-modeling": 0.7079580370931692,
    "somewhere-somehow-a-co-evolution-story": 0.7075750969573548,
    "the-floating-ear": 0.7075177890734746,
    "seminar-imaging-the-anthropocene": 0.7074646164507445,
    "panel-talk-beween-patricia-piccinini-and-claudia-vickers": 0.7066894847000778,
    "the-danish-text": 0.7065006885720322,
    "seminar-filtering-the-anthropocene": 0.7057794715071114,
    "producing-the-anthropocene-producing-the-future": 0.7051362428806655,
    "the-shape-of-a-practice-online-project-environment": 0.7045913344580296,