{
    "transect-walk-cahokia-mounds-to-fairmont-city": 0.9344226577540371,
    "timeslips": 0.9329474498720967,
    "the-confluence-area": 0.9297998652315294,
    "navigating-the-anthropocene-river": 0.9291298492776132,
    "sacrifice-zones-and-portable-climate": 0.9288681567176519,
    "uncalculated-risk": 0.9285072887083401,
    "real-estate-river": 0.9277432553938362,
    "land-acknowledgement-statement": 0.9255334510339137,
    "the-four-dimensional-mississippi": 0.9244897816043408,
    "one-place-many-names": 0.9242156720691359,
    "meskonsing-indian-lake-convergence-1": 0.9241157460061254,
    "river-semester": 0.9217953677798917,
    "walk-about-it": 0.9217947864010123,
    "performing-the-anthropocene": 0.9216196177875243,
    "time-out-of-mind": 0.9215105998597233,
    "on-the-recuperative-mismanagement-of-a-cosmopolitan-fish": 0.9206923444093719,
    "telling-time-through-lagoons-of-human-waste-at-the-western-treatment-plant": 0.9205106348098173,
    "natchez-etiologies-of-athropogenic-emergence": 0.920378370312354,
    "rogue-elements-of-the-upper-mississippi": 0.9203269956679792,
    "outrunning-the-anthropocene": 0.92022733099317,
    "listening-to-the-mississippi": 0.9200240649674041,
    "planting-a-seed-is-revolutionary-act": 0.9198539556179509,
    "mississippi": 0.9194033140961168,
    "project-launch-minneapolis": 0.9190894006263041,
    "river-semester-project": 0.9187393037801428,
    "touring-the-anthropocenery-whos-in-charge-here-2014": 0.9185279313707031,
    "seminar-clashing-temporalities": 0.9182660460308101,
    "louisiana-a-planetary-reactor": 0.9173452193447675,
    "risk-equity-in-the-louisiana-anthropocene": 0.9168283860113391,
    "la-arboleda": 0.9165910600216599,
    "praying-for-the-water-with-saundi-mcclain-kloeckner": 0.916116234644444,
    "measuring-loss": 0.9160654444282595,
    "meeker-dam": 0.9160127185525685,
    "white-sands": 0.915800272132444,
    "the-great-green-desert": 0.9157461494156781,
    "layers-of-violence": 0.9155774270376746,
    "the-vietnamese-community-in-eastern-new-orleans": 0.9147644044386116,
    "the-aerocene-campus": 0.9138322743220212,
    "paddle-waves-and-sparkling-light": 0.9137527306716333,
    "seminar-claims-property": 0.9133999851146869,
    "the-stories-we-tell-the-images-we-take": 0.9129421768866111,
    "tactics-for-quotidian-anthropocenes": 0.9126005262916729,
    "social-witnessing": 0.9117370463594984,
    "sounding-landscapes": 0.9116130733202148,
    "pockets-reflections-on-the-anthropocene-campus-melbourne": 0.9106078025038439,
    "the-terrain-of-the-former-veb-elektrokohle-lichtenberg": 0.9105028965838912,
    "ny-alesund-svalbard-norway": 0.9099229335501283,
    "on-the-use-of-the-word-code-by-the-kogi-translator": 0.9098369251901006,
    "seminar-report-filtering-the-anthropocene": 0.9084318105115271,
    "the-american-bottom": 0.9081356329672502,
    "nigeria-oil-pipes": 0.9078102220690021,
    "lost-voices": 0.906912364109323,
    "resisting-the-oblivion-of-eco-colonialism": 0.9066947066628326,
    "seminar-film-exhaustion-and-imagination": 0.90651087095558,
    "of-forests-of-rivers-and-of-meals": 0.9064814733297543,
    "tactics-for-quotidian-anthropocenes-2": 0.9056349575733962,
    "producing-the-anthropocene-producing-the-future": 0.9051244087399704,
    "meskonsing-kansan-an-introduction": 0.904753450465756,
    "seminar-film-clashing-temporalities": 0.9045967918803589,
    "the-maledives-case": 0.9045149901795786,
    "the-free-sea": 0.9040903639044294,
    "xaraasi-xanne-crossing-voices": 0.9037429020146779,
    "seminar-slow-media": 0.9035638246537772,
    "this-is-not-about-survival-its-about-bringing-your-coracle": 0.9033849804733025,
    "stranging-the-anthropocene-refraction": 0.9032437953848221,
    "midway-meeting-st-louis": 0.903221248292806,
    "typha-the-once-and-future-planty-companion": 0.9030745852193701,
    "seminar-report-slow-media": 0.9028318104383305,
    "river-memory": 0.9026351152404165,
    "knowing-in-the-anthropocene": 0.9024848881947417,
    "seminar-report-geo-politics": 0.902367137310864,
    "seminar-report-anthropogenic-landscapes": 0.9020293762086216,
    "knowing-together": 0.9014909423186475,
    "new-orleans-anthropocene-field-campus": 0.9013754437813555,
    "laboratory-for-a-radical-suburbia": 0.9012248609460192,
    "shadowing-the-anthropocene": 0.9010111382037415,
    "patagonia": 0.9007191646224991,
    "remnant-formations": 0.9002932971801414,
    "seminar-un-bounded-engineering-and-evolutionary-stability": 0.9001614602090154,
    "re-patterning-with-kudzu": 0.900071360741539,
    "seminar-romancing-the-anthropocene": 0.900046363615995,
    "nordic-fauna-seen-in-nature": 0.8998285265801729,
    "twin-cities-artist-residency-mississippi-an-anthropocene-story": 0.8996401029091875,
    "mobile-hedges": 0.8994262751022668,
    "tree-x-office": 0.8988579995837255,
    "the-mississippi-basin-an-operational-landscape": 0.8987744570595875,
    "seminar-co-evolution-of-the-technosphere": 0.8987013582236609,
    "seminar-anthropogenic-landscapes": 0.8985671100503246,
    "seminar-film-commodity-flows": 0.8985663702247411,
    "time-and-time-again": 0.898187859135645,
    "seminar-sensing-the-insensible": 0.897893661793917,
    "shaped-by-rivers": 0.8977448973899924,
    "seminar-imaging-the-anthropocene": 0.897166042428136,
    "the-shape-of-a-practice": 0.8962606052160165,
    "lake-chad-sharing-a-diminishing-resource": 0.8960940958536683,
    "monsanto-town": 0.8959336418587284,
    "somewhere-somehow-a-co-evolution-story": 0.8958645736024654,
    "writing-global-histories-in-the-anthropocene": 0.8953856074734853,
    "too-little-water-the-lake-chad-story": 0.8948971877080967,
    "seminar-reflections-algorithmic-intermediation-and-smartness": 0.8936267139330915,
    "seminar-governing-the-technosphere": 0.892440978957125,
    "significant-and-insignificant-mounds-2": 0.8921869080528403,
    "mikado-sol-2014": 0.8918059491111158,
    "one-world-solid-and-cracked": 0.8914522777602759,
    "lisboa-parallax-2020": 0.8904730994563991,
    "us-southwest": 0.8900681080432592,
    "limits-to-growth": 0.8900200124923416,
    "state-of-nature-in-india": 0.8897752584774099,
    "specifics-of-vulnerability": 0.8895928759317532,
    "orbital-geopolitics": 0.8895526737256798,
    "lake-chad-narratives": 0.88930951449371,
    "understanding-the-north-american-lost-crops": 0.8890431934983813,
    "the-floating-ear": 0.8888254655216266,
    "times-before-and-after": 0.8886024220864926,
    "the-danish-text": 0.888548260609598,
    "seminar-co-evolutionary-perspectives": 0.8880736972444325,
    "seminar-reflection-2": 0.8878713530955412,
    "plant-domestication-and-dispersal": 0.8878382399114879,
    "the-hyphen": 0.8877452893001653,
    "plastic-and-surrogacy": 0.8876521144115813,
    "seminar-exhaustion-and-imagination": 0.8869330560062271,
    "significant-and-insignificant-mounds": 0.8866822833678649,
    "seminar-filtering-the-anthropocene": 0.8861151014324957,
    "peter-schlemihl-exploring-anthropocenic-landscapes": 0.8856837710946255,
    "taking-nature-into-account-historical-perspectives-and-paradoxes": 0.8856549563550417,
    "the-rights-of-nature": 0.8851823060453895,
    "over-the-levee-under-the-plow": 0.8849756173862713,
    "seminar-valuing-nature": 0.8847076183054208,
    "seminar-communicating": 0.8845850490192453,
    "state-of-nature-some-philosophical-issues": 0.8840038968299184,
    "meskonsing-kansan": 0.8838901469786932,
    "terraforming": 0.8829768090347606,
    "the-shape-of-a-practice-seminars": 0.8822104413638425,
    "technosphere-co-evolution-a-seminal-seminar-conversation": 0.8819185413635152,
    "oysters-selective-pressures-and-antibiotic-resistance-in-the-mississippi-delta": 0.8818974020312512,
    "seminar-disciplinarities": 0.8812894320777254,
    "seminar-sensing": 0.8804903034871608,
    "the-anthropocene-and-our-post-natural-future-2": 0.8792859563023819,