{
    "on-the-recuperative-mismanagement-of-a-cosmopolitan-fish": 0.6940793155955928,
    "this-is-not-about-survival-its-about-bringing-your-coracle": 0.6939060838466403,
    "nordic-fauna-seen-in-nature": 0.6930425885826419,
    "seminar-anthropogenic-landscapes": 0.6921482828838649,
    "mobile-hedges": 0.6851244617644023,
    "the-vietnamese-community-in-eastern-new-orleans": 0.6834847425709007,
    "mikado-sol-2014": 0.6831669347888855,
    "laboratory-for-a-radical-suburbia": 0.6828947023265851,
    "patagonia": 0.6812940018507085,
    "social-witnessing": 0.6812139869449975,
    "typha-the-once-and-future-planty-companion": 0.6809385732310305,
    "the-current-mississippi-an-anthropocene-river": 0.6805150506013681,
    "significant-and-insignificant-mounds": 0.6796273986995081,
    "the-stories-we-tell-the-images-we-take": 0.677824579719362,
    "walk-about-it": 0.677060011929829,
    "shadowing-the-anthropocene": 0.6766972184718916,
    "lost-voices": 0.6761291951231814,
    "rogue-elements-of-the-upper-mississippi": 0.6760207270541665,
    "meskonsing-indian-lake-convergence-1": 0.6759691241529188,
    "nigeria-oil-pipes": 0.6757181888469008,
    "one-world-solid-and-cracked": 0.6756905408988956,
    "meskonsing-kansan-an-introduction": 0.6755544597099254,
    "the-aerocene-campus": 0.6738534074636386,
    "white-sands": 0.67295667868288,
    "layers-of-violence": 0.6724090580600242,
    "measuring-loss": 0.6722526578796674,
    "the-hyphen": 0.6720967726568444,
    "navigating-the-anthropocene-river": 0.6717001366301797,
    "one-place-many-names": 0.6715543980840895,
    "the-free-sea": 0.6714714183303916,
    "river-memory": 0.6707299862514703,
    "seminar-slow-media": 0.6705603684945881,
    "seminar-report-slow-media": 0.670479070319631,
    "touring-the-anthropocenery-whos-in-charge-here-2014": 0.6704491810184897,
    "real-estate-river": 0.6700838982013873,
    "technostratigraphy-of-a-technological-object": 0.6700025530061131,
    "louisiana-a-planetary-reactor": 0.6696583910665305,
    "looking-downstream": 0.6693793527569506,
    "planting-a-seed-is-revolutionary-act": 0.6690305679949982,
    "seminar-romancing-the-anthropocene": 0.6690136462109679,
    "lake-chad-narratives": 0.6689936585481856,
    "seminar-sensing-the-insensible": 0.668928548182193,
    "telling-time-through-lagoons-of-human-waste-at-the-western-treatment-plant": 0.668868113705125,
    "sounding-landscapes": 0.6688332223044138,
    "pockets-reflections-on-the-anthropocene-campus-melbourne": 0.6685663362418559,
    "place-and-space": 0.6685553153933772,
    "prologue-the-fence-concept": 0.6684032435327594,
    "meskonsing-kansan": 0.6682974219351642,
    "outrunning-the-anthropocene": 0.6682838896402687,
    "time-out-of-mind": 0.6681896273490445,
    "the-american-bottom": 0.6681051855108004,
    "mississippi": 0.6675420995331106,
    "paddle-waves-and-sparkling-light": 0.6674712314968394,
    "meeker-dam": 0.6670679843435876,
    "timeslips": 0.6668000203767847,
    "la-arboleda": 0.6663736220975477,
    "seminar-report-anthropogenic-landscapes": 0.6662653237254548,
    "performing-the-anthropocene": 0.666159675277005,
    "the-terrain-of-the-former-veb-elektrokohle-lichtenberg": 0.665502961540532,
    "the-rights-of-nature": 0.6654497056044664,
    "river-semester-project": 0.6654129637655082,
    "sacrifice-zones-and-portable-climate": 0.6644629731157972,
    "slow-disaster": 0.6643792940179796,
    "temporary-continent": 0.6643475945593907,
    "reshaping-the-shape-embodiment-ecology-and-culture-of-a-postnatural-carp": 0.6641593825546412,
    "lisboa-parallax-2020": 0.6640999967938054,
    "lake-chad-sharing-a-diminishing-resource": 0.6636340309165573,
    "tactics-for-quotidian-anthropocenes": 0.663452016571617,
    "stranging-the-anthropocene-refraction": 0.6632882923879608,
    "the-great-green-desert": 0.6630942552927547,
    "terraforming": 0.6627401908034122,
    "seminar-report-filtering-the-anthropocene": 0.6617315928774256,
    "on-the-use-of-the-word-code-by-the-kogi-translator": 0.6617110744869937,
    "ny-alesund-svalbard-norway": 0.6615262915572112,
    "knowing-together": 0.661494630944088,
    "time-and-time-again": 0.6614682167755925,
    "shaped-by-rivers": 0.660958106873966,
    "times-before-and-after": 0.6609345932398306,
    "resisting-the-oblivion-of-eco-colonialism": 0.6607580904723971,
    "the-hedge": 0.6602831387649041,
    "the-four-dimensional-mississippi": 0.6600962923228061,
    "seminar-imaging-the-anthropocene": 0.6599963379227871,
    "us-southwest": 0.6597826706862695,
    "seminar-governing-the-technosphere": 0.6597752322214714,
    "remnant-formations": 0.6597032985207576,
    "orbital-geopolitics": 0.6588866340718026,
    "risk-equity-in-the-louisiana-anthropocene": 0.6588574563007188,
    "the-shape-of-a-practice": 0.6581982367664752,
    "seminar-valuing-nature": 0.6579996051498125,
    "uncalculated-risk": 0.6576543457353874,
    "producing-the-anthropocene-producing-the-future": 0.657600966707282,
    "project-launch-minneapolis": 0.6571942253706903,
    "seminar-modelling-wicked-problems": 0.6571767197854848,
    "listening-to-the-mississippi": 0.6571114006519286,
    "the-maledives-case": 0.657108164490754,
    "re-patterning-with-kudzu": 0.6570687992985592,
    "tree-x-office": 0.6569424923095147,
    "peter-schlemihl-exploring-anthropocenic-landscapes": 0.6564124227918199,
    "parallax-lisboa": 0.6562541548111838,
    "somewhere-somehow-a-co-evolution-story": 0.6558941414883591,
    "natchez-etiologies-of-athropogenic-emergence": 0.6558464139961603,
    "seminar-report-geo-politics": 0.655675294419853,
    "resonance-vegetale": 0.6555508639395704,
    "twin-cities-artist-residency-mississippi-an-anthropocene-story": 0.6551959445385002,
    "monsanto-town": 0.6550472438974577,
    "the-shape-of-a-practice-online-project-environment": 0.6549936304722819,
    "taking-nature-into-account-historical-perspectives-and-paradoxes": 0.6549457842928887,
    "seminar-techno-metabolism": 0.6541936705667442,
    "seminar-co-evolution-of-the-technosphere": 0.6539637580088986,
    "seminar-claims-property": 0.6532168525008564,
    "writing-global-histories-in-the-anthropocene": 0.6527612925693786,
    "technosphere-co-evolution-a-seminal-seminar-conversation": 0.6523220030667884,
    "the-floating-ear": 0.6522303074399595,
    "seminar-reflections-algorithmic-intermediation-and-smartness": 0.6516947471497849,
    "significant-and-insignificant-mounds-2": 0.6515377757878299,
    "the-anthropocene-in-light-of-biological-feedback": 0.6514961172942217,
    "land-acknowledgement-statement": 0.6514731382140432,
    "on-consuming-slow-media": 0.6512861483613918,
    "seminar-co-evolutionary-perspectives": 0.6510580671749353,
    "seminar-clashing-temporalities": 0.6509039744736621,
    "of-forests-of-rivers-and-of-meals": 0.6506114201076848,
    "mapping-an-exercise-in-cartography": 0.6504035026141621,
    "the-anthropocene-and-our-post-natural-future-2": 0.6503823848170812,
    "state-of-nature-in-india": 0.6498593580619259,
    "seminar-filtering-the-anthropocene": 0.6496739345767938,
    "praying-for-the-water-with-saundi-mcclain-kloeckner": 0.6488735529985503,
    "specifics-of-vulnerability": 0.6483488967328384,
    "oysters-selective-pressures-and-antibiotic-resistance-in-the-mississippi-delta": 0.6480946534634944,
    "the-danish-text": 0.6476740770254731,
    "too-little-water-the-lake-chad-story": 0.6461525362364203,
    "seminar-communicating": 0.6449334593099676,
    "seminar-sensing": 0.6442755569220915,
    "knowing-in-the-anthropocene": 0.6434723394811075,
    "voice-and-representation": 0.6434402985038854,
    "technosphere-magazine": 0.6432394972709968,
    "limits-to-growth": 0.642379208438094,
    "the-mississippi-basin-an-operational-landscape": 0.642147172720213,
    "st-louis-anthropocene-field-campus": 0.6419311979746731,
    "wicked-problems-and-mental-models": 0.6410634338496801,