{
    "one-place-many-names": 0.9876458397809313,
    "the-terrain-of-the-former-veb-elektrokohle-lichtenberg": 0.9870041274038602,
    "louisiana-a-planetary-reactor": 0.9863061887085075,
    "sacrifice-zones-and-portable-climate": 0.986255356747764,
    "meskonsing-indian-lake-convergence-1": 0.9857095438162085,
    "white-sands": 0.9847994534737793,
    "telling-time-through-lagoons-of-human-waste-at-the-western-treatment-plant": 0.9844141431045283,
    "patagonia": 0.9840533080436693,
    "meeker-dam": 0.9835993561536536,
    "planting-a-seed-is-revolutionary-act": 0.983008152006756,
    "layers-of-violence": 0.9829166117944236,
    "real-estate-river": 0.9828027724868081,
    "navigating-the-anthropocene-river": 0.9827916093263781,
    "sounding-landscapes": 0.982232038515482,
    "the-four-dimensional-mississippi": 0.9822082271755846,
    "outrunning-the-anthropocene": 0.9818070220923656,
    "measuring-loss": 0.9817706500334318,
    "uncalculated-risk": 0.9816800376101554,
    "risk-equity-in-the-louisiana-anthropocene": 0.9789230096647598,
    "performing-the-anthropocene": 0.9784070166430422,
    "remnant-formations": 0.9782598326063285,
    "rogue-elements-of-the-upper-mississippi": 0.9781882236654703,
    "on-the-use-of-the-word-code-by-the-kogi-translator": 0.9781019610004925,
    "timeslips": 0.9777967199358977,
    "time-out-of-mind": 0.977258481503006,
    "the-vietnamese-community-in-eastern-new-orleans": 0.9770575577381846,
    "the-free-sea": 0.9769379630105909,
    "nordic-fauna-seen-in-nature": 0.9762486690335365,
    "lost-voices": 0.9761199618079078,
    "land-acknowledgement-statement": 0.9748346859807354,
    "resisting-the-oblivion-of-eco-colonialism": 0.9743385212657157,
    "seminar-report-anthropogenic-landscapes": 0.9735583743053305,
    "ny-alesund-svalbard-norway": 0.9732770627542093,
    "seminar-report-geo-politics": 0.9730887919150855,
    "meskonsing-kansan-an-introduction": 0.9730112945292712,
    "tactics-for-quotidian-anthropocenes": 0.9729959093653653,
    "one-world-solid-and-cracked": 0.9728814208934439,
    "orbital-geopolitics": 0.9726844106233972,
    "pockets-reflections-on-the-anthropocene-campus-melbourne": 0.9724920085385964,
    "somewhere-somehow-a-co-evolution-story": 0.9724828513189674,
    "seminar-report-filtering-the-anthropocene": 0.9719219840484519,
    "the-aerocene-campus": 0.9716631037541302,
    "nigeria-oil-pipes": 0.9713943700794387,
    "stranging-the-anthropocene-refraction": 0.9702227672215835,
    "tree-x-office": 0.9700119424072217,
    "producing-the-anthropocene-producing-the-future": 0.9699248277190302,
    "natchez-etiologies-of-athropogenic-emergence": 0.9693311997892509,
    "of-forests-of-rivers-and-of-meals": 0.96894995959677,
    "mobile-hedges": 0.9689025285997408,
    "the-mississippi-basin-an-operational-landscape": 0.9682529894804024,
    "this-is-not-about-survival-its-about-bringing-your-coracle": 0.9672495490580738,
    "shadowing-the-anthropocene": 0.9671639260808044,
    "touring-the-anthropocenery-whos-in-charge-here-2014": 0.9670373408807883,
    "limits-to-growth": 0.9666989895859588,
    "too-little-water-the-lake-chad-story": 0.9664643683780347,
    "re-patterning-with-kudzu": 0.9660423180895337,
    "us-southwest": 0.9659591871163262,
    "technosphere-co-evolution-a-seminal-seminar-conversation": 0.9658505451665095,
    "laboratory-for-a-radical-suburbia": 0.9655566186824432,
    "social-witnessing": 0.9650706409936053,
    "significant-and-insignificant-mounds": 0.9646792014408695,
    "lake-chad-narratives": 0.9643388930016313,
    "time-and-time-again": 0.9640325234731509,
    "seminar-report-slow-media": 0.9637908196088131,
    "the-stories-we-tell-the-images-we-take": 0.9636696275730368,
    "prologue-the-fence-concept": 0.9633159986862064,
    "walk-about-it": 0.963197663806671,
    "the-shape-of-a-practice": 0.9630911910634607,
    "xaraasi-xanne-crossing-voices": 0.962849402065988,
    "on-the-recuperative-mismanagement-of-a-cosmopolitan-fish": 0.9626988388683158,
    "the-anthropocene-in-light-of-biological-feedback": 0.9620912431046866,
    "seminar-imaging-the-anthropocene": 0.9616937842897595,
    "praying-for-the-water-with-saundi-mcclain-kloeckner": 0.9615308416878549,
    "times-before-and-after": 0.9611817602350172,
    "the-confluence-area": 0.9610932556798796,
    "oysters-selective-pressures-and-antibiotic-resistance-in-the-mississippi-delta": 0.9610760332822785,
    "seminar-reflections-algorithmic-intermediation-and-smartness": 0.9607940444179598,
    "seminar-co-evolution-of-the-technosphere": 0.9605483186397439,
    "lake-chad-sharing-a-diminishing-resource": 0.960523022931073,
    "the-hyphen": 0.9600190386503075,
    "the-american-bottom": 0.9596571319267378,
    "the-floating-ear": 0.9595216842941607,
    "mapping-an-exercise-in-cartography": 0.9590582269823684,
    "technostratigraphy-of-a-technological-object": 0.9590029764984122,
    "the-great-green-desert": 0.9586122167679179,
    "river-memory": 0.9585728612979401,
    "mikado-sol-2014": 0.9585727797102391,
    "specifics-of-vulnerability": 0.9584012548482882,
    "wicked-problems-and-mental-models": 0.957941453459602,
    "paddle-waves-and-sparkling-light": 0.9579256508401743,
    "seminar-reflection-2": 0.9579166789941922,
    "monsanto-town": 0.9575655189043587,
    "seminar-clashing-temporalities": 0.9570610909947852,
    "the-danish-text": 0.9558571065331867,
    "listening-to-the-mississippi": 0.9557163007945149,
    "terraforming": 0.9553621224599504,
    "state-of-nature-in-india": 0.9553451188020973,
    "the-maledives-case": 0.9545426875939992,
    "seminar-communicating": 0.9545383995329739,
    "lisboa-parallax-2020": 0.954472090380647,
    "seminar-valuing-nature": 0.954235155592287,
    "plant-domestication-and-dispersal": 0.9536763860673595,
    "understanding-the-north-american-lost-crops": 0.9536554304167766,
    "seminar-anthropogenic-landscapes": 0.9529315519709722,
    "on-consuming-slow-media": 0.9525455668833455,
    "seminar-archiving": 0.9520760004182607,
    "seminar-governing-the-technosphere": 0.9519847335135042,
    "plastic-and-surrogacy": 0.9518945717022537,
    "mississippi": 0.9510795993830563,
    "seminar-modelling-wicked-problems": 0.9494414778487702,
    "the-hedge": 0.9492825660424102,
    "peter-schlemihl-exploring-anthropocenic-landscapes": 0.9490036463094019,
    "seminar-sensing": 0.9484210509861889,
    "seminar-claims-property": 0.9481457504521846,
    "meskonsing-kansan": 0.9470587957627055,
    "significant-and-insignificant-mounds-2": 0.9470102694126719,
    "seminar-exhaustion-and-imagination": 0.9465391259369251,
    "seminar-commodity-flows": 0.9449056677722877,
    "systems-analysis-and-modeling": 0.944748394346938,
    "seminar-slow-media": 0.9445513428566317,
    "the-anthropocene-and-our-post-natural-future-2": 0.9445025504897555,
    "place-and-space": 0.9444267809283077,
    "parallax-lisboa": 0.9442053243517985,
    "reshaping-the-shape-embodiment-ecology-and-culture-of-a-postnatural-carp": 0.9432197297131137,
    "twin-cities-artist-residency-mississippi-an-anthropocene-story": 0.9431533610675599,
    "seminar-consensus-building": 0.9429998460595711,
    "the-anthropogenic-influence-onto-the-air-quality-along-the-mississippi-river-findings": 0.9426328586446723,
    "voice-and-representation": 0.9422973354784904,
    "writing-global-histories-in-the-anthropocene": 0.9419830029240339,
    "seminar-co-evolutionary-perspectives": 0.9416239981496989,
    "typha-the-once-and-future-planty-companion": 0.9409970036593298,
    "river-semester-project": 0.9408919947329568,
    "state-of-nature-some-philosophical-issues": 0.9394790646756123,
    "temporary-continent": 0.9394252087096312,
    "tactics-for-quotidian-anthropocenes-2": 0.9386473664198769,
    "seminar-disciplinarities": 0.9384106789860333,
    "transect-walk-cahokia-mounds-to-fairmont-city": 0.9380530309371026,
    "shaped-by-rivers": 0.9376889221438907,