{
    "one-place-many-names": 0.9740758854338426,
    "outrunning-the-anthropocene": 0.9733890576840026,
    "meskonsing-indian-lake-convergence-1": 0.9729339041960824,
    "rogue-elements-of-the-upper-mississippi": 0.9727906103139392,
    "louisiana-a-planetary-reactor": 0.972356923763457,
    "telling-time-through-lagoons-of-human-waste-at-the-western-treatment-plant": 0.9711110473294071,
    "meskonsing-kansan-an-introduction": 0.9706902480751664,
    "this-is-not-about-survival-its-about-bringing-your-coracle": 0.9701053925089395,
    "patagonia": 0.9700942367614017,
    "too-little-water-the-lake-chad-story": 0.9695581593262099,
    "nigeria-oil-pipes": 0.969294848161276,
    "us-southwest": 0.9689157282949424,
    "measuring-loss": 0.968061282315423,
    "white-sands": 0.9680330467557862,
    "meeker-dam": 0.9679070214118107,
    "of-forests-of-rivers-and-of-meals": 0.9672137689187691,
    "navigating-the-anthropocene-river": 0.9671885934606531,
    "orbital-geopolitics": 0.9669623849784154,
    "lost-voices": 0.9660821650035556,
    "the-four-dimensional-mississippi": 0.9655572418547661,
    "sacrifice-zones-and-portable-climate": 0.96544198320851,
    "nordic-fauna-seen-in-nature": 0.9647725440273685,
    "the-vietnamese-community-in-eastern-new-orleans": 0.9641128136949428,
    "one-world-solid-and-cracked": 0.9633074759025749,
    "resisting-the-oblivion-of-eco-colonialism": 0.9628283312407637,
    "risk-equity-in-the-louisiana-anthropocene": 0.9625374385143418,
    "remnant-formations": 0.962025979452195,
    "time-out-of-mind": 0.961371585741385,
    "layers-of-violence": 0.9613054501246233,
    "somewhere-somehow-a-co-evolution-story": 0.9610750182249697,
    "pockets-reflections-on-the-anthropocene-campus-melbourne": 0.9607081132140679,
    "oysters-selective-pressures-and-antibiotic-resistance-in-the-mississippi-delta": 0.9596995749122827,
    "prologue-the-fence-concept": 0.9587206012399485,
    "the-terrain-of-the-former-veb-elektrokohle-lichtenberg": 0.9577044051754809,
    "on-the-recuperative-mismanagement-of-a-cosmopolitan-fish": 0.9567995502996353,
    "planting-a-seed-is-revolutionary-act": 0.956700112445047,
    "the-anthropocene-in-light-of-biological-feedback": 0.9563378291018715,
    "sounding-landscapes": 0.9561719733426572,
    "tree-x-office": 0.9561616487387418,
    "performing-the-anthropocene": 0.9560397493780987,
    "the-free-sea": 0.9559149414040191,
    "the-aerocene-campus": 0.9557242527642827,
    "land-acknowledgement-statement": 0.9555609169699373,
    "seminar-report-geo-politics": 0.955252089908333,
    "significant-and-insignificant-mounds": 0.9549304638196101,
    "seminar-clashing-temporalities": 0.9531712046604726,
    "the-mississippi-basin-an-operational-landscape": 0.9529512033272869,
    "tactics-for-quotidian-anthropocenes": 0.9527934902821265,
    "uncalculated-risk": 0.9527613263059541,
    "stranging-the-anthropocene-refraction": 0.9525640026717037,
    "on-the-use-of-the-word-code-by-the-kogi-translator": 0.9523512233720257,
    "technosphere-co-evolution-a-seminal-seminar-conversation": 0.9518388475985179,
    "timeslips": 0.9514867833052074,
    "seminar-report-filtering-the-anthropocene": 0.9506242106737129,
    "lake-chad-sharing-a-diminishing-resource": 0.9506181171513353,
    "paddle-waves-and-sparkling-light": 0.9503375561926695,
    "wicked-problems-and-mental-models": 0.9490624606495842,
    "ny-alesund-svalbard-norway": 0.9488753194711853,
    "re-patterning-with-kudzu": 0.9487149690958423,
    "real-estate-river": 0.9486266034655374,
    "the-american-bottom": 0.9481435695377233,
    "the-stories-we-tell-the-images-we-take": 0.9480817887013372,
    "seminar-anthropogenic-landscapes": 0.9478356432733778,
    "technostratigraphy-of-a-technological-object": 0.9477478482039482,
    "mobile-hedges": 0.9475946131113892,
    "seminar-report-anthropogenic-landscapes": 0.9471083066234295,
    "mapping-an-exercise-in-cartography": 0.9467118524965885,
    "social-witnessing": 0.9463369893568504,
    "meskonsing-kansan": 0.9458151700460586,
    "the-confluence-area": 0.9456980250811844,
    "the-floating-ear": 0.9455100314062205,
    "praying-for-the-water-with-saundi-mcclain-kloeckner": 0.9454136168637579,
    "the-hedge": 0.9449327234380229,
    "limits-to-growth": 0.9447235156893636,
    "temporary-continent": 0.9446342456948716,
    "specifics-of-vulnerability": 0.9446008195083281,
    "terraforming": 0.9444589260848607,
    "touring-the-anthropocenery-whos-in-charge-here-2014": 0.9440204076014039,
    "time-and-time-again": 0.9435031739307285,
    "the-hyphen": 0.9432268033404071,
    "shadowing-the-anthropocene": 0.9430905892185732,
    "understanding-the-north-american-lost-crops": 0.9427494564653773,
    "the-maledives-case": 0.941979286112052,
    "peter-schlemihl-exploring-anthropocenic-landscapes": 0.9419586292971718,
    "mikado-sol-2014": 0.9416170215117101,
    "the-anthropogenic-influence-onto-the-air-quality-along-the-mississippi-river-findings": 0.9415075611971068,
    "times-before-and-after": 0.9412374230294668,
    "producing-the-anthropocene-producing-the-future": 0.9405985748510453,
    "the-anthropocene-and-our-post-natural-future-2": 0.9403587489134766,
    "state-of-nature-in-india": 0.9401605780714356,
    "seminar-commodity-flows": 0.9397260431485055,
    "the-danish-text": 0.9393439665475901,
    "seminar-co-evolutionary-perspectives": 0.9393224059693044,
    "the-great-green-desert": 0.9388992405686193,
    "listening-to-the-mississippi": 0.9388579980400023,
    "natchez-etiologies-of-athropogenic-emergence": 0.9387209807978852,
    "seminar-report-slow-media": 0.9385041360410937,
    "river-memory": 0.9383497980803452,
    "lisboa-parallax-2020": 0.9382397733274259,
    "the-shape-of-a-practice": 0.9373996751903625,
    "seminar-reflection-2": 0.9371992067196482,
    "walk-about-it": 0.9371307055752675,
    "seminar-techno-metabolism": 0.936711630716749,
    "seminar-archiving": 0.9358687892745657,
    "seminar-reflections-algorithmic-intermediation-and-smartness": 0.9353403873943589,
    "seminar-sensing": 0.9352638975465837,
    "seminar-imaging-the-anthropocene": 0.9350172103149347,
    "xaraasi-xanne-crossing-voices": 0.9347397372767279,
    "seminar-modelling-wicked-problems": 0.9342310843050883,
    "seminar-valuing-nature": 0.934078140277265,
    "significant-and-insignificant-mounds-2": 0.9338962035547351,
    "on-consuming-slow-media": 0.9330774507156472,
    "systems-analysis-and-modeling": 0.9326337701960562,
    "seminar-communicating": 0.9308056228659256,
    "mississippi": 0.9303672298967158,
    "reshaping-the-shape-embodiment-ecology-and-culture-of-a-postnatural-carp": 0.9303262680517358,
    "looking-downstream": 0.9302802208420371,
    "museum-library": 0.9298096010001518,
    "shaped-by-rivers": 0.9295959603099484,
    "seminar-co-evolution-of-the-technosphere": 0.9294991937273446,
    "seminar-exhaustion-and-imagination": 0.9288271509407688,
    "resonance-vegetale": 0.928691312867393,
    "river-semester": 0.928595398770454,
    "river-semester-project": 0.9285564701915575,
    "place-and-space": 0.927583046091639,
    "seminar-un-bounded-engineering-and-evolutionary-stability": 0.9275010485298174,
    "plant-domestication-and-dispersal": 0.9274031491385801,
    "plastic-and-surrogacy": 0.9269810812146198,
    "monsanto-town": 0.9268053915439305,
    "seminar-consensus-building": 0.9240092698099169,
    "seminar-governing-the-technosphere": 0.9237014745260348,
    "voice-and-representation": 0.9236089003243524,
    "seminar-slow-media": 0.9229541308616428,
    "typha-the-once-and-future-planty-companion": 0.9184939607747781,
    "parallax-lisboa": 0.9183047749834086,
    "seminar-sensing-the-insensible": 0.9171421338697597,
    "transect-walk-cahokia-mounds-to-fairmont-city": 0.916599131592371,
    "writing-global-histories-in-the-anthropocene": 0.9149283297412908,
    "seminar-claims-property": 0.9146226973744438,