{
    "planting-a-seed-is-revolutionary-act": 0.9865548382145108,
    "measuring-loss": 0.985933305138181,
    "risk-equity-in-the-louisiana-anthropocene": 0.9855158226875961,
    "tactics-for-quotidian-anthropocenes": 0.9843105109892921,
    "navigating-the-anthropocene-river": 0.9833260640198502,
    "real-estate-river": 0.9832273979745488,
    "sacrifice-zones-and-portable-climate": 0.9820696328069356,
    "meeker-dam": 0.9815427669719053,
    "layers-of-violence": 0.9813771378828289,
    "one-place-many-names": 0.9813120390141108,
    "meskonsing-indian-lake-convergence-1": 0.9811924215897353,
    "natchez-etiologies-of-athropogenic-emergence": 0.9805113653196503,
    "outrunning-the-anthropocene": 0.9795318244713357,
    "resisting-the-oblivion-of-eco-colonialism": 0.9792781555381745,
    "uncalculated-risk": 0.9789774970710329,
    "meskonsing-kansan-an-introduction": 0.9787877047391194,
    "louisiana-a-planetary-reactor": 0.9786064596111138,
    "sounding-landscapes": 0.9783781898811281,
    "seminar-report-anthropogenic-landscapes": 0.9782682960599854,
    "telling-time-through-lagoons-of-human-waste-at-the-western-treatment-plant": 0.978263086665617,
    "lost-voices": 0.9780687126844855,
    "the-confluence-area": 0.9778442698499032,
    "the-terrain-of-the-former-veb-elektrokohle-lichtenberg": 0.9775629869299677,
    "ny-alesund-svalbard-norway": 0.9774470251825398,
    "the-aerocene-campus": 0.9773143056639039,
    "patagonia": 0.9769025515815472,
    "seminar-report-geo-politics": 0.9764927895398754,
    "stranging-the-anthropocene-refraction": 0.9764201973632648,
    "too-little-water-the-lake-chad-story": 0.9764163974529474,
    "white-sands": 0.9759664476843567,
    "the-american-bottom": 0.9749957715477906,
    "timeslips": 0.974788259789265,
    "remnant-formations": 0.9747782776697798,
    "lisboa-parallax-2020": 0.9747511838221216,
    "one-world-solid-and-cracked": 0.9745128423142497,
    "river-memory": 0.9741788384101887,
    "the-vietnamese-community-in-eastern-new-orleans": 0.9741567155977874,
    "producing-the-anthropocene-producing-the-future": 0.9741401856415464,
    "the-shape-of-a-practice": 0.973661390128127,
    "seminar-report-filtering-the-anthropocene": 0.9731687702545642,
    "monsanto-town": 0.9729273009146528,
    "orbital-geopolitics": 0.9722668774184423,
    "the-stories-we-tell-the-images-we-take": 0.9719571221145569,
    "limits-to-growth": 0.9717348904787314,
    "performing-the-anthropocene": 0.9711733042687298,
    "tree-x-office": 0.9709401423377191,
    "xaraasi-xanne-crossing-voices": 0.9705535707339055,
    "seminar-clashing-temporalities": 0.9705504853158748,
    "social-witnessing": 0.9701139699534017,
    "seminar-reflections-algorithmic-intermediation-and-smartness": 0.969942321732233,
    "seminar-reflection-2": 0.9694330459684369,
    "seminar-communicating": 0.9693753062547815,
    "seminar-co-evolution-of-the-technosphere": 0.9691224028605322,
    "the-four-dimensional-mississippi": 0.9688996944186025,
    "the-free-sea": 0.9687155566069029,
    "pockets-reflections-on-the-anthropocene-campus-melbourne": 0.9685464036203393,
    "walk-about-it": 0.9682342182873551,
    "the-mississippi-basin-an-operational-landscape": 0.9682043088615515,
    "seminar-report-slow-media": 0.967755108495729,
    "seminar-imaging-the-anthropocene": 0.9675519022836608,
    "seminar-claims-property": 0.9675092235806751,
    "somewhere-somehow-a-co-evolution-story": 0.9672239225116294,
    "significant-and-insignificant-mounds": 0.9671947594627873,
    "state-of-nature-in-india": 0.9667356633161446,
    "river-semester": 0.9666696810509253,
    "writing-global-histories-in-the-anthropocene": 0.9662671226122269,
    "time-out-of-mind": 0.966207960007791,
    "on-the-use-of-the-word-code-by-the-kogi-translator": 0.9660823626621358,
    "us-southwest": 0.9660593047251176,
    "time-and-time-again": 0.9660440558492076,
    "seminar-valuing-nature": 0.9659818042060624,
    "seminar-archiving": 0.9657648953040764,
    "on-the-recuperative-mismanagement-of-a-cosmopolitan-fish": 0.9653674268960669,
    "seminar-anthropogenic-landscapes": 0.9644689443413763,
    "twin-cities-artist-residency-mississippi-an-anthropocene-story": 0.9641949328753289,
    "river-semester-project": 0.964170301563238,
    "nigeria-oil-pipes": 0.9639232102644046,
    "parallax-lisboa": 0.9638463927174881,
    "rogue-elements-of-the-upper-mississippi": 0.9638157032863893,
    "plant-domestication-and-dispersal": 0.9638089271951145,
    "oysters-selective-pressures-and-antibiotic-resistance-in-the-mississippi-delta": 0.9637056206952048,
    "re-patterning-with-kudzu": 0.9632395600983484,
    "mapping-an-exercise-in-cartography": 0.9631162319373039,
    "the-floating-ear": 0.9626274186128428,
    "project-launch-minneapolis": 0.9625945149779186,
    "this-is-not-about-survival-its-about-bringing-your-coracle": 0.9621564696543953,
    "shadowing-the-anthropocene": 0.9621421837504502,
    "touring-the-anthropocenery-whos-in-charge-here-2014": 0.9618622188473935,
    "seminar-consensus-building": 0.9618558633327768,
    "nordic-fauna-seen-in-nature": 0.9616684249688457,
    "seminar-sensing": 0.9616071966233639,
    "seminar-co-evolutionary-perspectives": 0.9615698228587277,
    "times-before-and-after": 0.9614763528958679,
    "voice-and-representation": 0.9613181427986246,
    "on-consuming-slow-media": 0.961071482343933,
    "the-anthropocene-in-light-of-biological-feedback": 0.959996623125556,
    "seminar-modelling-wicked-problems": 0.959821507096028,
    "of-forests-of-rivers-and-of-meals": 0.9597285511545242,
    "state-of-nature-some-philosophical-issues": 0.9593051429404239,
    "terraforming": 0.9591985485953057,
    "temporary-continent": 0.9591494275458233,
    "technosphere-co-evolution-a-seminal-seminar-conversation": 0.958763110855477,
    "the-hyphen": 0.9586929020996279,
    "meskonsing-kansan": 0.9585453877436066,
    "place-and-space": 0.9582674870429873,
    "listening-to-the-mississippi": 0.9581747327057702,
    "the-danish-text": 0.9580638345334798,
    "mississippi": 0.9577295250406666,
    "seminar-exhaustion-and-imagination": 0.9571332144120382,
    "wicked-problems-and-mental-models": 0.9568056158421682,
    "mobile-hedges": 0.9565289718990619,
    "prologue-the-fence-concept": 0.9563956981103869,
    "seminar-commodity-flows": 0.9558849949497288,
    "taking-nature-into-account-historical-perspectives-and-paradoxes": 0.9552648821336436,
    "understanding-the-north-american-lost-crops": 0.9552629888682922,
    "plastic-and-surrogacy": 0.9548148525034705,
    "significant-and-insignificant-mounds-2": 0.9543227755778287,
    "tactics-for-quotidian-anthropocenes-2": 0.9542726368237582,
    "reshaping-the-shape-embodiment-ecology-and-culture-of-a-postnatural-carp": 0.9538093160346793,
    "the-anthropocene-and-our-post-natural-future-2": 0.9535364925905976,
    "the-great-green-desert": 0.9533274474101489,
    "seminar-disciplinarities": 0.9529863832002791,
    "midway-meeting-st-louis": 0.9525762371921841,
    "the-shape-of-a-practice-seminars": 0.9523965591258836,
    "praying-for-the-water-with-saundi-mcclain-kloeckner": 0.952259149301243,
    "seminar-governing-the-technosphere": 0.9509735812060764,
    "looking-downstream": 0.9509459233650756,
    "shaped-by-rivers": 0.950212949779161,
    "specifics-of-vulnerability": 0.9500909938604962,
    "seminar-slow-media": 0.9500095363880784,
    "systems-analysis-and-modeling": 0.9486663547149267,
    "the-hedge": 0.9484390084979416,
    "paddle-waves-and-sparkling-light": 0.9477950679783086,
    "the-maledives-case": 0.9470577392040374,
    "seminar-un-bounded-engineering-and-evolutionary-stability": 0.9470193402252769,
    "seminar-sensing-the-insensible": 0.946445998776609,
    "the-shape-of-a-practice-online-project-environment": 0.946408711156956,
    "new-orleans-anthropocene-field-campus": 0.9456110956435274,