{
    "planting-a-seed-is-revolutionary-act": 0.9931506195572601,
    "measuring-loss": 0.9920380160388443,
    "louisiana-a-planetary-reactor": 0.9900345061838132,
    "meskonsing-indian-lake-convergence-1": 0.9888731581544802,
    "meeker-dam": 0.9883432956701702,
    "one-place-many-names": 0.9875106841416491,
    "navigating-the-anthropocene-river": 0.9870894007451386,
    "risk-equity-in-the-louisiana-anthropocene": 0.9867372417670235,
    "sacrifice-zones-and-portable-climate": 0.9850922708494301,
    "telling-time-through-lagoons-of-human-waste-at-the-western-treatment-plant": 0.9843200832632012,
    "sounding-landscapes": 0.9842716888842581,
    "white-sands": 0.9837112298302534,
    "the-vietnamese-community-in-eastern-new-orleans": 0.9833063282922356,
    "real-estate-river": 0.9828409295322728,
    "outrunning-the-anthropocene": 0.9825581851349386,
    "patagonia": 0.9823706018361424,
    "the-terrain-of-the-former-veb-elektrokohle-lichtenberg": 0.9820722646991086,
    "resisting-the-oblivion-of-eco-colonialism": 0.9820512444184238,
    "uncalculated-risk": 0.9816622049601262,
    "rogue-elements-of-the-upper-mississippi": 0.981439325800692,
    "lost-voices": 0.9812625315173321,
    "time-out-of-mind": 0.9798007738587646,
    "nigeria-oil-pipes": 0.9795933798148193,
    "performing-the-anthropocene": 0.979025105022369,
    "meskonsing-kansan-an-introduction": 0.9788425337842954,
    "timeslips": 0.9783833689965704,
    "somewhere-somehow-a-co-evolution-story": 0.9782191732988248,
    "remnant-formations": 0.978108825001056,
    "on-the-use-of-the-word-code-by-the-kogi-translator": 0.9776142944589906,
    "tree-x-office": 0.9770110685780923,
    "the-free-sea": 0.9768499677314619,
    "pockets-reflections-on-the-anthropocene-campus-melbourne": 0.9767851633334241,
    "natchez-etiologies-of-athropogenic-emergence": 0.9765275790994561,
    "tactics-for-quotidian-anthropocenes": 0.9761000117033541,
    "the-four-dimensional-mississippi": 0.976002566720062,
    "one-world-solid-and-cracked": 0.9758291185606067,
    "seminar-report-geo-politics": 0.9748910052142266,
    "the-aerocene-campus": 0.9748854839478693,
    "stranging-the-anthropocene-refraction": 0.9724277189569183,
    "producing-the-anthropocene-producing-the-future": 0.9721396626857445,
    "nordic-fauna-seen-in-nature": 0.9721179686149741,
    "seminar-report-filtering-the-anthropocene": 0.9715121214752874,
    "us-southwest": 0.9709638264563886,
    "significant-and-insignificant-mounds": 0.970898070734891,
    "of-forests-of-rivers-and-of-meals": 0.9704367924262352,
    "shadowing-the-anthropocene": 0.970434347654768,
    "seminar-report-anthropogenic-landscapes": 0.9700809252705597,
    "this-is-not-about-survival-its-about-bringing-your-coracle": 0.9699641763626222,
    "on-the-recuperative-mismanagement-of-a-cosmopolitan-fish": 0.9694466647131778,
    "the-stories-we-tell-the-images-we-take": 0.9689864405853243,
    "ny-alesund-svalbard-norway": 0.9688102670785005,
    "orbital-geopolitics": 0.968522737573958,
    "re-patterning-with-kudzu": 0.9680480178252733,
    "limits-to-growth": 0.967148366400406,
    "praying-for-the-water-with-saundi-mcclain-kloeckner": 0.9669710989519164,
    "river-memory": 0.9664536396675313,
    "touring-the-anthropocenery-whos-in-charge-here-2014": 0.9661020877171382,
    "mobile-hedges": 0.9660502525155964,
    "too-little-water-the-lake-chad-story": 0.9659034569749514,
    "social-witnessing": 0.9656882434828467,
    "xaraasi-xanne-crossing-voices": 0.9654745655786096,
    "technosphere-co-evolution-a-seminal-seminar-conversation": 0.9650629346813963,
    "prologue-the-fence-concept": 0.9648040634250091,
    "seminar-report-slow-media": 0.96437995244832,
    "oysters-selective-pressures-and-antibiotic-resistance-in-the-mississippi-delta": 0.963915684263371,
    "time-and-time-again": 0.9637041319913141,
    "the-danish-text": 0.9628176002137477,
    "seminar-clashing-temporalities": 0.9627139303054024,
    "the-mississippi-basin-an-operational-landscape": 0.9625618024711564,
    "the-confluence-area": 0.9625438690647248,
    "seminar-reflections-algorithmic-intermediation-and-smartness": 0.9623460135631138,
    "the-shape-of-a-practice": 0.9623191961972616,
    "seminar-imaging-the-anthropocene": 0.9616573481185059,
    "specifics-of-vulnerability": 0.9613951534343697,
    "times-before-and-after": 0.9612996072854,
    "walk-about-it": 0.9609872979556716,
    "the-hyphen": 0.9608698558352594,
    "the-american-bottom": 0.9606673692625969,
    "seminar-reflection-2": 0.9601219898731083,
    "wicked-problems-and-mental-models": 0.9596960032982705,
    "understanding-the-north-american-lost-crops": 0.9594522569809839,
    "technostratigraphy-of-a-technological-object": 0.9588829172343019,
    "seminar-claims-property": 0.958756214956745,
    "seminar-communicating": 0.9584381348429797,
    "listening-to-the-mississippi": 0.9583628560130054,
    "monsanto-town": 0.9582602705984982,
    "seminar-co-evolution-of-the-technosphere": 0.9581101016676324,
    "the-great-green-desert": 0.9576607635587264,
    "the-anthropocene-in-light-of-biological-feedback": 0.9575936206112416,
    "lisboa-parallax-2020": 0.9569487047520774,
    "seminar-anthropogenic-landscapes": 0.9568862973045492,
    "mapping-an-exercise-in-cartography": 0.9566144902637128,
    "the-floating-ear": 0.9565300590137401,
    "state-of-nature-in-india": 0.9564750442986021,
    "plant-domestication-and-dispersal": 0.9561283034575442,
    "the-maledives-case": 0.9552715821494225,
    "seminar-valuing-nature": 0.9547792096894436,
    "seminar-modelling-wicked-problems": 0.9545172401756445,
    "meskonsing-kansan": 0.953870974966962,
    "paddle-waves-and-sparkling-light": 0.9538222678524975,
    "seminar-archiving": 0.9532993648588586,
    "on-consuming-slow-media": 0.95327881580862,
    "terraforming": 0.9531448496344233,
    "peter-schlemihl-exploring-anthropocenic-landscapes": 0.952122181902163,
    "seminar-exhaustion-and-imagination": 0.952040936643447,
    "the-hedge": 0.9515753278985855,
    "seminar-sensing": 0.9511273441973458,
    "seminar-co-evolutionary-perspectives": 0.9510099883678166,
    "writing-global-histories-in-the-anthropocene": 0.9506358001997478,
    "seminar-governing-the-technosphere": 0.950596970230165,
    "mikado-sol-2014": 0.9504932415426474,
    "significant-and-insignificant-mounds-2": 0.9500604057793802,
    "seminar-commodity-flows": 0.9493038177551446,
    "mississippi": 0.9490088465652614,
    "typha-the-once-and-future-planty-companion": 0.9487919281962391,
    "seminar-consensus-building": 0.9487168862803198,
    "plastic-and-surrogacy": 0.9479650357124669,
    "voice-and-representation": 0.947875281793829,
    "place-and-space": 0.9478686547465389,
    "reshaping-the-shape-embodiment-ecology-and-culture-of-a-postnatural-carp": 0.94750061315121,
    "seminar-slow-media": 0.9470272284948632,
    "river-semester-project": 0.9469383888779974,
    "temporary-continent": 0.9464597333304593,
    "twin-cities-artist-residency-mississippi-an-anthropocene-story": 0.9455290912036434,
    "state-of-nature-some-philosophical-issues": 0.9450984315415265,
    "parallax-lisboa": 0.9442931470741001,
    "the-anthropocene-and-our-post-natural-future-2": 0.9440463324551382,
    "seminar-sensing-the-insensible": 0.9424769911830796,
    "river-semester": 0.9422800984682226,
    "transect-walk-cahokia-mounds-to-fairmont-city": 0.941030863108164,
    "systems-analysis-and-modeling": 0.9404608324183095,
    "taking-nature-into-account-historical-perspectives-and-paradoxes": 0.9395638552192227,
    "midway-meeting-st-louis": 0.9389682935644534,
    "project-launch-minneapolis": 0.9387805640418806,
    "seminar-techno-metabolism": 0.9380614568188173,
    "shaped-by-rivers": 0.9373182196797379,
    "tactics-for-quotidian-anthropocenes-2": 0.9369593537888887,
    "looking-downstream": 0.9368980324024772,
    "seminar-disciplinarities": 0.9368917709773414,