{
    "seminar-report-anthropogenic-landscapes": 0.9850088076352793,
    "producing-the-anthropocene-producing-the-future": 0.9843065105192547,
    "the-anthropocene-in-light-of-biological-feedback": 0.9835264257617348,
    "orbital-geopolitics": 0.9829836093306129,
    "seminar-co-evolution-of-the-technosphere": 0.9824147530504069,
    "seminar-report-geo-politics": 0.9818260398215649,
    "ny-alesund-svalbard-norway": 0.9817393651917515,
    "seminar-report-filtering-the-anthropocene": 0.9809768004200716,
    "one-world-solid-and-cracked": 0.9807060506557581,
    "the-mississippi-basin-an-operational-landscape": 0.9806502723434488,
    "seminar-valuing-nature": 0.9806418912357412,
    "systems-analysis-and-modeling": 0.9802724928375552,
    "stranging-the-anthropocene-refraction": 0.9802323348824868,
    "risk-equity-in-the-louisiana-anthropocene": 0.9801921899464382,
    "outrunning-the-anthropocene": 0.9788094021744808,
    "seminar-reflections-algorithmic-intermediation-and-smartness": 0.9787755782842075,
    "the-shape-of-a-practice": 0.9784705160365976,
    "seminar-modelling-wicked-problems": 0.978448917114375,
    "state-of-nature-in-india": 0.9780314074671167,
    "sounding-landscapes": 0.9772087940467246,
    "navigating-the-anthropocene-river": 0.9770504678410057,
    "too-little-water-the-lake-chad-story": 0.9770090053545284,
    "tactics-for-quotidian-anthropocenes": 0.9763744808596676,
    "oysters-selective-pressures-and-antibiotic-resistance-in-the-mississippi-delta": 0.976357586454284,
    "real-estate-river": 0.9761441890402617,
    "the-terrain-of-the-former-veb-elektrokohle-lichtenberg": 0.975390856701655,
    "somewhere-somehow-a-co-evolution-story": 0.9752717926802237,
    "planting-a-seed-is-revolutionary-act": 0.9751857915407814,
    "the-aerocene-campus": 0.975135821845867,
    "seminar-reflection-2": 0.9748511413290513,
    "lisboa-parallax-2020": 0.9748489368039003,
    "the-floating-ear": 0.97480103995607,
    "louisiana-a-planetary-reactor": 0.9744879358394496,
    "mapping-an-exercise-in-cartography": 0.9741915034619002,
    "seminar-imaging-the-anthropocene": 0.973666445226115,
    "plastic-and-surrogacy": 0.9732583634068096,
    "seminar-communicating": 0.9732452409261264,
    "uncalculated-risk": 0.9731408637890596,
    "lost-voices": 0.9729896405420864,
    "measuring-loss": 0.972672838506114,
    "seminar-report-slow-media": 0.9726158209495419,
    "terraforming": 0.9725974251807175,
    "remnant-formations": 0.9725455152579251,
    "sacrifice-zones-and-portable-climate": 0.9720980626944615,
    "on-consuming-slow-media": 0.9718344499733205,
    "seminar-commodity-flows": 0.9714056169129219,
    "seminar-sensing": 0.9712181802745666,
    "wicked-problems-and-mental-models": 0.9712077508364512,
    "meeker-dam": 0.9707964186287225,
    "performing-the-anthropocene": 0.9705776648731567,
    "white-sands": 0.9700446375708371,
    "telling-time-through-lagoons-of-human-waste-at-the-western-treatment-plant": 0.9695196816452594,
    "times-before-and-after": 0.9692383491776736,
    "the-four-dimensional-mississippi": 0.9691218497971303,
    "seminar-consensus-building": 0.9689887108407774,
    "the-hyphen": 0.9686404519515044,
    "resisting-the-oblivion-of-eco-colonialism": 0.9685602420003543,
    "pockets-reflections-on-the-anthropocene-campus-melbourne": 0.9679608803494082,
    "technosphere-co-evolution-a-seminal-seminar-conversation": 0.9679439462395911,
    "time-and-time-again": 0.967758064051944,
    "the-free-sea": 0.9677188967275189,
    "one-place-many-names": 0.9676671548666104,
    "parallax-lisboa": 0.9671441863546425,
    "the-stories-we-tell-the-images-we-take": 0.9668516241223876,
    "state-of-nature-some-philosophical-issues": 0.9667279717901323,
    "shadowing-the-anthropocene": 0.9662901001954431,
    "on-the-use-of-the-word-code-by-the-kogi-translator": 0.9661206415459731,
    "natchez-etiologies-of-athropogenic-emergence": 0.9660979551579019,
    "seminar-archiving": 0.9659607090192939,
    "writing-global-histories-in-the-anthropocene": 0.9657245406550927,
    "meskonsing-indian-lake-convergence-1": 0.9653800994297645,
    "social-witnessing": 0.9652139498493946,
    "timeslips": 0.964894141145947,
    "meskonsing-kansan-an-introduction": 0.9638426773218666,
    "monsanto-town": 0.9636926816891763,
    "voice-and-representation": 0.9636043652612447,
    "plant-domestication-and-dispersal": 0.9635470636543637,
    "patagonia": 0.9629218602267278,
    "walk-about-it": 0.9627768739104665,
    "the-danish-text": 0.9627098784675148,
    "seminar-co-evolutionary-perspectives": 0.9623603183970898,
    "tree-x-office": 0.9619358102882674,
    "nordic-fauna-seen-in-nature": 0.9618410793671068,
    "seminar-exhaustion-and-imagination": 0.9614602507142789,
    "taking-nature-into-account-historical-perspectives-and-paradoxes": 0.9614579568867759,
    "the-anthropocene-and-our-post-natural-future-2": 0.9614551006611434,
    "seminar-governing-the-technosphere": 0.9613124007842793,
    "the-anthropogenic-influence-onto-the-air-quality-along-the-mississippi-river-findings": 0.9609995205548668,
    "seminar-anthropogenic-landscapes": 0.9609449138406039,
    "xaraasi-xanne-crossing-voices": 0.959949982798257,
    "seminar-techno-metabolism": 0.9595247568035431,
    "nigeria-oil-pipes": 0.959323238708471,
    "place-and-space": 0.9591395588996182,
    "re-patterning-with-kudzu": 0.9582466718149109,
    "the-confluence-area": 0.9582198548867299,
    "reshaping-the-shape-embodiment-ecology-and-culture-of-a-postnatural-carp": 0.9581618940647081,
    "the-american-bottom": 0.958066989435865,
    "mobile-hedges": 0.9576322304049151,
    "touring-the-anthropocenery-whos-in-charge-here-2014": 0.9574757907077344,
    "the-vietnamese-community-in-eastern-new-orleans": 0.9574379991541029,
    "the-shape-of-a-practice-seminars": 0.957390332430268,
    "project-launch-minneapolis": 0.9571757374888322,
    "seminar-un-bounded-engineering-and-evolutionary-stability": 0.9570350834562676,
    "of-forests-of-rivers-and-of-meals": 0.9569955491624166,
    "time-out-of-mind": 0.9568411336700888,
    "seminar-algorithmic-intermediation-and-smartness": 0.956651356249862,
    "tactics-for-quotidian-anthropocenes-2": 0.9561071270461938,
    "mississippi": 0.9548514149780316,
    "river-memory": 0.954836868489736,
    "rogue-elements-of-the-upper-mississippi": 0.9546416454212903,
    "seminar-clashing-temporalities": 0.9538650852744325,
    "on-the-recuperative-mismanagement-of-a-cosmopolitan-fish": 0.9538582597559284,
    "seminar-filtering-the-anthropocene": 0.9536267273016837,
    "seminar-disciplinarities": 0.9533636798399987,
    "the-shape-of-a-practice-online-project-environment": 0.952749735567672,
    "seminar-slow-media": 0.9523446098561316,
    "listening-to-the-mississippi": 0.9518297437395654,
    "technostratigraphy-of-a-technological-object": 0.9507612380382622,
    "prologue-the-fence-concept": 0.9506105103846494,
    "twin-cities-artist-residency-mississippi-an-anthropocene-story": 0.9490946868265397,
    "looking-downstream": 0.9489870842784872,
    "seminar-sensing-the-insensible": 0.9488129874942618,
    "temporary-continent": 0.9486297018301552,
    "specifics-of-vulnerability": 0.948287175809553,
    "river-semester-project": 0.9482821328794039,
    "technosphere-magazine": 0.9481700226497461,
    "significant-and-insignificant-mounds": 0.9481056227222702,
    "this-is-not-about-survival-its-about-bringing-your-coracle": 0.9474140720812891,
    "seminar-risk-equity": 0.9470163077672978,
    "the-maledives-case": 0.9469229055509844,
    "seminar-romancing-the-anthropocene": 0.9461500387711599,
    "slow-disaster": 0.9454542431061196,
    "seminar-claims-property": 0.9447494533463001,
    "us-southwest": 0.9436999670613808,
    "understanding-the-north-american-lost-crops": 0.9435510311683332,
    "paddle-waves-and-sparkling-light": 0.9425902784824216,
    "the-hedge": 0.941907961528095,