{
    "parallax-lisboa": 0.9852095453376227,
    "seminar-report-anthropogenic-landscapes": 0.9836981775135382,
    "state-of-nature-in-india": 0.9836668659485092,
    "the-shape-of-a-practice": 0.9832337383545916,
    "stranging-the-anthropocene-refraction": 0.9827537201994192,
    "seminar-valuing-nature": 0.9826077280072284,
    "seminar-co-evolution-of-the-technosphere": 0.9823926372597664,
    "seminar-reflection-2": 0.9799165932553252,
    "tactics-for-quotidian-anthropocenes": 0.9792707152860171,
    "seminar-imaging-the-anthropocene": 0.9789862524216382,
    "one-world-solid-and-cracked": 0.9783623292921987,
    "monsanto-town": 0.9777794456574945,
    "seminar-reflections-algorithmic-intermediation-and-smartness": 0.9776744169299479,
    "producing-the-anthropocene-producing-the-future": 0.9775043679485456,
    "risk-equity-in-the-louisiana-anthropocene": 0.977398262204949,
    "seminar-report-filtering-the-anthropocene": 0.9772054069610924,
    "seminar-communicating": 0.9771750628397021,
    "seminar-sensing": 0.9771726325366891,
    "seminar-co-evolutionary-perspectives": 0.9769916180802909,
    "seminar-report-slow-media": 0.9769905726906772,
    "writing-global-histories-in-the-anthropocene": 0.9764344848847587,
    "voice-and-representation": 0.976380338675797,
    "the-aerocene-campus": 0.9761955084957504,
    "seminar-report-geo-politics": 0.9758067207468506,
    "mapping-an-exercise-in-cartography": 0.9755680758214198,
    "ny-alesund-svalbard-norway": 0.9744685955874548,
    "the-floating-ear": 0.9743923589660931,
    "lost-voices": 0.9740293050932674,
    "on-consuming-slow-media": 0.9737088783895713,
    "seminar-anthropogenic-landscapes": 0.9734599912160309,
    "orbital-geopolitics": 0.9734357817559953,
    "seminar-archiving": 0.973289300019659,
    "seminar-consensus-building": 0.9730819706607757,
    "navigating-the-anthropocene-river": 0.9729272691302324,
    "state-of-nature-some-philosophical-issues": 0.972324250706558,
    "seminar-modelling-wicked-problems": 0.9722760253185525,
    "too-little-water-the-lake-chad-story": 0.971874716390666,
    "planting-a-seed-is-revolutionary-act": 0.9715796792823316,
    "the-anthropocene-in-light-of-biological-feedback": 0.9714849834067094,
    "the-anthropocene-and-our-post-natural-future-2": 0.9711670994090369,
    "time-and-time-again": 0.9710665832156782,
    "terraforming": 0.9707816749904664,
    "project-launch-minneapolis": 0.9703953793336817,
    "measuring-loss": 0.9699323660650384,
    "meskonsing-kansan-an-introduction": 0.9696708199811818,
    "looking-downstream": 0.9688438121477797,
    "times-before-and-after": 0.9688183191199192,
    "place-and-space": 0.9688145527457687,
    "the-stories-we-tell-the-images-we-take": 0.9684040451290856,
    "shadowing-the-anthropocene": 0.967276671436532,
    "systems-analysis-and-modeling": 0.967245536913276,
    "seminar-filtering-the-anthropocene": 0.9672221406667745,
    "taking-nature-into-account-historical-perspectives-and-paradoxes": 0.9669798965956703,
    "walk-about-it": 0.9668696901962974,
    "seminar-disciplinarities": 0.9668028321664789,
    "the-american-bottom": 0.9667245939083462,
    "the-hyphen": 0.9666472361975897,
    "resisting-the-oblivion-of-eco-colonialism": 0.966558091359005,
    "social-witnessing": 0.9662843507466559,
    "natchez-etiologies-of-athropogenic-emergence": 0.9661889196767992,
    "real-estate-river": 0.9661765911626943,
    "seminar-clashing-temporalities": 0.9658959831764273,
    "plastic-and-surrogacy": 0.9657456600425984,
    "the-terrain-of-the-former-veb-elektrokohle-lichtenberg": 0.9655499714958454,
    "the-confluence-area": 0.965218943615023,
    "the-shape-of-a-practice-online-project-environment": 0.9650170959008061,
    "the-shape-of-a-practice-seminars": 0.9650060604913976,
    "seminar-exhaustion-and-imagination": 0.9648174469119151,
    "wicked-problems-and-mental-models": 0.9646987923277095,
    "performing-the-anthropocene": 0.9645765256129283,
    "pockets-reflections-on-the-anthropocene-campus-melbourne": 0.9645181463646482,
    "sounding-landscapes": 0.9642383400825041,
    "meeker-dam": 0.9635882299672762,
    "tactics-for-quotidian-anthropocenes-2": 0.9632922399179957,
    "twin-cities-artist-residency-mississippi-an-anthropocene-story": 0.9631593854737089,
    "outrunning-the-anthropocene": 0.963116156992165,
    "telling-time-through-lagoons-of-human-waste-at-the-western-treatment-plant": 0.9629831615126009,
    "river-memory": 0.9628956855957396,
    "patagonia": 0.9621121498006119,
    "river-semester-project": 0.9619562169783779,
    "louisiana-a-planetary-reactor": 0.9615673909093084,
    "one-place-many-names": 0.9614461257146304,
    "seminar-commodity-flows": 0.9613197382583718,
    "seminar-slow-media": 0.960992867245246,
    "oysters-selective-pressures-and-antibiotic-resistance-in-the-mississippi-delta": 0.9607916415007829,
    "touring-the-anthropocenery-whos-in-charge-here-2014": 0.9604317588622641,
    "the-free-sea": 0.9600233433666829,
    "seminar-algorithmic-intermediation-and-smartness": 0.9598726004332837,
    "meskonsing-indian-lake-convergence-1": 0.9598661857312909,
    "technosphere-co-evolution-a-seminal-seminar-conversation": 0.959786314739032,
    "seminar-sensing-the-insensible": 0.9596787932874656,
    "xaraasi-xanne-crossing-voices": 0.9596245446917839,
    "remnant-formations": 0.9594468946547873,
    "sacrifice-zones-and-portable-climate": 0.9593895650781377,
    "somewhere-somehow-a-co-evolution-story": 0.9593855263693852,
    "the-mississippi-basin-an-operational-landscape": 0.9590546351826195,
    "temporary-continent": 0.958350472621737,
    "seminar-governing-the-technosphere": 0.9582388865278701,
    "nordic-fauna-seen-in-nature": 0.9576532476456338,
    "uncalculated-risk": 0.9568201381053011,
    "reshaping-the-shape-embodiment-ecology-and-culture-of-a-postnatural-carp": 0.955796220937061,
    "tree-x-office": 0.9557018368597245,
    "seminar-romancing-the-anthropocene": 0.9552926270592392,
    "seminar-techno-metabolism": 0.9551119911229725,
    "on-the-use-of-the-word-code-by-the-kogi-translator": 0.9550607989783749,
    "on-the-recuperative-mismanagement-of-a-cosmopolitan-fish": 0.9549496891063078,
    "mississippi": 0.9545762810254311,
    "plant-domestication-and-dispersal": 0.9544971317294652,
    "white-sands": 0.954180186293362,
    "seminar-un-bounded-engineering-and-evolutionary-stability": 0.9533113765165623,
    "seminar-risk-equity": 0.9531519529767253,
    "slow-disaster": 0.9529779319757931,
    "significant-and-insignificant-mounds": 0.9514362236377811,
    "seminar-claims-property": 0.9511758830473287,
    "new-orleans-anthropocene-field-campus": 0.9510728695256211,
    "mobile-hedges": 0.9508523934366027,
    "prologue-the-fence-concept": 0.9499079071098455,
    "river-semester": 0.9497299126292942,
    "panel-talk-beween-patricia-piccinini-and-claudia-vickers": 0.9493760842299116,
    "the-vietnamese-community-in-eastern-new-orleans": 0.9488742104774458,
    "seminar-film-exhaustion-and-imagination": 0.9484387575300203,
    "time-out-of-mind": 0.9480131627810332,
    "the-four-dimensional-mississippi": 0.9475961249619617,
    "the-hedge": 0.9474387010317802,
    "timeslips": 0.9474302183870343,
    "re-patterning-with-kudzu": 0.947004379155235,
    "the-danish-text": 0.9467045887354388,
    "listening-to-the-mississippi": 0.9447550055369698,
    "this-is-not-about-survival-its-about-bringing-your-coracle": 0.9438340251763262,
    "midway-meeting-st-louis": 0.9437771645623944,
    "of-forests-of-rivers-and-of-meals": 0.9435564020958612,
    "us-southwest": 0.942970416575454,
    "specifics-of-vulnerability": 0.9420172367846823,
    "seminar-film-clashing-temporalities": 0.9415186803687571,
    "nigeria-oil-pipes": 0.9402943822723746,
    "rogue-elements-of-the-upper-mississippi": 0.9394707215692925,
    "the-rights-of-nature": 0.9394221037731624,
    "technosphere-magazine": 0.9388367197295573,