{
    "shaped-by-rivers": 0.6139280701689721,
    "ny-alesund-svalbard-norway": 0.6075727525571177,
    "worshipping-along-the-routes-of-migration": 0.6044162910713607,
    "lounging-through-the-flood": 0.6025847522982273,
    "too-little-water-the-lake-chad-story": 0.5898153607356795,
    "seminar-un-bounded-engineering-and-evolutionary-stability": 0.5897728043234041,
    "the-great-green-desert": 0.5895475618507323,
    "seminar-anthropogenic-landscapes": 0.5856444290383034,
    "state-of-nature-in-india": 0.5800927220065561,
    "new-orleans-anthropocene-field-campus": 0.5781345735808555,
    "on-land-and-lakes-colonizing-the-north": 0.5762080643367918,
    "the-maledives-case": 0.5757783058939548,
    "re-patterning-with-kudzu": 0.5740849260204635,
    "the-mississippi-basin-an-operational-landscape": 0.5711626992342256,
    "seminar-risk-equity": 0.5710188464099148,
    "writing-global-histories-in-the-anthropocene": 0.5709132781378,
    "over-the-levee-under-the-plow": 0.5700404736439585,
    "seminar-commodity-flows": 0.5689035211066338,
    "plant-domestication-and-dispersal": 0.5684446832906662,
    "meskonsing-kansan": 0.5675450551536015,
    "transect-walk-cahokia-mounds-to-fairmont-city": 0.5669012828608555,
    "redeeming-urban-spaces-the-ambivalence-of-building-a-pentecostal-city-in-lagos-nigeria": 0.5667201580945633,
    "significant-and-insignificant-mounds": 0.5666291195745952,
    "mississippi": 0.566130301252189,
    "reshaping-the-shape-embodiment-ecology-and-culture-of-a-postnatural-carp": 0.5656741544291681,
    "river-semester": 0.5651685312784623,
    "significant-and-insignificant-mounds-2": 0.564248953737152,
    "looking-downstream": 0.5628376006687045,
    "oysters-selective-pressures-and-antibiotic-resistance-in-the-mississippi-delta": 0.5603198323604429,
    "natchez-etiologies-of-athropogenic-emergence": 0.5600598474122216,
    "this-is-not-about-survival-its-about-bringing-your-coracle": 0.5586461315237208,
    "outrunning-the-anthropocene": 0.5574149633572129,
    "understanding-the-north-american-lost-crops": 0.5573105538757962,
    "taking-nature-into-account-historical-perspectives-and-paradoxes": 0.5566925507629956,
    "patagonia": 0.5557110124746897,
    "temporary-continent": 0.5554690458069506,
    "seminar-report-filtering-the-anthropocene": 0.5549231226866624,
    "social-witnessing": 0.5547474085889226,
    "the-terrestrial-is-not-the-globe": 0.5545647013548742,
    "the-current-mississippi-an-anthropocene-river": 0.5545180769320709,
    "remnant-formations": 0.5542880210204106,
    "technosphere-magazine": 0.5536998564169175,
    "monsanto-town": 0.5536550075213361,
    "orbital-geopolitics": 0.5521603265090131,
    "white-sands": 0.5506800414643926,
    "seminar-claims-property": 0.5501472008635778,
    "real-estate-river": 0.550051335094662,
    "the-anthropogenic-influence-onto-the-air-quality-along-the-mississippi-river-findings": 0.5498619975810736,
    "the-four-dimensional-mississippi": 0.5496539147994212,
    "the-fight-for-alaskas-arctic-has-just-begun": 0.5495687452051666,
    "slow-disaster": 0.549347779713846,
    "the-american-bottom": 0.5491784482186357,
    "the-vietnamese-community-in-eastern-new-orleans": 0.5484179319022991,
    "river-memory": 0.547792788034218,
    "on-the-recuperative-mismanagement-of-a-cosmopolitan-fish": 0.547535115165269,
    "telling-time-through-lagoons-of-human-waste-at-the-western-treatment-plant": 0.547036133055654,
    "sacrifice-zones-and-portable-climate": 0.5459340897274039,
    "us-southwest": 0.5459097016418818,
    "panel-talk-beween-patricia-piccinini-and-claudia-vickers": 0.5457939708722429,
    "nigeria-oil-pipes": 0.544549245718253,
    "planting-a-seed-is-revolutionary-act": 0.5433738507461887,
    "one-world-solid-and-cracked": 0.5419602800288718,
    "state-of-nature-some-philosophical-issues": 0.541952627147921,
    "seminar-valuing-nature": 0.5416558941589735,
    "seminar-techno-metabolism": 0.5404429396151025,
    "the-shape-of-a-practice-online-project-environment": 0.5399231173392682,
    "sounding-landscapes": 0.5396016804071534,
    "navigating-the-anthropocene-river": 0.5383156677961959,
    "seminar-co-evolutionary-perspectives": 0.5375267660118698,
    "parallax-lisboa": 0.5364058708287088,
    "measuring-loss": 0.5363719724524433,
    "project-launch-minneapolis": 0.5356723438731879,
    "uncalculated-risk": 0.5355002296804642,
    "louisiana-a-planetary-reactor": 0.5351441859600571,
    "lost-voices": 0.53290870471332,
    "resisting-the-oblivion-of-eco-colonialism": 0.5326833517475205,
    "the-shape-of-a-practice": 0.5318121273842185,
    "seminar-report-geo-politics": 0.5309032915765471,
    "the-lena-is-worthy-of-baikal-defining-remoteness-across-the-north-and-the-east": 0.530738437933559,
    "seminar-report-anthropogenic-landscapes": 0.5306481823670015,
    "the-hedge": 0.5306035937595848,
    "walk-about-it": 0.5303909274623037,
    "risk-equity-in-the-louisiana-anthropocene": 0.5294126821684213,
    "seminar-disciplinarities": 0.5290622025280175,
    "meeker-dam": 0.5278345014713314,
    "meskonsing-kansan-an-introduction": 0.5274849470620033,
    "river-semester-project": 0.527126767665656,
    "of-forests-of-rivers-and-of-meals": 0.5261032245765033,
    "the-confluence-area": 0.5260859031454633,
    "plastic-and-surrogacy": 0.5252569085001272,
    "seminar-co-evolution-of-the-technosphere": 0.5250710474066387,
    "stranging-the-anthropocene-refraction": 0.5248092132750366,
    "one-place-many-names": 0.5245403822612101,
    "systems-analysis-and-modeling": 0.5242918397190142,
    "meskonsing-indian-lake-convergence-1": 0.5235368352547461,
    "sever-pre-emptive-strategy-for-an-open-arctic": 0.5234159816951247,
    "mikado-sol-2014": 0.5232920909382823,
    "open-seminars": 0.5231852140272333,
    "somewhere-somehow-a-co-evolution-story": 0.5231092344411216,
    "tactics-for-quotidian-anthropocenes": 0.5226087803659637,
    "the-terrain-of-the-former-veb-elektrokohle-lichtenberg": 0.5224564305820516,
    "seminar-modelling-wicked-problems": 0.5221872119139485,
    "midway-meeting-st-louis": 0.5218414092396952,
    "prologue-the-fence-concept": 0.5218132896360655,
    "producing-the-anthropocene-producing-the-future": 0.5217348965144414,
    "the-stories-we-tell-the-images-we-take": 0.521254705441934,
    "seminar-report-slow-media": 0.5211584379525479,
    "mobile-hedges": 0.5201243747564801,
    "the-floating-ear": 0.519484850492449,
    "seminar-film-un-bounded-engineering-and-evolutionary-stability": 0.5189269872133285,
    "seminar-filtering-the-anthropocene": 0.5185925973143041,
    "seminar-clashing-temporalities": 0.5180373291438314,
    "nordic-fauna-seen-in-nature": 0.5175879792818656,
    "performing-the-anthropocene": 0.5173145144913773,
    "timeslips": 0.5171434357610292,
    "rogue-elements-of-the-upper-mississippi": 0.5163426144390952,
    "twin-cities-artist-residency-mississippi-an-anthropocene-story": 0.5161747070181061,
    "the-anthropocene-and-our-post-natural-future-2": 0.5160987079050857,
    "seminar-communicating": 0.5140113914540079,
    "seminar-imaging-the-anthropocene": 0.5134425377646213,
    "the-rights-of-nature": 0.5132160740898953,
    "seminar-sensing-the-insensible": 0.5128016388355424,
    "seminar-algorithmic-intermediation-and-smartness": 0.5126579934491724,
    "sharing-surveillance-data": 0.5121577205960212,
    "pockets-reflections-on-the-anthropocene-campus-melbourne": 0.5116162823305124,
    "seminar-governing-the-technosphere": 0.510685279828046,
    "the-anthropocene-in-light-of-biological-feedback": 0.510331300281748,
    "time-out-of-mind": 0.5100580356839608,
    "st-louis-anthropocene-field-campus": 0.5098713048624507,
    "seminar-romancing-the-anthropocene": 0.5097992260916341,
    "tactics-for-quotidian-anthropocenes-2": 0.5087477316827487,
    "seminar-sensing": 0.508702272346358,
    "voice-and-representation": 0.5074357784865986,