{
    "seminar-anthropogenic-landscapes": 0.9696028107499531,
    "the-shape-of-a-practice": 0.9651435210331937,
    "seminar-valuing-nature": 0.9646950042727359,
    "seminar-report-filtering-the-anthropocene": 0.9646424296500424,
    "lost-voices": 0.964260215647278,
    "parallax-lisboa": 0.9627106963280844,
    "seminar-imaging-the-anthropocene": 0.9619574451908453,
    "seminar-co-evolutionary-perspectives": 0.9614878465382739,
    "seminar-report-anthropogenic-landscapes": 0.9612840791898071,
    "seminar-sensing": 0.9611269262672595,
    "seminar-co-evolution-of-the-technosphere": 0.9608371847500399,
    "seminar-filtering-the-anthropocene": 0.9605446236852102,
    "one-world-solid-and-cracked": 0.9602118646100273,
    "stranging-the-anthropocene-refraction": 0.9600254240218596,
    "navigating-the-anthropocene-river": 0.9599039254793958,
    "risk-equity-in-the-louisiana-anthropocene": 0.9592251937305962,
    "producing-the-anthropocene-producing-the-future": 0.9589755531420664,
    "seminar-reflection-2": 0.9588975221393355,
    "seminar-modelling-wicked-problems": 0.9587686278285988,
    "voice-and-representation": 0.9583503260799866,
    "the-floating-ear": 0.9582301613906495,
    "writing-global-histories-in-the-anthropocene": 0.958070197279505,
    "state-of-nature-in-india": 0.9575512652383691,
    "seminar-communicating": 0.957011300015212,
    "on-consuming-slow-media": 0.9568577260136892,
    "seminar-report-slow-media": 0.9565627476263769,
    "mapping-an-exercise-in-cartography": 0.9564678243021959,
    "the-anthropocene-and-our-post-natural-future-2": 0.9561629278011853,
    "seminar-disciplinarities": 0.956149668622311,
    "time-and-time-again": 0.9555535452756698,
    "meskonsing-kansan-an-introduction": 0.9549791142596711,
    "shadowing-the-anthropocene": 0.9549412814600972,
    "times-before-and-after": 0.9545758031867134,
    "seminar-reflections-algorithmic-intermediation-and-smartness": 0.9544222172785843,
    "seminar-consensus-building": 0.9543442537656227,
    "monsanto-town": 0.9540798913719053,
    "seminar-exhaustion-and-imagination": 0.9540616453240386,
    "too-little-water-the-lake-chad-story": 0.9531537609728815,
    "measuring-loss": 0.9523839741496782,
    "tactics-for-quotidian-anthropocenes": 0.9520777726229422,
    "social-witnessing": 0.9519731875312606,
    "terraforming": 0.951828449112334,
    "the-stories-we-tell-the-images-we-take": 0.9517296913136846,
    "river-memory": 0.9516568848404655,
    "taking-nature-into-account-historical-perspectives-and-paradoxes": 0.951044433560517,
    "ny-alesund-svalbard-norway": 0.9509648028543471,
    "place-and-space": 0.9507797996602272,
    "resisting-the-oblivion-of-eco-colonialism": 0.9506914172134876,
    "slow-disaster": 0.9506700431595506,
    "wicked-problems-and-mental-models": 0.9504453651041285,
    "the-anthropocene-in-light-of-biological-feedback": 0.950319261359311,
    "seminar-archiving": 0.9503031706680884,
    "planting-a-seed-is-revolutionary-act": 0.9499210583632629,
    "seminar-report-geo-politics": 0.9499206442420614,
    "seminar-clashing-temporalities": 0.9497710440719264,
    "state-of-nature-some-philosophical-issues": 0.9495222990592171,
    "meeker-dam": 0.9493127092328516,
    "pockets-reflections-on-the-anthropocene-campus-melbourne": 0.9492238439635029,
    "temporary-continent": 0.949198274853315,
    "the-hyphen": 0.9490612331070502,
    "seminar-slow-media": 0.9489589143382835,
    "walk-about-it": 0.9489403578330359,
    "the-confluence-area": 0.9489205286866021,
    "telling-time-through-lagoons-of-human-waste-at-the-western-treatment-plant": 0.9485453221160776,
    "systems-analysis-and-modeling": 0.9483411045004975,
    "the-aerocene-campus": 0.9480769059769674,
    "seminar-sensing-the-insensible": 0.9480384440860861,
    "technosphere-co-evolution-a-seminal-seminar-conversation": 0.9472322333858281,
    "outrunning-the-anthropocene": 0.9471231808684584,
    "reshaping-the-shape-embodiment-ecology-and-culture-of-a-postnatural-carp": 0.9470711065811968,
    "performing-the-anthropocene": 0.9470093363724018,
    "plastic-and-surrogacy": 0.9466343807437201,
    "louisiana-a-planetary-reactor": 0.9461246197198132,
    "the-american-bottom": 0.9460827976253298,
    "orbital-geopolitics": 0.9458645899946806,
    "significant-and-insignificant-mounds": 0.9456009766020625,
    "the-mississippi-basin-an-operational-landscape": 0.9455582656145733,
    "patagonia": 0.9453005260346766,
    "touring-the-anthropocenery-whos-in-charge-here-2014": 0.9450149854122922,
    "river-semester-project": 0.9445830152372936,
    "mississippi": 0.9445734718920962,
    "sounding-landscapes": 0.944557027397132,
    "seminar-risk-equity": 0.9444717892273101,
    "project-launch-minneapolis": 0.9441528840615707,
    "somewhere-somehow-a-co-evolution-story": 0.9437649545399515,
    "seminar-governing-the-technosphere": 0.9437075355742977,
    "oysters-selective-pressures-and-antibiotic-resistance-in-the-mississippi-delta": 0.9435485162613398,
    "one-place-many-names": 0.9431074951782097,
    "twin-cities-artist-residency-mississippi-an-anthropocene-story": 0.9429756183045908,
    "natchez-etiologies-of-athropogenic-emergence": 0.9421054453645242,
    "seminar-commodity-flows": 0.9419590632315212,
    "the-free-sea": 0.9419338945821555,
    "meskonsing-indian-lake-convergence-1": 0.9418136316205229,
    "prologue-the-fence-concept": 0.9415143723040462,
    "shaped-by-rivers": 0.9411054531378379,
    "sacrifice-zones-and-portable-climate": 0.9407406113102271,
    "remnant-formations": 0.9406102887161952,
    "seminar-un-bounded-engineering-and-evolutionary-stability": 0.9404522789024085,
    "real-estate-river": 0.9404484208515137,
    "panel-talk-beween-patricia-piccinini-and-claudia-vickers": 0.9401675629253782,
    "the-terrain-of-the-former-veb-elektrokohle-lichtenberg": 0.9400090554342895,
    "on-the-recuperative-mismanagement-of-a-cosmopolitan-fish": 0.9399428615006392,
    "nordic-fauna-seen-in-nature": 0.939600752164603,
    "the-shape-of-a-practice-online-project-environment": 0.9393532497546855,
    "time-out-of-mind": 0.9393380938983467,
    "seminar-techno-metabolism": 0.9390661587585276,
    "seminar-algorithmic-intermediation-and-smartness": 0.9387200567404971,
    "the-four-dimensional-mississippi": 0.938107478409045,
    "this-is-not-about-survival-its-about-bringing-your-coracle": 0.9379130042980707,
    "the-shape-of-a-practice-seminars": 0.9379008578171184,
    "on-the-use-of-the-word-code-by-the-kogi-translator": 0.9364781980155548,
    "seminar-claims-property": 0.9357497564208573,
    "seminar-romancing-the-anthropocene": 0.9346296683844413,
    "uncalculated-risk": 0.9342863512532328,
    "tactics-for-quotidian-anthropocenes-2": 0.9340219640615868,
    "specifics-of-vulnerability": 0.9338650537529184,
    "of-forests-of-rivers-and-of-meals": 0.9336496513644401,
    "rogue-elements-of-the-upper-mississippi": 0.9336155577377127,
    "meskonsing-kansan": 0.9332766942477659,
    "timeslips": 0.9319353844332467,
    "nigeria-oil-pipes": 0.9317551434792123,
    "xaraasi-xanne-crossing-voices": 0.931532522747722,
    "plant-domestication-and-dispersal": 0.9311103069536266,
    "white-sands": 0.9305605622922362,
    "the-hedge": 0.9295176303840909,
    "tree-x-office": 0.9291448151743639,
    "mobile-hedges": 0.929005311824298,
    "new-orleans-anthropocene-field-campus": 0.9289766991882472,
    "river-semester": 0.9281777566747292,
    "seminar-film-exhaustion-and-imagination": 0.9261279812940084,
    "understanding-the-north-american-lost-crops": 0.9254602540058846,
    "technosphere-magazine": 0.925231527508693,
    "re-patterning-with-kudzu": 0.9246827824463887,
    "significant-and-insignificant-mounds-2": 0.9239233471330872,
    "technostratigraphy-of-a-technological-object": 0.9228841864176149,
    "paddle-waves-and-sparkling-light": 0.9223537679936638,
    "lounging-through-the-flood": 0.9222740418694756,