{
    "writing-global-histories-in-the-anthropocene": 0.9475356393938318,
    "taking-nature-into-account-historical-perspectives-and-paradoxes": 0.9370828503016536,
    "seminar-disciplinarities": 0.9342098792915278,
    "seminar-imaging-the-anthropocene": 0.9324919124915204,
    "seminar-co-evolution-of-the-technosphere": 0.9301252000786343,
    "state-of-nature-some-philosophical-issues": 0.9299764046684491,
    "slow-disaster": 0.9284789201132962,
    "panel-talk-beween-patricia-piccinini-and-claudia-vickers": 0.9279434921436555,
    "parallax-lisboa": 0.9265610714798562,
    "seminar-report-filtering-the-anthropocene": 0.9264942701845561,
    "ny-alesund-svalbard-norway": 0.9262329559669612,
    "seminar-report-slow-media": 0.9254563952852678,
    "river-memory": 0.9253213279527139,
    "walk-about-it": 0.9251483461865189,
    "voice-and-representation": 0.9251209811129792,
    "stranging-the-anthropocene-refraction": 0.9247396392190441,
    "seminar-valuing-nature": 0.9246907613060737,
    "monsanto-town": 0.9241153840340455,
    "social-witnessing": 0.923954819895599,
    "seminar-anthropogenic-landscapes": 0.9221082166116171,
    "time-and-time-again": 0.9215256963436226,
    "the-shape-of-a-practice": 0.9211648238800387,
    "seminar-sensing-the-insensible": 0.9208012067559417,
    "natchez-etiologies-of-athropogenic-emergence": 0.920666276459305,
    "producing-the-anthropocene-producing-the-future": 0.9204299242603471,
    "seminar-filtering-the-anthropocene": 0.919835290160875,
    "seminar-romancing-the-anthropocene": 0.9195762984881211,
    "planting-a-seed-is-revolutionary-act": 0.9194324216817755,
    "seminar-reflection-2": 0.9187108143933933,
    "plant-domestication-and-dispersal": 0.9181555184105533,
    "seminar-report-anthropogenic-landscapes": 0.9180271772178449,
    "seminar-algorithmic-intermediation-and-smartness": 0.9179220881257497,
    "seminar-reflections-algorithmic-intermediation-and-smartness": 0.9178075362932169,
    "state-of-nature-in-india": 0.9176930398916716,
    "project-launch-minneapolis": 0.9161549399955848,
    "seminar-claims-property": 0.9159237413621308,
    "risk-equity-in-the-louisiana-anthropocene": 0.9157727725794317,
    "seminar-communicating": 0.9149941063628773,
    "the-stories-we-tell-the-images-we-take": 0.9149884929938403,
    "reshaping-the-shape-embodiment-ecology-and-culture-of-a-postnatural-carp": 0.9146264412497433,
    "shadowing-the-anthropocene": 0.9145204323865641,
    "seminar-sensing": 0.9143756927665605,
    "one-world-solid-and-cracked": 0.9141046744708307,
    "navigating-the-anthropocene-river": 0.9140774877615012,
    "seminar-co-evolutionary-perspectives": 0.9136529245768674,
    "seminar-consensus-building": 0.9132875883377372,
    "mississippi": 0.9132072884236758,
    "seminar-risk-equity": 0.9121412406668585,
    "on-consuming-slow-media": 0.9120993128489843,
    "the-american-bottom": 0.9119649841054023,
    "the-confluence-area": 0.9110466960104974,
    "real-estate-river": 0.9110364866764694,
    "seminar-modelling-wicked-problems": 0.9109899016568661,
    "plastic-and-surrogacy": 0.9106892851546055,
    "twin-cities-artist-residency-mississippi-an-anthropocene-story": 0.91025106003444,
    "seminar-exhaustion-and-imagination": 0.909479515840032,
    "the-floating-ear": 0.9093625991280857,
    "place-and-space": 0.9089862546823143,
    "on-the-recuperative-mismanagement-of-a-cosmopolitan-fish": 0.9078289878344444,
    "tactics-for-quotidian-anthropocenes": 0.9071881716720905,
    "re-patterning-with-kudzu": 0.9069914666624972,
    "performing-the-anthropocene": 0.9062923938818864,
    "sounding-landscapes": 0.9062803625186914,
    "the-hyphen": 0.9062514379422562,
    "mapping-an-exercise-in-cartography": 0.9057036556699202,
    "times-before-and-after": 0.905591234773766,
    "measuring-loss": 0.9054913541123917,
    "river-semester-project": 0.9051267584109152,
    "significant-and-insignificant-mounds": 0.9047371723735221,
    "seminar-governing-the-technosphere": 0.9044227424055565,
    "the-shape-of-a-practice-online-project-environment": 0.9038132236711497,
    "tactics-for-quotidian-anthropocenes-2": 0.9033096346500503,
    "pockets-reflections-on-the-anthropocene-campus-melbourne": 0.9032608127107786,
    "too-little-water-the-lake-chad-story": 0.9027591361483037,
    "the-aerocene-campus": 0.902467537284551,
    "the-anthropocene-and-our-post-natural-future-2": 0.9024136456465196,
    "seminar-archiving": 0.9023095398997426,
    "seminar-film-exhaustion-and-imagination": 0.9015158463272179,
    "seminar-report-geo-politics": 0.9013148289864995,
    "seminar-slow-media": 0.9001614285002075,
    "shaped-by-rivers": 0.8999411213288411,
    "meskonsing-kansan-an-introduction": 0.8994761263386701,
    "resisting-the-oblivion-of-eco-colonialism": 0.8991697911294261,
    "wicked-problems-and-mental-models": 0.8984596698578499,
    "seminar-techno-metabolism": 0.8980995664581856,
    "new-orleans-anthropocene-field-campus": 0.8978567178828577,
    "xaraasi-xanne-crossing-voices": 0.8977673727160352,
    "telling-time-through-lagoons-of-human-waste-at-the-western-treatment-plant": 0.8977335095919645,
    "temporary-continent": 0.8973530022476395,
    "somewhere-somehow-a-co-evolution-story": 0.8971922432171064,
    "meeker-dam": 0.896910450595941,
    "the-maledives-case": 0.896352341386351,
    "the-free-sea": 0.8960597902080804,
    "the-mississippi-basin-an-operational-landscape": 0.8959762474883299,
    "meskonsing-indian-lake-convergence-1": 0.8958958224769825,
    "significant-and-insignificant-mounds-2": 0.8958531299108144,
    "seminar-un-bounded-engineering-and-evolutionary-stability": 0.8956372931681428,
    "patagonia": 0.8956171265677348,
    "the-shape-of-a-practice-seminars": 0.8951004740178626,
    "the-terrain-of-the-former-veb-elektrokohle-lichtenberg": 0.8950290996073433,
    "remnant-formations": 0.8949120212773222,
    "terraforming": 0.8948934986298553,
    "touring-the-anthropocenery-whos-in-charge-here-2014": 0.8946964780161473,
    "systems-analysis-and-modeling": 0.8939862254128548,
    "on-the-use-of-the-word-code-by-the-kogi-translator": 0.8939595617908449,
    "seminar-clashing-temporalities": 0.8935513945463671,
    "nordic-fauna-seen-in-nature": 0.8932466443747773,
    "time-out-of-mind": 0.8930076865048777,
    "understanding-the-north-american-lost-crops": 0.8930056865333598,
    "timeslips": 0.8929162602514925,
    "outrunning-the-anthropocene": 0.8924954868924034,
    "orbital-geopolitics": 0.8924077338865579,
    "technosphere-co-evolution-a-seminal-seminar-conversation": 0.8920648857008946,
    "the-anthropocene-in-light-of-biological-feedback": 0.8917306049611176,
    "sacrifice-zones-and-portable-climate": 0.8911776241075069,
    "oysters-selective-pressures-and-antibiotic-resistance-in-the-mississippi-delta": 0.8908154466729705,
    "one-place-many-names": 0.8906044809855392,
    "seminar-commodity-flows": 0.8904295607019824,
    "seminar-film-clashing-temporalities": 0.8895420560945735,
    "uncalculated-risk": 0.8895371386767744,
    "river-semester": 0.8894774015139122,
    "this-is-not-about-survival-its-about-bringing-your-coracle": 0.8887234833604094,
    "the-great-green-desert": 0.8875372149199681,
    "the-four-dimensional-mississippi": 0.8868129192938142,
    "technosphere-magazine": 0.8864085154887271,
    "meskonsing-kansan": 0.8855837605488399,
    "typha-the-once-and-future-planty-companion": 0.8851340068890613,
    "white-sands": 0.8836916923995997,
    "open-seminars": 0.8827913381330426,
    "prologue-the-fence-concept": 0.8813927104315866,
    "the-vietnamese-community-in-eastern-new-orleans": 0.880779648292235,
    "seminar-film-commodity-flows": 0.8789633607272378,
    "mobile-hedges": 0.8786164019209944,
    "specifics-of-vulnerability": 0.878538118628611,
    "nigeria-oil-pipes": 0.8769795101115566,