{
    "the-floating-ear": 0.9924192650449828,
    "times-before-and-after": 0.989681099335879,
    "on-consuming-slow-media": 0.9893807408633217,
    "terraforming": 0.9892218300498081,
    "seminar-reflection-2": 0.988776018409548,
    "seminar-reflections-algorithmic-intermediation-and-smartness": 0.9875661895811151,
    "the-hyphen": 0.9869990163714382,
    "one-world-solid-and-cracked": 0.9865762789309668,
    "stranging-the-anthropocene-refraction": 0.9860419328958283,
    "wicked-problems-and-mental-models": 0.9857092439000763,
    "the-anthropocene-in-light-of-biological-feedback": 0.9855768317649813,
    "seminar-report-anthropogenic-landscapes": 0.9855138788386947,
    "seminar-report-slow-media": 0.9849086763167205,
    "seminar-sensing": 0.9848139033999106,
    "producing-the-anthropocene-producing-the-future": 0.9847274766669093,
    "seminar-imaging-the-anthropocene": 0.9847064484772857,
    "technosphere-co-evolution-a-seminal-seminar-conversation": 0.983229571645148,
    "seminar-modelling-wicked-problems": 0.98191679273257,
    "the-shape-of-a-practice": 0.9817006839477568,
    "seminar-report-geo-politics": 0.9814855456831542,
    "seminar-co-evolution-of-the-technosphere": 0.9814787255689895,
    "pockets-reflections-on-the-anthropocene-campus-melbourne": 0.9813265162387615,
    "systems-analysis-and-modeling": 0.9806862423179403,
    "seminar-communicating": 0.9805704217803501,
    "voice-and-representation": 0.9803585340463469,
    "the-aerocene-campus": 0.9800719396721924,
    "seminar-valuing-nature": 0.9800183449316782,
    "risk-equity-in-the-louisiana-anthropocene": 0.9797912841338736,
    "navigating-the-anthropocene-river": 0.9795427614209236,
    "time-and-time-again": 0.9795242879356252,
    "the-free-sea": 0.9787715567676091,
    "on-the-use-of-the-word-code-by-the-kogi-translator": 0.9785324216811664,
    "performing-the-anthropocene": 0.9784259496286828,
    "shadowing-the-anthropocene": 0.9780499139007459,
    "seminar-report-filtering-the-anthropocene": 0.9779802340453444,
    "seminar-consensus-building": 0.9771615672105435,
    "seminar-archiving": 0.9763659357578394,
    "nordic-fauna-seen-in-nature": 0.9759646419495422,
    "somewhere-somehow-a-co-evolution-story": 0.9752848418018996,
    "tactics-for-quotidian-anthropocenes": 0.9749549927085274,
    "seminar-slow-media": 0.9746236908289784,
    "the-terrain-of-the-former-veb-elektrokohle-lichtenberg": 0.9746106399434346,
    "seminar-exhaustion-and-imagination": 0.9745292842066247,
    "orbital-geopolitics": 0.9744879723260557,
    "state-of-nature-in-india": 0.9741198455261986,
    "touring-the-anthropocenery-whos-in-charge-here-2014": 0.9739886322467515,
    "measuring-loss": 0.9736961302067193,
    "meeker-dam": 0.9733609396155454,
    "seminar-co-evolutionary-perspectives": 0.9732851265866214,
    "resisting-the-oblivion-of-eco-colonialism": 0.9727940923286801,
    "parallax-lisboa": 0.9727173924105654,
    "telling-time-through-lagoons-of-human-waste-at-the-western-treatment-plant": 0.9718453405654487,
    "meskonsing-kansan-an-introduction": 0.9717014972700124,
    "seminar-governing-the-technosphere": 0.9711820149110567,
    "one-place-many-names": 0.970884945187892,
    "walk-about-it": 0.9708283753947741,
    "sounding-landscapes": 0.9703709478391835,
    "planting-a-seed-is-revolutionary-act": 0.970228943954464,
    "specifics-of-vulnerability": 0.9701209647472029,
    "seminar-algorithmic-intermediation-and-smartness": 0.9699494642406497,
    "seminar-disciplinarities": 0.9696568889930781,
    "place-and-space": 0.9695672927463859,
    "outrunning-the-anthropocene": 0.9693429154256247,
    "the-anthropocene-and-our-post-natural-future-2": 0.9691583558201627,
    "technostratigraphy-of-a-technological-object": 0.9688309082868831,
    "time-out-of-mind": 0.9687354543415002,
    "seminar-anthropogenic-landscapes": 0.9683448577620942,
    "plastic-and-surrogacy": 0.9677564711503583,
    "remnant-formations": 0.9671930650284416,
    "seminar-filtering-the-anthropocene": 0.9668958615871708,
    "seminar-sensing-the-insensible": 0.966676604446571,
    "social-witnessing": 0.9666024286836341,
    "meskonsing-indian-lake-convergence-1": 0.9662182527309033,
    "patagonia": 0.9661819108556228,
    "the-stories-we-tell-the-images-we-take": 0.9658647532972974,
    "monsanto-town": 0.9655755803517274,
    "prologue-the-fence-concept": 0.9651198696157829,
    "ny-alesund-svalbard-norway": 0.9648747009469145,
    "mobile-hedges": 0.9645658723873031,
    "the-shape-of-a-practice-online-project-environment": 0.9641685780572297,
    "the-mississippi-basin-an-operational-landscape": 0.9627321978700174,
    "the-confluence-area": 0.9623730795855486,
    "uncalculated-risk": 0.962201885740268,
    "tree-x-office": 0.9620701957232775,
    "real-estate-river": 0.961957306680069,
    "seminar-clashing-temporalities": 0.9619186577064092,
    "state-of-nature-some-philosophical-issues": 0.9613750931041728,
    "of-forests-of-rivers-and-of-meals": 0.9613658654674572,
    "rogue-elements-of-the-upper-mississippi": 0.9613388822108748,
    "sacrifice-zones-and-portable-climate": 0.9610385721117912,
    "too-little-water-the-lake-chad-story": 0.9605819034468522,
    "oysters-selective-pressures-and-antibiotic-resistance-in-the-mississippi-delta": 0.9604683652180251,
    "twin-cities-artist-residency-mississippi-an-anthropocene-story": 0.9602552194810613,
    "timeslips": 0.9598935092884223,
    "the-four-dimensional-mississippi": 0.9592175552484198,
    "seminar-romancing-the-anthropocene": 0.9585500762982995,
    "seminar-techno-metabolism": 0.957877271987527,
    "white-sands": 0.9578375100870657,
    "the-american-bottom": 0.957834126123741,
    "significant-and-insignificant-mounds": 0.9570695028323238,
    "the-shape-of-a-practice-seminars": 0.9570649486853063,
    "project-launch-minneapolis": 0.9567509574826412,
    "writing-global-histories-in-the-anthropocene": 0.9565891005020895,
    "natchez-etiologies-of-athropogenic-emergence": 0.9560468825670048,
    "on-the-recuperative-mismanagement-of-a-cosmopolitan-fish": 0.956010752689808,
    "river-memory": 0.955899682769295,
    "reshaping-the-shape-embodiment-ecology-and-culture-of-a-postnatural-carp": 0.9538925248547129,
    "the-hedge": 0.9538396594120127,
    "xaraasi-xanne-crossing-voices": 0.9533469259671471,
    "tactics-for-quotidian-anthropocenes-2": 0.9532111266968224,
    "paddle-waves-and-sparkling-light": 0.9528510275496055,
    "peter-schlemihl-exploring-anthropocenic-landscapes": 0.9518980421087652,
    "this-is-not-about-survival-its-about-bringing-your-coracle": 0.951173511459164,
    "seminar-commodity-flows": 0.9509881064278594,
    "nigeria-oil-pipes": 0.9508393362793931,
    "temporary-continent": 0.9498073604352604,
    "taking-nature-into-account-historical-perspectives-and-paradoxes": 0.9493298510983715,
    "river-semester-project": 0.9474627730419626,
    "mikado-sol-2014": 0.9463824860483452,
    "the-danish-text": 0.9463502113430051,
    "the-anthropogenic-influence-onto-the-air-quality-along-the-mississippi-river-findings": 0.9429526268572477,
    "the-vietnamese-community-in-eastern-new-orleans": 0.9427639975770575,
    "praying-for-the-water-with-saundi-mcclain-kloeckner": 0.9426458503242688,
    "technosphere-magazine": 0.9418631010909425,
    "re-patterning-with-kudzu": 0.9416778882939789,
    "seminar-film-exhaustion-and-imagination": 0.9412343173664582,
    "mississippi": 0.9411592770423928,
    "panel-talk-beween-patricia-piccinini-and-claudia-vickers": 0.9404307038713652,
    "slow-disaster": 0.9391720795341967,
    "the-maledives-case": 0.9389912146261272,
    "us-southwest": 0.9375527029847724,
    "plant-domestication-and-dispersal": 0.9366118503855393,
    "seminar-risk-equity": 0.9358443296402376,
    "seminar-claims-property": 0.9353886700890445,
    "understanding-the-north-american-lost-crops": 0.9351551412566602,