{
    "one-place-many-names": 0.9932833262522891,
    "navigating-the-anthropocene-river": 0.9916773029333076,
    "meskonsing-indian-lake-convergence-1": 0.991537076495011,
    "resisting-the-oblivion-of-eco-colonialism": 0.9904141135480367,
    "planting-a-seed-is-revolutionary-act": 0.9904058513875503,
    "risk-equity-in-the-louisiana-anthropocene": 0.9892325014506459,
    "telling-time-through-lagoons-of-human-waste-at-the-western-treatment-plant": 0.9890531578562343,
    "time-out-of-mind": 0.9883832927559815,
    "the-free-sea": 0.9883736917878424,
    "outrunning-the-anthropocene": 0.988145522435774,
    "rogue-elements-of-the-upper-mississippi": 0.9875893241740792,
    "on-the-use-of-the-word-code-by-the-kogi-translator": 0.9875108313286433,
    "the-terrain-of-the-former-veb-elektrokohle-lichtenberg": 0.9866195611383171,
    "sounding-landscapes": 0.9862891734972454,
    "performing-the-anthropocene": 0.9862659221746993,
    "meskonsing-kansan-an-introduction": 0.9861477524107275,
    "uncalculated-risk": 0.9850739644386964,
    "one-world-solid-and-cracked": 0.985057912761428,
    "pockets-reflections-on-the-anthropocene-campus-melbourne": 0.9845457490797662,
    "somewhere-somehow-a-co-evolution-story": 0.9845445131909585,
    "timeslips": 0.9842156247597972,
    "patagonia": 0.9839312521505292,
    "real-estate-river": 0.9837791528419743,
    "sacrifice-zones-and-portable-climate": 0.9835006345696837,
    "seminar-report-geo-politics": 0.9833369258611978,
    "technosphere-co-evolution-a-seminal-seminar-conversation": 0.982926784350901,
    "nordic-fauna-seen-in-nature": 0.9825393541401709,
    "white-sands": 0.982113029079207,
    "producing-the-anthropocene-producing-the-future": 0.9820092953265505,
    "remnant-formations": 0.9815298905086021,
    "the-four-dimensional-mississippi": 0.9811714597106559,
    "seminar-report-filtering-the-anthropocene": 0.979985896470031,
    "tree-x-office": 0.9798573846827757,
    "stranging-the-anthropocene-refraction": 0.9794113341057187,
    "shadowing-the-anthropocene": 0.9785179668938983,
    "times-before-and-after": 0.9784557098190997,
    "specifics-of-vulnerability": 0.978274829170287,
    "the-aerocene-campus": 0.9779606003401188,
    "touring-the-anthropocenery-whos-in-charge-here-2014": 0.9775233505705349,
    "tactics-for-quotidian-anthropocenes": 0.9769722705190544,
    "seminar-report-anthropogenic-landscapes": 0.9768169115641767,
    "of-forests-of-rivers-and-of-meals": 0.9756008012368259,
    "wicked-problems-and-mental-models": 0.9754571726057767,
    "time-and-time-again": 0.9750006548831632,
    "significant-and-insignificant-mounds": 0.9749699504605541,
    "the-hyphen": 0.9749478981856461,
    "nigeria-oil-pipes": 0.9747575412923707,
    "this-is-not-about-survival-its-about-bringing-your-coracle": 0.9747362605864749,
    "prologue-the-fence-concept": 0.9746812778704235,
    "seminar-reflections-algorithmic-intermediation-and-smartness": 0.973850768591283,
    "the-vietnamese-community-in-eastern-new-orleans": 0.9737115144854588,
    "the-floating-ear": 0.9730764534492723,
    "orbital-geopolitics": 0.9730129086000635,
    "seminar-imaging-the-anthropocene": 0.9722463307826847,
    "seminar-report-slow-media": 0.9722442078266378,
    "ny-alesund-svalbard-norway": 0.9721135028066743,
    "seminar-reflection-2": 0.9720976083294001,
    "praying-for-the-water-with-saundi-mcclain-kloeckner": 0.9718883203654606,
    "technostratigraphy-of-a-technological-object": 0.9715535394692959,
    "the-anthropocene-in-light-of-biological-feedback": 0.9711968761005473,
    "walk-about-it": 0.9704701322866016,
    "too-little-water-the-lake-chad-story": 0.9703129558180944,
    "natchez-etiologies-of-athropogenic-emergence": 0.9701947383761225,
    "mobile-hedges": 0.9695499009354799,
    "seminar-exhaustion-and-imagination": 0.9690719418133565,
    "the-shape-of-a-practice": 0.9690241328482162,
    "social-witnessing": 0.9685782176988266,
    "the-stories-we-tell-the-images-we-take": 0.967867070573014,
    "us-southwest": 0.967302408565239,
    "seminar-modelling-wicked-problems": 0.9672758401032007,
    "the-mississippi-basin-an-operational-landscape": 0.9672689904028486,
    "peter-schlemihl-exploring-anthropocenic-landscapes": 0.9672148498627068,
    "seminar-valuing-nature": 0.9671463391529547,
    "on-the-recuperative-mismanagement-of-a-cosmopolitan-fish": 0.9670547582943078,
    "seminar-anthropogenic-landscapes": 0.9669583455536434,
    "terraforming": 0.9668504250679609,
    "seminar-clashing-temporalities": 0.9668031387971516,
    "on-consuming-slow-media": 0.9665263014113477,
    "river-memory": 0.9663314238908135,
    "the-confluence-area": 0.9662623181982839,
    "seminar-co-evolution-of-the-technosphere": 0.9657464052051,
    "seminar-co-evolutionary-perspectives": 0.9652922567643738,
    "seminar-communicating": 0.9651314793466987,
    "state-of-nature-in-india": 0.9650256834342628,
    "seminar-governing-the-technosphere": 0.9646974065237958,
    "oysters-selective-pressures-and-antibiotic-resistance-in-the-mississippi-delta": 0.96408237667,
    "seminar-sensing": 0.9637286250979265,
    "monsanto-town": 0.9636556872288125,
    "the-american-bottom": 0.963631717345348,
    "re-patterning-with-kudzu": 0.9632038293979294,
    "voice-and-representation": 0.9616504877278459,
    "seminar-slow-media": 0.9607754050758179,
    "seminar-archiving": 0.9604062075213131,
    "the-maledives-case": 0.959910330913415,
    "seminar-consensus-building": 0.9597414997975824,
    "the-danish-text": 0.9597205132334601,
    "paddle-waves-and-sparkling-light": 0.9591814068129124,
    "understanding-the-north-american-lost-crops": 0.9583875265847076,
    "plastic-and-surrogacy": 0.9580805931183246,
    "the-anthropocene-and-our-post-natural-future-2": 0.957989935208986,
    "the-hedge": 0.9571256629708502,
    "xaraasi-xanne-crossing-voices": 0.9571185797750181,
    "seminar-claims-property": 0.9556002788134937,
    "systems-analysis-and-modeling": 0.955263242485359,
    "state-of-nature-some-philosophical-issues": 0.954438781308613,
    "mississippi": 0.9543090106555339,
    "seminar-sensing-the-insensible": 0.9539158043109937,
    "parallax-lisboa": 0.9537558334289119,
    "meskonsing-kansan": 0.953277046635713,
    "reshaping-the-shape-embodiment-ecology-and-culture-of-a-postnatural-carp": 0.9532681183882282,
    "significant-and-insignificant-mounds-2": 0.951843795221001,
    "temporary-continent": 0.9517810860151393,
    "seminar-filtering-the-anthropocene": 0.9517021235475805,
    "river-semester-project": 0.9516910517106231,
    "place-and-space": 0.951362392568487,
    "writing-global-histories-in-the-anthropocene": 0.9512158191253028,
    "mikado-sol-2014": 0.9510370001656753,
    "plant-domestication-and-dispersal": 0.9491195302042139,
    "seminar-algorithmic-intermediation-and-smartness": 0.9490057674016378,
    "seminar-commodity-flows": 0.9489508357171936,
    "seminar-disciplinarities": 0.9488597205504902,
    "twin-cities-artist-residency-mississippi-an-anthropocene-story": 0.9488337718388447,
    "the-great-green-desert": 0.9483116791379342,
    "project-launch-minneapolis": 0.9482061827170848,
    "typha-the-once-and-future-planty-companion": 0.9449313985220515,
    "seminar-techno-metabolism": 0.9444589832362512,
    "taking-nature-into-account-historical-perspectives-and-paradoxes": 0.9416313661362622,
    "river-semester": 0.9399765732197473,
    "seminar-romancing-the-anthropocene": 0.9398653159082357,
    "shaped-by-rivers": 0.9382528904591237,
    "the-shape-of-a-practice-online-project-environment": 0.9380384435634381,
    "tactics-for-quotidian-anthropocenes-2": 0.9380116482389405,
    "the-anthropogenic-influence-onto-the-air-quality-along-the-mississippi-river-findings": 0.9369159284538978,
    "transect-walk-cahokia-mounds-to-fairmont-city": 0.9358538964935823,
    "seminar-un-bounded-engineering-and-evolutionary-stability": 0.934430942547533,