{
    "one-place-many-names": 0.9943436341784037,
    "meskonsing-kansan-an-introduction": 0.9902466086436879,
    "planting-a-seed-is-revolutionary-act": 0.9893575035537463,
    "navigating-the-anthropocene-river": 0.9882472292780918,
    "telling-time-through-lagoons-of-human-waste-at-the-western-treatment-plant": 0.986321553753212,
    "risk-equity-in-the-louisiana-anthropocene": 0.9862543601306346,
    "patagonia": 0.986108309236022,
    "time-out-of-mind": 0.9859113359336257,
    "rogue-elements-of-the-upper-mississippi": 0.985841206803698,
    "white-sands": 0.9851435414011782,
    "sacrifice-zones-and-portable-climate": 0.9849610031067514,
    "outrunning-the-anthropocene": 0.983840438371756,
    "performing-the-anthropocene": 0.9832846309058111,
    "resisting-the-oblivion-of-eco-colonialism": 0.9828503454678978,
    "the-terrain-of-the-former-veb-elektrokohle-lichtenberg": 0.9827581789587597,
    "on-the-use-of-the-word-code-by-the-kogi-translator": 0.9822561724752031,
    "sounding-landscapes": 0.9821459248630965,
    "the-vietnamese-community-in-eastern-new-orleans": 0.9820726751340185,
    "nordic-fauna-seen-in-nature": 0.981883899476962,
    "the-free-sea": 0.9817935590572323,
    "real-estate-river": 0.9817490332952286,
    "one-world-solid-and-cracked": 0.9808426890693663,
    "pockets-reflections-on-the-anthropocene-campus-melbourne": 0.9802019675190673,
    "timeslips": 0.9801105278198649,
    "us-southwest": 0.9786268251499379,
    "the-aerocene-campus": 0.9785188964275531,
    "somewhere-somehow-a-co-evolution-story": 0.9782314656367536,
    "the-four-dimensional-mississippi": 0.978095389324718,
    "uncalculated-risk": 0.9775705071050029,
    "seminar-report-geo-politics": 0.9772410580036229,
    "remnant-formations": 0.9769684113617335,
    "this-is-not-about-survival-its-about-bringing-your-coracle": 0.9769051412717039,
    "nigeria-oil-pipes": 0.9763388409017691,
    "tactics-for-quotidian-anthropocenes": 0.9761261567205062,
    "stranging-the-anthropocene-refraction": 0.9760555168352654,
    "touring-the-anthropocenery-whos-in-charge-here-2014": 0.9758311189045967,
    "shadowing-the-anthropocene": 0.9755751225818297,
    "tree-x-office": 0.9753804432119476,
    "time-and-time-again": 0.9745196038522592,
    "seminar-report-filtering-the-anthropocene": 0.9744910441105813,
    "significant-and-insignificant-mounds": 0.9743846846728076,
    "producing-the-anthropocene-producing-the-future": 0.9741178525640344,
    "orbital-geopolitics": 0.9735241449863324,
    "natchez-etiologies-of-athropogenic-emergence": 0.9734559867977699,
    "on-the-recuperative-mismanagement-of-a-cosmopolitan-fish": 0.973369106288529,
    "seminar-report-anthropogenic-landscapes": 0.9727113632453155,
    "of-forests-of-rivers-and-of-meals": 0.972435476794974,
    "technosphere-co-evolution-a-seminal-seminar-conversation": 0.9723098296574098,
    "prologue-the-fence-concept": 0.9719119413629663,
    "seminar-report-slow-media": 0.9718081797155491,
    "ny-alesund-svalbard-norway": 0.9710728290629972,
    "the-stories-we-tell-the-images-we-take": 0.9708680559812904,
    "social-witnessing": 0.969920876226768,
    "times-before-and-after": 0.9698312486686581,
    "specifics-of-vulnerability": 0.9691910886871893,
    "re-patterning-with-kudzu": 0.9688508069524331,
    "walk-about-it": 0.9685767988716542,
    "seminar-imaging-the-anthropocene": 0.9685528230452509,
    "the-hyphen": 0.9684402455916539,
    "praying-for-the-water-with-saundi-mcclain-kloeckner": 0.9682623304234504,
    "the-american-bottom": 0.9682278773907966,
    "mobile-hedges": 0.967503072318867,
    "seminar-clashing-temporalities": 0.967308108255967,
    "paddle-waves-and-sparkling-light": 0.9669291407373862,
    "too-little-water-the-lake-chad-story": 0.9666603853217692,
    "river-memory": 0.9666055438959021,
    "the-confluence-area": 0.9665391252725304,
    "technostratigraphy-of-a-technological-object": 0.9661735140875014,
    "seminar-reflections-algorithmic-intermediation-and-smartness": 0.965202673619852,
    "wicked-problems-and-mental-models": 0.9651666529402256,
    "seminar-reflection-2": 0.9650883273617509,
    "the-anthropocene-in-light-of-biological-feedback": 0.9649060538127341,
    "the-floating-ear": 0.9641979079230104,
    "the-danish-text": 0.9640385392743267,
    "peter-schlemihl-exploring-anthropocenic-landscapes": 0.9634602669121072,
    "xaraasi-xanne-crossing-voices": 0.9633818961065563,
    "the-shape-of-a-practice": 0.9632085228089967,
    "seminar-anthropogenic-landscapes": 0.9629050966470686,
    "terraforming": 0.9623984179574118,
    "meskonsing-kansan": 0.9618064819893074,
    "seminar-co-evolution-of-the-technosphere": 0.9609359073902812,
    "oysters-selective-pressures-and-antibiotic-resistance-in-the-mississippi-delta": 0.9605848914759253,
    "monsanto-town": 0.9604958452510113,
    "understanding-the-north-american-lost-crops": 0.9599870173629341,
    "the-mississippi-basin-an-operational-landscape": 0.9598867135333624,
    "seminar-co-evolutionary-perspectives": 0.9593293649582001,
    "seminar-communicating": 0.9592294714924906,
    "the-maledives-case": 0.9588458636335386,
    "seminar-valuing-nature": 0.9583071584832701,
    "mississippi": 0.9579554653673442,
    "mikado-sol-2014": 0.957672306771455,
    "seminar-modelling-wicked-problems": 0.9574200409924875,
    "significant-and-insignificant-mounds-2": 0.957335889571029,
    "the-anthropocene-and-our-post-natural-future-2": 0.957312972135591,
    "the-great-green-desert": 0.9572916485248634,
    "on-consuming-slow-media": 0.9569061601122548,
    "seminar-archiving": 0.9568645053581507,
    "state-of-nature-in-india": 0.9568471185070339,
    "seminar-governing-the-technosphere": 0.9563481689615347,
    "seminar-sensing": 0.9560560566637907,
    "seminar-slow-media": 0.955427599514074,
    "seminar-exhaustion-and-imagination": 0.955320933387552,
    "voice-and-representation": 0.9546181498382529,
    "river-semester-project": 0.9537536882894245,
    "the-hedge": 0.9535156542309674,
    "seminar-claims-property": 0.9533867437372447,
    "plant-domestication-and-dispersal": 0.9519636095381722,
    "typha-the-once-and-future-planty-companion": 0.9513680543326871,
    "seminar-consensus-building": 0.9511649855558314,
    "plastic-and-surrogacy": 0.9508323220860759,
    "writing-global-histories-in-the-anthropocene": 0.9505720506498198,
    "temporary-continent": 0.9504030494241305,
    "place-and-space": 0.9496674237145845,
    "seminar-sensing-the-insensible": 0.9493428827318563,
    "reshaping-the-shape-embodiment-ecology-and-culture-of-a-postnatural-carp": 0.948783982386531,
    "state-of-nature-some-philosophical-issues": 0.9485212125686264,
    "twin-cities-artist-residency-mississippi-an-anthropocene-story": 0.9474342131767135,
    "seminar-filtering-the-anthropocene": 0.9463828789611347,
    "parallax-lisboa": 0.9462169644306984,
    "project-launch-minneapolis": 0.9455085588808585,
    "systems-analysis-and-modeling": 0.9450506737526763,
    "seminar-disciplinarities": 0.9441073864076905,
    "transect-walk-cahokia-mounds-to-fairmont-city": 0.9436015862059647,
    "seminar-commodity-flows": 0.9430991880185708,
    "river-semester": 0.9430856738838029,
    "seminar-romancing-the-anthropocene": 0.9425511516640106,
    "seminar-techno-metabolism": 0.9421106003728255,
    "seminar-algorithmic-intermediation-and-smartness": 0.941929339276117,
    "tactics-for-quotidian-anthropocenes-2": 0.9413458480441944,
    "taking-nature-into-account-historical-perspectives-and-paradoxes": 0.9393637407816795,
    "shaped-by-rivers": 0.9388459342718762,
    "midway-meeting-st-louis": 0.9387965369189284,
    "resonance-vegetale": 0.9343921831252698,
    "seminar-film-exhaustion-and-imagination": 0.9342650621216987,
    "panel-talk-beween-patricia-piccinini-and-claudia-vickers": 0.9327440153790649,