{
    "one-world-solid-and-cracked": 0.9849940854674312,
    "one-place-many-names": 0.9847208388842658,
    "navigating-the-anthropocene-river": 0.9834096179746822,
    "risk-equity-in-the-louisiana-anthropocene": 0.9824612594051418,
    "planting-a-seed-is-revolutionary-act": 0.9823313342402797,
    "patagonia": 0.9822478555878691,
    "stranging-the-anthropocene-refraction": 0.9813579624540296,
    "time-and-time-again": 0.9781856463192331,
    "telling-time-through-lagoons-of-human-waste-at-the-western-treatment-plant": 0.9777933032036715,
    "pockets-reflections-on-the-anthropocene-campus-melbourne": 0.977772389827171,
    "outrunning-the-anthropocene": 0.9775881920086285,
    "resisting-the-oblivion-of-eco-colonialism": 0.9769830625954812,
    "orbital-geopolitics": 0.9766611682354654,
    "nordic-fauna-seen-in-nature": 0.9754474177646346,
    "sacrifice-zones-and-portable-climate": 0.9754090984518068,
    "the-aerocene-campus": 0.9750589193829466,
    "prologue-the-fence-concept": 0.9744697501995869,
    "seminar-report-geo-politics": 0.9741699366324493,
    "performing-the-anthropocene": 0.9733502890772047,
    "shadowing-the-anthropocene": 0.9727971911220676,
    "real-estate-river": 0.9724219449970166,
    "significant-and-insignificant-mounds": 0.972354237008006,
    "tactics-for-quotidian-anthropocenes": 0.972219942293571,
    "sounding-landscapes": 0.9719955615470965,
    "us-southwest": 0.971972930400715,
    "time-out-of-mind": 0.9719475601353383,
    "seminar-report-anthropogenic-landscapes": 0.9717783187501168,
    "producing-the-anthropocene-producing-the-future": 0.9717405051910598,
    "the-free-sea": 0.9716160419935638,
    "the-vietnamese-community-in-eastern-new-orleans": 0.9715885647998482,
    "rogue-elements-of-the-upper-mississippi": 0.9714755300185547,
    "seminar-imaging-the-anthropocene": 0.9713097793560049,
    "the-hyphen": 0.9712585450837078,
    "on-the-use-of-the-word-code-by-the-kogi-translator": 0.9710987332142087,
    "natchez-etiologies-of-athropogenic-emergence": 0.9710938553337904,
    "the-stories-we-tell-the-images-we-take": 0.9710535140259542,
    "seminar-report-slow-media": 0.9709781312292519,
    "somewhere-somehow-a-co-evolution-story": 0.970973964349162,
    "the-american-bottom": 0.9708063331134333,
    "too-little-water-the-lake-chad-story": 0.9707001731584203,
    "seminar-report-filtering-the-anthropocene": 0.9706694532466814,
    "white-sands": 0.9705961827516026,
    "tree-x-office": 0.9705257329134034,
    "the-anthropocene-in-light-of-biological-feedback": 0.9703845839902834,
    "on-the-recuperative-mismanagement-of-a-cosmopolitan-fish": 0.9699307753466542,
    "times-before-and-after": 0.9698709269177817,
    "the-terrain-of-the-former-veb-elektrokohle-lichtenberg": 0.9696676357241348,
    "seminar-clashing-temporalities": 0.9693642154103972,
    "terraforming": 0.9690035578105275,
    "this-is-not-about-survival-its-about-bringing-your-coracle": 0.9685176781767535,
    "the-floating-ear": 0.9682908485519777,
    "nigeria-oil-pipes": 0.9682566967522892,
    "technosphere-co-evolution-a-seminal-seminar-conversation": 0.968200710905468,
    "touring-the-anthropocenery-whos-in-charge-here-2014": 0.9681976679886757,
    "seminar-reflection-2": 0.9681705379807471,
    "seminar-anthropogenic-landscapes": 0.968010511690462,
    "wicked-problems-and-mental-models": 0.9666504256221786,
    "seminar-co-evolutionary-perspectives": 0.9665443055070339,
    "social-witnessing": 0.9664157688155195,
    "ny-alesund-svalbard-norway": 0.965914135244287,
    "the-four-dimensional-mississippi": 0.9658890228616146,
    "seminar-valuing-nature": 0.9657422593929895,
    "the-anthropocene-and-our-post-natural-future-2": 0.9650203695300807,
    "the-shape-of-a-practice": 0.9649021008611134,
    "temporary-continent": 0.9645266588829292,
    "timeslips": 0.9643754847945153,
    "monsanto-town": 0.9642640354570139,
    "the-confluence-area": 0.9641097628343572,
    "river-memory": 0.9640719860940431,
    "of-forests-of-rivers-and-of-meals": 0.9638804481650007,
    "remnant-formations": 0.9638797232465283,
    "uncalculated-risk": 0.9637149196090944,
    "oysters-selective-pressures-and-antibiotic-resistance-in-the-mississippi-delta": 0.9634967556161231,
    "seminar-reflections-algorithmic-intermediation-and-smartness": 0.9630996238966627,
    "seminar-archiving": 0.9630200910787505,
    "state-of-nature-in-india": 0.9627696032806026,
    "seminar-co-evolution-of-the-technosphere": 0.9625081331705533,
    "seminar-communicating": 0.9623359572494337,
    "walk-about-it": 0.9614911116448129,
    "voice-and-representation": 0.9611335528393642,
    "seminar-sensing": 0.9605839889487919,
    "re-patterning-with-kudzu": 0.9600768897789531,
    "on-consuming-slow-media": 0.9596829262078218,
    "specifics-of-vulnerability": 0.9594996338963538,
    "the-mississippi-basin-an-operational-landscape": 0.9584520739563223,
    "paddle-waves-and-sparkling-light": 0.9582440979006422,
    "technostratigraphy-of-a-technological-object": 0.958109554779861,
    "seminar-modelling-wicked-problems": 0.9581022301517066,
    "xaraasi-xanne-crossing-voices": 0.957267469423323,
    "mississippi": 0.9570990017653026,
    "parallax-lisboa": 0.9570393948121958,
    "river-semester-project": 0.9567935348588971,
    "seminar-commodity-flows": 0.9553643492914041,
    "seminar-exhaustion-and-imagination": 0.9553338028132482,
    "the-danish-text": 0.9547666843886089,
    "state-of-nature-some-philosophical-issues": 0.9544899740578311,
    "mobile-hedges": 0.9543889831465036,
    "seminar-consensus-building": 0.953412658819927,
    "seminar-techno-metabolism": 0.9533094405802343,
    "writing-global-histories-in-the-anthropocene": 0.953281573191145,
    "seminar-sensing-the-insensible": 0.9529557417727835,
    "place-and-space": 0.9525455623492629,
    "seminar-claims-property": 0.9522717938943037,
    "seminar-slow-media": 0.9518501947408265,
    "reshaping-the-shape-embodiment-ecology-and-culture-of-a-postnatural-carp": 0.9515811615498135,
    "praying-for-the-water-with-saundi-mcclain-kloeckner": 0.9515649707495867,
    "peter-schlemihl-exploring-anthropocenic-landscapes": 0.9515596264093581,
    "plastic-and-surrogacy": 0.9512852164278216,
    "mikado-sol-2014": 0.951135960938034,
    "significant-and-insignificant-mounds-2": 0.9509024193167632,
    "seminar-governing-the-technosphere": 0.9507195568025281,
    "understanding-the-north-american-lost-crops": 0.9500219663254065,
    "plant-domestication-and-dispersal": 0.9494515714646627,
    "systems-analysis-and-modeling": 0.9492194811692449,
    "seminar-filtering-the-anthropocene": 0.949188974273894,
    "the-hedge": 0.9487237682063114,
    "seminar-algorithmic-intermediation-and-smartness": 0.9483990569023772,
    "the-maledives-case": 0.9478577806556674,
    "seminar-disciplinarities": 0.9476526388304787,
    "project-launch-minneapolis": 0.9471912713168987,
    "twin-cities-artist-residency-mississippi-an-anthropocene-story": 0.9454709045118056,
    "slow-disaster": 0.9451310173077632,
    "taking-nature-into-account-historical-perspectives-and-paradoxes": 0.944437974065972,
    "the-great-green-desert": 0.943348608004248,
    "typha-the-once-and-future-planty-companion": 0.9422619928255664,
    "tactics-for-quotidian-anthropocenes-2": 0.9404873864182235,
    "seminar-romancing-the-anthropocene": 0.9402893806912379,
    "resonance-vegetale": 0.939408610349937,
    "panel-talk-beween-patricia-piccinini-and-claudia-vickers": 0.9393350481671964,
    "river-semester": 0.9375822156099565,
    "seminar-un-bounded-engineering-and-evolutionary-stability": 0.9374097357297836,
    "museum-library": 0.9369810860602849,
    "shaped-by-rivers": 0.9367171889882986,
    "seminar-film-exhaustion-and-imagination": 0.9363104888591307,
    "midway-meeting-st-louis": 0.9329075352925936,
    "transect-walk-cahokia-mounds-to-fairmont-city": 0.9324931404855749,
    "technosphere-magazine": 0.9311931995775777,