{
    "meskonsing-kansan-an-introduction": 0.9722803366722457,
    "patagonia": 0.957108920923931,
    "natchez-etiologies-of-athropogenic-emergence": 0.9558031877517866,
    "significant-and-insignificant-mounds": 0.9545091924587166,
    "sacrifice-zones-and-portable-climate": 0.9542457205032202,
    "planting-a-seed-is-revolutionary-act": 0.9539306877134344,
    "the-american-bottom": 0.9521748232332311,
    "navigating-the-anthropocene-river": 0.9514206520042536,
    "one-place-many-names": 0.9508818665180697,
    "the-vietnamese-community-in-eastern-new-orleans": 0.9505628707784635,
    "temporary-continent": 0.9502973626443607,
    "outrunning-the-anthropocene": 0.9489072539088932,
    "white-sands": 0.9485158579737669,
    "too-little-water-the-lake-chad-story": 0.948103280900455,
    "us-southwest": 0.9479861894092008,
    "shaped-by-rivers": 0.9477371438877307,
    "the-four-dimensional-mississippi": 0.9475472054254935,
    "ny-alesund-svalbard-norway": 0.9468320782703289,
    "risk-equity-in-the-louisiana-anthropocene": 0.9467790108189921,
    "re-patterning-with-kudzu": 0.9454062666224665,
    "one-world-solid-and-cracked": 0.9451290171562252,
    "on-the-recuperative-mismanagement-of-a-cosmopolitan-fish": 0.9448332837985463,
    "this-is-not-about-survival-its-about-bringing-your-coracle": 0.9447757230155907,
    "sounding-landscapes": 0.9445075365806668,
    "telling-time-through-lagoons-of-human-waste-at-the-western-treatment-plant": 0.9442466021558189,
    "orbital-geopolitics": 0.9433217903286558,
    "real-estate-river": 0.9430470690567956,
    "seminar-clashing-temporalities": 0.9428314463782785,
    "mississippi": 0.9425142606568748,
    "river-memory": 0.9420798035058359,
    "oysters-selective-pressures-and-antibiotic-resistance-in-the-mississippi-delta": 0.9418580380529795,
    "seminar-anthropogenic-landscapes": 0.9417258540815044,
    "stranging-the-anthropocene-refraction": 0.9416896274711812,
    "the-stories-we-tell-the-images-we-take": 0.9414423057908938,
    "nigeria-oil-pipes": 0.9412700788122812,
    "seminar-report-filtering-the-anthropocene": 0.9410758212824735,
    "seminar-claims-property": 0.9410230923901877,
    "resisting-the-oblivion-of-eco-colonialism": 0.9404404185161094,
    "the-mississippi-basin-an-operational-landscape": 0.9399927380567082,
    "remnant-formations": 0.9397231328572074,
    "the-confluence-area": 0.9390522033065715,
    "timeslips": 0.9387476571662157,
    "social-witnessing": 0.9379576639542643,
    "plant-domestication-and-dispersal": 0.9378382721482008,
    "tactics-for-quotidian-anthropocenes": 0.9378247980997283,
    "seminar-commodity-flows": 0.9376417112185503,
    "seminar-report-anthropogenic-landscapes": 0.93755847020926,
    "rogue-elements-of-the-upper-mississippi": 0.9375188425566062,
    "understanding-the-north-american-lost-crops": 0.9366358721306141,
    "pockets-reflections-on-the-anthropocene-campus-melbourne": 0.9359569808623909,
    "uncalculated-risk": 0.9356221265566609,
    "prologue-the-fence-concept": 0.9355763103291777,
    "the-great-green-desert": 0.9354528362885808,
    "reshaping-the-shape-embodiment-ecology-and-culture-of-a-postnatural-carp": 0.9353455322788347,
    "seminar-report-geo-politics": 0.9353229384829854,
    "significant-and-insignificant-mounds-2": 0.934910037513201,
    "somewhere-somehow-a-co-evolution-story": 0.9348299592106666,
    "the-aerocene-campus": 0.9345757983202372,
    "the-terrain-of-the-former-veb-elektrokohle-lichtenberg": 0.9344685245481285,
    "nordic-fauna-seen-in-nature": 0.9343984919954204,
    "the-shape-of-a-practice": 0.9330061960565406,
    "tree-x-office": 0.9329585079752183,
    "seminar-imaging-the-anthropocene": 0.9326136749359556,
    "writing-global-histories-in-the-anthropocene": 0.9323194800948489,
    "monsanto-town": 0.9322781443410734,
    "producing-the-anthropocene-producing-the-future": 0.9322213874711529,
    "time-and-time-again": 0.9320008000109862,
    "time-out-of-mind": 0.9314157762095551,
    "performing-the-anthropocene": 0.9311513827283493,
    "transect-walk-cahokia-mounds-to-fairmont-city": 0.9311073479677917,
    "of-forests-of-rivers-and-of-meals": 0.9308994960837593,
    "river-semester-project": 0.9302632398717777,
    "seminar-co-evolution-of-the-technosphere": 0.9299003134852764,
    "paddle-waves-and-sparkling-light": 0.9296560304323126,
    "shadowing-the-anthropocene": 0.929128751106104,
    "state-of-nature-in-india": 0.9289792605268212,
    "the-free-sea": 0.9282514679626774,
    "on-the-use-of-the-word-code-by-the-kogi-translator": 0.9279869477954948,
    "xaraasi-xanne-crossing-voices": 0.9278682736819298,
    "the-maledives-case": 0.9264621163926222,
    "walk-about-it": 0.9260734901439939,
    "seminar-valuing-nature": 0.9259627452225604,
    "parallax-lisboa": 0.9257086220974748,
    "seminar-co-evolutionary-perspectives": 0.9256696633748056,
    "the-anthropocene-in-light-of-biological-feedback": 0.925594017643855,
    "mikado-sol-2014": 0.9252620922497994,
    "touring-the-anthropocenery-whos-in-charge-here-2014": 0.9250191474576878,
    "the-hyphen": 0.9249813693646292,
    "seminar-report-slow-media": 0.9246617498370342,
    "praying-for-the-water-with-saundi-mcclain-kloeckner": 0.9245223391957876,
    "river-semester": 0.9244816717333042,
    "seminar-techno-metabolism": 0.9240083015262625,
    "taking-nature-into-account-historical-perspectives-and-paradoxes": 0.9238897338376131,
    "the-floating-ear": 0.9231131764668649,
    "seminar-reflection-2": 0.9230892502080821,
    "seminar-communicating": 0.9222153184555899,
    "the-danish-text": 0.9219244340637347,
    "seminar-un-bounded-engineering-and-evolutionary-stability": 0.9218605018507445,
    "terraforming": 0.9216321229499678,
    "times-before-and-after": 0.9211012205833184,
    "seminar-archiving": 0.9209981020999228,
    "seminar-sensing": 0.9202508851940873,
    "place-and-space": 0.9200981462109383,
    "technosphere-co-evolution-a-seminal-seminar-conversation": 0.9191062648398974,
    "the-anthropocene-and-our-post-natural-future-2": 0.9191036873781023,
    "wicked-problems-and-mental-models": 0.9189289848289591,
    "state-of-nature-some-philosophical-issues": 0.9187100154843316,
    "over-the-levee-under-the-plow": 0.9185456109680963,
    "seminar-modelling-wicked-problems": 0.9185237951946885,
    "seminar-reflections-algorithmic-intermediation-and-smartness": 0.9178655241064966,
    "slow-disaster": 0.917414347574852,
    "on-consuming-slow-media": 0.9172236400892421,
    "project-launch-minneapolis": 0.9162495277357589,
    "seminar-exhaustion-and-imagination": 0.9156619953335031,
    "typha-the-once-and-future-planty-companion": 0.914331202385132,
    "voice-and-representation": 0.9142160133654936,
    "plastic-and-surrogacy": 0.913776287981286,
    "mobile-hedges": 0.9130007489950258,
    "seminar-consensus-building": 0.9125989981850686,
    "twin-cities-artist-residency-mississippi-an-anthropocene-story": 0.910951914425556,
    "seminar-disciplinarities": 0.9103830916194859,
    "systems-analysis-and-modeling": 0.9103117834468216,
    "the-hedge": 0.9102529354829588,
    "seminar-sensing-the-insensible": 0.9093673417825074,
    "the-anthropogenic-influence-onto-the-air-quality-along-the-mississippi-river-findings": 0.9087773834711751,
    "seminar-filtering-the-anthropocene": 0.9086649765490414,
    "technostratigraphy-of-a-technological-object": 0.907491661245192,
    "specifics-of-vulnerability": 0.9071813381421727,
    "seminar-governing-the-technosphere": 0.9062473718948896,
    "panel-talk-beween-patricia-piccinini-and-claudia-vickers": 0.9055462580581903,
    "midway-meeting-st-louis": 0.9053718104261905,
    "tactics-for-quotidian-anthropocenes-2": 0.904210721771331,
    "the-rights-of-nature": 0.9029690751665754,
    "seminar-romancing-the-anthropocene": 0.9017098888733838,
    "resonance-vegetale": 0.9015940510484605,
    "seminar-slow-media": 0.9013739099763816,