{
    "ny-alesund-svalbard-norway": 0.9696576285501144,
    "natchez-etiologies-of-athropogenic-emergence": 0.9675244243542056,
    "seminar-report-filtering-the-anthropocene": 0.9672542961238836,
    "seminar-co-evolution-of-the-technosphere": 0.9636639692783332,
    "navigating-the-anthropocene-river": 0.9611610870845202,
    "seminar-report-anthropogenic-landscapes": 0.9603850633519863,
    "planting-a-seed-is-revolutionary-act": 0.9603206376708442,
    "producing-the-anthropocene-producing-the-future": 0.9603120757616325,
    "seminar-imaging-the-anthropocene": 0.959455610948162,
    "writing-global-histories-in-the-anthropocene": 0.9593470230957009,
    "the-four-dimensional-mississippi": 0.9592859800764458,
    "the-shape-of-a-practice": 0.9588444455064772,
    "walk-about-it": 0.9587577250057899,
    "sounding-landscapes": 0.9584859780199905,
    "stranging-the-anthropocene-refraction": 0.9581411635827388,
    "outrunning-the-anthropocene": 0.9575767225252989,
    "re-patterning-with-kudzu": 0.957227396043453,
    "time-and-time-again": 0.9571334508492227,
    "risk-equity-in-the-louisiana-anthropocene": 0.9564374674818932,
    "plastic-and-surrogacy": 0.9562378556081933,
    "sacrifice-zones-and-portable-climate": 0.956166721454873,
    "shadowing-the-anthropocene": 0.9559889859552972,
    "project-launch-minneapolis": 0.9554221230963336,
    "one-world-solid-and-cracked": 0.9552784506628572,
    "real-estate-river": 0.9551386457384481,
    "seminar-anthropogenic-landscapes": 0.9548546876723137,
    "taking-nature-into-account-historical-perspectives-and-paradoxes": 0.9547622377571177,
    "seminar-report-slow-media": 0.9539911835394469,
    "white-sands": 0.9537663307093477,
    "reshaping-the-shape-embodiment-ecology-and-culture-of-a-postnatural-carp": 0.9536499647323771,
    "social-witnessing": 0.9535088777288386,
    "plant-domestication-and-dispersal": 0.9532126770706135,
    "seminar-valuing-nature": 0.9527337329414172,
    "timeslips": 0.952448801070322,
    "the-mississippi-basin-an-operational-landscape": 0.952201832400701,
    "performing-the-anthropocene": 0.9521510633696746,
    "state-of-nature-in-india": 0.9520278780615334,
    "orbital-geopolitics": 0.951430343816906,
    "state-of-nature-some-philosophical-issues": 0.9513180825320493,
    "one-place-many-names": 0.9511778996672591,
    "tactics-for-quotidian-anthropocenes-2": 0.9507258849215826,
    "telling-time-through-lagoons-of-human-waste-at-the-western-treatment-plant": 0.950567094609585,
    "oysters-selective-pressures-and-antibiotic-resistance-in-the-mississippi-delta": 0.9505483809086193,
    "seminar-un-bounded-engineering-and-evolutionary-stability": 0.9503009881659467,
    "times-before-and-after": 0.9500838479898429,
    "remnant-formations": 0.9498404715788962,
    "seminar-report-geo-politics": 0.9496343482692353,
    "tactics-for-quotidian-anthropocenes": 0.9495955989185682,
    "monsanto-town": 0.9495494573390569,
    "the-anthropocene-in-light-of-biological-feedback": 0.9493758703565562,
    "too-little-water-the-lake-chad-story": 0.9490790700095922,
    "river-semester-project": 0.9490178149086128,
    "seminar-filtering-the-anthropocene": 0.9489510399322191,
    "patagonia": 0.9489331034747962,
    "somewhere-somehow-a-co-evolution-story": 0.9487411661386822,
    "on-the-recuperative-mismanagement-of-a-cosmopolitan-fish": 0.9484555945297282,
    "uncalculated-risk": 0.94818405642176,
    "the-hyphen": 0.9481099799800137,
    "this-is-not-about-survival-its-about-bringing-your-coracle": 0.9471828551906322,
    "the-terrain-of-the-former-veb-elektrokohle-lichtenberg": 0.9471030946093916,
    "parallax-lisboa": 0.9469199296373881,
    "nordic-fauna-seen-in-nature": 0.9468640004664861,
    "shaped-by-rivers": 0.9464818250291932,
    "seminar-reflection-2": 0.9463625691459137,
    "seminar-claims-property": 0.9462193094757912,
    "the-aerocene-campus": 0.945888626992168,
    "pockets-reflections-on-the-anthropocene-campus-melbourne": 0.9455348592461827,
    "seminar-reflections-algorithmic-intermediation-and-smartness": 0.945339315697625,
    "the-floating-ear": 0.9449626245305522,
    "on-the-use-of-the-word-code-by-the-kogi-translator": 0.9448810507135608,
    "time-out-of-mind": 0.9448396288725065,
    "touring-the-anthropocenery-whos-in-charge-here-2014": 0.9447991503297727,
    "significant-and-insignificant-mounds": 0.9447633207830383,
    "the-american-bottom": 0.944671722638678,
    "seminar-sensing": 0.9444575131816426,
    "the-stories-we-tell-the-images-we-take": 0.9444549608481522,
    "resisting-the-oblivion-of-eco-colonialism": 0.9443346186373577,
    "seminar-disciplinarities": 0.9439365142128345,
    "the-confluence-area": 0.9426327908960794,
    "seminar-co-evolutionary-perspectives": 0.9424007895614003,
    "seminar-sensing-the-insensible": 0.9423625627800442,
    "the-maledives-case": 0.9422866749723908,
    "the-free-sea": 0.942215415753431,
    "seminar-communicating": 0.9420720440126652,
    "understanding-the-north-american-lost-crops": 0.9414159975629142,
    "terraforming": 0.9411979455671429,
    "seminar-clashing-temporalities": 0.9404917853504862,
    "the-anthropocene-and-our-post-natural-future-2": 0.9404460993020575,
    "the-vietnamese-community-in-eastern-new-orleans": 0.9403024571667629,
    "river-memory": 0.940163640069146,
    "new-orleans-anthropocene-field-campus": 0.940072107249448,
    "seminar-modelling-wicked-problems": 0.939487401716356,
    "seminar-commodity-flows": 0.9392906470196958,
    "on-consuming-slow-media": 0.9390026664763278,
    "rogue-elements-of-the-upper-mississippi": 0.9388812665126184,
    "voice-and-representation": 0.9384332529993947,
    "technosphere-co-evolution-a-seminal-seminar-conversation": 0.9383709819543665,
    "systems-analysis-and-modeling": 0.9382972271862526,
    "the-great-green-desert": 0.9382103209077718,
    "seminar-slow-media": 0.9381734391947747,
    "nigeria-oil-pipes": 0.9380862388683031,
    "seminar-governing-the-technosphere": 0.9373758449751276,
    "seminar-romancing-the-anthropocene": 0.9360986717967638,
    "of-forests-of-rivers-and-of-meals": 0.9355251574906045,
    "significant-and-insignificant-mounds-2": 0.935495905722616,
    "wicked-problems-and-mental-models": 0.9348669316471305,
    "xaraasi-xanne-crossing-voices": 0.934707148133179,
    "seminar-exhaustion-and-imagination": 0.9342908715334051,
    "river-semester": 0.9332132538689867,
    "panel-talk-beween-patricia-piccinini-and-claudia-vickers": 0.9331289971173273,
    "temporary-continent": 0.9326186416472266,
    "tree-x-office": 0.9319583993519774,
    "twin-cities-artist-residency-mississippi-an-anthropocene-story": 0.931780666167342,
    "seminar-consensus-building": 0.9314742952062403,
    "seminar-film-exhaustion-and-imagination": 0.9313048082930089,
    "technosphere-magazine": 0.9312528811876923,
    "transect-walk-cahokia-mounds-to-fairmont-city": 0.9311195812407518,
    "paddle-waves-and-sparkling-light": 0.9305646273149727,
    "prologue-the-fence-concept": 0.930508868732098,
    "seminar-techno-metabolism": 0.9296257419423166,
    "slow-disaster": 0.9289877634499996,
    "place-and-space": 0.928911789291897,
    "us-southwest": 0.9287004079276224,
    "seminar-archiving": 0.9276434273847856,
    "typha-the-once-and-future-planty-companion": 0.9274653065943035,
    "seminar-film-un-bounded-engineering-and-evolutionary-stability": 0.9273927245289358,
    "the-danish-text": 0.9272102659162782,
    "the-shape-of-a-practice-online-project-environment": 0.92667263787667,
    "seminar-algorithmic-intermediation-and-smartness": 0.9259659499399052,
    "mobile-hedges": 0.9234345731227286,
    "seminar-film-clashing-temporalities": 0.922595818448318,
    "the-shape-of-a-practice-seminars": 0.9225644023000795,
    "seminar-film-commodity-flows": 0.9223851650408856,
    "seminar-risk-equity": 0.9213323925011845,
    "specifics-of-vulnerability": 0.9211303684253448,