{
    "the-hedge": 0.982919857912064,
    "the-terrain-of-the-former-veb-elektrokohle-lichtenberg": 0.9810636124109432,
    "performing-the-anthropocene": 0.9779738988380865,
    "nordic-fauna-seen-in-nature": 0.9774047734254658,
    "the-aerocene-campus": 0.9769757843185385,
    "telling-time-through-lagoons-of-human-waste-at-the-western-treatment-plant": 0.9769714835373324,
    "one-place-many-names": 0.9768840067454239,
    "navigating-the-anthropocene-river": 0.9753025197571374,
    "pockets-reflections-on-the-anthropocene-campus-melbourne": 0.9749108403216923,
    "time-out-of-mind": 0.9748234513655796,
    "sounding-landscapes": 0.9743617715805973,
    "on-the-use-of-the-word-code-by-the-kogi-translator": 0.9741966735851649,
    "seminar-report-geo-politics": 0.9738601890203705,
    "the-free-sea": 0.9733146748205509,
    "seminar-report-slow-media": 0.9723516858484158,
    "rogue-elements-of-the-upper-mississippi": 0.9722144680181836,
    "risk-equity-in-the-louisiana-anthropocene": 0.9721706509170087,
    "uncalculated-risk": 0.9721572915085326,
    "tree-x-office": 0.9719722243673897,
    "seminar-report-anthropogenic-landscapes": 0.9714344344790135,
    "tactics-for-quotidian-anthropocenes": 0.9711130925437197,
    "patagonia": 0.9707195712516418,
    "touring-the-anthropocenery-whos-in-charge-here-2014": 0.9706841541479672,
    "real-estate-river": 0.9703563487403177,
    "planting-a-seed-is-revolutionary-act": 0.9702431278293393,
    "outrunning-the-anthropocene": 0.9694564846851558,
    "remnant-formations": 0.9689336069194374,
    "shadowing-the-anthropocene": 0.9685844386080653,
    "white-sands": 0.968562335455168,
    "one-world-solid-and-cracked": 0.9684094872037847,
    "resisting-the-oblivion-of-eco-colonialism": 0.9680190248904431,
    "sacrifice-zones-and-portable-climate": 0.9677023821941864,
    "the-floating-ear": 0.9670105280605641,
    "technostratigraphy-of-a-technological-object": 0.9669141214174908,
    "producing-the-anthropocene-producing-the-future": 0.966287996475345,
    "seminar-reflections-algorithmic-intermediation-and-smartness": 0.9660602706059952,
    "stranging-the-anthropocene-refraction": 0.9659679544623305,
    "times-before-and-after": 0.9657614836232923,
    "the-hyphen": 0.965237230928296,
    "timeslips": 0.9645037347428328,
    "technosphere-co-evolution-a-seminal-seminar-conversation": 0.9643957261863725,
    "somewhere-somehow-a-co-evolution-story": 0.9640550367930748,
    "walk-about-it": 0.9639408735919214,
    "the-stories-we-tell-the-images-we-take": 0.9634770561316757,
    "of-forests-of-rivers-and-of-meals": 0.963325999038414,
    "on-the-recuperative-mismanagement-of-a-cosmopolitan-fish": 0.963072856004984,
    "seminar-slow-media": 0.9629967401068905,
    "terraforming": 0.9621545982792346,
    "seminar-report-filtering-the-anthropocene": 0.9619867926738804,
    "prologue-the-fence-concept": 0.961983183255081,
    "social-witnessing": 0.9619003931412123,
    "specifics-of-vulnerability": 0.9612898626524958,
    "the-four-dimensional-mississippi": 0.9612289808793879,
    "the-shape-of-a-practice": 0.9610590143808257,
    "seminar-imaging-the-anthropocene": 0.960847781208442,
    "the-vietnamese-community-in-eastern-new-orleans": 0.9604621303909752,
    "nigeria-oil-pipes": 0.9601594324664393,
    "seminar-reflection-2": 0.959555207136446,
    "seminar-governing-the-technosphere": 0.9595066086074474,
    "this-is-not-about-survival-its-about-bringing-your-coracle": 0.9591129198204359,
    "wicked-problems-and-mental-models": 0.9590694163130601,
    "orbital-geopolitics": 0.9590459827619233,
    "seminar-modelling-wicked-problems": 0.9590396845600946,
    "on-consuming-slow-media": 0.9590306928142224,
    "the-anthropocene-in-light-of-biological-feedback": 0.9568150914813102,
    "seminar-co-evolution-of-the-technosphere": 0.9566314839394092,
    "praying-for-the-water-with-saundi-mcclain-kloeckner": 0.9562911714840803,
    "ny-alesund-svalbard-norway": 0.9560474701273902,
    "seminar-valuing-nature": 0.9557268551340832,
    "seminar-communicating": 0.9556567516165477,
    "time-and-time-again": 0.9551250810752893,
    "paddle-waves-and-sparkling-light": 0.9550909125731224,
    "seminar-archiving": 0.9548533384791522,
    "place-and-space": 0.9542849567545569,
    "seminar-anthropogenic-landscapes": 0.9542463191628547,
    "peter-schlemihl-exploring-anthropocenic-landscapes": 0.9540387254497252,
    "the-shape-of-a-practice-online-project-environment": 0.9537417618052244,
    "the-confluence-area": 0.9535073441581352,
    "state-of-nature-in-india": 0.9526779767831766,
    "xaraasi-xanne-crossing-voices": 0.9525952687197365,
    "seminar-sensing": 0.9525537977376822,
    "twin-cities-artist-residency-mississippi-an-anthropocene-story": 0.951871833271918,
    "monsanto-town": 0.9514466505276508,
    "the-mississippi-basin-an-operational-landscape": 0.9511187300538796,
    "river-memory": 0.9511151983497714,
    "voice-and-representation": 0.9508373340700039,
    "us-southwest": 0.9503723874564318,
    "systems-analysis-and-modeling": 0.9502505048627141,
    "significant-and-insignificant-mounds": 0.949876084001584,
    "seminar-consensus-building": 0.9493760708580543,
    "seminar-clashing-temporalities": 0.9492310095746801,
    "the-american-bottom": 0.9489356693989359,
    "seminar-exhaustion-and-imagination": 0.9481352225985902,
    "seminar-romancing-the-anthropocene": 0.9475277141097167,
    "typha-the-once-and-future-planty-companion": 0.9474400451720794,
    "too-little-water-the-lake-chad-story": 0.9466672166299142,
    "seminar-co-evolutionary-perspectives": 0.9466076084223789,
    "the-danish-text": 0.9462780671714266,
    "seminar-sensing-the-insensible": 0.9451120698300907,
    "natchez-etiologies-of-athropogenic-emergence": 0.944465784189607,
    "re-patterning-with-kudzu": 0.9443733950494572,
    "parallax-lisboa": 0.943023095050961,
    "the-anthropocene-and-our-post-natural-future-2": 0.9428720204138689,
    "the-shape-of-a-practice-seminars": 0.9422663222249487,
    "plastic-and-surrogacy": 0.9419548522058054,
    "project-launch-minneapolis": 0.9416129499357863,
    "oysters-selective-pressures-and-antibiotic-resistance-in-the-mississippi-delta": 0.9406848071877622,
    "the-great-green-desert": 0.9404880800889739,
    "seminar-filtering-the-anthropocene": 0.9399478175995715,
    "river-semester-project": 0.9378679591733127,
    "the-maledives-case": 0.9370262383576735,
    "tactics-for-quotidian-anthropocenes-2": 0.936971539958076,
    "seminar-algorithmic-intermediation-and-smartness": 0.9364081118890016,
    "seminar-disciplinarities": 0.9354705192029306,
    "understanding-the-north-american-lost-crops": 0.9332159213270895,
    "writing-global-histories-in-the-anthropocene": 0.9326100905051017,
    "seminar-claims-property": 0.9312499660598588,
    "state-of-nature-some-philosophical-issues": 0.9307606241252704,
    "reshaping-the-shape-embodiment-ecology-and-culture-of-a-postnatural-carp": 0.929915129925699,
    "significant-and-insignificant-mounds-2": 0.9290943030627896,
    "seminar-techno-metabolism": 0.9289756369466566,
    "resonance-vegetale": 0.9280209580356761,
    "the-anthropogenic-influence-onto-the-air-quality-along-the-mississippi-river-findings": 0.9250722472860743,
    "taking-nature-into-account-historical-perspectives-and-paradoxes": 0.9248680428111071,
    "plant-domestication-and-dispersal": 0.9247252152524732,
    "seminar-film-exhaustion-and-imagination": 0.9244240292438238,
    "temporary-continent": 0.9243683999335326,
    "seminar-commodity-flows": 0.9238869261540201,
    "new-orleans-anthropocene-field-campus": 0.9230484901492227,
    "river-semester": 0.922172844182957,
    "technosphere-magazine": 0.9205926687307148,
    "panel-talk-beween-patricia-piccinini-and-claudia-vickers": 0.9201134417572141,
    "seminar-film-clashing-temporalities": 0.9180879374873236,
    "the-rights-of-nature": 0.9158438267874848,