{
    "seminar-report-anthropogenic-landscapes": 0.9780714293426108,
    "the-shape-of-a-practice": 0.9760057751555706,
    "seminar-imaging-the-anthropocene": 0.9759281723282032,
    "stranging-the-anthropocene-refraction": 0.9750928259417843,
    "seminar-co-evolution-of-the-technosphere": 0.9747838201674096,
    "tactics-for-quotidian-anthropocenes": 0.9746532556226,
    "risk-equity-in-the-louisiana-anthropocene": 0.9730135564455271,
    "parallax-lisboa": 0.9729034305168288,
    "planting-a-seed-is-revolutionary-act": 0.9724634581612474,
    "seminar-valuing-nature": 0.9720619515984061,
    "one-world-solid-and-cracked": 0.9710173638276227,
    "state-of-nature-in-india": 0.9710010964249964,
    "real-estate-river": 0.9709100264224985,
    "navigating-the-anthropocene-river": 0.9708607597210138,
    "seminar-report-slow-media": 0.9708356742208016,
    "seminar-reflection-2": 0.9707430832716701,
    "seminar-communicating": 0.9702131143378389,
    "producing-the-anthropocene-producing-the-future": 0.9699368969061612,
    "seminar-reflections-algorithmic-intermediation-and-smartness": 0.9698106346867834,
    "seminar-report-filtering-the-anthropocene": 0.969738697872992,
    "ny-alesund-svalbard-norway": 0.9694729344665394,
    "the-aerocene-campus": 0.96848599770769,
    "seminar-report-geo-politics": 0.968475642862376,
    "natchez-etiologies-of-athropogenic-emergence": 0.9683134583397424,
    "voice-and-representation": 0.9676751616151474,
    "writing-global-histories-in-the-anthropocene": 0.9671614707672369,
    "social-witnessing": 0.9669788673183958,
    "shadowing-the-anthropocene": 0.9661565367416625,
    "sounding-landscapes": 0.9660384288922377,
    "the-american-bottom": 0.9659317703766572,
    "on-consuming-slow-media": 0.9653495925793804,
    "seminar-archiving": 0.9652546870019246,
    "telling-time-through-lagoons-of-human-waste-at-the-western-treatment-plant": 0.9652154318031032,
    "time-and-time-again": 0.9649885942821954,
    "the-terrain-of-the-former-veb-elektrokohle-lichtenberg": 0.9648360875890597,
    "the-confluence-area": 0.9646438259658456,
    "seminar-anthropogenic-landscapes": 0.9642764441767359,
    "walk-about-it": 0.964144957204164,
    "state-of-nature-some-philosophical-issues": 0.9640231137654449,
    "project-launch-minneapolis": 0.9638942511892334,
    "one-place-many-names": 0.9638871129100723,
    "sacrifice-zones-and-portable-climate": 0.9637301210403693,
    "seminar-sensing": 0.9637185807484289,
    "river-memory": 0.9635880968670406,
    "the-floating-ear": 0.9635144138775735,
    "orbital-geopolitics": 0.9631908025636188,
    "twin-cities-artist-residency-mississippi-an-anthropocene-story": 0.9623806635325737,
    "performing-the-anthropocene": 0.9622189434612628,
    "times-before-and-after": 0.9620765841713416,
    "pockets-reflections-on-the-anthropocene-campus-melbourne": 0.9617696823028837,
    "too-little-water-the-lake-chad-story": 0.9616190055198989,
    "taking-nature-into-account-historical-perspectives-and-paradoxes": 0.961335544286534,
    "the-stories-we-tell-the-images-we-take": 0.9613087652127773,
    "patagonia": 0.961131284499573,
    "seminar-co-evolutionary-perspectives": 0.9605956945310746,
    "seminar-modelling-wicked-problems": 0.9601698205865993,
    "seminar-consensus-building": 0.9599267827425224,
    "plastic-and-surrogacy": 0.9598209154533505,
    "outrunning-the-anthropocene": 0.9596143588425747,
    "river-semester-project": 0.9594685061112259,
    "seminar-disciplinarities": 0.9594309454902099,
    "seminar-clashing-temporalities": 0.9592999994092981,
    "the-hyphen": 0.9590498774220846,
    "terraforming": 0.9590293700183968,
    "remnant-formations": 0.9589200412940772,
    "resisting-the-oblivion-of-eco-colonialism": 0.9589076413005666,
    "place-and-space": 0.95885557115699,
    "tactics-for-quotidian-anthropocenes-2": 0.958493137803426,
    "uncalculated-risk": 0.9579568203673462,
    "the-mississippi-basin-an-operational-landscape": 0.9577320703063845,
    "nordic-fauna-seen-in-nature": 0.9571933334413839,
    "the-free-sea": 0.9571476526088257,
    "the-anthropocene-and-our-post-natural-future-2": 0.9569662915997036,
    "seminar-claims-property": 0.9568875796558086,
    "the-shape-of-a-practice-online-project-environment": 0.9568354284928372,
    "white-sands": 0.9563419169068152,
    "touring-the-anthropocenery-whos-in-charge-here-2014": 0.9560308731877254,
    "plant-domestication-and-dispersal": 0.9559456174766101,
    "the-anthropocene-in-light-of-biological-feedback": 0.9557600584276257,
    "significant-and-insignificant-mounds": 0.9553282553670996,
    "on-the-use-of-the-word-code-by-the-kogi-translator": 0.9550028151096457,
    "seminar-exhaustion-and-imagination": 0.9548201967607357,
    "xaraasi-xanne-crossing-voices": 0.9545312138225487,
    "tree-x-office": 0.954267754486712,
    "on-the-recuperative-mismanagement-of-a-cosmopolitan-fish": 0.9539905751526674,
    "seminar-sensing-the-insensible": 0.9538712612183686,
    "technosphere-co-evolution-a-seminal-seminar-conversation": 0.9537016564278892,
    "the-shape-of-a-practice-seminars": 0.9534335552506554,
    "prologue-the-fence-concept": 0.9534327047050377,
    "time-out-of-mind": 0.9521606833228714,
    "timeslips": 0.9520201221973745,
    "seminar-algorithmic-intermediation-and-smartness": 0.9518546456937067,
    "somewhere-somehow-a-co-evolution-story": 0.9517301463731821,
    "wicked-problems-and-mental-models": 0.9515570476698175,
    "seminar-filtering-the-anthropocene": 0.951114904878354,
    "oysters-selective-pressures-and-antibiotic-resistance-in-the-mississippi-delta": 0.9508085627720044,
    "seminar-romancing-the-anthropocene": 0.950440861917591,
    "seminar-commodity-flows": 0.9502451649670937,
    "systems-analysis-and-modeling": 0.9501988832414056,
    "the-four-dimensional-mississippi": 0.9500107383964186,
    "seminar-slow-media": 0.9496175614123816,
    "re-patterning-with-kudzu": 0.9495503491791454,
    "seminar-governing-the-technosphere": 0.9494782982003428,
    "reshaping-the-shape-embodiment-ecology-and-culture-of-a-postnatural-carp": 0.9484418486695599,
    "the-vietnamese-community-in-eastern-new-orleans": 0.948414318234239,
    "panel-talk-beween-patricia-piccinini-and-claudia-vickers": 0.9473888337621552,
    "new-orleans-anthropocene-field-campus": 0.9473251184185981,
    "river-semester": 0.9470366297512155,
    "seminar-techno-metabolism": 0.9469764533484742,
    "temporary-continent": 0.9464224667783965,
    "seminar-film-exhaustion-and-imagination": 0.9454045761772615,
    "the-hedge": 0.9447686311467318,
    "nigeria-oil-pipes": 0.9430986698882559,
    "rogue-elements-of-the-upper-mississippi": 0.9427329586921451,
    "us-southwest": 0.9410102732200896,
    "slow-disaster": 0.9404727334638342,
    "significant-and-insignificant-mounds-2": 0.9404271312390525,
    "this-is-not-about-survival-its-about-bringing-your-coracle": 0.9400606129783868,
    "specifics-of-vulnerability": 0.9391323917587975,
    "of-forests-of-rivers-and-of-meals": 0.9388890729892815,
    "the-great-green-desert": 0.9386847239580901,
    "understanding-the-north-american-lost-crops": 0.9386156990408577,
    "seminar-un-bounded-engineering-and-evolutionary-stability": 0.9377710036884601,
    "seminar-film-clashing-temporalities": 0.9360743965457219,
    "the-danish-text": 0.93486028079709,
    "seminar-risk-equity": 0.9345782092245853,
    "typha-the-once-and-future-planty-companion": 0.9337079365314082,
    "technosphere-magazine": 0.9336624584172343,
    "paddle-waves-and-sparkling-light": 0.9326066327537239,
    "seminar-film-commodity-flows": 0.93238554289195,
    "shaped-by-rivers": 0.9315424687260506,
    "technostratigraphy-of-a-technological-object": 0.9314688948813336,
    "the-maledives-case": 0.9303049845467023,
    "the-rights-of-nature": 0.9295396874147677,
    "seminar-film-un-bounded-engineering-and-evolutionary-stability": 0.9287659203576603,