{
    "resonance-vegetale": 0.9345545547769862,
    "us-southwest": 0.9287159022993233,
    "orbital-geopolitics": 0.9277168089561738,
    "the-vietnamese-community-in-eastern-new-orleans": 0.9226077224330931,
    "the-aerocene-campus": 0.9193514385932622,
    "the-stories-we-tell-the-images-we-take": 0.9182451987856491,
    "the-anthropocene-and-our-post-natural-future-2": 0.9161780302631958,
    "one-place-many-names": 0.9158099867988372,
    "one-world-solid-and-cracked": 0.9140885935489859,
    "seminar-clashing-temporalities": 0.9131894302058551,
    "seminar-techno-metabolism": 0.9122467692812958,
    "the-american-bottom": 0.9109035652772558,
    "too-little-water-the-lake-chad-story": 0.910151437210054,
    "patagonia": 0.909708462142572,
    "stranging-the-anthropocene-refraction": 0.9095337386099542,
    "tactics-for-quotidian-anthropocenes": 0.90952159601132,
    "on-the-recuperative-mismanagement-of-a-cosmopolitan-fish": 0.9091930998586681,
    "the-anthropocene-in-light-of-biological-feedback": 0.9088771936121,
    "terraforming": 0.90862707190082,
    "risk-equity-in-the-louisiana-anthropocene": 0.9076542821465228,
    "nigeria-oil-pipes": 0.9073507484904831,
    "seminar-co-evolutionary-perspectives": 0.9063856758227882,
    "nordic-fauna-seen-in-nature": 0.9061681160623634,
    "pockets-reflections-on-the-anthropocene-campus-melbourne": 0.9055217718334161,
    "seminar-archiving": 0.9049929230948182,
    "temporary-continent": 0.9049522896990725,
    "time-and-time-again": 0.9048034204217321,
    "river-semester-project": 0.9032947797145605,
    "the-danish-text": 0.9027926104365012,
    "prologue-the-fence-concept": 0.9021468736027152,
    "telling-time-through-lagoons-of-human-waste-at-the-western-treatment-plant": 0.901021746276827,
    "seminar-report-slow-media": 0.9005590363000032,
    "outrunning-the-anthropocene": 0.8995372820006635,
    "navigating-the-anthropocene-river": 0.8991610215338606,
    "xaraasi-xanne-crossing-voices": 0.8990138697182223,
    "tree-x-office": 0.8987914505601573,
    "planting-a-seed-is-revolutionary-act": 0.8985958885298424,
    "paddle-waves-and-sparkling-light": 0.8982977022762091,
    "this-is-not-about-survival-its-about-bringing-your-coracle": 0.8979707776355587,
    "social-witnessing": 0.8976873916066627,
    "oysters-selective-pressures-and-antibiotic-resistance-in-the-mississippi-delta": 0.897571083315844,
    "resisting-the-oblivion-of-eco-colonialism": 0.8954979006751165,
    "the-current-mississippi-an-anthropocene-river": 0.8941719083365194,
    "white-sands": 0.8938467073585072,
    "the-confluence-area": 0.8933281007956645,
    "rogue-elements-of-the-upper-mississippi": 0.8925675853274846,
    "sacrifice-zones-and-portable-climate": 0.8924136127053951,
    "seminar-anthropogenic-landscapes": 0.8920071209695893,
    "seminar-report-geo-politics": 0.891840044161335,
    "performing-the-anthropocene": 0.8914633847298704,
    "river-memory": 0.8910605703366052,
    "place-and-space": 0.8910078592993048,
    "state-of-nature-in-india": 0.890105434915893,
    "seminar-commodity-flows": 0.8900239948324294,
    "the-hyphen": 0.8899527478794713,
    "slow-disaster": 0.8899368632775474,
    "seminar-imaging-the-anthropocene": 0.8896693336833504,
    "typha-the-once-and-future-planty-companion": 0.8895265204188998,
    "the-floating-ear": 0.8882653764457881,
    "somewhere-somehow-a-co-evolution-story": 0.8880400128291984,
    "seminar-report-anthropogenic-landscapes": 0.8879013046528483,
    "real-estate-river": 0.8876687180276704,
    "shadowing-the-anthropocene": 0.8875367955015182,
    "the-hedge": 0.8875258704439761,
    "seminar-reflection-2": 0.8874721849659122,
    "peter-schlemihl-exploring-anthropocenic-landscapes": 0.8874052121474552,
    "technostratigraphy-of-a-technological-object": 0.8872564876012282,
    "time-out-of-mind": 0.8863104245058995,
    "of-forests-of-rivers-and-of-meals": 0.8859265555598488,
    "panel-talk-beween-patricia-piccinini-and-claudia-vickers": 0.8857442950717614,
    "technosphere-co-evolution-a-seminal-seminar-conversation": 0.884206148427867,
    "the-free-sea": 0.8835173192889655,
    "seminar-valuing-nature": 0.8833146352981127,
    "touring-the-anthropocenery-whos-in-charge-here-2014": 0.8831464507053857,
    "wicked-problems-and-mental-models": 0.8831061670521776,
    "the-rights-of-nature": 0.8829068337053455,
    "voice-and-representation": 0.8823565303346117,
    "natchez-etiologies-of-athropogenic-emergence": 0.8821936653286511,
    "seminar-sensing": 0.8816867782273294,
    "seminar-communicating": 0.8814093187417448,
    "significant-and-insignificant-mounds": 0.8797539634346005,
    "the-terrain-of-the-former-veb-elektrokohle-lichtenberg": 0.8794100869392205,
    "seminar-consensus-building": 0.879018956782157,
    "on-the-use-of-the-word-code-by-the-kogi-translator": 0.8786789718207949,
    "sounding-landscapes": 0.8784607243561557,
    "times-before-and-after": 0.8783885850397053,
    "on-consuming-slow-media": 0.8782069535273405,
    "river-semester": 0.8776303409656664,
    "seminar-algorithmic-intermediation-and-smartness": 0.877202731475907,
    "parallax-lisboa": 0.8768719087489547,
    "seminar-reflections-algorithmic-intermediation-and-smartness": 0.8765953601193643,
    "producing-the-anthropocene-producing-the-future": 0.876323616882001,
    "seminar-modelling-wicked-problems": 0.8761803635864285,
    "re-patterning-with-kudzu": 0.87593752703961,
    "specifics-of-vulnerability": 0.8758736010350511,
    "walk-about-it": 0.8755456041356129,
    "seminar-sensing-the-insensible": 0.8755183527207984,
    "project-launch-minneapolis": 0.8752168165684907,
    "the-shape-of-a-practice": 0.8751203795864599,
    "ny-alesund-svalbard-norway": 0.8748056710987108,
    "seminar-co-evolution-of-the-technosphere": 0.8747529303884163,
    "seminar-report-filtering-the-anthropocene": 0.8742036996337099,
    "seminar-un-bounded-engineering-and-evolutionary-stability": 0.8736141739468559,
    "the-great-green-desert": 0.8730354354523814,
    "seminar-romancing-the-anthropocene": 0.8728423249814524,
    "tactics-for-quotidian-anthropocenes-2": 0.8717428188880179,
    "st-louis-anthropocene-field-campus": 0.8716506025284537,
    "seminar-film-exhaustion-and-imagination": 0.871091690892933,
    "seminar-slow-media": 0.8706056551294611,
    "systems-analysis-and-modeling": 0.8702157933969056,
    "remnant-formations": 0.8700583404042729,
    "uncalculated-risk": 0.8691724114665579,
    "plant-domestication-and-dispersal": 0.8689410688700784,
    "seminar-film-un-bounded-engineering-and-evolutionary-stability": 0.8687644743963576,
    "writing-global-histories-in-the-anthropocene": 0.8679908828241749,
    "the-four-dimensional-mississippi": 0.867866522403828,
    "state-of-nature-some-philosophical-issues": 0.8651613621339083,
    "significant-and-insignificant-mounds-2": 0.8650071410273819,
    "the-mississippi-basin-an-operational-landscape": 0.8626120643185503,
    "sharing-surveillance-data": 0.8620876844343904,
    "seminar-film-clashing-temporalities": 0.8619641679509685,
    "timeslips": 0.8609847362525175,
    "plastic-and-surrogacy": 0.8607700520093574,
    "understanding-the-north-american-lost-crops": 0.8603942537376196,
    "twin-cities-artist-residency-mississippi-an-anthropocene-story": 0.8603093242592609,
    "seminar-governing-the-technosphere": 0.8598528640230036,
    "the-shape-of-a-practice-seminars": 0.8587797937664482,
    "reshaping-the-shape-embodiment-ecology-and-culture-of-a-postnatural-carp": 0.8580721557894698,
    "seminar-exhaustion-and-imagination": 0.8578986467742741,
    "seminar-filtering-the-anthropocene": 0.8571023615214056,
    "taking-nature-into-account-historical-perspectives-and-paradoxes": 0.8558465089832908,
    "technosphere-magazine": 0.8544561848843915,
    "seminar-disciplinarities": 0.8537452196663433,