{
    "planting-a-seed-is-revolutionary-act": 0.9822641618313972,
    "stranging-the-anthropocene-refraction": 0.9748078573774087,
    "real-estate-river": 0.974544964292401,
    "ny-alesund-svalbard-norway": 0.9745067591126715,
    "navigating-the-anthropocene-river": 0.9742840181576138,
    "sacrifice-zones-and-portable-climate": 0.9737035672911325,
    "sounding-landscapes": 0.9721042398436802,
    "risk-equity-in-the-louisiana-anthropocene": 0.9720651908112362,
    "seminar-report-anthropogenic-landscapes": 0.9717412995664181,
    "seminar-co-evolution-of-the-technosphere": 0.9712939743344765,
    "plant-domestication-and-dispersal": 0.9696175818831011,
    "writing-global-histories-in-the-anthropocene": 0.9694474998952586,
    "seminar-report-filtering-the-anthropocene": 0.9694193224543809,
    "one-place-many-names": 0.9690956567801322,
    "producing-the-anthropocene-producing-the-future": 0.9689465033040399,
    "patagonia": 0.968574147830294,
    "seminar-claims-property": 0.9680974928437406,
    "outrunning-the-anthropocene": 0.9674093484502531,
    "the-confluence-area": 0.967204568797471,
    "one-world-solid-and-cracked": 0.966768870471453,
    "seminar-imaging-the-anthropocene": 0.9666793302980239,
    "white-sands": 0.9666756968775481,
    "tactics-for-quotidian-anthropocenes": 0.966498571855851,
    "the-shape-of-a-practice": 0.966433532595928,
    "re-patterning-with-kudzu": 0.9663319662076216,
    "uncalculated-risk": 0.9660018304582495,
    "the-terrain-of-the-former-veb-elektrokohle-lichtenberg": 0.9656280460879494,
    "telling-time-through-lagoons-of-human-waste-at-the-western-treatment-plant": 0.9655057992289094,
    "the-four-dimensional-mississippi": 0.9654328840707257,
    "timeslips": 0.965246399670718,
    "the-vietnamese-community-in-eastern-new-orleans": 0.9650040432096358,
    "shadowing-the-anthropocene": 0.9649214932301962,
    "orbital-geopolitics": 0.9645640604142861,
    "remnant-formations": 0.9644452046681744,
    "the-american-bottom": 0.9644088705631306,
    "social-witnessing": 0.9640061774725243,
    "seminar-report-slow-media": 0.9635338052407426,
    "the-mississippi-basin-an-operational-landscape": 0.96340077929441,
    "walk-about-it": 0.9633682976071457,
    "time-and-time-again": 0.9631845153741564,
    "state-of-nature-in-india": 0.9631806158079074,
    "performing-the-anthropocene": 0.9629219085657513,
    "significant-and-insignificant-mounds": 0.9628088495771174,
    "seminar-report-geo-politics": 0.9628059698269061,
    "the-stories-we-tell-the-images-we-take": 0.962731209086793,
    "the-aerocene-campus": 0.9623163959547438,
    "seminar-communicating": 0.962179265452408,
    "state-of-nature-some-philosophical-issues": 0.9620976957267394,
    "pockets-reflections-on-the-anthropocene-campus-melbourne": 0.9605581713815573,
    "river-memory": 0.9602000244649745,
    "too-little-water-the-lake-chad-story": 0.9600167791211135,
    "parallax-lisboa": 0.9599735707162163,
    "taking-nature-into-account-historical-perspectives-and-paradoxes": 0.9596735261024165,
    "on-the-recuperative-mismanagement-of-a-cosmopolitan-fish": 0.959404660614679,
    "seminar-reflection-2": 0.9593297307614748,
    "seminar-reflections-algorithmic-intermediation-and-smartness": 0.9591532641332388,
    "resisting-the-oblivion-of-eco-colonialism": 0.9591186897381456,
    "oysters-selective-pressures-and-antibiotic-resistance-in-the-mississippi-delta": 0.9589169823599295,
    "somewhere-somehow-a-co-evolution-story": 0.9588272825483719,
    "seminar-anthropogenic-landscapes": 0.9588160695559764,
    "on-the-use-of-the-word-code-by-the-kogi-translator": 0.9587984930923663,
    "xaraasi-xanne-crossing-voices": 0.9585322028115698,
    "seminar-valuing-nature": 0.9577318910243601,
    "reshaping-the-shape-embodiment-ecology-and-culture-of-a-postnatural-carp": 0.9573128434444791,
    "seminar-clashing-temporalities": 0.9571454239091848,
    "plastic-and-surrogacy": 0.9569774884196304,
    "times-before-and-after": 0.9563047582129276,
    "nordic-fauna-seen-in-nature": 0.9562765619109342,
    "the-floating-ear": 0.9560565220888733,
    "project-launch-minneapolis": 0.9558635899961546,
    "touring-the-anthropocenery-whos-in-charge-here-2014": 0.9558262273412955,
    "time-out-of-mind": 0.9556319241123904,
    "seminar-co-evolutionary-perspectives": 0.9554086834214461,
    "the-free-sea": 0.9553377520698263,
    "the-hyphen": 0.9550946136528419,
    "tree-x-office": 0.9548416186876444,
    "nigeria-oil-pipes": 0.9547183705110909,
    "the-anthropocene-in-light-of-biological-feedback": 0.9544175601234083,
    "understanding-the-north-american-lost-crops": 0.954115950430186,
    "seminar-disciplinarities": 0.9534718705725141,
    "seminar-commodity-flows": 0.9533613260395882,
    "seminar-sensing": 0.9531048133391047,
    "this-is-not-about-survival-its-about-bringing-your-coracle": 0.9525320963742518,
    "significant-and-insignificant-mounds-2": 0.952436448374822,
    "river-semester-project": 0.952338874746817,
    "rogue-elements-of-the-upper-mississippi": 0.952281850720263,
    "twin-cities-artist-residency-mississippi-an-anthropocene-story": 0.9520548055383429,
    "the-great-green-desert": 0.9518919231023466,
    "tactics-for-quotidian-anthropocenes-2": 0.9517227162475346,
    "terraforming": 0.9512607591027481,
    "on-consuming-slow-media": 0.9508386351308604,
    "voice-and-representation": 0.950603138633673,
    "seminar-modelling-wicked-problems": 0.9496776704055961,
    "us-southwest": 0.9491796916196569,
    "transect-walk-cahokia-mounds-to-fairmont-city": 0.9489029129052985,
    "seminar-sensing-the-insensible": 0.9486287928236926,
    "shaped-by-rivers": 0.9481725948278575,
    "seminar-un-bounded-engineering-and-evolutionary-stability": 0.9481720345685353,
    "prologue-the-fence-concept": 0.9472503658996484,
    "seminar-romancing-the-anthropocene": 0.9471809655780569,
    "technosphere-co-evolution-a-seminal-seminar-conversation": 0.9466441626174502,
    "seminar-archiving": 0.9464595878621229,
    "the-maledives-case": 0.9460319803708993,
    "temporary-continent": 0.9459687518895352,
    "seminar-consensus-building": 0.9458043814488407,
    "wicked-problems-and-mental-models": 0.9457963857883007,
    "of-forests-of-rivers-and-of-meals": 0.9448633393416165,
    "place-and-space": 0.9447874187930845,
    "systems-analysis-and-modeling": 0.9447727888770963,
    "seminar-filtering-the-anthropocene": 0.9445772170844831,
    "the-danish-text": 0.9441033782823463,
    "river-semester": 0.9438180333428365,
    "paddle-waves-and-sparkling-light": 0.9437893529622937,
    "seminar-governing-the-technosphere": 0.9437475922850428,
    "seminar-exhaustion-and-imagination": 0.9426928301386671,
    "the-anthropocene-and-our-post-natural-future-2": 0.9412602956260426,
    "seminar-slow-media": 0.9407810266962658,
    "panel-talk-beween-patricia-piccinini-and-claudia-vickers": 0.9406588677615743,
    "seminar-techno-metabolism": 0.9394082594637301,
    "seminar-film-exhaustion-and-imagination": 0.9387282990028734,
    "seminar-algorithmic-intermediation-and-smartness": 0.9382674530763385,
    "praying-for-the-water-with-saundi-mcclain-kloeckner": 0.937829637360908,
    "typha-the-once-and-future-planty-companion": 0.9375750727699844,
    "technosphere-magazine": 0.9369337280246456,
    "new-orleans-anthropocene-field-campus": 0.936677717009402,
    "slow-disaster": 0.93599556921553,
    "the-rights-of-nature": 0.9340743860952436,
    "specifics-of-vulnerability": 0.9334926787744073,
    "the-shape-of-a-practice-online-project-environment": 0.9334647160490442,
    "seminar-film-clashing-temporalities": 0.9318715653076797,
    "the-shape-of-a-practice-seminars": 0.9318045924584232,
    "the-hedge": 0.9293002232740577,
    "seminar-film-commodity-flows": 0.929100419609228,