{
    "risk-equity-in-the-louisiana-anthropocene": 0.9954579507037203,
    "telling-time-through-lagoons-of-human-waste-at-the-western-treatment-plant": 0.9927635019569828,
    "performing-the-anthropocene": 0.9926823626057958,
    "planting-a-seed-is-revolutionary-act": 0.9921064840490567,
    "pockets-reflections-on-the-anthropocene-campus-melbourne": 0.9919809048049026,
    "one-place-many-names": 0.9915030400016706,
    "resisting-the-oblivion-of-eco-colonialism": 0.9900729080626894,
    "time-out-of-mind": 0.9899649151337443,
    "on-the-use-of-the-word-code-by-the-kogi-translator": 0.9895024910640369,
    "outrunning-the-anthropocene": 0.9892350776240998,
    "the-free-sea": 0.9888517085669131,
    "the-terrain-of-the-former-veb-elektrokohle-lichtenberg": 0.9885617110852692,
    "one-world-solid-and-cracked": 0.9885114619883477,
    "seminar-report-filtering-the-anthropocene": 0.988429510173568,
    "rogue-elements-of-the-upper-mississippi": 0.9880207487601927,
    "somewhere-somehow-a-co-evolution-story": 0.9879257660861441,
    "producing-the-anthropocene-producing-the-future": 0.9878149527487928,
    "stranging-the-anthropocene-refraction": 0.9874667040509878,
    "sacrifice-zones-and-portable-climate": 0.9872709427800606,
    "sounding-landscapes": 0.9869608984643569,
    "the-aerocene-campus": 0.986957130464575,
    "seminar-report-geo-politics": 0.9869535147563869,
    "uncalculated-risk": 0.9859654407255056,
    "tactics-for-quotidian-anthropocenes": 0.9858575824047736,
    "seminar-report-anthropogenic-landscapes": 0.9857462096298217,
    "real-estate-river": 0.9849118208256603,
    "nordic-fauna-seen-in-nature": 0.9847031637856788,
    "shadowing-the-anthropocene": 0.984253792141764,
    "the-four-dimensional-mississippi": 0.9842407397195083,
    "touring-the-anthropocenery-whos-in-charge-here-2014": 0.9840391871667388,
    "timeslips": 0.9838798898412544,
    "technosphere-co-evolution-a-seminal-seminar-conversation": 0.9836969356438381,
    "remnant-formations": 0.98361875038407,
    "patagonia": 0.9834984911544744,
    "seminar-reflections-algorithmic-intermediation-and-smartness": 0.9829105732058324,
    "white-sands": 0.9828519852983942,
    "of-forests-of-rivers-and-of-meals": 0.9826582062982979,
    "times-before-and-after": 0.9825618313284934,
    "the-hyphen": 0.9822465081256911,
    "the-floating-ear": 0.9820805831273148,
    "seminar-imaging-the-anthropocene": 0.9818680511939807,
    "seminar-report-slow-media": 0.9809094584553905,
    "time-and-time-again": 0.9808296888158547,
    "seminar-reflection-2": 0.9807997848709884,
    "walk-about-it": 0.9807245668525977,
    "wicked-problems-and-mental-models": 0.9805338792029767,
    "the-shape-of-a-practice": 0.9804448124864203,
    "ny-alesund-svalbard-norway": 0.9791473877290378,
    "specifics-of-vulnerability": 0.9784440662645417,
    "the-stories-we-tell-the-images-we-take": 0.978252350808164,
    "seminar-co-evolution-of-the-technosphere": 0.9781162416860205,
    "on-the-recuperative-mismanagement-of-a-cosmopolitan-fish": 0.9780838142122258,
    "orbital-geopolitics": 0.9776706533721936,
    "nigeria-oil-pipes": 0.977313674990001,
    "social-witnessing": 0.977124251575297,
    "seminar-clashing-temporalities": 0.9770866129463956,
    "seminar-exhaustion-and-imagination": 0.9769696312715527,
    "the-anthropocene-in-light-of-biological-feedback": 0.9767719720899737,
    "tree-x-office": 0.976479960065946,
    "the-confluence-area": 0.9762258228576172,
    "seminar-valuing-nature": 0.9761439868105753,
    "on-consuming-slow-media": 0.976085993577877,
    "too-little-water-the-lake-chad-story": 0.9759659569794995,
    "seminar-anthropogenic-landscapes": 0.9759348870723126,
    "seminar-modelling-wicked-problems": 0.9755406233590622,
    "terraforming": 0.9754673039543006,
    "seminar-sensing": 0.9752768387227492,
    "this-is-not-about-survival-its-about-bringing-your-coracle": 0.9752073455427818,
    "significant-and-insignificant-mounds": 0.9744422658223494,
    "the-mississippi-basin-an-operational-landscape": 0.974166909270109,
    "seminar-communicating": 0.9737506303153274,
    "prologue-the-fence-concept": 0.9736697585203584,
    "praying-for-the-water-with-saundi-mcclain-kloeckner": 0.973438269912376,
    "river-memory": 0.9734198815006595,
    "the-vietnamese-community-in-eastern-new-orleans": 0.9732389993613844,
    "technostratigraphy-of-a-technological-object": 0.9729302930009076,
    "state-of-nature-in-india": 0.9727031397933431,
    "oysters-selective-pressures-and-antibiotic-resistance-in-the-mississippi-delta": 0.9718922720733179,
    "seminar-co-evolutionary-perspectives": 0.9714186318387078,
    "plastic-and-surrogacy": 0.9705108216074462,
    "seminar-slow-media": 0.9704603254375775,
    "the-american-bottom": 0.9704327379443713,
    "seminar-governing-the-technosphere": 0.9702729544887384,
    "seminar-consensus-building": 0.9701017919438191,
    "voice-and-representation": 0.969987339894578,
    "seminar-archiving": 0.9694866586610431,
    "re-patterning-with-kudzu": 0.9684020817292845,
    "paddle-waves-and-sparkling-light": 0.968141999234867,
    "xaraasi-xanne-crossing-voices": 0.9666072092179135,
    "the-anthropocene-and-our-post-natural-future-2": 0.9665059554558619,
    "seminar-sensing-the-insensible": 0.9660002030305821,
    "the-maledives-case": 0.9659595329214032,
    "peter-schlemihl-exploring-anthropocenic-landscapes": 0.9649971861119886,
    "place-and-space": 0.9649652172291855,
    "parallax-lisboa": 0.9646790915858033,
    "systems-analysis-and-modeling": 0.9642694675090386,
    "seminar-disciplinarities": 0.9632756702875854,
    "writing-global-histories-in-the-anthropocene": 0.9631424054805225,
    "twin-cities-artist-residency-mississippi-an-anthropocene-story": 0.9627299764980637,
    "us-southwest": 0.9617033852256813,
    "understanding-the-north-american-lost-crops": 0.9612144941955538,
    "seminar-filtering-the-anthropocene": 0.9611313770315412,
    "the-hedge": 0.9609187817494126,
    "reshaping-the-shape-embodiment-ecology-and-culture-of-a-postnatural-carp": 0.9606963284529442,
    "the-danish-text": 0.9605039374875397,
    "river-semester-project": 0.9603886178263168,
    "state-of-nature-some-philosophical-issues": 0.960020254130356,
    "project-launch-minneapolis": 0.9592779916344469,
    "seminar-claims-property": 0.957725089611759,
    "seminar-algorithmic-intermediation-and-smartness": 0.9562686323354967,
    "seminar-commodity-flows": 0.9557186518175786,
    "tactics-for-quotidian-anthropocenes-2": 0.955487278750829,
    "seminar-techno-metabolism": 0.9553993467224284,
    "the-great-green-desert": 0.9549377528219468,
    "seminar-romancing-the-anthropocene": 0.9545080294830969,
    "temporary-continent": 0.9543525926480254,
    "plant-domestication-and-dispersal": 0.954139883949166,
    "significant-and-insignificant-mounds-2": 0.9541397169428572,
    "taking-nature-into-account-historical-perspectives-and-paradoxes": 0.953958504135411,
    "the-shape-of-a-practice-online-project-environment": 0.9538535783590331,
    "typha-the-once-and-future-planty-companion": 0.9532542172134442,
    "the-shape-of-a-practice-seminars": 0.9512186062589263,
    "river-semester": 0.9504788548664764,
    "seminar-film-exhaustion-and-imagination": 0.9483506856614885,
    "the-anthropogenic-influence-onto-the-air-quality-along-the-mississippi-river-findings": 0.9476624257186463,
    "seminar-un-bounded-engineering-and-evolutionary-stability": 0.9459595947150391,
    "panel-talk-beween-patricia-piccinini-and-claudia-vickers": 0.9443310212634443,
    "shaped-by-rivers": 0.9433303109028173,
    "seminar-risk-equity": 0.9417339104599493,
    "slow-disaster": 0.941602331401628,
    "technosphere-magazine": 0.9391750704885455,
    "new-orleans-anthropocene-field-campus": 0.9374453983111779,
    "transect-walk-cahokia-mounds-to-fairmont-city": 0.937082442514894,
    "seminar-film-clashing-temporalities": 0.935543244966634,