{
    "outrunning-the-anthropocene": 0.9816220879396299,
    "rogue-elements-of-the-upper-mississippi": 0.9815085390069697,
    "sacrifice-zones-and-portable-climate": 0.9797568972259761,
    "telling-time-through-lagoons-of-human-waste-at-the-western-treatment-plant": 0.9791443347690583,
    "white-sands": 0.9778625238905018,
    "the-four-dimensional-mississippi": 0.976956342416849,
    "one-place-many-names": 0.9761369347113966,
    "risk-equity-in-the-louisiana-anthropocene": 0.9736197169692563,
    "of-forests-of-rivers-and-of-meals": 0.973519912458436,
    "planting-a-seed-is-revolutionary-act": 0.9727113453378416,
    "pockets-reflections-on-the-anthropocene-campus-melbourne": 0.9717705010147476,
    "patagonia": 0.971659534804008,
    "uncalculated-risk": 0.9710723142432842,
    "the-vietnamese-community-in-eastern-new-orleans": 0.9701055030196354,
    "somewhere-somehow-a-co-evolution-story": 0.9695867707314979,
    "orbital-geopolitics": 0.969520651024428,
    "time-out-of-mind": 0.9692242335187308,
    "performing-the-anthropocene": 0.9688373951027995,
    "the-terrain-of-the-former-veb-elektrokohle-lichtenberg": 0.9685278166131154,
    "one-world-solid-and-cracked": 0.9685005973426112,
    "sounding-landscapes": 0.9671500702019037,
    "oysters-selective-pressures-and-antibiotic-resistance-in-the-mississippi-delta": 0.9670502608913734,
    "nordic-fauna-seen-in-nature": 0.9670086970895884,
    "real-estate-river": 0.9668849785596235,
    "resisting-the-oblivion-of-eco-colonialism": 0.966487648824621,
    "remnant-formations": 0.9662017591589672,
    "on-the-use-of-the-word-code-by-the-kogi-translator": 0.9658963653054662,
    "on-the-recuperative-mismanagement-of-a-cosmopolitan-fish": 0.9658149317582989,
    "seminar-report-geo-politics": 0.9651740731125255,
    "timeslips": 0.9647876252791289,
    "the-aerocene-campus": 0.9646630171461051,
    "the-mississippi-basin-an-operational-landscape": 0.9642935713801096,
    "us-southwest": 0.9640890950661194,
    "prologue-the-fence-concept": 0.9636356686573828,
    "the-free-sea": 0.9634150432366364,
    "this-is-not-about-survival-its-about-bringing-your-coracle": 0.9630765801909976,
    "the-stories-we-tell-the-images-we-take": 0.9629820616513423,
    "tree-x-office": 0.9628096157478261,
    "seminar-report-filtering-the-anthropocene": 0.9625529711019367,
    "tactics-for-quotidian-anthropocenes": 0.9622024620571842,
    "too-little-water-the-lake-chad-story": 0.9612971472405771,
    "paddle-waves-and-sparkling-light": 0.9606047145927459,
    "re-patterning-with-kudzu": 0.9600917174389457,
    "technostratigraphy-of-a-technological-object": 0.9599918558051382,
    "ny-alesund-svalbard-norway": 0.9593189113993904,
    "praying-for-the-water-with-saundi-mcclain-kloeckner": 0.9586358341551915,
    "significant-and-insignificant-mounds": 0.9586050381942003,
    "the-maledives-case": 0.9577211588593404,
    "stranging-the-anthropocene-refraction": 0.9577205450239684,
    "shadowing-the-anthropocene": 0.9571061611826274,
    "producing-the-anthropocene-producing-the-future": 0.9565630616090363,
    "seminar-report-anthropogenic-landscapes": 0.9565129354840107,
    "the-anthropocene-in-light-of-biological-feedback": 0.9556190501250101,
    "social-witnessing": 0.9551512302265837,
    "technosphere-co-evolution-a-seminal-seminar-conversation": 0.9550727797289124,
    "seminar-clashing-temporalities": 0.9548852752141705,
    "seminar-report-slow-media": 0.9540924924389215,
    "the-great-green-desert": 0.9539859066518854,
    "the-danish-text": 0.9530002421868093,
    "the-american-bottom": 0.952460750855469,
    "touring-the-anthropocenery-whos-in-charge-here-2014": 0.951768580896911,
    "the-confluence-area": 0.9512391927241177,
    "river-memory": 0.9510798690565796,
    "the-hyphen": 0.9509779937353995,
    "terraforming": 0.9503135279606149,
    "the-floating-ear": 0.9497250743583221,
    "wicked-problems-and-mental-models": 0.9497105001023018,
    "the-shape-of-a-practice": 0.9487619453567592,
    "specifics-of-vulnerability": 0.9486297007751836,
    "time-and-time-again": 0.948267922366075,
    "times-before-and-after": 0.9479265118947633,
    "state-of-nature-in-india": 0.9477815434523565,
    "seminar-commodity-flows": 0.9475951211919016,
    "seminar-anthropogenic-landscapes": 0.9473254228944203,
    "seminar-imaging-the-anthropocene": 0.9466807581984253,
    "seminar-reflections-algorithmic-intermediation-and-smartness": 0.9464538401105269,
    "walk-about-it": 0.9461638657075588,
    "the-hedge": 0.9461552977237421,
    "seminar-co-evolution-of-the-technosphere": 0.9461534471673445,
    "xaraasi-xanne-crossing-voices": 0.9458491212785028,
    "temporary-continent": 0.9458439200689729,
    "seminar-reflection-2": 0.9443782529531255,
    "seminar-communicating": 0.9431962726076374,
    "seminar-techno-metabolism": 0.9425539676352337,
    "understanding-the-north-american-lost-crops": 0.9425360896792527,
    "seminar-modelling-wicked-problems": 0.9422675571948356,
    "on-consuming-slow-media": 0.9422287198665258,
    "seminar-valuing-nature": 0.9421295857496713,
    "reshaping-the-shape-embodiment-ecology-and-culture-of-a-postnatural-carp": 0.9417937404696147,
    "plastic-and-surrogacy": 0.9411221723667952,
    "peter-schlemihl-exploring-anthropocenic-landscapes": 0.9407475809291791,
    "the-anthropogenic-influence-onto-the-air-quality-along-the-mississippi-river-findings": 0.9400479733385398,
    "seminar-claims-property": 0.9395362920232666,
    "typha-the-once-and-future-planty-companion": 0.9394121278483768,
    "seminar-sensing": 0.9387076071104017,
    "significant-and-insignificant-mounds-2": 0.9386651103865126,
    "plant-domestication-and-dispersal": 0.9382875627600562,
    "seminar-archiving": 0.9376202822530063,
    "the-anthropocene-and-our-post-natural-future-2": 0.9374693657663099,
    "seminar-exhaustion-and-imagination": 0.9371924900675553,
    "systems-analysis-and-modeling": 0.9368080278564658,
    "place-and-space": 0.9364713465040243,
    "seminar-co-evolutionary-perspectives": 0.9359632578638313,
    "seminar-governing-the-technosphere": 0.9351616872474137,
    "river-semester-project": 0.9346043464846192,
    "seminar-slow-media": 0.932810099532641,
    "shaped-by-rivers": 0.9327868601780741,
    "seminar-sensing-the-insensible": 0.9313946480932547,
    "seminar-consensus-building": 0.9309184285418057,
    "seminar-un-bounded-engineering-and-evolutionary-stability": 0.9304616276578745,
    "voice-and-representation": 0.9302916799268893,
    "parallax-lisboa": 0.9302068371352408,
    "writing-global-histories-in-the-anthropocene": 0.9300213159007351,
    "state-of-nature-some-philosophical-issues": 0.92998613515338,
    "river-semester": 0.929927924335994,
    "seminar-filtering-the-anthropocene": 0.9265528718513358,
    "twin-cities-artist-residency-mississippi-an-anthropocene-story": 0.9257197198233845,
    "over-the-levee-under-the-plow": 0.9256875871733309,
    "transect-walk-cahokia-mounds-to-fairmont-city": 0.9256778293552148,
    "slow-disaster": 0.9247809041792153,
    "technosphere-magazine": 0.9235328134961828,
    "project-launch-minneapolis": 0.9229839079973641,
    "resonance-vegetale": 0.9228778029322331,
    "panel-talk-beween-patricia-piccinini-and-claudia-vickers": 0.9219987058742038,
    "seminar-romancing-the-anthropocene": 0.9219421932426308,
    "seminar-algorithmic-intermediation-and-smartness": 0.9211091132692115,
    "tactics-for-quotidian-anthropocenes-2": 0.9208216480152968,
    "taking-nature-into-account-historical-perspectives-and-paradoxes": 0.920341458936369,
    "seminar-disciplinarities": 0.9190338215020842,
    "the-shape-of-a-practice-online-project-environment": 0.916718013418104,
    "the-rights-of-nature": 0.9160878092086936,
    "seminar-film-exhaustion-and-imagination": 0.9125164709161465,
    "the-shape-of-a-practice-seminars": 0.9122024155729709,
    "seminar-risk-equity": 0.9066158454315739,