{
    "seminar-report-filtering-the-anthropocene": 0.9862340461578051,
    "seminar-report-anthropogenic-landscapes": 0.9826811372721368,
    "producing-the-anthropocene-producing-the-future": 0.9808355644488578,
    "outrunning-the-anthropocene": 0.9806931838347042,
    "sounding-landscapes": 0.980199756771845,
    "real-estate-river": 0.9797477682765011,
    "seminar-report-geo-politics": 0.9796609258001325,
    "the-mississippi-basin-an-operational-landscape": 0.9792867934457963,
    "sacrifice-zones-and-portable-climate": 0.9790386181092517,
    "planting-a-seed-is-revolutionary-act": 0.9789978254567733,
    "the-shape-of-a-practice": 0.978628865123545,
    "remnant-formations": 0.9782103372770345,
    "risk-equity-in-the-louisiana-anthropocene": 0.9780300291376006,
    "seminar-co-evolution-of-the-technosphere": 0.9777915451574478,
    "one-world-solid-and-cracked": 0.9777400324939712,
    "orbital-geopolitics": 0.9771981206797611,
    "too-little-water-the-lake-chad-story": 0.9771974015982134,
    "the-terrain-of-the-former-veb-elektrokohle-lichtenberg": 0.9768385318714571,
    "stranging-the-anthropocene-refraction": 0.9766201719902046,
    "state-of-nature-in-india": 0.9763819593383187,
    "the-four-dimensional-mississippi": 0.9760413091390306,
    "uncalculated-risk": 0.9759038035878308,
    "seminar-valuing-nature": 0.975843748042095,
    "white-sands": 0.9744567598667089,
    "telling-time-through-lagoons-of-human-waste-at-the-western-treatment-plant": 0.9743312256977196,
    "writing-global-histories-in-the-anthropocene": 0.9728593333955085,
    "tactics-for-quotidian-anthropocenes": 0.9727364242038435,
    "oysters-selective-pressures-and-antibiotic-resistance-in-the-mississippi-delta": 0.9726052544918822,
    "seminar-imaging-the-anthropocene": 0.9724566907306927,
    "seminar-reflections-algorithmic-intermediation-and-smartness": 0.9715825056430327,
    "performing-the-anthropocene": 0.9713709419386385,
    "re-patterning-with-kudzu": 0.9712424697318512,
    "timeslips": 0.9710511010489075,
    "somewhere-somehow-a-co-evolution-story": 0.9709900195035862,
    "plant-domestication-and-dispersal": 0.970759435170541,
    "plastic-and-surrogacy": 0.9704317211400721,
    "seminar-report-slow-media": 0.9702388036608423,
    "the-anthropocene-in-light-of-biological-feedback": 0.9697162614815842,
    "one-place-many-names": 0.9696493991903521,
    "the-floating-ear": 0.969433940968744,
    "patagonia": 0.9691720111119245,
    "resisting-the-oblivion-of-eco-colonialism": 0.9688385043876666,
    "the-aerocene-campus": 0.9685897918408739,
    "seminar-reflection-2": 0.9684873629695814,
    "state-of-nature-some-philosophical-issues": 0.9684338057572608,
    "walk-about-it": 0.9682999910850242,
    "social-witnessing": 0.9679649825320663,
    "seminar-anthropogenic-landscapes": 0.9678340090384882,
    "seminar-communicating": 0.9668807966973959,
    "times-before-and-after": 0.9667974468109164,
    "shadowing-the-anthropocene": 0.9666414260573172,
    "the-free-sea": 0.9665776321931019,
    "seminar-modelling-wicked-problems": 0.9661691392389653,
    "time-and-time-again": 0.9658365452628936,
    "taking-nature-into-account-historical-perspectives-and-paradoxes": 0.9656238567305212,
    "pockets-reflections-on-the-anthropocene-campus-melbourne": 0.9654174920311485,
    "seminar-sensing": 0.9652711938990908,
    "the-maledives-case": 0.9649740340382785,
    "systems-analysis-and-modeling": 0.9648864158465241,
    "on-the-use-of-the-word-code-by-the-kogi-translator": 0.9645369571611465,
    "parallax-lisboa": 0.9643072618255075,
    "seminar-commodity-flows": 0.9639167343259114,
    "significant-and-insignificant-mounds": 0.9638764164865289,
    "reshaping-the-shape-embodiment-ecology-and-culture-of-a-postnatural-carp": 0.9636247535285722,
    "the-american-bottom": 0.9623401919562974,
    "wicked-problems-and-mental-models": 0.9620339873008393,
    "the-hyphen": 0.9617547986305675,
    "the-confluence-area": 0.9617073267967756,
    "the-vietnamese-community-in-eastern-new-orleans": 0.9615905815700009,
    "on-consuming-slow-media": 0.9615295033119432,
    "time-out-of-mind": 0.9606325639130096,
    "project-launch-minneapolis": 0.9605322135492957,
    "the-stories-we-tell-the-images-we-take": 0.9605252272213123,
    "technosphere-co-evolution-a-seminal-seminar-conversation": 0.9604650704475517,
    "touring-the-anthropocenery-whos-in-charge-here-2014": 0.9598194513010753,
    "voice-and-representation": 0.9596586487895628,
    "on-the-recuperative-mismanagement-of-a-cosmopolitan-fish": 0.9594464981113348,
    "seminar-filtering-the-anthropocene": 0.9593477673270935,
    "seminar-governing-the-technosphere": 0.9592244775246376,
    "terraforming": 0.958787286812367,
    "river-memory": 0.9580169244498786,
    "seminar-disciplinarities": 0.9580111893061453,
    "the-anthropogenic-influence-onto-the-air-quality-along-the-mississippi-river-findings": 0.9580064642850603,
    "the-anthropocene-and-our-post-natural-future-2": 0.9574598448141262,
    "rogue-elements-of-the-upper-mississippi": 0.9574050651095662,
    "seminar-claims-property": 0.9573144321313625,
    "of-forests-of-rivers-and-of-meals": 0.9569925841303677,
    "tree-x-office": 0.9569301566450955,
    "seminar-consensus-building": 0.9567952378235577,
    "seminar-co-evolutionary-perspectives": 0.9566793280367909,
    "this-is-not-about-survival-its-about-bringing-your-coracle": 0.9562974020716036,
    "seminar-un-bounded-engineering-and-evolutionary-stability": 0.9560367146953234,
    "the-great-green-desert": 0.955974137235488,
    "the-danish-text": 0.9557314287254808,
    "tactics-for-quotidian-anthropocenes-2": 0.955616080818165,
    "seminar-exhaustion-and-imagination": 0.9555482536332176,
    "understanding-the-north-american-lost-crops": 0.9552055614425488,
    "xaraasi-xanne-crossing-voices": 0.9546782002300702,
    "shaped-by-rivers": 0.9540688487385486,
    "seminar-archiving": 0.953260859266368,
    "seminar-clashing-temporalities": 0.9525140569391283,
    "place-and-space": 0.9518118387191165,
    "twin-cities-artist-residency-mississippi-an-anthropocene-story": 0.9517407815850236,
    "seminar-slow-media": 0.9515868948841794,
    "temporary-continent": 0.9507193451596748,
    "us-southwest": 0.9501383099667408,
    "the-shape-of-a-practice-online-project-environment": 0.9500366248128828,
    "prologue-the-fence-concept": 0.9497129334470441,
    "significant-and-insignificant-mounds-2": 0.9496621229290837,
    "seminar-risk-equity": 0.9487133209407164,
    "river-semester-project": 0.9486669535053458,
    "river-semester": 0.947358336541396,
    "seminar-sensing-the-insensible": 0.9470185275020692,
    "technosphere-magazine": 0.9468793126118409,
    "the-shape-of-a-practice-seminars": 0.9465599743569514,
    "seminar-algorithmic-intermediation-and-smartness": 0.9453202219679278,
    "paddle-waves-and-sparkling-light": 0.9441619735641703,
    "the-hedge": 0.9433607673349083,
    "seminar-techno-metabolism": 0.9430078190202875,
    "seminar-romancing-the-anthropocene": 0.9424607740838266,
    "specifics-of-vulnerability": 0.9424299464885758,
    "panel-talk-beween-patricia-piccinini-and-claudia-vickers": 0.9413027931751966,
    "technostratigraphy-of-a-technological-object": 0.9396974504456902,
    "praying-for-the-water-with-saundi-mcclain-kloeckner": 0.9389130075103108,
    "slow-disaster": 0.9383076218998407,
    "typha-the-once-and-future-planty-companion": 0.9344770256314445,
    "seminar-film-exhaustion-and-imagination": 0.9336296073827882,
    "seminar-film-commodity-flows": 0.9312785268944328,
    "transect-walk-cahokia-mounds-to-fairmont-city": 0.9300913288167099,
    "the-rights-of-nature": 0.9290038054983965,
    "seminar-film-clashing-temporalities": 0.9277165722029259,
    "seminar-film-un-bounded-engineering-and-evolutionary-stability": 0.9269196202572022,
    "peter-schlemihl-exploring-anthropocenic-landscapes": 0.9251555679407301,