{
    "rogue-elements-of-the-upper-mississippi": 0.9860795136305199,
    "telling-time-through-lagoons-of-human-waste-at-the-western-treatment-plant": 0.9813506134366891,
    "time-out-of-mind": 0.980541754169975,
    "outrunning-the-anthropocene": 0.9795398740850881,
    "performing-the-anthropocene": 0.979392372471075,
    "resisting-the-oblivion-of-eco-colonialism": 0.9781643209891813,
    "risk-equity-in-the-louisiana-anthropocene": 0.9778400946479218,
    "somewhere-somehow-a-co-evolution-story": 0.9774737842354153,
    "pockets-reflections-on-the-anthropocene-campus-melbourne": 0.9774121262993976,
    "one-place-many-names": 0.9771950392172108,
    "on-the-use-of-the-word-code-by-the-kogi-translator": 0.9768171935789133,
    "the-four-dimensional-mississippi": 0.975913738481146,
    "the-free-sea": 0.9758333355326806,
    "sacrifice-zones-and-portable-climate": 0.9750039419781844,
    "the-terrain-of-the-former-veb-elektrokohle-lichtenberg": 0.9746953126439157,
    "technosphere-co-evolution-a-seminal-seminar-conversation": 0.9734071457659204,
    "on-the-recuperative-mismanagement-of-a-cosmopolitan-fish": 0.9732028478785768,
    "remnant-formations": 0.9728617553165233,
    "planting-a-seed-is-revolutionary-act": 0.9723080953158466,
    "technostratigraphy-of-a-technological-object": 0.9721842599888959,
    "white-sands": 0.9714067154803822,
    "sounding-landscapes": 0.9711256539953594,
    "seminar-report-geo-politics": 0.9696015144325084,
    "praying-for-the-water-with-saundi-mcclain-kloeckner": 0.9694716589225009,
    "one-world-solid-and-cracked": 0.9692150785408984,
    "uncalculated-risk": 0.9688902402255869,
    "specifics-of-vulnerability": 0.9686458303926767,
    "this-is-not-about-survival-its-about-bringing-your-coracle": 0.968605562265506,
    "patagonia": 0.9679602703643455,
    "seminar-report-filtering-the-anthropocene": 0.9679219938385121,
    "the-aerocene-campus": 0.9672905149067169,
    "wicked-problems-and-mental-models": 0.9668398559512188,
    "tactics-for-quotidian-anthropocenes": 0.9649221026275598,
    "producing-the-anthropocene-producing-the-future": 0.9649063210532771,
    "timeslips": 0.9643426136159807,
    "touring-the-anthropocenery-whos-in-charge-here-2014": 0.9642509908120905,
    "the-hyphen": 0.9641443001102951,
    "times-before-and-after": 0.9640387821208816,
    "shadowing-the-anthropocene": 0.963771937685353,
    "oysters-selective-pressures-and-antibiotic-resistance-in-the-mississippi-delta": 0.9636057544788552,
    "the-mississippi-basin-an-operational-landscape": 0.9635604260300099,
    "seminar-report-anthropogenic-landscapes": 0.9633802830267943,
    "stranging-the-anthropocene-refraction": 0.9628893237821646,
    "tree-x-office": 0.9627365211818322,
    "the-floating-ear": 0.9627138232080413,
    "the-anthropocene-in-light-of-biological-feedback": 0.9620714562243355,
    "orbital-geopolitics": 0.9613160443078168,
    "too-little-water-the-lake-chad-story": 0.9608573767201766,
    "real-estate-river": 0.9604451321608342,
    "prologue-the-fence-concept": 0.9595396526892901,
    "seminar-reflections-algorithmic-intermediation-and-smartness": 0.959042536154591,
    "the-stories-we-tell-the-images-we-take": 0.9588837811772671,
    "paddle-waves-and-sparkling-light": 0.9585933149637617,
    "seminar-clashing-temporalities": 0.958335208673679,
    "significant-and-insignificant-mounds": 0.9576912668221911,
    "re-patterning-with-kudzu": 0.9576805328206833,
    "the-shape-of-a-practice": 0.9576294427683708,
    "seminar-report-slow-media": 0.9572898137470068,
    "seminar-reflection-2": 0.9572296528334573,
    "time-and-time-again": 0.9570771758152631,
    "terraforming": 0.9569954616510704,
    "walk-about-it": 0.9569558089644057,
    "on-consuming-slow-media": 0.9566809756785813,
    "seminar-exhaustion-and-imagination": 0.9564049394239821,
    "peter-schlemihl-exploring-anthropocenic-landscapes": 0.9562988187955184,
    "understanding-the-north-american-lost-crops": 0.9560983532903353,
    "seminar-modelling-wicked-problems": 0.9560574265855645,
    "seminar-imaging-the-anthropocene": 0.9558938495619493,
    "the-vietnamese-community-in-eastern-new-orleans": 0.9552716248066404,
    "the-maledives-case": 0.9546625692729053,
    "seminar-anthropogenic-landscapes": 0.9543168897961211,
    "social-witnessing": 0.9540347818703754,
    "seminar-valuing-nature": 0.9528744936349554,
    "the-confluence-area": 0.9523404202272385,
    "seminar-sensing": 0.9520501860160259,
    "seminar-governing-the-technosphere": 0.9512595026728284,
    "seminar-co-evolution-of-the-technosphere": 0.9509075043539355,
    "seminar-slow-media": 0.9508845783005601,
    "river-memory": 0.9491420438257622,
    "seminar-archiving": 0.9486136803904315,
    "systems-analysis-and-modeling": 0.9481851126428021,
    "us-southwest": 0.9481755885480515,
    "seminar-consensus-building": 0.9481193067817527,
    "the-hedge": 0.9478490902812993,
    "plastic-and-surrogacy": 0.947099482054885,
    "seminar-co-evolutionary-perspectives": 0.9469472111009068,
    "state-of-nature-in-india": 0.9465792265449806,
    "the-danish-text": 0.9463316714384483,
    "the-anthropocene-and-our-post-natural-future-2": 0.9457687242860602,
    "the-great-green-desert": 0.9457165015013381,
    "voice-and-representation": 0.9453913359505355,
    "place-and-space": 0.9453546782317636,
    "the-anthropogenic-influence-onto-the-air-quality-along-the-mississippi-river-findings": 0.9451609488359258,
    "reshaping-the-shape-embodiment-ecology-and-culture-of-a-postnatural-carp": 0.9451413792191491,
    "seminar-communicating": 0.9450301653295732,
    "the-american-bottom": 0.9437786113768167,
    "xaraasi-xanne-crossing-voices": 0.9423511901091036,
    "seminar-sensing-the-insensible": 0.9404774008930639,
    "seminar-commodity-flows": 0.9403141680258076,
    "significant-and-insignificant-mounds-2": 0.9396195858360059,
    "seminar-techno-metabolism": 0.9389319253971983,
    "seminar-disciplinarities": 0.9388480529926156,
    "seminar-filtering-the-anthropocene": 0.9365745423629966,
    "twin-cities-artist-residency-mississippi-an-anthropocene-story": 0.9351345493162778,
    "plant-domestication-and-dispersal": 0.9340075986452272,
    "parallax-lisboa": 0.9331304640590692,
    "writing-global-histories-in-the-anthropocene": 0.9310564667379853,
    "the-shape-of-a-practice-online-project-environment": 0.9306879819344285,
    "temporary-continent": 0.929327005106835,
    "project-launch-minneapolis": 0.9289176505655075,
    "seminar-romancing-the-anthropocene": 0.9278097222767705,
    "typha-the-once-and-future-planty-companion": 0.9277275665620792,
    "river-semester-project": 0.9275752315915753,
    "seminar-algorithmic-intermediation-and-smartness": 0.9275720256449745,
    "state-of-nature-some-philosophical-issues": 0.9264786093544308,
    "the-shape-of-a-practice-seminars": 0.9261716143071862,
    "river-semester": 0.9248521082108868,
    "tactics-for-quotidian-anthropocenes-2": 0.9245517085552725,
    "seminar-claims-property": 0.9243052034483221,
    "seminar-un-bounded-engineering-and-evolutionary-stability": 0.920448184190307,
    "taking-nature-into-account-historical-perspectives-and-paradoxes": 0.9184675105197759,
    "shaped-by-rivers": 0.9182030106798745,
    "resonance-vegetale": 0.9165309125256126,
    "panel-talk-beween-patricia-piccinini-and-claudia-vickers": 0.9161925564738931,
    "technosphere-magazine": 0.9161285091111975,
    "transect-walk-cahokia-mounds-to-fairmont-city": 0.9153796966954888,
    "seminar-film-exhaustion-and-imagination": 0.914452783217854,
    "seminar-risk-equity": 0.9126078194124526,
    "slow-disaster": 0.9100357419272143,
    "open-seminars": 0.9087798384781541,
    "seminar-film-clashing-temporalities": 0.9010510154768321,
    "seminar-film-commodity-flows": 0.9002180259824494,
    "the-rights-of-nature": 0.8981926860817728,