{
    "seminar-communicating": 0.8391981038402515,
    "place-and-space": 0.8387129345106796,
    "seminar-archiving": 0.8357035950811328,
    "seminar-consensus-building": 0.8356349739391146,
    "seminar-reflection-2": 0.829854791494446,
    "seminar-sensing": 0.8285733252354466,
    "the-shape-of-a-practice-seminars": 0.827562549184232,
    "the-shape-of-a-practice": 0.8235067261886427,
    "seminar-exhaustion-and-imagination": 0.8202958803757029,
    "seminar-valuing-nature": 0.8196278480844835,
    "on-consuming-slow-media": 0.8184724293155446,
    "parallax-lisboa": 0.8182800923571434,
    "terraforming": 0.816307106917611,
    "seminar-modelling-wicked-problems": 0.8156921298786336,
    "seminar-co-evolution-of-the-technosphere": 0.8151961308858656,
    "seminar-disciplinarities": 0.8131363384039145,
    "the-floating-ear": 0.8125740717605322,
    "tactics-for-quotidian-anthropocenes": 0.8124049321569318,
    "the-shape-of-a-practice-online-project-environment": 0.8120681893425056,
    "seminar-reflections-algorithmic-intermediation-and-smartness": 0.8107460176641453,
    "twin-cities-artist-residency-mississippi-an-anthropocene-story": 0.8105287751681353,
    "taking-nature-into-account-historical-perspectives-and-paradoxes": 0.8104756645727554,
    "voice-and-representation": 0.810047116298383,
    "the-aerocene-campus": 0.809443600574607,
    "the-stories-we-tell-the-images-we-take": 0.8093780995950497,
    "the-confluence-area": 0.8093356873093774,
    "stranging-the-anthropocene-refraction": 0.8091097358518755,
    "seminar-report-anthropogenic-landscapes": 0.8088899767878113,
    "seminar-risk-equity": 0.8088504721529518,
    "systems-analysis-and-modeling": 0.8085527191874136,
    "open-seminars": 0.8084622292288705,
    "risk-equity-in-the-louisiana-anthropocene": 0.8076666627798547,
    "walk-about-it": 0.8076449703122455,
    "seminar-clashing-temporalities": 0.8070686910631351,
    "river-semester-project": 0.8067208939245268,
    "state-of-nature-in-india": 0.8065262388694869,
    "wicked-problems-and-mental-models": 0.805761864278297,
    "seminar-report-slow-media": 0.805532415641165,
    "seminar-co-evolutionary-perspectives": 0.8054821718101234,
    "tactics-for-quotidian-anthropocenes-2": 0.8048382210539051,
    "seminar-algorithmic-intermediation-and-smartness": 0.8044825871370809,
    "seminar-techno-metabolism": 0.8038820659948013,
    "river-semester": 0.8033412992756503,
    "seminar-sensing-the-insensible": 0.8025334517876384,
    "panel-talk-beween-patricia-piccinini-and-claudia-vickers": 0.8020799654720788,
    "social-witnessing": 0.8020377848775001,
    "pockets-reflections-on-the-anthropocene-campus-melbourne": 0.8015352907637987,
    "xaraasi-xanne-crossing-voices": 0.801312618461546,
    "seminar-romancing-the-anthropocene": 0.8009932608867848,
    "the-anthropocene-in-light-of-biological-feedback": 0.8009023442493881,
    "state-of-nature-some-philosophical-issues": 0.8008932436835442,
    "too-little-water-the-lake-chad-story": 0.7999892557982877,
    "the-anthropocene-and-our-post-natural-future-2": 0.7994707030195268,
    "seminar-un-bounded-engineering-and-evolutionary-stability": 0.7978474205609141,
    "the-hyphen": 0.797745634805854,
    "producing-the-anthropocene-producing-the-future": 0.7977143500394076,
    "writing-global-histories-in-the-anthropocene": 0.7976404205735329,
    "seminar-imaging-the-anthropocene": 0.7976381584718519,
    "project-launch-minneapolis": 0.796906549076853,
    "time-and-time-again": 0.7966122399518082,
    "seminar-report-geo-politics": 0.796254454695716,
    "slow-disaster": 0.7961056635339683,
    "seminar-governing-the-technosphere": 0.7959267310884484,
    "river-memory": 0.7941858236294241,
    "plastic-and-surrogacy": 0.7938190129257534,
    "seminar-report-filtering-the-anthropocene": 0.7937429276273477,
    "resisting-the-oblivion-of-eco-colonialism": 0.7932860520170557,
    "seminar-film-exhaustion-and-imagination": 0.7930975848623992,
    "oysters-selective-pressures-and-antibiotic-resistance-in-the-mississippi-delta": 0.7930412707221478,
    "seminar-commodity-flows": 0.7930197511244458,
    "shadowing-the-anthropocene": 0.7929365618995213,
    "seminar-slow-media": 0.7927340564115952,
    "seminar-anthropogenic-landscapes": 0.7919589356786676,
    "times-before-and-after": 0.7918864983314626,
    "remnant-formations": 0.7911223251329413,
    "the-american-bottom": 0.7894999769719238,
    "planting-a-seed-is-revolutionary-act": 0.7893461118370367,
    "orbital-geopolitics": 0.7885808424154035,
    "the-terrain-of-the-former-veb-elektrokohle-lichtenberg": 0.7880888242481655,
    "performing-the-anthropocene": 0.7876344296130222,
    "somewhere-somehow-a-co-evolution-story": 0.7875004522940035,
    "one-world-solid-and-cracked": 0.787450751192602,
    "outrunning-the-anthropocene": 0.7871518957948724,
    "technosphere-co-evolution-a-seminal-seminar-conversation": 0.7871440483767548,
    "telling-time-through-lagoons-of-human-waste-at-the-western-treatment-plant": 0.7865198905464351,
    "touring-the-anthropocenery-whos-in-charge-here-2014": 0.785602476333714,
    "on-the-recuperative-mismanagement-of-a-cosmopolitan-fish": 0.7854944174995343,
    "sacrifice-zones-and-portable-climate": 0.784469200520953,
    "seminar-filtering-the-anthropocene": 0.7842103091074456,
    "on-the-use-of-the-word-code-by-the-kogi-translator": 0.7841594438240289,
    "the-mississippi-basin-an-operational-landscape": 0.7822499570507117,
    "uncalculated-risk": 0.7821136752602147,
    "the-free-sea": 0.7818841999581913,
    "tree-x-office": 0.7812425029374598,
    "one-place-many-names": 0.7803479212188444,
    "sounding-landscapes": 0.7771825739030401,
    "the-anthropogenic-influence-onto-the-air-quality-along-the-mississippi-river-findings": 0.7768655700241264,
    "typha-the-once-and-future-planty-companion": 0.7765290155010438,
    "specifics-of-vulnerability": 0.7760169130425371,
    "temporary-continent": 0.7754523340830498,
    "time-out-of-mind": 0.7753236123105606,
    "timeslips": 0.7752452839060087,
    "seminar-claims-property": 0.7748327328328325,
    "paddle-waves-and-sparkling-light": 0.7747592152092369,
    "praying-for-the-water-with-saundi-mcclain-kloeckner": 0.7745797237335952,
    "real-estate-river": 0.7744717893524451,
    "patagonia": 0.7732143968800065,
    "the-hedge": 0.7731561852455648,
    "plant-domestication-and-dispersal": 0.772404372622798,
    "technostratigraphy-of-a-technological-object": 0.772310096768168,
    "significant-and-insignificant-mounds": 0.7719887642659432,
    "white-sands": 0.7719300331806547,
    "seminar-film-un-bounded-engineering-and-evolutionary-stability": 0.7715661559904344,
    "resonance-vegetale": 0.7713091246631837,
    "seminar-film-clashing-temporalities": 0.7700942666472931,
    "reshaping-the-shape-embodiment-ecology-and-culture-of-a-postnatural-carp": 0.7697099967362846,
    "rogue-elements-of-the-upper-mississippi": 0.7696950544825115,
    "the-four-dimensional-mississippi": 0.7670610063993927,
    "understanding-the-north-american-lost-crops": 0.7665952274271988,
    "shaped-by-rivers": 0.7644968890805643,
    "this-is-not-about-survival-its-about-bringing-your-coracle": 0.7641876560852235,
    "seminar-film-commodity-flows": 0.7641042887626105,
    "prologue-the-fence-concept": 0.7639670737673597,
    "the-vietnamese-community-in-eastern-new-orleans": 0.7637827002480726,
    "us-southwest": 0.7619222416071476,
    "the-danish-text": 0.7588017241183757,
    "peter-schlemihl-exploring-anthropocenic-landscapes": 0.7571766662772049,
    "technosphere-magazine": 0.7563678490072101,
    "re-patterning-with-kudzu": 0.7555091121839951,
    "the-maledives-case": 0.7551464436302016,
    "significant-and-insignificant-mounds-2": 0.7542868220731225,
    "the-rights-of-nature": 0.7529063035975972,
    "the-great-green-desert": 0.7510281296952588,
    "the-politics-of-modeling": 0.7367387182217467,