{
    "seminar-reflections-algorithmic-intermediation-and-smartness": 0.9896696462374075,
    "seminar-reflection-2": 0.988797359008996,
    "seminar-sensing": 0.9858110492020762,
    "seminar-report-anthropogenic-landscapes": 0.9852750222788769,
    "the-shape-of-a-practice": 0.9844693725570306,
    "seminar-report-slow-media": 0.9839327606901744,
    "seminar-modelling-wicked-problems": 0.9836938266255031,
    "times-before-and-after": 0.9829548730651176,
    "producing-the-anthropocene-producing-the-future": 0.9829410465232506,
    "the-floating-ear": 0.9829121732190188,
    "seminar-co-evolution-of-the-technosphere": 0.9828273945853397,
    "seminar-consensus-building": 0.9826505270959657,
    "seminar-imaging-the-anthropocene": 0.9824458084293396,
    "voice-and-representation": 0.9812728737542815,
    "seminar-communicating": 0.9804769699294292,
    "the-aerocene-campus": 0.9801623508258224,
    "wicked-problems-and-mental-models": 0.9801365132432011,
    "seminar-archiving": 0.9800615277993402,
    "one-world-solid-and-cracked": 0.979487535636489,
    "the-hyphen": 0.9794638547914508,
    "risk-equity-in-the-louisiana-anthropocene": 0.979112837034523,
    "stranging-the-anthropocene-refraction": 0.9790660476989091,
    "technosphere-co-evolution-a-seminal-seminar-conversation": 0.9789678382510669,
    "terraforming": 0.9789428294491793,
    "seminar-report-filtering-the-anthropocene": 0.9787126767378506,
    "seminar-valuing-nature": 0.9787038670448789,
    "tactics-for-quotidian-anthropocenes": 0.977108179224023,
    "the-anthropocene-in-light-of-biological-feedback": 0.9766492923769855,
    "seminar-exhaustion-and-imagination": 0.9761530064975625,
    "seminar-report-geo-politics": 0.9761313661006356,
    "performing-the-anthropocene": 0.9760534664235727,
    "shadowing-the-anthropocene": 0.9760244122883467,
    "the-shape-of-a-practice-online-project-environment": 0.975306159090921,
    "the-free-sea": 0.9751959990516538,
    "systems-analysis-and-modeling": 0.9750962659861071,
    "place-and-space": 0.9750317069607541,
    "pockets-reflections-on-the-anthropocene-campus-melbourne": 0.9744977256956607,
    "seminar-slow-media": 0.9742425210634909,
    "parallax-lisboa": 0.9738776895950152,
    "on-the-use-of-the-word-code-by-the-kogi-translator": 0.9731358459790123,
    "time-and-time-again": 0.9721224544771977,
    "the-terrain-of-the-former-veb-elektrokohle-lichtenberg": 0.9719078367733445,
    "somewhere-somehow-a-co-evolution-story": 0.9718524275271964,
    "resisting-the-oblivion-of-eco-colonialism": 0.9708740102289141,
    "state-of-nature-in-india": 0.9703798584759974,
    "seminar-co-evolutionary-perspectives": 0.9702347174568449,
    "walk-about-it": 0.9690947231861927,
    "seminar-disciplinarities": 0.9688706817754038,
    "planting-a-seed-is-revolutionary-act": 0.9682069350698228,
    "sounding-landscapes": 0.9678466826534671,
    "seminar-governing-the-technosphere": 0.9675123438284393,
    "seminar-anthropogenic-landscapes": 0.9674930362432503,
    "the-shape-of-a-practice-seminars": 0.9668407666946965,
    "the-stories-we-tell-the-images-we-take": 0.9665700848038009,
    "touring-the-anthropocenery-whos-in-charge-here-2014": 0.966109111899882,
    "specifics-of-vulnerability": 0.9660967218919405,
    "seminar-algorithmic-intermediation-and-smartness": 0.9659954489165504,
    "plastic-and-surrogacy": 0.9658160291644031,
    "telling-time-through-lagoons-of-human-waste-at-the-western-treatment-plant": 0.9657018052312536,
    "twin-cities-artist-residency-mississippi-an-anthropocene-story": 0.9656303252916687,
    "remnant-formations": 0.9656158036970817,
    "orbital-geopolitics": 0.9655742082508559,
    "social-witnessing": 0.9654932623330421,
    "time-out-of-mind": 0.9651109266247341,
    "the-anthropocene-and-our-post-natural-future-2": 0.9637866360721965,
    "seminar-sensing-the-insensible": 0.9636816097457898,
    "one-place-many-names": 0.963237508772919,
    "project-launch-minneapolis": 0.9630986782523323,
    "seminar-filtering-the-anthropocene": 0.9617951562619722,
    "the-confluence-area": 0.9613174367701391,
    "writing-global-histories-in-the-anthropocene": 0.9613114074444274,
    "technostratigraphy-of-a-technological-object": 0.9612868472667634,
    "outrunning-the-anthropocene": 0.9611677028786768,
    "seminar-clashing-temporalities": 0.9610159592796998,
    "seminar-romancing-the-anthropocene": 0.9599676277690145,
    "patagonia": 0.9582540571773509,
    "uncalculated-risk": 0.9577078731145007,
    "river-memory": 0.9576218728667752,
    "real-estate-river": 0.9568985953554409,
    "oysters-selective-pressures-and-antibiotic-resistance-in-the-mississippi-delta": 0.9566428108324059,
    "xaraasi-xanne-crossing-voices": 0.9559727514801398,
    "tactics-for-quotidian-anthropocenes-2": 0.9558131776765619,
    "prologue-the-fence-concept": 0.9557559501770655,
    "the-mississippi-basin-an-operational-landscape": 0.9555089989610802,
    "rogue-elements-of-the-upper-mississippi": 0.9549818094226438,
    "too-little-water-the-lake-chad-story": 0.9548177285105937,
    "the-american-bottom": 0.9548047653777892,
    "seminar-techno-metabolism": 0.9542609382330807,
    "sacrifice-zones-and-portable-climate": 0.9540951884622959,
    "white-sands": 0.9538615089947359,
    "timeslips": 0.9535250459491278,
    "state-of-nature-some-philosophical-issues": 0.9534837180883319,
    "on-the-recuperative-mismanagement-of-a-cosmopolitan-fish": 0.9530841914093654,
    "river-semester-project": 0.9528865155556043,
    "tree-x-office": 0.952857713428083,
    "reshaping-the-shape-embodiment-ecology-and-culture-of-a-postnatural-carp": 0.9522019712178433,
    "the-four-dimensional-mississippi": 0.9520700789410743,
    "taking-nature-into-account-historical-perspectives-and-paradoxes": 0.9489281573511009,
    "this-is-not-about-survival-its-about-bringing-your-coracle": 0.948023284197295,
    "temporary-continent": 0.9468241694038431,
    "significant-and-insignificant-mounds": 0.9466753740939731,
    "the-hedge": 0.9462598329728501,
    "peter-schlemihl-exploring-anthropocenic-landscapes": 0.9456492408664947,
    "seminar-commodity-flows": 0.9449505465489223,
    "panel-talk-beween-patricia-piccinini-and-claudia-vickers": 0.944426467139171,
    "seminar-film-exhaustion-and-imagination": 0.9440035164155002,
    "slow-disaster": 0.9427999295629286,
    "open-seminars": 0.9425428076284803,
    "paddle-waves-and-sparkling-light": 0.9419044557406143,
    "the-danish-text": 0.9415169154730093,
    "technosphere-magazine": 0.940725971690525,
    "praying-for-the-water-with-saundi-mcclain-kloeckner": 0.9398655646902015,
    "seminar-risk-equity": 0.9393509872081771,
    "re-patterning-with-kudzu": 0.9385118466758116,
    "plant-domestication-and-dispersal": 0.9359144413882277,
    "the-anthropogenic-influence-onto-the-air-quality-along-the-mississippi-river-findings": 0.9350703211755482,
    "understanding-the-north-american-lost-crops": 0.9349231111821148,
    "the-vietnamese-community-in-eastern-new-orleans": 0.9345185255208079,
    "seminar-film-clashing-temporalities": 0.9333470232341806,
    "typha-the-once-and-future-planty-companion": 0.93207722497256,
    "seminar-claims-property": 0.9312170848525165,
    "river-semester": 0.9307919301008337,
    "seminar-un-bounded-engineering-and-evolutionary-stability": 0.9300994759215632,
    "resonance-vegetale": 0.928334103233215,
    "the-maledives-case": 0.9279068733959668,
    "seminar-film-commodity-flows": 0.9271446973996411,
    "significant-and-insignificant-mounds-2": 0.9241747674681511,
    "us-southwest": 0.9231763592484801,
    "seminar-film-un-bounded-engineering-and-evolutionary-stability": 0.9223688771353519,
    "the-great-green-desert": 0.9179892965338639,
    "the-rights-of-nature": 0.9113664316656825,
    "shaped-by-rivers": 0.9066433868311163,
    "sharing-surveillance-data": 0.8958015040150575,
    "transect-walk-cahokia-mounds-to-fairmont-city": 0.8858609848974198,