{
    "the-stories-we-tell-the-images-we-take": 0.9770297316723957,
    "risk-equity-in-the-louisiana-anthropocene": 0.9758547191896185,
    "the-aerocene-campus": 0.9747886200711835,
    "planting-a-seed-is-revolutionary-act": 0.9746961172513932,
    "one-place-many-names": 0.9740163666905468,
    "telling-time-through-lagoons-of-human-waste-at-the-western-treatment-plant": 0.9736972103559893,
    "performing-the-anthropocene": 0.9734811897323452,
    "this-is-not-about-survival-its-about-bringing-your-coracle": 0.9727770516756389,
    "time-out-of-mind": 0.9723372770391435,
    "pockets-reflections-on-the-anthropocene-campus-melbourne": 0.9721550891569183,
    "sacrifice-zones-and-portable-climate": 0.971434896409668,
    "tactics-for-quotidian-anthropocenes": 0.9713700419398821,
    "social-witnessing": 0.9706034034309883,
    "rogue-elements-of-the-upper-mississippi": 0.9703112356167503,
    "outrunning-the-anthropocene": 0.9692922482571752,
    "stranging-the-anthropocene-refraction": 0.9691363906879502,
    "resisting-the-oblivion-of-eco-colonialism": 0.9687222622067768,
    "seminar-report-slow-media": 0.9673143526694327,
    "seminar-report-anthropogenic-landscapes": 0.9672810623915673,
    "the-vietnamese-community-in-eastern-new-orleans": 0.9671270292295787,
    "the-terrain-of-the-former-veb-elektrokohle-lichtenberg": 0.9669786335370161,
    "shadowing-the-anthropocene": 0.9668791325392477,
    "one-world-solid-and-cracked": 0.9666944552036718,
    "white-sands": 0.9665489719283562,
    "patagonia": 0.9664525847735957,
    "sounding-landscapes": 0.9659276973762478,
    "seminar-clashing-temporalities": 0.9659216768363478,
    "walk-about-it": 0.965881182476098,
    "on-the-use-of-the-word-code-by-the-kogi-translator": 0.9658710967852848,
    "somewhere-somehow-a-co-evolution-story": 0.9656425820019741,
    "real-estate-river": 0.964332892145742,
    "the-free-sea": 0.9640272021725798,
    "river-memory": 0.9636332797947071,
    "seminar-anthropogenic-landscapes": 0.9633058628553882,
    "remnant-formations": 0.9631793302121865,
    "seminar-report-geo-politics": 0.9627638532376367,
    "re-patterning-with-kudzu": 0.9620435990425068,
    "seminar-report-filtering-the-anthropocene": 0.9619278940150282,
    "the-hyphen": 0.9618248664837087,
    "the-confluence-area": 0.9617384129521224,
    "touring-the-anthropocenery-whos-in-charge-here-2014": 0.9616915805050202,
    "place-and-space": 0.9614692758338599,
    "the-american-bottom": 0.9610829639547859,
    "the-shape-of-a-practice": 0.9609067847168745,
    "seminar-imaging-the-anthropocene": 0.9608928533808884,
    "uncalculated-risk": 0.9600836211133215,
    "time-and-time-again": 0.9598267184890275,
    "timeslips": 0.9590853246459788,
    "the-floating-ear": 0.9590701491172406,
    "tree-x-office": 0.95882910371848,
    "seminar-co-evolution-of-the-technosphere": 0.9584997676885331,
    "producing-the-anthropocene-producing-the-future": 0.9584372790147051,
    "oysters-selective-pressures-and-antibiotic-resistance-in-the-mississippi-delta": 0.9579678409810839,
    "the-four-dimensional-mississippi": 0.9578850574380704,
    "seminar-reflection-2": 0.9578528593978236,
    "paddle-waves-and-sparkling-light": 0.9573708315821506,
    "seminar-reflections-algorithmic-intermediation-and-smartness": 0.956988055249405,
    "too-little-water-the-lake-chad-story": 0.9569761680167054,
    "orbital-geopolitics": 0.9567443180768604,
    "seminar-valuing-nature": 0.9566492721009988,
    "terraforming": 0.9565643755267388,
    "technosphere-co-evolution-a-seminal-seminar-conversation": 0.9565208106630619,
    "xaraasi-xanne-crossing-voices": 0.9564705271655226,
    "times-before-and-after": 0.9562288128170631,
    "seminar-sensing-the-insensible": 0.9561594204438727,
    "seminar-co-evolutionary-perspectives": 0.9559087181462894,
    "praying-for-the-water-with-saundi-mcclain-kloeckner": 0.9557295365993245,
    "the-anthropocene-in-light-of-biological-feedback": 0.955270888072497,
    "seminar-modelling-wicked-problems": 0.9548943586871284,
    "significant-and-insignificant-mounds": 0.9543918248809129,
    "the-great-green-desert": 0.9541987858291736,
    "river-semester-project": 0.9540612674752036,
    "us-southwest": 0.9540208180538841,
    "project-launch-minneapolis": 0.9540051427972398,
    "twin-cities-artist-residency-mississippi-an-anthropocene-story": 0.9537697947526437,
    "seminar-archiving": 0.953674259275334,
    "technostratigraphy-of-a-technological-object": 0.9531848399348524,
    "seminar-sensing": 0.9529154039891339,
    "seminar-slow-media": 0.9526624656046602,
    "typha-the-once-and-future-planty-companion": 0.9525718297611346,
    "seminar-governing-the-technosphere": 0.9525672446768706,
    "voice-and-representation": 0.9523300002980006,
    "seminar-romancing-the-anthropocene": 0.9521070034406608,
    "specifics-of-vulnerability": 0.9518792549655452,
    "seminar-communicating": 0.9518259689749559,
    "seminar-techno-metabolism": 0.9513688728228806,
    "seminar-consensus-building": 0.9506086739853263,
    "reshaping-the-shape-embodiment-ecology-and-culture-of-a-postnatural-carp": 0.9503761987432416,
    "the-anthropocene-and-our-post-natural-future-2": 0.9499274382985784,
    "prologue-the-fence-concept": 0.949820000797278,
    "state-of-nature-in-india": 0.9497515504610405,
    "wicked-problems-and-mental-models": 0.9494145609211584,
    "writing-global-histories-in-the-anthropocene": 0.948507247765099,
    "the-hedge": 0.9480755886392106,
    "peter-schlemihl-exploring-anthropocenic-landscapes": 0.9475795872180588,
    "the-mississippi-basin-an-operational-landscape": 0.947516718325443,
    "understanding-the-north-american-lost-crops": 0.9469522880135467,
    "panel-talk-beween-patricia-piccinini-and-claudia-vickers": 0.9465563199136466,
    "the-danish-text": 0.945661525937599,
    "seminar-exhaustion-and-imagination": 0.9437504893991792,
    "plastic-and-surrogacy": 0.9433413862253293,
    "parallax-lisboa": 0.943023898464674,
    "seminar-disciplinarities": 0.9430144069832648,
    "plant-domestication-and-dispersal": 0.9419931906312171,
    "systems-analysis-and-modeling": 0.9418617178530906,
    "river-semester": 0.9417601715077,
    "the-shape-of-a-practice-online-project-environment": 0.9416858628898775,
    "taking-nature-into-account-historical-perspectives-and-paradoxes": 0.9405683251383509,
    "seminar-claims-property": 0.9404058525955179,
    "seminar-commodity-flows": 0.9397819677053934,
    "tactics-for-quotidian-anthropocenes-2": 0.9391100517354831,
    "seminar-filtering-the-anthropocene": 0.9390882594044206,
    "significant-and-insignificant-mounds-2": 0.9386171107201687,
    "the-maledives-case": 0.9385772439362687,
    "temporary-continent": 0.938258710155447,
    "resonance-vegetale": 0.9381656628087499,
    "seminar-algorithmic-intermediation-and-smartness": 0.9376695035909713,
    "state-of-nature-some-philosophical-issues": 0.9359945632062434,
    "seminar-un-bounded-engineering-and-evolutionary-stability": 0.933653168398681,
    "slow-disaster": 0.9335545741730297,
    "the-shape-of-a-practice-seminars": 0.93237171040245,
    "transect-walk-cahokia-mounds-to-fairmont-city": 0.9278666675974617,
    "the-rights-of-nature": 0.9277009080033543,
    "seminar-film-exhaustion-and-imagination": 0.9271511774046621,
    "shaped-by-rivers": 0.9226050456606822,
    "technosphere-magazine": 0.9207370685314149,
    "the-anthropogenic-influence-onto-the-air-quality-along-the-mississippi-river-findings": 0.92017856872154,
    "the-current-mississippi-an-anthropocene-river": 0.9186536453440658,
    "seminar-film-clashing-temporalities": 0.9161607383067611,
    "seminar-risk-equity": 0.9144913825624834,
    "seminar-film-commodity-flows": 0.9088423831878768,
    "seminar-film-un-bounded-engineering-and-evolutionary-stability": 0.9068463152229502,
    "open-seminars": 0.9035585156122143,
    "over-the-levee-under-the-plow": 0.9010437322834287,