{
    "the-free-sea": 0.9943595074816872,
    "performing-the-anthropocene": 0.9930560587708084,
    "time-out-of-mind": 0.9915408619415343,
    "technosphere-co-evolution-a-seminal-seminar-conversation": 0.9901447024482236,
    "pockets-reflections-on-the-anthropocene-campus-melbourne": 0.9898987323168069,
    "the-terrain-of-the-former-veb-elektrokohle-lichtenberg": 0.9878115197597814,
    "times-before-and-after": 0.9877025981150273,
    "somewhere-somehow-a-co-evolution-story": 0.9873320276190926,
    "specifics-of-vulnerability": 0.9868646452809166,
    "rogue-elements-of-the-upper-mississippi": 0.9863069364803071,
    "shadowing-the-anthropocene": 0.9862584472729413,
    "resisting-the-oblivion-of-eco-colonialism": 0.9860401044566914,
    "touring-the-anthropocenery-whos-in-charge-here-2014": 0.9860192805389296,
    "one-place-many-names": 0.9850061870458787,
    "the-hyphen": 0.984989999526966,
    "risk-equity-in-the-louisiana-anthropocene": 0.9849548097147146,
    "technostratigraphy-of-a-technological-object": 0.9846598319793218,
    "telling-time-through-lagoons-of-human-waste-at-the-western-treatment-plant": 0.9845154635652994,
    "producing-the-anthropocene-producing-the-future": 0.9844499969408791,
    "planting-a-seed-is-revolutionary-act": 0.9840179474754254,
    "sounding-landscapes": 0.9833373412234092,
    "one-world-solid-and-cracked": 0.9814631008081611,
    "wicked-problems-and-mental-models": 0.9813396759043396,
    "seminar-report-filtering-the-anthropocene": 0.9810547780439759,
    "timeslips": 0.9809863981743284,
    "seminar-report-geo-politics": 0.9807820505576811,
    "seminar-reflections-algorithmic-intermediation-and-smartness": 0.9803996457758651,
    "the-floating-ear": 0.9793500231762164,
    "the-aerocene-campus": 0.9792898236476827,
    "remnant-formations": 0.9788332988137587,
    "peter-schlemihl-exploring-anthropocenic-landscapes": 0.9783213035834157,
    "stranging-the-anthropocene-refraction": 0.9782312340178058,
    "walk-about-it": 0.978064777167185,
    "seminar-reflection-2": 0.9779809775182322,
    "time-and-time-again": 0.9778072156264386,
    "uncalculated-risk": 0.9776570247493623,
    "outrunning-the-anthropocene": 0.9775953012615682,
    "seminar-report-anthropogenic-landscapes": 0.9771089863457514,
    "seminar-report-slow-media": 0.976834056970999,
    "patagonia": 0.9762837763611528,
    "white-sands": 0.9762045313933844,
    "praying-for-the-water-with-saundi-mcclain-kloeckner": 0.9760084200095659,
    "seminar-imaging-the-anthropocene": 0.9749944531695374,
    "seminar-governing-the-technosphere": 0.974810491505871,
    "the-four-dimensional-mississippi": 0.9747384324039274,
    "sacrifice-zones-and-portable-climate": 0.9745214059784197,
    "tree-x-office": 0.9744154073168915,
    "terraforming": 0.9743291933501994,
    "the-anthropocene-in-light-of-biological-feedback": 0.9737847109609291,
    "real-estate-river": 0.9736298057730965,
    "seminar-exhaustion-and-imagination": 0.9734727657936816,
    "tactics-for-quotidian-anthropocenes": 0.9724475226360444,
    "seminar-co-evolution-of-the-technosphere": 0.9714760991400339,
    "seminar-modelling-wicked-problems": 0.9707755963384253,
    "the-shape-of-a-practice": 0.9706665934599819,
    "seminar-slow-media": 0.9687663306410006,
    "seminar-sensing": 0.9686707923660599,
    "prologue-the-fence-concept": 0.9682038421293865,
    "seminar-communicating": 0.9673938808125119,
    "this-is-not-about-survival-its-about-bringing-your-coracle": 0.9672505516943153,
    "social-witnessing": 0.9672071681876021,
    "the-stories-we-tell-the-images-we-take": 0.966450492038996,
    "seminar-valuing-nature": 0.9654450408088897,
    "orbital-geopolitics": 0.9648598037310209,
    "seminar-consensus-building": 0.9643857149196005,
    "plastic-and-surrogacy": 0.9641240287155757,
    "significant-and-insignificant-mounds": 0.9639219190122361,
    "voice-and-representation": 0.9636102341553805,
    "seminar-archiving": 0.9617814576921174,
    "paddle-waves-and-sparkling-light": 0.9617586973037108,
    "seminar-sensing-the-insensible": 0.9614244210070968,
    "seminar-co-evolutionary-perspectives": 0.9604815210893958,
    "seminar-anthropogenic-landscapes": 0.9603056016299296,
    "seminar-clashing-temporalities": 0.9594373782860607,
    "systems-analysis-and-modeling": 0.9590996336971848,
    "state-of-nature-in-india": 0.9589480818708238,
    "the-vietnamese-community-in-eastern-new-orleans": 0.9585398744955035,
    "the-danish-text": 0.9584022478882244,
    "the-maledives-case": 0.9583586576418126,
    "re-patterning-with-kudzu": 0.958265691508521,
    "river-memory": 0.9577728811623512,
    "the-confluence-area": 0.9576971114138779,
    "seminar-filtering-the-anthropocene": 0.9576374698731589,
    "place-and-space": 0.9568756626920165,
    "seminar-disciplinarities": 0.956858781599563,
    "the-mississippi-basin-an-operational-landscape": 0.9567491056427291,
    "xaraasi-xanne-crossing-voices": 0.9565439498309919,
    "the-anthropocene-and-our-post-natural-future-2": 0.9554403742476864,
    "oysters-selective-pressures-and-antibiotic-resistance-in-the-mississippi-delta": 0.954092019915559,
    "twin-cities-artist-residency-mississippi-an-anthropocene-story": 0.9538313298354799,
    "seminar-algorithmic-intermediation-and-smartness": 0.9525893212971335,
    "understanding-the-north-american-lost-crops": 0.9525449580814056,
    "the-hedge": 0.9522445459325891,
    "parallax-lisboa": 0.9520067744243353,
    "too-little-water-the-lake-chad-story": 0.9514530730621629,
    "seminar-romancing-the-anthropocene": 0.9510733510755703,
    "the-american-bottom": 0.9502073205298047,
    "reshaping-the-shape-embodiment-ecology-and-culture-of-a-postnatural-carp": 0.9500851389585516,
    "state-of-nature-some-philosophical-issues": 0.9493342573495771,
    "the-shape-of-a-practice-online-project-environment": 0.9471233918141064,
    "us-southwest": 0.9467097927155482,
    "typha-the-once-and-future-planty-companion": 0.9465980817420342,
    "project-launch-minneapolis": 0.9447389348840167,
    "writing-global-histories-in-the-anthropocene": 0.9441555645921532,
    "tactics-for-quotidian-anthropocenes-2": 0.9435301489757095,
    "seminar-claims-property": 0.9406676127460555,
    "seminar-techno-metabolism": 0.9405779359752742,
    "the-shape-of-a-practice-seminars": 0.939618216252999,
    "taking-nature-into-account-historical-perspectives-and-paradoxes": 0.938647806151132,
    "significant-and-insignificant-mounds-2": 0.9380794422945793,
    "river-semester-project": 0.938039182110854,
    "the-great-green-desert": 0.9375677154788122,
    "plant-domestication-and-dispersal": 0.9338136863590232,
    "seminar-film-exhaustion-and-imagination": 0.9337112494950228,
    "seminar-commodity-flows": 0.9314075935829103,
    "the-anthropogenic-influence-onto-the-air-quality-along-the-mississippi-river-findings": 0.930191071294052,
    "temporary-continent": 0.9286472730681581,
    "technosphere-magazine": 0.9285579480966847,
    "panel-talk-beween-patricia-piccinini-and-claudia-vickers": 0.9279414972732364,
    "resonance-vegetale": 0.9267950600870069,
    "seminar-film-clashing-temporalities": 0.9230569675065821,
    "seminar-risk-equity": 0.9211947307559181,
    "seminar-un-bounded-engineering-and-evolutionary-stability": 0.9194116064834462,
    "the-rights-of-nature": 0.9190672647503304,
    "river-semester": 0.9176702349420288,
    "slow-disaster": 0.916532673375566,
    "seminar-film-commodity-flows": 0.9143430381356091,
    "shaped-by-rivers": 0.9141954396311434,
    "transect-walk-cahokia-mounds-to-fairmont-city": 0.9105517697535277,
    "open-seminars": 0.9081470416982002,
    "seminar-film-un-bounded-engineering-and-evolutionary-stability": 0.9051329161267604,
    "sharing-surveillance-data": 0.8991129193171465,
    "the-fight-for-alaskas-arctic-has-just-begun": 0.8876785957144838,
    "over-the-levee-under-the-plow": 0.88674609905431,