{
    "telling-time-through-lagoons-of-human-waste-at-the-western-treatment-plant": 0.9915164257528697,
    "time-out-of-mind": 0.9902416267625481,
    "rogue-elements-of-the-upper-mississippi": 0.98971032933609,
    "risk-equity-in-the-louisiana-anthropocene": 0.9894360118525821,
    "planting-a-seed-is-revolutionary-act": 0.9885405481049298,
    "the-terrain-of-the-former-veb-elektrokohle-lichtenberg": 0.9884024065449489,
    "outrunning-the-anthropocene": 0.9873593578811671,
    "resisting-the-oblivion-of-eco-colonialism": 0.9870655508805938,
    "sacrifice-zones-and-portable-climate": 0.9868692621993167,
    "performing-the-anthropocene": 0.9867030275643913,
    "real-estate-river": 0.9862831570239106,
    "uncalculated-risk": 0.9858978467309812,
    "patagonia": 0.9857012068100287,
    "the-free-sea": 0.9856922089350939,
    "white-sands": 0.9850208906958056,
    "pockets-reflections-on-the-anthropocene-campus-melbourne": 0.9848343559441759,
    "sounding-landscapes": 0.9843889325583836,
    "the-aerocene-campus": 0.9837227562482821,
    "timeslips": 0.9837129224566017,
    "tactics-for-quotidian-anthropocenes": 0.9835702844071013,
    "the-vietnamese-community-in-eastern-new-orleans": 0.9830001109588455,
    "remnant-formations": 0.9821765902043518,
    "one-world-solid-and-cracked": 0.9813374821017082,
    "seminar-report-geo-politics": 0.9809962096122553,
    "the-four-dimensional-mississippi": 0.9808898003914981,
    "tree-x-office": 0.9805433979192639,
    "somewhere-somehow-a-co-evolution-story": 0.9802572347462307,
    "touring-the-anthropocenery-whos-in-charge-here-2014": 0.978586734155269,
    "seminar-report-anthropogenic-landscapes": 0.9774788690823223,
    "stranging-the-anthropocene-refraction": 0.9774114775048908,
    "this-is-not-about-survival-its-about-bringing-your-coracle": 0.9773063135247916,
    "technosphere-co-evolution-a-seminal-seminar-conversation": 0.9772234316231785,
    "specifics-of-vulnerability": 0.9761030375507681,
    "us-southwest": 0.975168251769322,
    "producing-the-anthropocene-producing-the-future": 0.9751015091535564,
    "shadowing-the-anthropocene": 0.974757382248415,
    "orbital-geopolitics": 0.974637333669971,
    "seminar-report-filtering-the-anthropocene": 0.9745977274838348,
    "seminar-report-slow-media": 0.9733297710555558,
    "prologue-the-fence-concept": 0.9732439697529006,
    "seminar-clashing-temporalities": 0.9731258326113239,
    "the-stories-we-tell-the-images-we-take": 0.9727816596940225,
    "times-before-and-after": 0.9724911963043605,
    "praying-for-the-water-with-saundi-mcclain-kloeckner": 0.9722040665916408,
    "social-witnessing": 0.9715921089839475,
    "the-confluence-area": 0.9714752059932235,
    "time-and-time-again": 0.9713055649966692,
    "seminar-reflections-algorithmic-intermediation-and-smartness": 0.9710187560557677,
    "the-floating-ear": 0.9704663384321476,
    "the-hyphen": 0.9704449937158593,
    "walk-about-it": 0.9703802562709087,
    "significant-and-insignificant-mounds": 0.9703699412971944,
    "river-memory": 0.9701879399997877,
    "technostratigraphy-of-a-technological-object": 0.9700776881009532,
    "too-little-water-the-lake-chad-story": 0.9698370322530465,
    "seminar-imaging-the-anthropocene": 0.9694888467857188,
    "the-american-bottom": 0.9690274351110069,
    "seminar-reflection-2": 0.9686893137921435,
    "wicked-problems-and-mental-models": 0.9683264749621292,
    "the-anthropocene-in-light-of-biological-feedback": 0.9674815409840112,
    "peter-schlemihl-exploring-anthropocenic-landscapes": 0.9668557670583545,
    "paddle-waves-and-sparkling-light": 0.9667877292744572,
    "the-shape-of-a-practice": 0.9665802859816649,
    "terraforming": 0.9665759343518914,
    "seminar-anthropogenic-landscapes": 0.964982168784741,
    "the-mississippi-basin-an-operational-landscape": 0.9644713795280336,
    "re-patterning-with-kudzu": 0.9634803202506919,
    "the-hedge": 0.9629869881310862,
    "xaraasi-xanne-crossing-voices": 0.9626302804140748,
    "seminar-modelling-wicked-problems": 0.9624277881307847,
    "seminar-communicating": 0.962232407610092,
    "seminar-co-evolution-of-the-technosphere": 0.9622284054950372,
    "seminar-archiving": 0.9620070870915172,
    "seminar-governing-the-technosphere": 0.9618414061404492,
    "oysters-selective-pressures-and-antibiotic-resistance-in-the-mississippi-delta": 0.9616272752173256,
    "seminar-co-evolutionary-perspectives": 0.9614998682989672,
    "the-danish-text": 0.9610593772871739,
    "seminar-valuing-nature": 0.9609916467435231,
    "seminar-exhaustion-and-imagination": 0.9607018936382397,
    "seminar-sensing": 0.9604847558471383,
    "state-of-nature-in-india": 0.960291331499331,
    "seminar-slow-media": 0.9590640449942927,
    "voice-and-representation": 0.9587222055240598,
    "the-anthropocene-and-our-post-natural-future-2": 0.957552598336472,
    "seminar-consensus-building": 0.9574821557555496,
    "river-semester-project": 0.9570493050919778,
    "the-great-green-desert": 0.955528282026294,
    "understanding-the-north-american-lost-crops": 0.9550077897578398,
    "twin-cities-artist-residency-mississippi-an-anthropocene-story": 0.9545898403413623,
    "place-and-space": 0.9545458147988741,
    "the-maledives-case": 0.9525936451437834,
    "significant-and-insignificant-mounds-2": 0.9521438648264152,
    "plastic-and-surrogacy": 0.9521385670161792,
    "typha-the-once-and-future-planty-companion": 0.9514176359898324,
    "systems-analysis-and-modeling": 0.9509082142743701,
    "seminar-sensing-the-insensible": 0.9507434230324984,
    "project-launch-minneapolis": 0.9501770802221396,
    "seminar-claims-property": 0.9496464435429056,
    "temporary-continent": 0.9488081031718718,
    "river-semester": 0.9485963679967697,
    "parallax-lisboa": 0.9484214617872495,
    "plant-domestication-and-dispersal": 0.9474498840176994,
    "seminar-techno-metabolism": 0.9468578359518995,
    "writing-global-histories-in-the-anthropocene": 0.946197849318416,
    "seminar-disciplinarities": 0.9452015587272373,
    "reshaping-the-shape-embodiment-ecology-and-culture-of-a-postnatural-carp": 0.9451224275565363,
    "seminar-filtering-the-anthropocene": 0.9443487115621786,
    "seminar-romancing-the-anthropocene": 0.9442439408678774,
    "seminar-commodity-flows": 0.9438042577395589,
    "tactics-for-quotidian-anthropocenes-2": 0.9434241288099009,
    "seminar-algorithmic-intermediation-and-smartness": 0.9433514128236218,
    "the-shape-of-a-practice-online-project-environment": 0.9427735102647966,
    "state-of-nature-some-philosophical-issues": 0.9427658782924,
    "transect-walk-cahokia-mounds-to-fairmont-city": 0.9420002560936647,
    "the-shape-of-a-practice-seminars": 0.9384930987334402,
    "the-anthropogenic-influence-onto-the-air-quality-along-the-mississippi-river-findings": 0.93820699355353,
    "resonance-vegetale": 0.9366376864018631,
    "seminar-film-exhaustion-and-imagination": 0.9360985260825756,
    "shaped-by-rivers": 0.9348118167485876,
    "taking-nature-into-account-historical-perspectives-and-paradoxes": 0.934659993604642,
    "seminar-un-bounded-engineering-and-evolutionary-stability": 0.933692484023658,
    "panel-talk-beween-patricia-piccinini-and-claudia-vickers": 0.930476538380775,
    "seminar-film-clashing-temporalities": 0.9276004014593826,
    "technosphere-magazine": 0.9257059218044973,
    "slow-disaster": 0.9253692087715685,
    "the-rights-of-nature": 0.9251077298340237,
    "seminar-film-commodity-flows": 0.9234834987143958,
    "seminar-risk-equity": 0.9202231569785906,
    "over-the-levee-under-the-plow": 0.9186419752718659,
    "seminar-film-un-bounded-engineering-and-evolutionary-stability": 0.914632830595096,
    "open-seminars": 0.9058975154502598,
    "sharing-surveillance-data": 0.9043540359762386,
    "st-louis-anthropocene-field-campus": 0.8959586334610162,
    "the-current-mississippi-an-anthropocene-river": 0.8946875416249631,