{
    "stranging-the-anthropocene-refraction": 0.9898850230592176,
    "producing-the-anthropocene-producing-the-future": 0.9875270710327023,
    "risk-equity-in-the-louisiana-anthropocene": 0.9872682112708606,
    "pockets-reflections-on-the-anthropocene-campus-melbourne": 0.9871841946610684,
    "seminar-report-geo-politics": 0.9871563757155457,
    "orbital-geopolitics": 0.9870758445423324,
    "times-before-and-after": 0.986954015467839,
    "the-floating-ear": 0.9864463671537665,
    "the-hyphen": 0.9861279543015093,
    "seminar-report-anthropogenic-landscapes": 0.9849721207211779,
    "seminar-imaging-the-anthropocene": 0.9848932491168227,
    "performing-the-anthropocene": 0.9847116916326693,
    "seminar-report-filtering-the-anthropocene": 0.9844810739743198,
    "the-anthropocene-in-light-of-biological-feedback": 0.984278441324291,
    "wicked-problems-and-mental-models": 0.9839714996180714,
    "shadowing-the-anthropocene": 0.983887139699053,
    "time-and-time-again": 0.9838730496001893,
    "planting-a-seed-is-revolutionary-act": 0.9836953799684641,
    "telling-time-through-lagoons-of-human-waste-at-the-western-treatment-plant": 0.9830910942571874,
    "somewhere-somehow-a-co-evolution-story": 0.9830392240756601,
    "technosphere-co-evolution-a-seminal-seminar-conversation": 0.9827012603185733,
    "the-aerocene-campus": 0.9824454737617637,
    "seminar-report-slow-media": 0.982357636532148,
    "seminar-reflection-2": 0.981996669727275,
    "the-free-sea": 0.9818923671147258,
    "patagonia": 0.9816367327048563,
    "terraforming": 0.9814536770191251,
    "seminar-reflections-algorithmic-intermediation-and-smartness": 0.9813128817803842,
    "prologue-the-fence-concept": 0.9808080492058807,
    "outrunning-the-anthropocene": 0.9806492659955158,
    "resisting-the-oblivion-of-eco-colonialism": 0.9804451991598906,
    "state-of-nature-in-india": 0.9800630144735686,
    "the-shape-of-a-practice": 0.9800387145330048,
    "the-terrain-of-the-former-veb-elektrokohle-lichtenberg": 0.9795201042945458,
    "sounding-landscapes": 0.979503766120174,
    "seminar-co-evolution-of-the-technosphere": 0.9794554245954251,
    "seminar-valuing-nature": 0.9791821885278151,
    "tactics-for-quotidian-anthropocenes": 0.9783717076732885,
    "seminar-sensing": 0.977986149885851,
    "seminar-modelling-wicked-problems": 0.9777642135667556,
    "seminar-anthropogenic-landscapes": 0.9769245392754652,
    "seminar-communicating": 0.9765362235076566,
    "time-out-of-mind": 0.9763651659105103,
    "seminar-co-evolutionary-perspectives": 0.9757159452362718,
    "real-estate-river": 0.9752455083848063,
    "touring-the-anthropocenery-whos-in-charge-here-2014": 0.9749933382395419,
    "white-sands": 0.974074982366918,
    "the-anthropocene-and-our-post-natural-future-2": 0.9738080086152887,
    "sacrifice-zones-and-portable-climate": 0.9736628782990425,
    "rogue-elements-of-the-upper-mississippi": 0.9735245580495523,
    "voice-and-representation": 0.9730334594813086,
    "remnant-formations": 0.9729865919189057,
    "too-little-water-the-lake-chad-story": 0.972801498874178,
    "significant-and-insignificant-mounds": 0.9723092817862893,
    "the-stories-we-tell-the-images-we-take": 0.9722673115330733,
    "the-four-dimensional-mississippi": 0.9720162294490562,
    "seminar-archiving": 0.9717850566399828,
    "systems-analysis-and-modeling": 0.971765146216526,
    "technostratigraphy-of-a-technological-object": 0.9715027444964917,
    "social-witnessing": 0.9714735655260062,
    "the-mississippi-basin-an-operational-landscape": 0.9713334563233464,
    "walk-about-it": 0.9708448415046245,
    "tree-x-office": 0.9705674905465592,
    "plastic-and-surrogacy": 0.9705610413242063,
    "the-american-bottom": 0.9705237492926719,
    "uncalculated-risk": 0.9705194286791233,
    "parallax-lisboa": 0.9703175109515266,
    "oysters-selective-pressures-and-antibiotic-resistance-in-the-mississippi-delta": 0.9702526478990205,
    "specifics-of-vulnerability": 0.9687048368002668,
    "seminar-exhaustion-and-imagination": 0.9685699319644511,
    "seminar-consensus-building": 0.9682363437492859,
    "timeslips": 0.967634400639633,
    "seminar-slow-media": 0.9671138156578772,
    "river-memory": 0.9670357912929433,
    "seminar-clashing-temporalities": 0.9670018832617353,
    "seminar-governing-the-technosphere": 0.9664951785334168,
    "state-of-nature-some-philosophical-issues": 0.966108848412373,
    "this-is-not-about-survival-its-about-bringing-your-coracle": 0.9654146534626449,
    "temporary-continent": 0.9646764513450601,
    "the-confluence-area": 0.9643258469673309,
    "reshaping-the-shape-embodiment-ecology-and-culture-of-a-postnatural-carp": 0.9642893015281078,
    "seminar-commodity-flows": 0.9635719222964013,
    "place-and-space": 0.9635661534310668,
    "writing-global-histories-in-the-anthropocene": 0.9630577376625734,
    "seminar-filtering-the-anthropocene": 0.9623081344403314,
    "re-patterning-with-kudzu": 0.9620214655883585,
    "seminar-algorithmic-intermediation-and-smartness": 0.9614168479076952,
    "the-vietnamese-community-in-eastern-new-orleans": 0.9612619116330988,
    "seminar-disciplinarities": 0.9607633022477506,
    "seminar-sensing-the-insensible": 0.9607263709201854,
    "seminar-techno-metabolism": 0.9603338275836935,
    "the-hedge": 0.9588775580224201,
    "paddle-waves-and-sparkling-light": 0.9582662430294318,
    "peter-schlemihl-exploring-anthropocenic-landscapes": 0.9581353347163907,
    "the-danish-text": 0.9579852264886253,
    "us-southwest": 0.9570731066543822,
    "xaraasi-xanne-crossing-voices": 0.9560643752867972,
    "the-maledives-case": 0.9546372691473003,
    "the-shape-of-a-practice-online-project-environment": 0.9544605224143351,
    "taking-nature-into-account-historical-perspectives-and-paradoxes": 0.9539480963374077,
    "twin-cities-artist-residency-mississippi-an-anthropocene-story": 0.9539478594976556,
    "technosphere-magazine": 0.953709256661361,
    "project-launch-minneapolis": 0.9534114374834738,
    "plant-domestication-and-dispersal": 0.9522847810516207,
    "slow-disaster": 0.9511792820426542,
    "river-semester-project": 0.9507653699645332,
    "understanding-the-north-american-lost-crops": 0.950115158218532,
    "tactics-for-quotidian-anthropocenes-2": 0.949324905230754,
    "praying-for-the-water-with-saundi-mcclain-kloeckner": 0.9492028530493906,
    "seminar-romancing-the-anthropocene": 0.9491026067490517,
    "seminar-claims-property": 0.9477818225329895,
    "significant-and-insignificant-mounds-2": 0.9472374407505875,
    "the-anthropogenic-influence-onto-the-air-quality-along-the-mississippi-river-findings": 0.9467716004462238,
    "the-shape-of-a-practice-seminars": 0.9459231890748395,
    "panel-talk-beween-patricia-piccinini-and-claudia-vickers": 0.9453938106636619,
    "seminar-un-bounded-engineering-and-evolutionary-stability": 0.9430313923854882,
    "the-great-green-desert": 0.9420201647450047,
    "typha-the-once-and-future-planty-companion": 0.9415174156222026,
    "seminar-film-exhaustion-and-imagination": 0.9403798503982085,
    "resonance-vegetale": 0.9397237292997572,
    "seminar-risk-equity": 0.9369742447068723,
    "shaped-by-rivers": 0.9344467422275394,
    "river-semester": 0.9312184137025324,
    "seminar-film-clashing-temporalities": 0.9288876454131412,
    "seminar-film-commodity-flows": 0.9270429301422297,
    "seminar-film-un-bounded-engineering-and-evolutionary-stability": 0.9239943350309725,
    "the-rights-of-nature": 0.9207479076516131,
    "open-seminars": 0.914671251035909,
    "transect-walk-cahokia-mounds-to-fairmont-city": 0.9145790071037172,
    "sharing-surveillance-data": 0.9123946313708886,
    "over-the-levee-under-the-plow": 0.8940115008369043,
    "st-louis-anthropocene-field-campus": 0.8891508963552347,
    "the-current-mississippi-an-anthropocene-river": 0.8746151048735726,
    "t-rain-lines": 0.8672115074936566,