{
    "uncalculated-risk": 0.9904927429619702,
    "the-four-dimensional-mississippi": 0.9879600564391107,
    "sacrifice-zones-and-portable-climate": 0.9878835523722511,
    "telling-time-through-lagoons-of-human-waste-at-the-western-treatment-plant": 0.9877670363645682,
    "risk-equity-in-the-louisiana-anthropocene": 0.9871008179678349,
    "seminar-report-geo-politics": 0.9863480045902518,
    "resisting-the-oblivion-of-eco-colonialism": 0.9859897356115205,
    "remnant-formations": 0.9854377345198788,
    "white-sands": 0.9851217316970378,
    "the-terrain-of-the-former-veb-elektrokohle-lichtenberg": 0.9850039715813041,
    "sounding-landscapes": 0.9846817343033777,
    "timeslips": 0.984445257193268,
    "planting-a-seed-is-revolutionary-act": 0.9842272287302467,
    "real-estate-river": 0.983830340033994,
    "rogue-elements-of-the-upper-mississippi": 0.9835669595456572,
    "the-mississippi-basin-an-operational-landscape": 0.9818546102528742,
    "too-little-water-the-lake-chad-story": 0.9813243350496694,
    "somewhere-somehow-a-co-evolution-story": 0.9810507078700736,
    "seminar-report-filtering-the-anthropocene": 0.9810500305511387,
    "performing-the-anthropocene": 0.980630036379163,
    "the-free-sea": 0.9801338784049264,
    "producing-the-anthropocene-producing-the-future": 0.9793772095947585,
    "time-out-of-mind": 0.9793010012870519,
    "patagonia": 0.9785421087850056,
    "seminar-report-anthropogenic-landscapes": 0.978306823043889,
    "pockets-reflections-on-the-anthropocene-campus-melbourne": 0.9779023581913742,
    "tactics-for-quotidian-anthropocenes": 0.9778821335969518,
    "oysters-selective-pressures-and-antibiotic-resistance-in-the-mississippi-delta": 0.9770457123972558,
    "the-vietnamese-community-in-eastern-new-orleans": 0.9765790848027581,
    "the-aerocene-campus": 0.9763561037991746,
    "tree-x-office": 0.9759738483071592,
    "the-anthropocene-in-light-of-biological-feedback": 0.9755700700024104,
    "stranging-the-anthropocene-refraction": 0.9753713405261535,
    "technosphere-co-evolution-a-seminal-seminar-conversation": 0.9742377597011478,
    "this-is-not-about-survival-its-about-bringing-your-coracle": 0.9718148014385648,
    "the-floating-ear": 0.9711180435261352,
    "the-shape-of-a-practice": 0.9710717786065354,
    "wicked-problems-and-mental-models": 0.9707972071963571,
    "seminar-reflections-algorithmic-intermediation-and-smartness": 0.9707273639223506,
    "seminar-valuing-nature": 0.9703195851321751,
    "times-before-and-after": 0.9701120931116165,
    "touring-the-anthropocenery-whos-in-charge-here-2014": 0.9690356015217709,
    "seminar-report-slow-media": 0.9683824705241671,
    "shadowing-the-anthropocene": 0.9682191099728966,
    "us-southwest": 0.9678577036538056,
    "social-witnessing": 0.967740717211562,
    "seminar-modelling-wicked-problems": 0.96771742738758,
    "the-stories-we-tell-the-images-we-take": 0.9675725947268554,
    "state-of-nature-in-india": 0.9675389908803456,
    "re-patterning-with-kudzu": 0.9670496886311116,
    "the-hyphen": 0.9664348798373176,
    "seminar-imaging-the-anthropocene": 0.9663383636919753,
    "terraforming": 0.9663041435031225,
    "significant-and-insignificant-mounds": 0.9662621290382879,
    "seminar-reflection-2": 0.9662582202357864,
    "the-maledives-case": 0.9659701106647953,
    "prologue-the-fence-concept": 0.965941519732349,
    "walk-about-it": 0.9653871964138001,
    "seminar-co-evolution-of-the-technosphere": 0.9653747248634368,
    "specifics-of-vulnerability": 0.9652635516292574,
    "time-and-time-again": 0.96504875440256,
    "seminar-anthropogenic-landscapes": 0.9647550214799988,
    "technostratigraphy-of-a-technological-object": 0.9646108599408356,
    "seminar-clashing-temporalities": 0.9644341382532728,
    "the-confluence-area": 0.9640704830577268,
    "praying-for-the-water-with-saundi-mcclain-kloeckner": 0.9638959347503194,
    "systems-analysis-and-modeling": 0.963048605565445,
    "seminar-communicating": 0.9626983178938525,
    "seminar-exhaustion-and-imagination": 0.9625817851821459,
    "seminar-governing-the-technosphere": 0.9616333595591084,
    "plastic-and-surrogacy": 0.9614517079447698,
    "seminar-sensing": 0.9613792188244228,
    "the-danish-text": 0.9610062853188173,
    "the-american-bottom": 0.9607114053731565,
    "the-anthropogenic-influence-onto-the-air-quality-along-the-mississippi-river-findings": 0.9598528232007892,
    "river-memory": 0.9593864269095063,
    "seminar-commodity-flows": 0.959021140392812,
    "paddle-waves-and-sparkling-light": 0.9587907551611562,
    "seminar-co-evolutionary-perspectives": 0.9570744049427556,
    "seminar-archiving": 0.9569893902315831,
    "the-anthropocene-and-our-post-natural-future-2": 0.9568924246486201,
    "the-hedge": 0.956610990168308,
    "understanding-the-north-american-lost-crops": 0.9564667809717792,
    "voice-and-representation": 0.9560417507419385,
    "seminar-slow-media": 0.955966553304065,
    "seminar-consensus-building": 0.9558214156515407,
    "xaraasi-xanne-crossing-voices": 0.9555613209606391,
    "reshaping-the-shape-embodiment-ecology-and-culture-of-a-postnatural-carp": 0.9548583999672378,
    "plant-domestication-and-dispersal": 0.9545698434290334,
    "the-great-green-desert": 0.9543430527878793,
    "seminar-claims-property": 0.952750012302217,
    "parallax-lisboa": 0.9524246164044972,
    "state-of-nature-some-philosophical-issues": 0.9511269034976824,
    "writing-global-histories-in-the-anthropocene": 0.9509235965746997,
    "seminar-filtering-the-anthropocene": 0.9506013891590115,
    "significant-and-insignificant-mounds-2": 0.9499810469077549,
    "place-and-space": 0.9495041804512788,
    "temporary-continent": 0.949240763224178,
    "peter-schlemihl-exploring-anthropocenic-landscapes": 0.949009905759041,
    "project-launch-minneapolis": 0.9485766560424591,
    "seminar-un-bounded-engineering-and-evolutionary-stability": 0.9478963960583014,
    "seminar-techno-metabolism": 0.9476715279284915,
    "river-semester": 0.9475216293779857,
    "river-semester-project": 0.9472359858159507,
    "seminar-sensing-the-insensible": 0.9464397413125043,
    "twin-cities-artist-residency-mississippi-an-anthropocene-story": 0.9461803009038392,
    "shaped-by-rivers": 0.9455694119186466,
    "seminar-disciplinarities": 0.9452261636532141,
    "tactics-for-quotidian-anthropocenes-2": 0.9447984458526525,
    "taking-nature-into-account-historical-perspectives-and-paradoxes": 0.9425447061304677,
    "seminar-algorithmic-intermediation-and-smartness": 0.941720704867559,
    "the-shape-of-a-practice-seminars": 0.9415925327845649,
    "the-shape-of-a-practice-online-project-environment": 0.9406932882695559,
    "typha-the-once-and-future-planty-companion": 0.9387342473251392,
    "seminar-risk-equity": 0.9387035292306194,
    "seminar-romancing-the-anthropocene": 0.9362841776982999,
    "transect-walk-cahokia-mounds-to-fairmont-city": 0.9361505085206288,
    "technosphere-magazine": 0.9317495794324122,
    "slow-disaster": 0.9313352894934956,
    "panel-talk-beween-patricia-piccinini-and-claudia-vickers": 0.9284617875425353,
    "resonance-vegetale": 0.9282030557069304,
    "seminar-film-exhaustion-and-imagination": 0.9279571990306187,
    "over-the-levee-under-the-plow": 0.9221635290342066,
    "seminar-film-commodity-flows": 0.9219951623663527,
    "the-rights-of-nature": 0.9212990011500505,
    "seminar-film-clashing-temporalities": 0.9173025267186443,
    "seminar-film-un-bounded-engineering-and-evolutionary-stability": 0.9160295423257119,
    "sharing-surveillance-data": 0.9003792856246458,
    "st-louis-anthropocene-field-campus": 0.888856886590368,
    "the-current-mississippi-an-anthropocene-river": 0.8872604258130956,
    "the-fight-for-alaskas-arctic-has-just-begun": 0.878480031313031,
    "t-rain-lines": 0.8610551553222485,
    "the-terrestrial-is-not-the-globe": 0.8603711130571049,
    "the-politics-of-modeling": 0.8458153980676535,