{
    "the-great-green-desert": 0.9362533071741025,
    "shaped-by-rivers": 0.9306658689675423,
    "sacrifice-zones-and-portable-climate": 0.9306566656924474,
    "transect-walk-cahokia-mounds-to-fairmont-city": 0.9302584753661564,
    "the-four-dimensional-mississippi": 0.9282182103824234,
    "the-vietnamese-community-in-eastern-new-orleans": 0.9269839748111877,
    "real-estate-river": 0.9227900112012019,
    "uncalculated-risk": 0.9223912486355094,
    "the-mississippi-basin-an-operational-landscape": 0.9215987899812557,
    "white-sands": 0.9202571848837281,
    "planting-a-seed-is-revolutionary-act": 0.9193341792208677,
    "patagonia": 0.9190299268031485,
    "river-semester": 0.9178564634679248,
    "plant-domestication-and-dispersal": 0.9170741433368794,
    "timeslips": 0.9162969664919391,
    "re-patterning-with-kudzu": 0.9161343757785783,
    "rogue-elements-of-the-upper-mississippi": 0.9144612365612612,
    "us-southwest": 0.9135466641049343,
    "telling-time-through-lagoons-of-human-waste-at-the-western-treatment-plant": 0.9129285636391696,
    "seminar-claims-property": 0.9127362476614439,
    "sounding-landscapes": 0.9117899431353883,
    "the-american-bottom": 0.9113816794922498,
    "too-little-water-the-lake-chad-story": 0.9099628674860591,
    "understanding-the-north-american-lost-crops": 0.9074800900700226,
    "risk-equity-in-the-louisiana-anthropocene": 0.9066454111387573,
    "the-terrain-of-the-former-veb-elektrokohle-lichtenberg": 0.9060305200186146,
    "significant-and-insignificant-mounds": 0.9052582199887679,
    "remnant-formations": 0.9033202169296614,
    "river-memory": 0.9026245731895337,
    "seminar-clashing-temporalities": 0.901907784175777,
    "the-confluence-area": 0.9009003290702121,
    "this-is-not-about-survival-its-about-bringing-your-coracle": 0.9005627483559796,
    "temporary-continent": 0.9002933506847202,
    "oysters-selective-pressures-and-antibiotic-resistance-in-the-mississippi-delta": 0.9001359373665565,
    "praying-for-the-water-with-saundi-mcclain-kloeckner": 0.8993406517358734,
    "time-out-of-mind": 0.8989140549463509,
    "prologue-the-fence-concept": 0.8988695390624972,
    "seminar-commodity-flows": 0.8984554898829166,
    "resisting-the-oblivion-of-eco-colonialism": 0.8974082969679605,
    "tactics-for-quotidian-anthropocenes": 0.8970420903222908,
    "tree-x-office": 0.8966861707491438,
    "seminar-un-bounded-engineering-and-evolutionary-stability": 0.8964491717158247,
    "river-semester-project": 0.8964227104416118,
    "the-maledives-case": 0.8960270640458597,
    "significant-and-insignificant-mounds-2": 0.895596799798885,
    "seminar-report-filtering-the-anthropocene": 0.8950796031058245,
    "seminar-report-geo-politics": 0.8947345444810773,
    "social-witnessing": 0.893529590756897,
    "seminar-report-anthropogenic-landscapes": 0.8922221773732969,
    "the-stories-we-tell-the-images-we-take": 0.8910037985452091,
    "performing-the-anthropocene": 0.890644500237236,
    "xaraasi-xanne-crossing-voices": 0.8894549149222336,
    "pockets-reflections-on-the-anthropocene-campus-melbourne": 0.8891819613650327,
    "paddle-waves-and-sparkling-light": 0.8888947630809859,
    "seminar-anthropogenic-landscapes": 0.8886862132094798,
    "somewhere-somehow-a-co-evolution-story": 0.8881817836608864,
    "the-aerocene-campus": 0.8874022081007301,
    "writing-global-histories-in-the-anthropocene": 0.8866809767145579,
    "stranging-the-anthropocene-refraction": 0.8865753914205409,
    "reshaping-the-shape-embodiment-ecology-and-culture-of-a-postnatural-carp": 0.884824420926634,
    "producing-the-anthropocene-producing-the-future": 0.8844109020622368,
    "the-free-sea": 0.884296320442107,
    "state-of-nature-in-india": 0.8818574149970646,
    "the-shape-of-a-practice": 0.8817817839409813,
    "seminar-co-evolution-of-the-technosphere": 0.8805314908908279,
    "the-danish-text": 0.8804413455842051,
    "shadowing-the-anthropocene": 0.8794103526222335,
    "seminar-report-slow-media": 0.878667808926799,
    "state-of-nature-some-philosophical-issues": 0.8783857933473571,
    "walk-about-it": 0.8782198497215649,
    "seminar-communicating": 0.8764957169842491,
    "typha-the-once-and-future-planty-companion": 0.876271962649074,
    "slow-disaster": 0.8728352083463751,
    "seminar-imaging-the-anthropocene": 0.872824437655216,
    "touring-the-anthropocenery-whos-in-charge-here-2014": 0.8722469406178059,
    "parallax-lisboa": 0.8721041817069888,
    "seminar-valuing-nature": 0.8700769326698178,
    "the-anthropogenic-influence-onto-the-air-quality-along-the-mississippi-river-findings": 0.8698263617130908,
    "time-and-time-again": 0.8694536411903245,
    "taking-nature-into-account-historical-perspectives-and-paradoxes": 0.8690091061113361,
    "seminar-film-commodity-flows": 0.8689407331281962,
    "seminar-reflections-algorithmic-intermediation-and-smartness": 0.8686332863421508,
    "project-launch-minneapolis": 0.8683784274810799,
    "seminar-reflection-2": 0.868009771013111,
    "the-hedge": 0.8670308130283294,
    "technosphere-co-evolution-a-seminal-seminar-conversation": 0.8663811471525684,
    "seminar-techno-metabolism": 0.8661231962445797,
    "the-anthropocene-in-light-of-biological-feedback": 0.8652752910059904,
    "plastic-and-surrogacy": 0.8649034805238143,
    "the-hyphen": 0.8639306286686766,
    "the-rights-of-nature": 0.8638808873600611,
    "seminar-co-evolutionary-perspectives": 0.8638275385381091,
    "the-floating-ear": 0.8627211274505431,
    "seminar-film-exhaustion-and-imagination": 0.8624958959175745,
    "technostratigraphy-of-a-technological-object": 0.8619412887664099,
    "seminar-archiving": 0.8613373623684797,
    "the-current-mississippi-an-anthropocene-river": 0.8612051030641483,
    "times-before-and-after": 0.860638067426759,
    "seminar-exhaustion-and-imagination": 0.860256472068544,
    "seminar-governing-the-technosphere": 0.8598613417844857,
    "specifics-of-vulnerability": 0.8598476209239573,
    "twin-cities-artist-residency-mississippi-an-anthropocene-story": 0.8593449472833345,
    "seminar-sensing": 0.8593443360536512,
    "terraforming": 0.8592861918171851,
    "seminar-modelling-wicked-problems": 0.8589957276107689,
    "seminar-sensing-the-insensible": 0.8588173786628439,
    "seminar-film-clashing-temporalities": 0.8579146084933943,
    "tactics-for-quotidian-anthropocenes-2": 0.8565342082976007,
    "place-and-space": 0.8557340248331222,
    "the-anthropocene-and-our-post-natural-future-2": 0.855362215678782,
    "technosphere-magazine": 0.8551962775230645,
    "wicked-problems-and-mental-models": 0.8551352132685924,
    "voice-and-representation": 0.8546950974308533,
    "panel-talk-beween-patricia-piccinini-and-claudia-vickers": 0.8544479701086067,
    "seminar-consensus-building": 0.8539108429539047,
    "seminar-film-un-bounded-engineering-and-evolutionary-stability": 0.8523565147067181,
    "seminar-disciplinarities": 0.8522942637429541,
    "systems-analysis-and-modeling": 0.851725733892605,
    "seminar-slow-media": 0.8503886251325596,
    "the-shape-of-a-practice-seminars": 0.8495368905405727,
    "seminar-romancing-the-anthropocene": 0.8494669972577139,
    "the-shape-of-a-practice-online-project-environment": 0.8469486881739213,
    "st-louis-anthropocene-field-campus": 0.8445325773349629,
    "seminar-risk-equity": 0.8443880230317372,
    "seminar-filtering-the-anthropocene": 0.8443087337775405,
    "peter-schlemihl-exploring-anthropocenic-landscapes": 0.8435008033778236,
    "the-lena-is-worthy-of-baikal-defining-remoteness-across-the-north-and-the-east": 0.8431729733236559,
    "seminar-algorithmic-intermediation-and-smartness": 0.8400777422288759,
    "resonance-vegetale": 0.8371544640136926,
    "worshipping-along-the-routes-of-migration": 0.8250868303614651,
    "the-fight-for-alaskas-arctic-has-just-begun": 0.8212934212168554,
    "sharing-surveillance-data": 0.8140511647473995,