{
    "pockets-reflections-on-the-anthropocene-campus-melbourne": 0.9686686710326172,
    "rogue-elements-of-the-upper-mississippi": 0.9677621570228745,
    "telling-time-through-lagoons-of-human-waste-at-the-western-treatment-plant": 0.9642095797827877,
    "performing-the-anthropocene": 0.9631706627670277,
    "sacrifice-zones-and-portable-climate": 0.9623253948508985,
    "the-aerocene-campus": 0.9622377812030196,
    "the-four-dimensional-mississippi": 0.9617234746815878,
    "time-out-of-mind": 0.9602608082795995,
    "white-sands": 0.9601315437061517,
    "the-stories-we-tell-the-images-we-take": 0.9598415606709838,
    "patagonia": 0.9592227794552403,
    "risk-equity-in-the-louisiana-anthropocene": 0.9579893027714488,
    "terraforming": 0.9569409252945326,
    "shadowing-the-anthropocene": 0.956593334783217,
    "stranging-the-anthropocene-refraction": 0.9565047131487708,
    "the-floating-ear": 0.9564195566967836,
    "the-hyphen": 0.9561563504807808,
    "technostratigraphy-of-a-technological-object": 0.9558426218664393,
    "sounding-landscapes": 0.9557407801733677,
    "planting-a-seed-is-revolutionary-act": 0.9555276911237831,
    "touring-the-anthropocenery-whos-in-charge-here-2014": 0.9552457724594633,
    "the-terrain-of-the-former-veb-elektrokohle-lichtenberg": 0.955033346807939,
    "seminar-clashing-temporalities": 0.9527200323112395,
    "the-free-sea": 0.9526462194725827,
    "seminar-report-slow-media": 0.9523557283905096,
    "timeslips": 0.9522340259748006,
    "uncalculated-risk": 0.9520346715923451,
    "social-witnessing": 0.9519824767030232,
    "the-confluence-area": 0.9518643101830743,
    "seminar-imaging-the-anthropocene": 0.9518064917459698,
    "praying-for-the-water-with-saundi-mcclain-kloeckner": 0.9516024426909742,
    "walk-about-it": 0.9510497194725354,
    "somewhere-somehow-a-co-evolution-story": 0.9508541840860874,
    "seminar-report-filtering-the-anthropocene": 0.9506534565960187,
    "tactics-for-quotidian-anthropocenes": 0.9506480603370907,
    "this-is-not-about-survival-its-about-bringing-your-coracle": 0.95063377387578,
    "prologue-the-fence-concept": 0.9505068827499,
    "seminar-report-anthropogenic-landscapes": 0.9501648818341838,
    "time-and-time-again": 0.9500074075149082,
    "real-estate-river": 0.9495176873105053,
    "times-before-and-after": 0.949179039464855,
    "the-vietnamese-community-in-eastern-new-orleans": 0.9486473515838315,
    "seminar-report-geo-politics": 0.9485281791404082,
    "the-anthropocene-in-light-of-biological-feedback": 0.9484977417303267,
    "producing-the-anthropocene-producing-the-future": 0.9484756553771504,
    "resisting-the-oblivion-of-eco-colonialism": 0.9479736386309836,
    "remnant-formations": 0.9477666965702064,
    "tree-x-office": 0.9462406404251126,
    "the-american-bottom": 0.9455015599585294,
    "seminar-co-evolution-of-the-technosphere": 0.9452161072834934,
    "seminar-reflections-algorithmic-intermediation-and-smartness": 0.9451298699666165,
    "seminar-reflection-2": 0.9449199591138419,
    "technosphere-co-evolution-a-seminal-seminar-conversation": 0.9448984385189834,
    "the-mississippi-basin-an-operational-landscape": 0.9432975065644442,
    "the-shape-of-a-practice": 0.9423556003427838,
    "seminar-communicating": 0.9421328549490514,
    "seminar-anthropogenic-landscapes": 0.9418659537097347,
    "river-memory": 0.941716421867955,
    "significant-and-insignificant-mounds": 0.941533905267223,
    "seminar-sensing": 0.9414999496638465,
    "wicked-problems-and-mental-models": 0.9414086269902493,
    "xaraasi-xanne-crossing-voices": 0.9408984965461283,
    "peter-schlemihl-exploring-anthropocenic-landscapes": 0.9400339645861973,
    "specifics-of-vulnerability": 0.9399799860848832,
    "seminar-romancing-the-anthropocene": 0.9397554355673907,
    "too-little-water-the-lake-chad-story": 0.9397034778688479,
    "place-and-space": 0.9396155057481679,
    "seminar-archiving": 0.9392807239108074,
    "the-great-green-desert": 0.9381223325199431,
    "seminar-sensing-the-insensible": 0.9374141752587846,
    "us-southwest": 0.9370531261292658,
    "re-patterning-with-kudzu": 0.9367849651461423,
    "state-of-nature-in-india": 0.9367453230919427,
    "river-semester-project": 0.9366979926297064,
    "seminar-slow-media": 0.9360023930069793,
    "seminar-modelling-wicked-problems": 0.9352365380617379,
    "the-maledives-case": 0.9351073631266342,
    "seminar-techno-metabolism": 0.9350343254718041,
    "typha-the-once-and-future-planty-companion": 0.9349756369408075,
    "systems-analysis-and-modeling": 0.9348697591284867,
    "plastic-and-surrogacy": 0.9344172260867998,
    "seminar-co-evolutionary-perspectives": 0.9334376079496738,
    "the-danish-text": 0.9333841333612195,
    "seminar-valuing-nature": 0.9330351777713273,
    "the-hedge": 0.9327635323082597,
    "seminar-exhaustion-and-imagination": 0.9317647050649601,
    "seminar-consensus-building": 0.9307134254022068,
    "temporary-continent": 0.9306082383307805,
    "seminar-governing-the-technosphere": 0.9305346315751825,
    "twin-cities-artist-residency-mississippi-an-anthropocene-story": 0.9301900157420808,
    "the-anthropocene-and-our-post-natural-future-2": 0.9296122809669928,
    "parallax-lisboa": 0.9283721951520317,
    "reshaping-the-shape-embodiment-ecology-and-culture-of-a-postnatural-carp": 0.9276359499022412,
    "voice-and-representation": 0.9276225602647344,
    "seminar-disciplinarities": 0.9260377306807925,
    "resonance-vegetale": 0.9253576409529551,
    "seminar-film-exhaustion-and-imagination": 0.9247796614930303,
    "project-launch-minneapolis": 0.924546845048058,
    "seminar-filtering-the-anthropocene": 0.9244889193285125,
    "the-shape-of-a-practice-online-project-environment": 0.924227784987616,
    "understanding-the-north-american-lost-crops": 0.923883570754547,
    "seminar-commodity-flows": 0.923489357783124,
    "tactics-for-quotidian-anthropocenes-2": 0.9218429156687619,
    "writing-global-histories-in-the-anthropocene": 0.9213376765425201,
    "the-anthropogenic-influence-onto-the-air-quality-along-the-mississippi-river-findings": 0.9210034300271329,
    "significant-and-insignificant-mounds-2": 0.9208665386594238,
    "seminar-un-bounded-engineering-and-evolutionary-stability": 0.9202872037959683,
    "the-shape-of-a-practice-seminars": 0.9189520501230856,
    "taking-nature-into-account-historical-perspectives-and-paradoxes": 0.9189166764878095,
    "river-semester": 0.9187942381354844,
    "seminar-algorithmic-intermediation-and-smartness": 0.9178230105596945,
    "shaped-by-rivers": 0.9169790920514463,
    "plant-domestication-and-dispersal": 0.9164972945250163,
    "seminar-film-clashing-temporalities": 0.9159501549711563,
    "technosphere-magazine": 0.9149575015390785,
    "state-of-nature-some-philosophical-issues": 0.9146371051615947,
    "seminar-claims-property": 0.9144008648379284,
    "panel-talk-beween-patricia-piccinini-and-claudia-vickers": 0.9128234935217502,
    "transect-walk-cahokia-mounds-to-fairmont-city": 0.9113608470586011,
    "seminar-film-commodity-flows": 0.9099367509675466,
    "slow-disaster": 0.908461898637311,
    "the-rights-of-nature": 0.9068749005596058,
    "seminar-film-un-bounded-engineering-and-evolutionary-stability": 0.8971529109154994,
    "sharing-surveillance-data": 0.8863022895373341,
    "the-current-mississippi-an-anthropocene-river": 0.8854200711980268,
    "seminar-risk-equity": 0.8833951774307488,
    "st-louis-anthropocene-field-campus": 0.8671414178952355,
    "t-rain-lines": 0.8495708079719028,
    "the-fight-for-alaskas-arctic-has-just-begun": 0.8462531853421049,
    "the-terrestrial-is-not-the-globe": 0.8413681762482524,
    "the-lena-is-worthy-of-baikal-defining-remoteness-across-the-north-and-the-east": 0.836984424726794,
    "the-politics-of-modeling": 0.8324263375937836,
    "the-shipworm-and-the-telegraph": 0.8022301285741668,