{
    "seminar-report-slow-media": 0.9575159408806809,
    "seminar-co-evolutionary-perspectives": 0.9574229731441022,
    "writing-global-histories-in-the-anthropocene": 0.955291919740693,
    "seminar-co-evolution-of-the-technosphere": 0.9547264576820995,
    "seminar-imaging-the-anthropocene": 0.9542932367595401,
    "stranging-the-anthropocene-refraction": 0.9541698672125261,
    "voice-and-representation": 0.9531740288376191,
    "seminar-sensing-the-insensible": 0.9528067651182839,
    "seminar-reflection-2": 0.9522427810251082,
    "shadowing-the-anthropocene": 0.9516687047316362,
    "the-stories-we-tell-the-images-we-take": 0.951434914530331,
    "seminar-valuing-nature": 0.951235757109701,
    "project-launch-minneapolis": 0.9512070298424032,
    "risk-equity-in-the-louisiana-anthropocene": 0.951120892598279,
    "seminar-anthropogenic-landscapes": 0.9510547256677787,
    "seminar-sensing": 0.9510473742709779,
    "seminar-algorithmic-intermediation-and-smartness": 0.950881786932248,
    "walk-about-it": 0.9505188470034439,
    "time-and-time-again": 0.950475685688552,
    "place-and-space": 0.9503521310376695,
    "seminar-disciplinarities": 0.9496434934695582,
    "social-witnessing": 0.9487582243738081,
    "slow-disaster": 0.9486970974409593,
    "parallax-lisboa": 0.9481046905169277,
    "state-of-nature-some-philosophical-issues": 0.9478218374441565,
    "the-aerocene-campus": 0.9477735921343672,
    "state-of-nature-in-india": 0.9476820443871155,
    "seminar-report-anthropogenic-landscapes": 0.9473685808864462,
    "seminar-report-filtering-the-anthropocene": 0.9472491185375055,
    "tactics-for-quotidian-anthropocenes": 0.9466734566571323,
    "seminar-reflections-algorithmic-intermediation-and-smartness": 0.9463963700360065,
    "seminar-romancing-the-anthropocene": 0.9461393787151243,
    "river-semester-project": 0.9451242912631149,
    "seminar-consensus-building": 0.9451220221762627,
    "the-shape-of-a-practice": 0.9449167048681639,
    "seminar-modelling-wicked-problems": 0.9448762364961887,
    "seminar-communicating": 0.9445394576180778,
    "taking-nature-into-account-historical-perspectives-and-paradoxes": 0.9443538322288437,
    "the-floating-ear": 0.9442881506196313,
    "the-confluence-area": 0.9436793591068254,
    "seminar-filtering-the-anthropocene": 0.9431610355462317,
    "producing-the-anthropocene-producing-the-future": 0.9430800260924727,
    "pockets-reflections-on-the-anthropocene-campus-melbourne": 0.9425915247207338,
    "planting-a-seed-is-revolutionary-act": 0.9425450167361142,
    "performing-the-anthropocene": 0.9424241261818099,
    "the-american-bottom": 0.9424126199395851,
    "river-memory": 0.9418899843930666,
    "plastic-and-surrogacy": 0.9416731310002409,
    "the-anthropocene-and-our-post-natural-future-2": 0.9413312027125429,
    "the-hyphen": 0.9397859794699943,
    "seminar-techno-metabolism": 0.939645823354975,
    "the-anthropocene-in-light-of-biological-feedback": 0.9386552145486023,
    "tactics-for-quotidian-anthropocenes-2": 0.9385306192365959,
    "seminar-slow-media": 0.9376165849397984,
    "times-before-and-after": 0.9373009021429917,
    "seminar-report-geo-politics": 0.9372239290900843,
    "terraforming": 0.9372149650459775,
    "telling-time-through-lagoons-of-human-waste-at-the-western-treatment-plant": 0.9371321301687374,
    "twin-cities-artist-residency-mississippi-an-anthropocene-story": 0.9366792920335709,
    "seminar-archiving": 0.9364837635815191,
    "seminar-clashing-temporalities": 0.9359204025996795,
    "typha-the-once-and-future-planty-companion": 0.9357771384338551,
    "somewhere-somehow-a-co-evolution-story": 0.9343542229242614,
    "plant-domestication-and-dispersal": 0.9339196191047827,
    "real-estate-river": 0.9327723897677849,
    "seminar-governing-the-technosphere": 0.9324196448029242,
    "seminar-exhaustion-and-imagination": 0.9322427201922422,
    "xaraasi-xanne-crossing-voices": 0.9321562993553217,
    "resisting-the-oblivion-of-eco-colonialism": 0.9316725632431239,
    "too-little-water-the-lake-chad-story": 0.9313416242827142,
    "seminar-un-bounded-engineering-and-evolutionary-stability": 0.9310313546988549,
    "technosphere-co-evolution-a-seminal-seminar-conversation": 0.9309908020919161,
    "wicked-problems-and-mental-models": 0.9305399311810375,
    "time-out-of-mind": 0.9303498260463106,
    "sounding-landscapes": 0.9303184111684228,
    "touring-the-anthropocenery-whos-in-charge-here-2014": 0.9303114492337083,
    "seminar-film-exhaustion-and-imagination": 0.9297571002643441,
    "the-free-sea": 0.9288777202835502,
    "systems-analysis-and-modeling": 0.9280678738159249,
    "re-patterning-with-kudzu": 0.9279905292722431,
    "sacrifice-zones-and-portable-climate": 0.9272847457872074,
    "the-shape-of-a-practice-online-project-environment": 0.9263345425563602,
    "reshaping-the-shape-embodiment-ecology-and-culture-of-a-postnatural-carp": 0.9260650244595241,
    "technosphere-magazine": 0.9259271495027745,
    "seminar-commodity-flows": 0.9252141398554339,
    "significant-and-insignificant-mounds": 0.9250112355002421,
    "seminar-claims-property": 0.9249264483896488,
    "the-terrain-of-the-former-veb-elektrokohle-lichtenberg": 0.9247268663346955,
    "patagonia": 0.92424731312576,
    "remnant-formations": 0.9241344099101511,
    "seminar-risk-equity": 0.9238273480441,
    "temporary-continent": 0.923010069786191,
    "white-sands": 0.92127149634183,
    "this-is-not-about-survival-its-about-bringing-your-coracle": 0.9208991228886141,
    "river-semester": 0.9206080648592762,
    "the-shape-of-a-practice-seminars": 0.9198057628829683,
    "specifics-of-vulnerability": 0.9195178042755926,
    "timeslips": 0.9186092748448419,
    "the-mississippi-basin-an-operational-landscape": 0.9180709573081512,
    "seminar-film-clashing-temporalities": 0.9175288282471457,
    "the-danish-text": 0.9174162755617032,
    "prologue-the-fence-concept": 0.9172965756455119,
    "uncalculated-risk": 0.91707320885754,
    "rogue-elements-of-the-upper-mississippi": 0.9168691562068028,
    "understanding-the-north-american-lost-crops": 0.916390055802711,
    "the-vietnamese-community-in-eastern-new-orleans": 0.9163077007735446,
    "the-rights-of-nature": 0.9148261007452748,
    "seminar-film-un-bounded-engineering-and-evolutionary-stability": 0.9133544446067654,
    "significant-and-insignificant-mounds-2": 0.9132451507278054,
    "the-great-green-desert": 0.913228197586993,
    "the-four-dimensional-mississippi": 0.9131725799615977,
    "the-hedge": 0.9122539973608852,
    "tree-x-office": 0.9113629751437096,
    "technostratigraphy-of-a-technological-object": 0.9106747925331877,
    "peter-schlemihl-exploring-anthropocenic-landscapes": 0.909123551350502,
    "seminar-film-commodity-flows": 0.9084167710234547,
    "us-southwest": 0.9064109795079324,
    "the-maledives-case": 0.906410147200281,
    "resonance-vegetale": 0.9025472577532813,
    "shaped-by-rivers": 0.902544744806492,
    "praying-for-the-water-with-saundi-mcclain-kloeckner": 0.9021430950347348,
    "the-anthropogenic-influence-onto-the-air-quality-along-the-mississippi-river-findings": 0.8895217399829752,
    "the-current-mississippi-an-anthropocene-river": 0.8881480587934024,
    "transect-walk-cahokia-mounds-to-fairmont-city": 0.8839503617214658,
    "sharing-surveillance-data": 0.8812750526702325,
    "the-politics-of-modeling": 0.8686855212492369,
    "st-louis-anthropocene-field-campus": 0.8637884116108006,
    "t-rain-lines": 0.8379274200703845,
    "the-fight-for-alaskas-arctic-has-just-begun": 0.8173383266959718,
    "the-terrestrial-is-not-the-globe": 0.8132772195448429,
    "worshipping-along-the-routes-of-migration": 0.8032372392886269,
    "the-lena-is-worthy-of-baikal-defining-remoteness-across-the-north-and-the-east": 0.7871074202467095,
    "redeeming-urban-spaces-the-ambivalence-of-building-a-pentecostal-city-in-lagos-nigeria": 0.7765058755448468,