{
    "seminar-co-evolution-of-the-technosphere": 0.9831965633989338,
    "seminar-valuing-nature": 0.9786628774186322,
    "seminar-report-anthropogenic-landscapes": 0.9784305781881925,
    "the-shape-of-a-practice": 0.9783139984474026,
    "seminar-reflection-2": 0.9778293592444715,
    "stranging-the-anthropocene-refraction": 0.9756544618966598,
    "seminar-communicating": 0.9754128053154999,
    "seminar-imaging-the-anthropocene": 0.9752711351309147,
    "seminar-reflections-algorithmic-intermediation-and-smartness": 0.975261431993848,
    "producing-the-anthropocene-producing-the-future": 0.9731160124811984,
    "seminar-report-slow-media": 0.9730365973516482,
    "seminar-sensing": 0.9728970373866547,
    "state-of-nature-in-india": 0.9725003411696684,
    "voice-and-representation": 0.9721349008847668,
    "the-floating-ear": 0.9718735879353905,
    "terraforming": 0.9704649816743386,
    "seminar-report-filtering-the-anthropocene": 0.970154382497916,
    "seminar-consensus-building": 0.9697320158268562,
    "state-of-nature-some-philosophical-issues": 0.9693865941031994,
    "writing-global-histories-in-the-anthropocene": 0.9691746957246595,
    "seminar-modelling-wicked-problems": 0.9690947196167141,
    "risk-equity-in-the-louisiana-anthropocene": 0.9678860568208038,
    "seminar-archiving": 0.9678214938571575,
    "tactics-for-quotidian-anthropocenes": 0.9671289240737886,
    "place-and-space": 0.9667899876520749,
    "seminar-disciplinarities": 0.9666067927967845,
    "the-anthropocene-in-light-of-biological-feedback": 0.9665171241439623,
    "the-aerocene-campus": 0.9661145704424683,
    "the-hyphen": 0.9657974778045312,
    "seminar-report-geo-politics": 0.9656724507775454,
    "taking-nature-into-account-historical-perspectives-and-paradoxes": 0.965437328130583,
    "times-before-and-after": 0.965358375460487,
    "time-and-time-again": 0.9653523101372391,
    "seminar-co-evolutionary-perspectives": 0.9651783167803755,
    "seminar-filtering-the-anthropocene": 0.9643015555245756,
    "systems-analysis-and-modeling": 0.96425145737345,
    "shadowing-the-anthropocene": 0.9638951260969738,
    "social-witnessing": 0.9632099155145244,
    "project-launch-minneapolis": 0.9631015424705928,
    "the-stories-we-tell-the-images-we-take": 0.9628542499183307,
    "seminar-anthropogenic-landscapes": 0.9627585831319915,
    "seminar-exhaustion-and-imagination": 0.9626107798000311,
    "the-shape-of-a-practice-seminars": 0.9624757480740631,
    "walk-about-it": 0.962246149108071,
    "planting-a-seed-is-revolutionary-act": 0.9617329553015113,
    "the-shape-of-a-practice-online-project-environment": 0.9616954148669581,
    "twin-cities-artist-residency-mississippi-an-anthropocene-story": 0.96076753461824,
    "plastic-and-surrogacy": 0.960568934113146,
    "wicked-problems-and-mental-models": 0.96035619050645,
    "river-memory": 0.9599093875252239,
    "the-american-bottom": 0.9588203367565001,
    "seminar-sensing-the-insensible": 0.958535931233125,
    "seminar-algorithmic-intermediation-and-smartness": 0.9584915285339958,
    "the-confluence-area": 0.9582041803289901,
    "pockets-reflections-on-the-anthropocene-campus-melbourne": 0.9575341071045567,
    "seminar-romancing-the-anthropocene": 0.9572886973718082,
    "too-little-water-the-lake-chad-story": 0.9570057585235558,
    "real-estate-river": 0.956898901018706,
    "tactics-for-quotidian-anthropocenes-2": 0.9562917620770087,
    "sounding-landscapes": 0.9560821447732294,
    "the-terrain-of-the-former-veb-elektrokohle-lichtenberg": 0.9559704634745972,
    "seminar-slow-media": 0.9555169271385013,
    "the-anthropocene-and-our-post-natural-future-2": 0.9553269925034757,
    "performing-the-anthropocene": 0.954842857618845,
    "river-semester-project": 0.9547683773125432,
    "seminar-governing-the-technosphere": 0.953204995523622,
    "resisting-the-oblivion-of-eco-colonialism": 0.9530673573799443,
    "touring-the-anthropocenery-whos-in-charge-here-2014": 0.9529610247700413,
    "patagonia": 0.9529328269071838,
    "xaraasi-xanne-crossing-voices": 0.9528951808601693,
    "technosphere-co-evolution-a-seminal-seminar-conversation": 0.9527710533404787,
    "the-mississippi-basin-an-operational-landscape": 0.9527516926315202,
    "seminar-clashing-temporalities": 0.9527142403772628,
    "reshaping-the-shape-embodiment-ecology-and-culture-of-a-postnatural-carp": 0.9520855450254377,
    "the-free-sea": 0.9519689606726673,
    "temporary-continent": 0.9511049542326045,
    "somewhere-somehow-a-co-evolution-story": 0.9498262282476491,
    "remnant-formations": 0.9492903604496309,
    "telling-time-through-lagoons-of-human-waste-at-the-western-treatment-plant": 0.9491024468391741,
    "seminar-commodity-flows": 0.948933664076735,
    "seminar-techno-metabolism": 0.9483527320258152,
    "seminar-claims-property": 0.9482977502729986,
    "slow-disaster": 0.9481416054944022,
    "sacrifice-zones-and-portable-climate": 0.9479195676801068,
    "uncalculated-risk": 0.9477162749231143,
    "seminar-film-exhaustion-and-imagination": 0.9462983736663597,
    "seminar-un-bounded-engineering-and-evolutionary-stability": 0.9457590689226775,
    "seminar-risk-equity": 0.9444594573310177,
    "tree-x-office": 0.9443094196481514,
    "plant-domestication-and-dispersal": 0.9425746804041756,
    "prologue-the-fence-concept": 0.9424297299906303,
    "white-sands": 0.9409268170670676,
    "timeslips": 0.9401847909363682,
    "significant-and-insignificant-mounds": 0.9393494200260853,
    "technosphere-magazine": 0.9391883296107307,
    "the-four-dimensional-mississippi": 0.9387845199218733,
    "time-out-of-mind": 0.938686184141748,
    "seminar-film-un-bounded-engineering-and-evolutionary-stability": 0.9382058708623218,
    "seminar-film-clashing-temporalities": 0.9377739463302954,
    "the-danish-text": 0.9376723866952077,
    "re-patterning-with-kudzu": 0.9365843172181155,
    "river-semester": 0.9360138060535914,
    "specifics-of-vulnerability": 0.934313448808156,
    "the-hedge": 0.9329186399364029,
    "seminar-film-commodity-flows": 0.9319141823275621,
    "the-vietnamese-community-in-eastern-new-orleans": 0.930643317035566,
    "technostratigraphy-of-a-technological-object": 0.9304979747144223,
    "the-rights-of-nature": 0.929469839907247,
    "rogue-elements-of-the-upper-mississippi": 0.9289663056444135,
    "this-is-not-about-survival-its-about-bringing-your-coracle": 0.9279482903729854,
    "typha-the-once-and-future-planty-companion": 0.9266552212795384,
    "the-anthropogenic-influence-onto-the-air-quality-along-the-mississippi-river-findings": 0.9249658954927787,
    "resonance-vegetale": 0.9237606797974088,
    "shaped-by-rivers": 0.9202201687244508,
    "us-southwest": 0.9198396787759392,
    "the-maledives-case": 0.9197549949618836,
    "understanding-the-north-american-lost-crops": 0.9190965039323379,
    "significant-and-insignificant-mounds-2": 0.9172011015675405,
    "praying-for-the-water-with-saundi-mcclain-kloeckner": 0.9166893381415442,
    "the-great-green-desert": 0.9153187589876515,
    "peter-schlemihl-exploring-anthropocenic-landscapes": 0.9121563051673536,
    "sharing-surveillance-data": 0.8971066517342493,
    "transect-walk-cahokia-mounds-to-fairmont-city": 0.8907477745011437,
    "st-louis-anthropocene-field-campus": 0.8697119202946971,
    "the-politics-of-modeling": 0.8638423671960229,
    "the-current-mississippi-an-anthropocene-river": 0.8521368272794775,
    "the-terrestrial-is-not-the-globe": 0.8377329073999031,
    "worshipping-along-the-routes-of-migration": 0.8374547650668558,
    "the-fight-for-alaskas-arctic-has-just-begun": 0.8275230681034483,
    "t-rain-lines": 0.8222861621316367,
    "the-lena-is-worthy-of-baikal-defining-remoteness-across-the-north-and-the-east": 0.8034046080123348,
    "the-shipworm-and-the-telegraph": 0.7851464319720183,
    "redeeming-urban-spaces-the-ambivalence-of-building-a-pentecostal-city-in-lagos-nigeria": 0.7832814117995289,