{
    "telling-time-through-lagoons-of-human-waste-at-the-western-treatment-plant": 0.9832819443597755,
    "sounding-landscapes": 0.9829791580590044,
    "white-sands": 0.9827053302425369,
    "planting-a-seed-is-revolutionary-act": 0.9821196177169624,
    "the-terrain-of-the-former-veb-elektrokohle-lichtenberg": 0.9812177094876288,
    "prologue-the-fence-concept": 0.9798251369991132,
    "risk-equity-in-the-louisiana-anthropocene": 0.9791375367582579,
    "sacrifice-zones-and-portable-climate": 0.977412118583549,
    "rogue-elements-of-the-upper-mississippi": 0.9772565678131716,
    "remnant-formations": 0.9769902144291746,
    "significant-and-insignificant-mounds": 0.9767658235110412,
    "resisting-the-oblivion-of-eco-colonialism": 0.9767638752846051,
    "performing-the-anthropocene": 0.9764212942776445,
    "pockets-reflections-on-the-anthropocene-campus-melbourne": 0.9760799416306923,
    "stranging-the-anthropocene-refraction": 0.9757315571546931,
    "tree-x-office": 0.9754992137989669,
    "time-out-of-mind": 0.9750194382293927,
    "this-is-not-about-survival-its-about-bringing-your-coracle": 0.9747486939139662,
    "somewhere-somehow-a-co-evolution-story": 0.9743403321376083,
    "us-southwest": 0.9742245780303509,
    "the-free-sea": 0.9741106806188041,
    "the-vietnamese-community-in-eastern-new-orleans": 0.9740801903332734,
    "seminar-report-anthropogenic-landscapes": 0.9739616099613524,
    "real-estate-river": 0.9738975070541417,
    "shadowing-the-anthropocene": 0.9736727051684165,
    "the-aerocene-campus": 0.9736566417758721,
    "the-four-dimensional-mississippi": 0.9735018063183749,
    "seminar-report-geo-politics": 0.9731465286093309,
    "tactics-for-quotidian-anthropocenes": 0.9718803187877197,
    "uncalculated-risk": 0.9717297890937272,
    "seminar-report-filtering-the-anthropocene": 0.9708346030107217,
    "timeslips": 0.9706430155509177,
    "producing-the-anthropocene-producing-the-future": 0.9704718717452786,
    "the-hyphen": 0.968315192538687,
    "times-before-and-after": 0.9676999451513987,
    "touring-the-anthropocenery-whos-in-charge-here-2014": 0.9675215237709904,
    "social-witnessing": 0.9673181154353355,
    "re-patterning-with-kudzu": 0.9668620898265984,
    "seminar-report-slow-media": 0.9667837674547464,
    "seminar-imaging-the-anthropocene": 0.9667737885510133,
    "time-and-time-again": 0.9665176994462509,
    "technosphere-co-evolution-a-seminal-seminar-conversation": 0.9662477575401461,
    "the-stories-we-tell-the-images-we-take": 0.9661231541293631,
    "the-american-bottom": 0.965947386599405,
    "too-little-water-the-lake-chad-story": 0.9655519141473784,
    "seminar-anthropogenic-landscapes": 0.9654912275190897,
    "the-floating-ear": 0.9652346790525672,
    "the-shape-of-a-practice": 0.965066588345226,
    "the-anthropocene-in-light-of-biological-feedback": 0.9641922746181937,
    "seminar-reflections-algorithmic-intermediation-and-smartness": 0.9638668732589231,
    "the-mississippi-basin-an-operational-landscape": 0.9636141100525385,
    "seminar-reflection-2": 0.9635199407647211,
    "walk-about-it": 0.9633853111788828,
    "wicked-problems-and-mental-models": 0.9630133948830172,
    "terraforming": 0.9623431439787725,
    "river-memory": 0.9621885216538272,
    "seminar-co-evolution-of-the-technosphere": 0.9612262813738024,
    "seminar-clashing-temporalities": 0.9610014500660898,
    "seminar-communicating": 0.9607063913352466,
    "the-hedge": 0.9606742454762887,
    "technostratigraphy-of-a-technological-object": 0.9605995696595689,
    "state-of-nature-in-india": 0.9605628950070002,
    "the-confluence-area": 0.960444518803085,
    "xaraasi-xanne-crossing-voices": 0.959497083608109,
    "understanding-the-north-american-lost-crops": 0.9594899736992394,
    "temporary-continent": 0.9575061749054687,
    "seminar-archiving": 0.9573449199719899,
    "specifics-of-vulnerability": 0.9567762630939249,
    "praying-for-the-water-with-saundi-mcclain-kloeckner": 0.9564328283624671,
    "seminar-valuing-nature": 0.9562439601048632,
    "seminar-sensing": 0.956214332559028,
    "reshaping-the-shape-embodiment-ecology-and-culture-of-a-postnatural-carp": 0.9551732634957038,
    "seminar-co-evolutionary-perspectives": 0.955157858860336,
    "seminar-modelling-wicked-problems": 0.9543306352014875,
    "the-great-green-desert": 0.9531360028437634,
    "the-danish-text": 0.9526394770533123,
    "place-and-space": 0.9511330851892218,
    "peter-schlemihl-exploring-anthropocenic-landscapes": 0.9509921144076531,
    "voice-and-representation": 0.9506939861834794,
    "seminar-exhaustion-and-imagination": 0.9505712237781089,
    "significant-and-insignificant-mounds-2": 0.9500294245162108,
    "plastic-and-surrogacy": 0.9498236139012959,
    "the-maledives-case": 0.9496486425818692,
    "seminar-claims-property": 0.9495963033746597,
    "plant-domestication-and-dispersal": 0.948792539790312,
    "the-anthropocene-and-our-post-natural-future-2": 0.9487526440520646,
    "systems-analysis-and-modeling": 0.9483887711023368,
    "seminar-slow-media": 0.947952630245389,
    "twin-cities-artist-residency-mississippi-an-anthropocene-story": 0.9476483027373859,
    "seminar-consensus-building": 0.9474530853029312,
    "seminar-governing-the-technosphere": 0.9470895424617376,
    "writing-global-histories-in-the-anthropocene": 0.945962648171749,
    "river-semester-project": 0.9452969142620772,
    "seminar-disciplinarities": 0.9445422312166404,
    "state-of-nature-some-philosophical-issues": 0.9441935529186415,
    "seminar-commodity-flows": 0.9440764126930634,
    "shaped-by-rivers": 0.9421714533397023,
    "seminar-filtering-the-anthropocene": 0.9414178006701689,
    "seminar-sensing-the-insensible": 0.9403979505198798,
    "typha-the-once-and-future-planty-companion": 0.9401992670467565,
    "seminar-techno-metabolism": 0.9386597717688441,
    "the-shape-of-a-practice-online-project-environment": 0.9376562470735195,
    "seminar-romancing-the-anthropocene": 0.9366780408186538,
    "taking-nature-into-account-historical-perspectives-and-paradoxes": 0.9365405274279237,
    "project-launch-minneapolis": 0.9358788684668244,
    "resonance-vegetale": 0.9354474624213978,
    "tactics-for-quotidian-anthropocenes-2": 0.9353395542318167,
    "technosphere-magazine": 0.9337713851795717,
    "river-semester": 0.9336473043663519,
    "the-anthropogenic-influence-onto-the-air-quality-along-the-mississippi-river-findings": 0.9335007840998814,
    "seminar-algorithmic-intermediation-and-smartness": 0.9325168869100966,
    "the-shape-of-a-practice-seminars": 0.9308080278498146,
    "seminar-un-bounded-engineering-and-evolutionary-stability": 0.930746340274465,
    "transect-walk-cahokia-mounds-to-fairmont-city": 0.9301078190049287,
    "seminar-film-exhaustion-and-imagination": 0.9260993661097325,
    "slow-disaster": 0.9240975463522044,
    "the-rights-of-nature": 0.923310365758049,
    "seminar-film-clashing-temporalities": 0.9186224302049768,
    "seminar-risk-equity": 0.9139501959132785,
    "seminar-film-commodity-flows": 0.9118922845592761,
    "seminar-film-un-bounded-engineering-and-evolutionary-stability": 0.9118545196549461,
    "sharing-surveillance-data": 0.8989878257675465,
    "st-louis-anthropocene-field-campus": 0.8839838674701648,
    "the-current-mississippi-an-anthropocene-river": 0.8797793944776584,
    "the-fight-for-alaskas-arctic-has-just-begun": 0.8638808249082218,
    "t-rain-lines": 0.8557082457823996,
    "the-terrestrial-is-not-the-globe": 0.8498820895859887,
    "worshipping-along-the-routes-of-migration": 0.8417071831210428,
    "the-lena-is-worthy-of-baikal-defining-remoteness-across-the-north-and-the-east": 0.8391659993181289,
    "the-politics-of-modeling": 0.8372971406090335,
    "the-shipworm-and-the-telegraph": 0.7962030294622424,
    "redeeming-urban-spaces-the-ambivalence-of-building-a-pentecostal-city-in-lagos-nigeria": 0.7927569578205083,