{
    "understanding-the-north-american-lost-crops": 0.9671832462252942,
    "writing-global-histories-in-the-anthropocene": 0.9650617607502636,
    "the-mississippi-basin-an-operational-landscape": 0.9638580875925862,
    "re-patterning-with-kudzu": 0.9633727768609307,
    "planting-a-seed-is-revolutionary-act": 0.9619167410637951,
    "too-little-water-the-lake-chad-story": 0.9617887526629715,
    "seminar-report-anthropogenic-landscapes": 0.9603816011744678,
    "sounding-landscapes": 0.959986967145909,
    "real-estate-river": 0.9594966896125894,
    "sacrifice-zones-and-portable-climate": 0.9588261029995072,
    "seminar-report-filtering-the-anthropocene": 0.9583422090363639,
    "the-great-green-desert": 0.9574771258091525,
    "seminar-co-evolution-of-the-technosphere": 0.9572153765372977,
    "seminar-commodity-flows": 0.9571094568741642,
    "state-of-nature-in-india": 0.9568725596409676,
    "risk-equity-in-the-louisiana-anthropocene": 0.9561695117171551,
    "stranging-the-anthropocene-refraction": 0.9549509919109013,
    "the-american-bottom": 0.9548366229348395,
    "telling-time-through-lagoons-of-human-waste-at-the-western-treatment-plant": 0.9530535988993043,
    "remnant-formations": 0.9528719528467091,
    "producing-the-anthropocene-producing-the-future": 0.9528467767670136,
    "the-shape-of-a-practice": 0.9528313834995111,
    "tactics-for-quotidian-anthropocenes": 0.952611279468362,
    "white-sands": 0.9525459753750659,
    "the-four-dimensional-mississippi": 0.9521965435954063,
    "state-of-nature-some-philosophical-issues": 0.9516467613471808,
    "social-witnessing": 0.9510584817963964,
    "the-confluence-area": 0.9509091826197595,
    "seminar-imaging-the-anthropocene": 0.9506783811038055,
    "seminar-valuing-nature": 0.950204149887861,
    "taking-nature-into-account-historical-perspectives-and-paradoxes": 0.9501190318259625,
    "seminar-communicating": 0.9496741598365238,
    "the-terrain-of-the-former-veb-elektrokohle-lichtenberg": 0.9493577886443861,
    "significant-and-insignificant-mounds": 0.9492322380739544,
    "significant-and-insignificant-mounds-2": 0.9491702552365003,
    "seminar-report-geo-politics": 0.9489078470013803,
    "seminar-un-bounded-engineering-and-evolutionary-stability": 0.9487014231034091,
    "plastic-and-surrogacy": 0.9486721386693449,
    "reshaping-the-shape-embodiment-ecology-and-culture-of-a-postnatural-carp": 0.9478755110223593,
    "shaped-by-rivers": 0.9477693463643986,
    "uncalculated-risk": 0.9476214627777358,
    "somewhere-somehow-a-co-evolution-story": 0.9464762175357146,
    "seminar-claims-property": 0.9461490882017063,
    "tactics-for-quotidian-anthropocenes-2": 0.9461064113326287,
    "the-vietnamese-community-in-eastern-new-orleans": 0.9454982472093187,
    "seminar-anthropogenic-landscapes": 0.9444181265288542,
    "xaraasi-xanne-crossing-voices": 0.944291763958235,
    "the-anthropocene-in-light-of-biological-feedback": 0.9442507355700104,
    "timeslips": 0.9440850662618614,
    "project-launch-minneapolis": 0.9438088193200574,
    "seminar-reflection-2": 0.943781623114965,
    "seminar-report-slow-media": 0.9436113532704501,
    "time-and-time-again": 0.9434784329861681,
    "seminar-reflections-algorithmic-intermediation-and-smartness": 0.9434148849925087,
    "seminar-sensing": 0.9430585007221398,
    "river-memory": 0.9429324086948677,
    "the-aerocene-campus": 0.9424330496315854,
    "the-stories-we-tell-the-images-we-take": 0.9424077907778837,
    "shadowing-the-anthropocene": 0.9416910548163429,
    "walk-about-it": 0.9402807647559835,
    "resisting-the-oblivion-of-eco-colonialism": 0.9401709130994484,
    "seminar-clashing-temporalities": 0.9399620794007946,
    "seminar-disciplinarities": 0.9397983487740774,
    "seminar-co-evolutionary-perspectives": 0.9391956504760772,
    "seminar-consensus-building": 0.9383830259716575,
    "river-semester-project": 0.9379187866670332,
    "the-floating-ear": 0.9375555216189165,
    "seminar-modelling-wicked-problems": 0.937234593384445,
    "river-semester": 0.9370342373451167,
    "pockets-reflections-on-the-anthropocene-campus-melbourne": 0.9369774249664155,
    "transect-walk-cahokia-mounds-to-fairmont-city": 0.9357638659076355,
    "us-southwest": 0.9352134054942958,
    "times-before-and-after": 0.9348218358358947,
    "the-free-sea": 0.9347600218521899,
    "temporary-continent": 0.9346316120772419,
    "voice-and-representation": 0.9343869171057272,
    "seminar-archiving": 0.9339368844949368,
    "systems-analysis-and-modeling": 0.9337941248542013,
    "time-out-of-mind": 0.9336502202257094,
    "this-is-not-about-survival-its-about-bringing-your-coracle": 0.933496147950983,
    "the-hyphen": 0.9334375262174635,
    "slow-disaster": 0.931221664593458,
    "the-anthropogenic-influence-onto-the-air-quality-along-the-mississippi-river-findings": 0.931186206164669,
    "prologue-the-fence-concept": 0.9311616142346231,
    "tree-x-office": 0.930888571839252,
    "rogue-elements-of-the-upper-mississippi": 0.9305573538337086,
    "wicked-problems-and-mental-models": 0.9305051681121763,
    "the-maledives-case": 0.9304042641872665,
    "the-danish-text": 0.9302914715278403,
    "the-anthropocene-and-our-post-natural-future-2": 0.9302784329565349,
    "technosphere-co-evolution-a-seminal-seminar-conversation": 0.9299781915581118,
    "seminar-techno-metabolism": 0.929297645406285,
    "terraforming": 0.9289081238159133,
    "seminar-filtering-the-anthropocene": 0.9288914941300809,
    "twin-cities-artist-residency-mississippi-an-anthropocene-story": 0.9272679454627374,
    "seminar-algorithmic-intermediation-and-smartness": 0.9272135901999403,
    "touring-the-anthropocenery-whos-in-charge-here-2014": 0.9268972179769187,
    "seminar-exhaustion-and-imagination": 0.9266909583088883,
    "seminar-governing-the-technosphere": 0.9251672344660359,
    "the-shape-of-a-practice-seminars": 0.9249575208188819,
    "seminar-sensing-the-insensible": 0.9236896332289698,
    "technosphere-magazine": 0.9235110721796194,
    "seminar-risk-equity": 0.9230612798559761,
    "the-shape-of-a-practice-online-project-environment": 0.9213928324677133,
    "seminar-romancing-the-anthropocene": 0.9213515166116517,
    "seminar-film-exhaustion-and-imagination": 0.9211140551723311,
    "seminar-film-commodity-flows": 0.920572638124818,
    "seminar-slow-media": 0.9193364892366305,
    "typha-the-once-and-future-planty-companion": 0.9184907137572041,
    "seminar-film-clashing-temporalities": 0.9176366901158532,
    "seminar-film-un-bounded-engineering-and-evolutionary-stability": 0.915424430658973,
    "the-hedge": 0.913882403932678,
    "the-rights-of-nature": 0.9109737492359624,
    "specifics-of-vulnerability": 0.9089939822307092,
    "technostratigraphy-of-a-technological-object": 0.9057417233758045,
    "praying-for-the-water-with-saundi-mcclain-kloeckner": 0.9055349314629866,
    "resonance-vegetale": 0.9000338375817757,
    "st-louis-anthropocene-field-campus": 0.8805436051575594,
    "sharing-surveillance-data": 0.8630120982504165,
    "the-current-mississippi-an-anthropocene-river": 0.8618073802501716,
    "worshipping-along-the-routes-of-migration": 0.8473142506769642,
    "the-terrestrial-is-not-the-globe": 0.8378529103014214,
    "the-fight-for-alaskas-arctic-has-just-begun": 0.8294243331748147,
    "the-lena-is-worthy-of-baikal-defining-remoteness-across-the-north-and-the-east": 0.8234493727365153,
    "the-politics-of-modeling": 0.8207167619274524,
    "t-rain-lines": 0.8122824322941057,
    "redeeming-urban-spaces-the-ambivalence-of-building-a-pentecostal-city-in-lagos-nigeria": 0.8038442132785971,
    "the-abolition-of-market-dependency": 0.79023743096511,
    "the-shipworm-and-the-telegraph": 0.7745795075546144,
    "risk-as-immaterial-raw-material": 0.7209875651834763,
    "the-free-sea-2": 0.7082452014524554,
    "sever-pre-emptive-strategy-for-an-open-arctic": 0.7037701070143408,