{
    "telling-time-through-lagoons-of-human-waste-at-the-western-treatment-plant": 0.9882766683196316,
    "risk-equity-in-the-louisiana-anthropocene": 0.9876513975490675,
    "time-out-of-mind": 0.9873311797520818,
    "the-hyphen": 0.9861777266381596,
    "somewhere-somehow-a-co-evolution-story": 0.9860314024934429,
    "the-free-sea": 0.9855627889204615,
    "the-floating-ear": 0.9854782391932956,
    "the-aerocene-campus": 0.9854168965945481,
    "times-before-and-after": 0.9850444990754218,
    "stranging-the-anthropocene-refraction": 0.984986697802318,
    "rogue-elements-of-the-upper-mississippi": 0.9849427209020158,
    "shadowing-the-anthropocene": 0.9846260273428344,
    "technosphere-co-evolution-a-seminal-seminar-conversation": 0.9842770792592341,
    "touring-the-anthropocenery-whos-in-charge-here-2014": 0.9834672430330136,
    "resisting-the-oblivion-of-eco-colonialism": 0.9819685858519273,
    "producing-the-anthropocene-producing-the-future": 0.9816210228411536,
    "technostratigraphy-of-a-technological-object": 0.9811505944999627,
    "the-terrain-of-the-former-veb-elektrokohle-lichtenberg": 0.9809889565922699,
    "terraforming": 0.9806066988970872,
    "time-and-time-again": 0.9801914331450483,
    "seminar-report-geo-politics": 0.9800600283403844,
    "wicked-problems-and-mental-models": 0.9798111465067489,
    "seminar-report-filtering-the-anthropocene": 0.9793420434456743,
    "specifics-of-vulnerability": 0.9791542136903864,
    "seminar-reflection-2": 0.9789471378088572,
    "seminar-report-slow-media": 0.9787935739848495,
    "seminar-report-anthropogenic-landscapes": 0.9787451682017226,
    "seminar-imaging-the-anthropocene": 0.9786155720193056,
    "seminar-reflections-algorithmic-intermediation-and-smartness": 0.9780616013354886,
    "sounding-landscapes": 0.9777494098313996,
    "the-anthropocene-in-light-of-biological-feedback": 0.9775246270706996,
    "tactics-for-quotidian-anthropocenes": 0.9773890912518542,
    "walk-about-it": 0.9765634742792014,
    "sacrifice-zones-and-portable-climate": 0.9757172380337781,
    "prologue-the-fence-concept": 0.9753909437125802,
    "seminar-sensing": 0.974478792753135,
    "the-stories-we-tell-the-images-we-take": 0.9741313179754175,
    "uncalculated-risk": 0.9738937965461897,
    "seminar-co-evolution-of-the-technosphere": 0.9738017544181042,
    "the-four-dimensional-mississippi": 0.9736399399505937,
    "white-sands": 0.9736296916796551,
    "tree-x-office": 0.9731664567891569,
    "remnant-formations": 0.9728598615460999,
    "seminar-exhaustion-and-imagination": 0.9725013567109376,
    "timeslips": 0.972395354613135,
    "the-shape-of-a-practice": 0.9719666960014738,
    "seminar-clashing-temporalities": 0.9717262764357707,
    "real-estate-river": 0.9714223214495947,
    "seminar-communicating": 0.9707718834078986,
    "social-witnessing": 0.9703233655903166,
    "seminar-co-evolutionary-perspectives": 0.9703137698836218,
    "seminar-modelling-wicked-problems": 0.9702543483444961,
    "seminar-anthropogenic-landscapes": 0.970170306491455,
    "state-of-nature-in-india": 0.9695841572908314,
    "seminar-slow-media": 0.9689979081976184,
    "seminar-sensing-the-insensible": 0.9682176717123679,
    "seminar-governing-the-technosphere": 0.9682129835938731,
    "seminar-valuing-nature": 0.967589847633016,
    "seminar-consensus-building": 0.9674633440034465,
    "significant-and-insignificant-mounds": 0.9673048444458526,
    "seminar-archiving": 0.9670577470997552,
    "the-confluence-area": 0.9668407588852621,
    "praying-for-the-water-with-saundi-mcclain-kloeckner": 0.9658678406982404,
    "voice-and-representation": 0.9646714439538449,
    "this-is-not-about-survival-its-about-bringing-your-coracle": 0.963893006755214,
    "river-memory": 0.9630963625528502,
    "the-anthropocene-and-our-post-natural-future-2": 0.962618545361083,
    "the-american-bottom": 0.9619475853054863,
    "systems-analysis-and-modeling": 0.960877050717544,
    "the-vietnamese-community-in-eastern-new-orleans": 0.9606776902375924,
    "too-little-water-the-lake-chad-story": 0.9604739324608178,
    "the-mississippi-basin-an-operational-landscape": 0.9598654509945079,
    "seminar-techno-metabolism": 0.957902961132675,
    "the-hedge": 0.9574887742566075,
    "the-maledives-case": 0.957129249909799,
    "seminar-disciplinarities": 0.9563719224148733,
    "seminar-filtering-the-anthropocene": 0.9560554853729317,
    "xaraasi-xanne-crossing-voices": 0.9559585985168613,
    "re-patterning-with-kudzu": 0.9557315807648791,
    "seminar-algorithmic-intermediation-and-smartness": 0.9552995005113356,
    "twin-cities-artist-residency-mississippi-an-anthropocene-story": 0.9549910511660337,
    "the-danish-text": 0.9542238335468014,
    "typha-the-once-and-future-planty-companion": 0.9539293729830001,
    "seminar-romancing-the-anthropocene": 0.9535013122632767,
    "the-shape-of-a-practice-online-project-environment": 0.9521148541371145,
    "state-of-nature-some-philosophical-issues": 0.951534788841894,
    "project-launch-minneapolis": 0.950997080220987,
    "us-southwest": 0.950735126351616,
    "reshaping-the-shape-embodiment-ecology-and-culture-of-a-postnatural-carp": 0.950460722181389,
    "river-semester-project": 0.9500126721262306,
    "writing-global-histories-in-the-anthropocene": 0.9493075452191155,
    "tactics-for-quotidian-anthropocenes-2": 0.947943806493619,
    "understanding-the-north-american-lost-crops": 0.9476980499812525,
    "temporary-continent": 0.9474558304179116,
    "seminar-film-exhaustion-and-imagination": 0.9455991477960275,
    "seminar-commodity-flows": 0.9454716963737138,
    "the-shape-of-a-practice-seminars": 0.9439513988921333,
    "significant-and-insignificant-mounds-2": 0.942317384322036,
    "seminar-claims-property": 0.9419758776883135,
    "taking-nature-into-account-historical-perspectives-and-paradoxes": 0.940299174689715,
    "the-great-green-desert": 0.9397769206208092,
    "resonance-vegetale": 0.939129116562142,
    "the-anthropogenic-influence-onto-the-air-quality-along-the-mississippi-river-findings": 0.9379722514590494,
    "technosphere-magazine": 0.9378777389792267,
    "seminar-un-bounded-engineering-and-evolutionary-stability": 0.9356704339275235,
    "slow-disaster": 0.935178385557664,
    "seminar-film-clashing-temporalities": 0.931783356630934,
    "river-semester": 0.9271972230830128,
    "seminar-risk-equity": 0.9248646163857058,
    "seminar-film-commodity-flows": 0.922364726186951,
    "shaped-by-rivers": 0.921539765926527,
    "the-rights-of-nature": 0.92073873300086,
    "seminar-film-un-bounded-engineering-and-evolutionary-stability": 0.9181908576027974,
    "transect-walk-cahokia-mounds-to-fairmont-city": 0.9159256156359424,
    "sharing-surveillance-data": 0.9027179780330284,
    "st-louis-anthropocene-field-campus": 0.8870292636423059,
    "t-rain-lines": 0.880541622410588,
    "the-current-mississippi-an-anthropocene-river": 0.8780149783734141,
    "the-fight-for-alaskas-arctic-has-just-begun": 0.8686076550393649,
    "the-terrestrial-is-not-the-globe": 0.8515175517973369,
    "the-politics-of-modeling": 0.8465612563920079,
    "the-lena-is-worthy-of-baikal-defining-remoteness-across-the-north-and-the-east": 0.8251440701291477,
    "worshipping-along-the-routes-of-migration": 0.8109622893330223,
    "the-shipworm-and-the-telegraph": 0.8003837221422282,
    "redeeming-urban-spaces-the-ambivalence-of-building-a-pentecostal-city-in-lagos-nigeria": 0.7797119276935343,
    "the-free-sea-2": 0.7495204178958266,
    "sever-pre-emptive-strategy-for-an-open-arctic": 0.7363750677843635,
    "risk-as-immaterial-raw-material": 0.7206269343520499,
    "the-abolition-of-market-dependency": 0.7203243525069879,
    "ve-vm-vt-the-ideal-cosmic-messengers": 0.6409413123765352,
    "the-lichtenberg-case-2": 0.6186581652528282,
    "the-lichtenberg-case": 0.4984291806175178,
    "tokens-a-rorschach-test": 0.4896013065496395,