{
    "seminar-report-filtering-the-anthropocene": 0.9916369634255752,
    "seminar-reflections-algorithmic-intermediation-and-smartness": 0.9904599307291977,
    "times-before-and-after": 0.9903631195091916,
    "seminar-report-geo-politics": 0.9891873099191995,
    "seminar-imaging-the-anthropocene": 0.9884518872116927,
    "seminar-report-anthropogenic-landscapes": 0.9882067539474897,
    "stranging-the-anthropocene-refraction": 0.9880747879264352,
    "risk-equity-in-the-louisiana-anthropocene": 0.9873292505651873,
    "seminar-co-evolution-of-the-technosphere": 0.9872977189057572,
    "the-shape-of-a-practice": 0.9870916848399837,
    "seminar-reflection-2": 0.9864883525805073,
    "seminar-valuing-nature": 0.9854615946757036,
    "the-floating-ear": 0.9854051012348695,
    "the-free-sea": 0.9852766961366336,
    "seminar-report-slow-media": 0.9850144623905506,
    "technosphere-co-evolution-a-seminal-seminar-conversation": 0.9849296315607727,
    "shadowing-the-anthropocene": 0.9848594220541376,
    "time-and-time-again": 0.984206542489449,
    "wicked-problems-and-mental-models": 0.9838624114885443,
    "sounding-landscapes": 0.9837574732464227,
    "seminar-modelling-wicked-problems": 0.9837050047742252,
    "the-hyphen": 0.9834851067046505,
    "the-terrain-of-the-former-veb-elektrokohle-lichtenberg": 0.9832220625387788,
    "somewhere-somehow-a-co-evolution-story": 0.9830260882684301,
    "resisting-the-oblivion-of-eco-colonialism": 0.9825175163264809,
    "the-anthropocene-in-light-of-biological-feedback": 0.9813854190668907,
    "touring-the-anthropocenery-whos-in-charge-here-2014": 0.980650322629317,
    "voice-and-representation": 0.9802804748107753,
    "seminar-exhaustion-and-imagination": 0.9802473128285354,
    "seminar-sensing": 0.9800818711613675,
    "the-aerocene-campus": 0.9800295781702099,
    "terraforming": 0.9788387661653094,
    "seminar-communicating": 0.978785280589105,
    "state-of-nature-in-india": 0.9784628233339203,
    "walk-about-it": 0.9784416491913696,
    "tactics-for-quotidian-anthropocenes": 0.9780623112229491,
    "real-estate-river": 0.9777567004942181,
    "telling-time-through-lagoons-of-human-waste-at-the-western-treatment-plant": 0.9772390245820379,
    "remnant-formations": 0.9772103541129571,
    "uncalculated-risk": 0.9771196766069796,
    "seminar-consensus-building": 0.9763337201926463,
    "seminar-filtering-the-anthropocene": 0.9761075512675321,
    "seminar-governing-the-technosphere": 0.9760621693891129,
    "time-out-of-mind": 0.9760133788561254,
    "seminar-slow-media": 0.9752272521143865,
    "systems-analysis-and-modeling": 0.9744201743902908,
    "timeslips": 0.9738815447476733,
    "specifics-of-vulnerability": 0.9728330256083401,
    "seminar-co-evolutionary-perspectives": 0.9728044845122956,
    "seminar-disciplinarities": 0.9721556801384859,
    "state-of-nature-some-philosophical-issues": 0.9717133976493215,
    "the-anthropocene-and-our-post-natural-future-2": 0.9715791927797324,
    "writing-global-histories-in-the-anthropocene": 0.9715706732350048,
    "sacrifice-zones-and-portable-climate": 0.971433148090767,
    "the-four-dimensional-mississippi": 0.9710897472781312,
    "seminar-anthropogenic-landscapes": 0.9709369398026061,
    "the-mississippi-basin-an-operational-landscape": 0.9704047056910649,
    "white-sands": 0.9701426788819243,
    "social-witnessing": 0.9694576908566068,
    "seminar-archiving": 0.9691657939760289,
    "tree-x-office": 0.9674238693081568,
    "rogue-elements-of-the-upper-mississippi": 0.9671944988842354,
    "the-stories-we-tell-the-images-we-take": 0.966877709513785,
    "seminar-sensing-the-insensible": 0.9667974566154168,
    "seminar-algorithmic-intermediation-and-smartness": 0.9667557227929645,
    "too-little-water-the-lake-chad-story": 0.9664683506694571,
    "technostratigraphy-of-a-technological-object": 0.9663145660034521,
    "reshaping-the-shape-embodiment-ecology-and-culture-of-a-postnatural-carp": 0.9654524876234531,
    "tactics-for-quotidian-anthropocenes-2": 0.9630242484155016,
    "twin-cities-artist-residency-mississippi-an-anthropocene-story": 0.9625789604933171,
    "prologue-the-fence-concept": 0.9624777293758195,
    "project-launch-minneapolis": 0.9618383003684018,
    "significant-and-insignificant-mounds": 0.9616549169092306,
    "taking-nature-into-account-historical-perspectives-and-paradoxes": 0.9616324221713582,
    "the-confluence-area": 0.9608135885142938,
    "the-shape-of-a-practice-seminars": 0.9602091275077489,
    "the-shape-of-a-practice-online-project-environment": 0.9594919463781165,
    "xaraasi-xanne-crossing-voices": 0.9593830786624166,
    "river-memory": 0.9592599883805496,
    "the-maledives-case": 0.9587877806281111,
    "seminar-romancing-the-anthropocene": 0.9581510510917415,
    "seminar-clashing-temporalities": 0.9580779505414336,
    "re-patterning-with-kudzu": 0.9577995880539686,
    "the-american-bottom": 0.9572921407224705,
    "this-is-not-about-survival-its-about-bringing-your-coracle": 0.9571112761699265,
    "the-danish-text": 0.9571064191192662,
    "seminar-claims-property": 0.9544580057072953,
    "seminar-commodity-flows": 0.954067718943229,
    "the-vietnamese-community-in-eastern-new-orleans": 0.9522569447243318,
    "seminar-risk-equity": 0.9516100989257451,
    "the-hedge": 0.9513484031753278,
    "understanding-the-north-american-lost-crops": 0.9513278928252826,
    "seminar-techno-metabolism": 0.9491441926702362,
    "river-semester-project": 0.9473723714102524,
    "seminar-film-exhaustion-and-imagination": 0.946101344681654,
    "technosphere-magazine": 0.9454728493237071,
    "temporary-continent": 0.9440553536861537,
    "slow-disaster": 0.9431950390625815,
    "the-anthropogenic-influence-onto-the-air-quality-along-the-mississippi-river-findings": 0.9425716016181136,
    "seminar-un-bounded-engineering-and-evolutionary-stability": 0.9405485518648684,
    "us-southwest": 0.9397743318352161,
    "typha-the-once-and-future-planty-companion": 0.9395435252500224,
    "significant-and-insignificant-mounds-2": 0.9390529040715938,
    "seminar-film-clashing-temporalities": 0.9365144393024903,
    "the-great-green-desert": 0.9348413448187236,
    "seminar-film-commodity-flows": 0.9329656468212867,
    "river-semester": 0.9293526942597586,
    "seminar-film-un-bounded-engineering-and-evolutionary-stability": 0.927148911300863,
    "shaped-by-rivers": 0.92707287644457,
    "the-rights-of-nature": 0.9239480879637548,
    "resonance-vegetale": 0.9212035706622045,
    "transect-walk-cahokia-mounds-to-fairmont-city": 0.9106609867772669,
    "sharing-surveillance-data": 0.903485278926448,
    "st-louis-anthropocene-field-campus": 0.8843441637282037,
    "the-fight-for-alaskas-arctic-has-just-begun": 0.876546566025991,
    "the-terrestrial-is-not-the-globe": 0.8701303459876345,
    "t-rain-lines": 0.8634746149235935,
    "the-politics-of-modeling": 0.8562267609214064,
    "the-current-mississippi-an-anthropocene-river": 0.8522157995810843,
    "worshipping-along-the-routes-of-migration": 0.8437761913009477,
    "the-lena-is-worthy-of-baikal-defining-remoteness-across-the-north-and-the-east": 0.8206942258636954,
    "the-shipworm-and-the-telegraph": 0.8045091739140782,
    "the-abolition-of-market-dependency": 0.7791856174943322,
    "redeeming-urban-spaces-the-ambivalence-of-building-a-pentecostal-city-in-lagos-nigeria": 0.770985612710973,
    "sever-pre-emptive-strategy-for-an-open-arctic": 0.7376298762765697,
    "risk-as-immaterial-raw-material": 0.7367610713487528,
    "the-free-sea-2": 0.7340834438841551,
    "ve-vm-vt-the-ideal-cosmic-messengers": 0.6153537104642951,
    "the-lichtenberg-case-2": 0.5945075891878068,
    "the-lichtenberg-case": 0.484143128607059,
    "tokens-a-rorschach-test": 0.4808177427789015,
    "test-contribution": 0.3500073302506657
}