{
    "telling-time-through-lagoons-of-human-waste-at-the-western-treatment-plant": 0.9753984922145625,
    "rogue-elements-of-the-upper-mississippi": 0.9706671534471374,
    "the-hyphen": 0.9704600712882264,
    "times-before-and-after": 0.968939791086998,
    "risk-equity-in-the-louisiana-anthropocene": 0.9683764596042512,
    "somewhere-somehow-a-co-evolution-story": 0.9681575630051805,
    "shadowing-the-anthropocene": 0.9681414040898029,
    "significant-and-insignificant-mounds": 0.9681257594655055,
    "time-out-of-mind": 0.9679025112441272,
    "stranging-the-anthropocene-refraction": 0.9674050504365979,
    "seminar-report-geo-politics": 0.9666636409727972,
    "sounding-landscapes": 0.9663262474624653,
    "the-free-sea": 0.9662006349753668,
    "the-terrain-of-the-former-veb-elektrokohle-lichtenberg": 0.9660425465670438,
    "technosphere-co-evolution-a-seminal-seminar-conversation": 0.9659578187939494,
    "the-floating-ear": 0.9647710854657661,
    "wicked-problems-and-mental-models": 0.9643888933751815,
    "time-and-time-again": 0.9638349680948454,
    "resisting-the-oblivion-of-eco-colonialism": 0.9631278592722433,
    "technostratigraphy-of-a-technological-object": 0.9631165611314387,
    "the-four-dimensional-mississippi": 0.9629099062847506,
    "white-sands": 0.9628063578240594,
    "seminar-imaging-the-anthropocene": 0.9623901204952308,
    "tree-x-office": 0.9622764841523614,
    "seminar-report-anthropogenic-landscapes": 0.9622442850161059,
    "seminar-report-filtering-the-anthropocene": 0.9617960765951515,
    "the-aerocene-campus": 0.9615977805863739,
    "the-anthropocene-in-light-of-biological-feedback": 0.961359427224217,
    "seminar-report-slow-media": 0.959828203194304,
    "remnant-formations": 0.9596371750738406,
    "terraforming": 0.9594807959951523,
    "seminar-reflection-2": 0.9589044954836208,
    "sacrifice-zones-and-portable-climate": 0.9588254059082642,
    "touring-the-anthropocenery-whos-in-charge-here-2014": 0.9587637856195078,
    "the-hedge": 0.9579583058771565,
    "this-is-not-about-survival-its-about-bringing-your-coracle": 0.957717365376636,
    "state-of-nature-in-india": 0.9565722966307834,
    "seminar-reflections-algorithmic-intermediation-and-smartness": 0.9565500456407307,
    "tactics-for-quotidian-anthropocenes": 0.9564911518234311,
    "seminar-communicating": 0.9553979425527085,
    "real-estate-river": 0.9553846676314244,
    "temporary-continent": 0.9553230493534421,
    "the-american-bottom": 0.9552487229586946,
    "the-shape-of-a-practice": 0.9550180081797761,
    "specifics-of-vulnerability": 0.9549992091231483,
    "uncalculated-risk": 0.9547395456965444,
    "seminar-anthropogenic-landscapes": 0.9544977487206069,
    "us-southwest": 0.9544757588480639,
    "timeslips": 0.9535891981931566,
    "seminar-sensing": 0.9531752847256753,
    "the-mississippi-basin-an-operational-landscape": 0.9530268595181474,
    "seminar-co-evolution-of-the-technosphere": 0.9529793046407476,
    "re-patterning-with-kudzu": 0.9524076827348265,
    "seminar-clashing-temporalities": 0.9510963520681126,
    "seminar-co-evolutionary-perspectives": 0.9510001603745764,
    "seminar-archiving": 0.9508688887026346,
    "the-stories-we-tell-the-images-we-take": 0.9505538065587776,
    "seminar-valuing-nature": 0.949973672979921,
    "too-little-water-the-lake-chad-story": 0.9484805411792329,
    "the-vietnamese-community-in-eastern-new-orleans": 0.9479353237006052,
    "social-witnessing": 0.9475536506814307,
    "seminar-exhaustion-and-imagination": 0.9474622608607827,
    "seminar-modelling-wicked-problems": 0.9473494608749584,
    "river-memory": 0.9470300899916831,
    "the-confluence-area": 0.9469149247207803,
    "the-anthropocene-and-our-post-natural-future-2": 0.9464377362171507,
    "walk-about-it": 0.9463052106721508,
    "reshaping-the-shape-embodiment-ecology-and-culture-of-a-postnatural-carp": 0.9450560457400113,
    "voice-and-representation": 0.9441771780303693,
    "significant-and-insignificant-mounds-2": 0.9426749975259874,
    "understanding-the-north-american-lost-crops": 0.942508797839018,
    "systems-analysis-and-modeling": 0.9419294857880103,
    "seminar-consensus-building": 0.9410464531977132,
    "seminar-slow-media": 0.9399385666438812,
    "technosphere-magazine": 0.9378021484540001,
    "the-maledives-case": 0.9372001520913976,
    "seminar-commodity-flows": 0.9362710925777651,
    "seminar-governing-the-technosphere": 0.9358730842995385,
    "state-of-nature-some-philosophical-issues": 0.9352030723774443,
    "seminar-techno-metabolism": 0.9349711323787468,
    "seminar-sensing-the-insensible": 0.9343805601999658,
    "xaraasi-xanne-crossing-voices": 0.9342001450508672,
    "seminar-filtering-the-anthropocene": 0.9324546730738025,
    "seminar-disciplinarities": 0.9316653619687522,
    "the-shape-of-a-practice-online-project-environment": 0.930961739728926,
    "seminar-algorithmic-intermediation-and-smartness": 0.9306607369817014,
    "twin-cities-artist-residency-mississippi-an-anthropocene-story": 0.9304357856093721,
    "river-semester-project": 0.9303844634110235,
    "the-danish-text": 0.92844655678955,
    "the-great-green-desert": 0.9277925536796153,
    "writing-global-histories-in-the-anthropocene": 0.9276090429555338,
    "seminar-claims-property": 0.9275148147633787,
    "slow-disaster": 0.924836565638833,
    "the-anthropogenic-influence-onto-the-air-quality-along-the-mississippi-river-findings": 0.9243688936721226,
    "tactics-for-quotidian-anthropocenes-2": 0.9212562097145616,
    "shaped-by-rivers": 0.9209328229966991,
    "seminar-romancing-the-anthropocene": 0.9205458112033973,
    "typha-the-once-and-future-planty-companion": 0.9203464590765141,
    "seminar-film-exhaustion-and-imagination": 0.9201669359135739,
    "the-shape-of-a-practice-seminars": 0.9199386112336703,
    "seminar-un-bounded-engineering-and-evolutionary-stability": 0.9181052694597498,
    "resonance-vegetale": 0.91665751916942,
    "taking-nature-into-account-historical-perspectives-and-paradoxes": 0.9154040108852881,
    "seminar-film-clashing-temporalities": 0.9094128136205434,
    "river-semester": 0.9064511330043422,
    "transect-walk-cahokia-mounds-to-fairmont-city": 0.9045586193587642,
    "seminar-film-commodity-flows": 0.9036922850271734,
    "seminar-risk-equity": 0.9012459475512832,
    "seminar-film-un-bounded-engineering-and-evolutionary-stability": 0.8967865861674517,
    "the-rights-of-nature": 0.8904591641161919,
    "sharing-surveillance-data": 0.8793462516059407,
    "t-rain-lines": 0.8689986700826771,
    "st-louis-anthropocene-field-campus": 0.8644060174417274,
    "the-current-mississippi-an-anthropocene-river": 0.8533386170316286,
    "the-fight-for-alaskas-arctic-has-just-begun": 0.845878347350544,
    "the-terrestrial-is-not-the-globe": 0.8375965220920718,
    "worshipping-along-the-routes-of-migration": 0.8213467433337645,
    "the-politics-of-modeling": 0.8048698323027714,
    "the-lena-is-worthy-of-baikal-defining-remoteness-across-the-north-and-the-east": 0.8025435580290969,
    "the-shipworm-and-the-telegraph": 0.7726556935644362,
    "redeeming-urban-spaces-the-ambivalence-of-building-a-pentecostal-city-in-lagos-nigeria": 0.763794850067483,
    "the-free-sea-2": 0.7211682139357313,
    "risk-as-immaterial-raw-material": 0.7150095097880682,
    "the-abolition-of-market-dependency": 0.7057981563823656,
    "sever-pre-emptive-strategy-for-an-open-arctic": 0.7051148994701509,
    "ve-vm-vt-the-ideal-cosmic-messengers": 0.5994217223959097,
    "the-lichtenberg-case-2": 0.5987736891649286,
    "tokens-a-rorschach-test": 0.4696907053315819,
    "the-lichtenberg-case": 0.4598294700524148,
    "test-contribution": 0.4053079515401461
}