{
    "uncalculated-risk": 0.9882973494547123,
    "the-terrain-of-the-former-veb-elektrokohle-lichtenberg": 0.9859276898859366,
    "risk-equity-in-the-louisiana-anthropocene": 0.9848284613363741,
    "sacrifice-zones-and-portable-climate": 0.9847684727596671,
    "sounding-landscapes": 0.9826572104241795,
    "seminar-report-geo-politics": 0.9818295482984467,
    "timeslips": 0.981175552112632,
    "telling-time-through-lagoons-of-human-waste-at-the-western-treatment-plant": 0.9811240211330743,
    "tactics-for-quotidian-anthropocenes": 0.9801454704562035,
    "seminar-report-anthropogenic-landscapes": 0.9798535941589043,
    "resisting-the-oblivion-of-eco-colonialism": 0.9781702005803163,
    "the-vietnamese-community-in-eastern-new-orleans": 0.9780813677589496,
    "white-sands": 0.9770332614485728,
    "seminar-report-filtering-the-anthropocene": 0.9762346980873319,
    "the-free-sea": 0.9754137288204048,
    "the-four-dimensional-mississippi": 0.9750862979934839,
    "remnant-formations": 0.9748432905765386,
    "the-aerocene-campus": 0.9745230133368782,
    "stranging-the-anthropocene-refraction": 0.9744509213713177,
    "time-out-of-mind": 0.9740741240589631,
    "tree-x-office": 0.9740560410072697,
    "seminar-report-slow-media": 0.9733320859026862,
    "too-little-water-the-lake-chad-story": 0.9718076344543111,
    "the-mississippi-basin-an-operational-landscape": 0.9713706565985206,
    "social-witnessing": 0.9710475711883744,
    "seminar-reflections-algorithmic-intermediation-and-smartness": 0.9708946691235216,
    "river-memory": 0.9702084846912132,
    "rogue-elements-of-the-upper-mississippi": 0.9696194685538981,
    "seminar-valuing-nature": 0.9695394848866892,
    "the-shape-of-a-practice": 0.9694994969738491,
    "somewhere-somehow-a-co-evolution-story": 0.9686983226017885,
    "seminar-imaging-the-anthropocene": 0.9682329723578617,
    "seminar-co-evolution-of-the-technosphere": 0.9680505450989276,
    "walk-about-it": 0.967912149477056,
    "the-stories-we-tell-the-images-we-take": 0.9676867184115805,
    "shadowing-the-anthropocene": 0.9676568742894832,
    "touring-the-anthropocenery-whos-in-charge-here-2014": 0.967633845784158,
    "seminar-claims-property": 0.9674122243053601,
    "the-confluence-area": 0.967006615600916,
    "the-american-bottom": 0.9650727462501141,
    "state-of-nature-in-india": 0.9648929234398582,
    "seminar-reflection-2": 0.9648638517339096,
    "seminar-governing-the-technosphere": 0.9648112807382442,
    "time-and-time-again": 0.9640598327292397,
    "seminar-communicating": 0.9638829930805702,
    "times-before-and-after": 0.9637484163772665,
    "the-floating-ear": 0.9637184585823912,
    "technosphere-co-evolution-a-seminal-seminar-conversation": 0.9631699951715436,
    "us-southwest": 0.9628669836742344,
    "xaraasi-xanne-crossing-voices": 0.9627047336623842,
    "seminar-modelling-wicked-problems": 0.9611623113793353,
    "seminar-clashing-temporalities": 0.9606911728560997,
    "the-danish-text": 0.9604470179207788,
    "the-hyphen": 0.9602846334323418,
    "seminar-anthropogenic-landscapes": 0.960015235600519,
    "this-is-not-about-survival-its-about-bringing-your-coracle": 0.959504325842721,
    "the-anthropocene-in-light-of-biological-feedback": 0.9593313592992038,
    "significant-and-insignificant-mounds": 0.9593001857917357,
    "voice-and-representation": 0.9587303199402053,
    "the-great-green-desert": 0.9582337046713186,
    "writing-global-histories-in-the-anthropocene": 0.9579584672979756,
    "wicked-problems-and-mental-models": 0.9577576709279392,
    "twin-cities-artist-residency-mississippi-an-anthropocene-story": 0.9575302765957268,
    "specifics-of-vulnerability": 0.9572137947421383,
    "terraforming": 0.9568703290159188,
    "state-of-nature-some-philosophical-issues": 0.956323542265155,
    "seminar-archiving": 0.9558303364585439,
    "seminar-slow-media": 0.955688942747452,
    "seminar-exhaustion-and-imagination": 0.9553648844181672,
    "seminar-sensing": 0.9552034121690343,
    "the-hedge": 0.9551081138935343,
    "seminar-consensus-building": 0.9549050766840219,
    "river-semester-project": 0.954793396057828,
    "seminar-co-evolutionary-perspectives": 0.9537104226405692,
    "the-maledives-case": 0.9536630626084096,
    "river-semester": 0.9523011046980788,
    "seminar-commodity-flows": 0.9515651183603391,
    "taking-nature-into-account-historical-perspectives-and-paradoxes": 0.9512709006538106,
    "systems-analysis-and-modeling": 0.9500907955934506,
    "tactics-for-quotidian-anthropocenes-2": 0.949974139484908,
    "technostratigraphy-of-a-technological-object": 0.9492141312188941,
    "the-anthropocene-and-our-post-natural-future-2": 0.9489617918623919,
    "seminar-disciplinarities": 0.9480720749284657,
    "seminar-filtering-the-anthropocene": 0.946704609542811,
    "seminar-sensing-the-insensible": 0.9465138621271924,
    "the-shape-of-a-practice-online-project-environment": 0.9464040500110538,
    "seminar-algorithmic-intermediation-and-smartness": 0.9460055466125935,
    "the-shape-of-a-practice-seminars": 0.9459279355013883,
    "typha-the-once-and-future-planty-companion": 0.9455044575829921,
    "significant-and-insignificant-mounds-2": 0.9453735521286138,
    "reshaping-the-shape-embodiment-ecology-and-culture-of-a-postnatural-carp": 0.9451522391708537,
    "seminar-romancing-the-anthropocene": 0.944800878347507,
    "shaped-by-rivers": 0.9445499946901054,
    "understanding-the-north-american-lost-crops": 0.944331436426326,
    "transect-walk-cahokia-mounds-to-fairmont-city": 0.9438987654060745,
    "temporary-continent": 0.9419721762524043,
    "seminar-un-bounded-engineering-and-evolutionary-stability": 0.9417541087660913,
    "seminar-techno-metabolism": 0.940561859378384,
    "seminar-film-exhaustion-and-imagination": 0.9398289353844471,
    "seminar-film-commodity-flows": 0.9370534428890912,
    "seminar-risk-equity": 0.9361785588974265,
    "seminar-film-clashing-temporalities": 0.9351110892336163,
    "the-anthropogenic-influence-onto-the-air-quality-along-the-mississippi-river-findings": 0.9340853837452523,
    "the-rights-of-nature": 0.9322268376420053,
    "slow-disaster": 0.9291870404225258,
    "technosphere-magazine": 0.9262787621115356,
    "seminar-film-un-bounded-engineering-and-evolutionary-stability": 0.922669237357193,
    "resonance-vegetale": 0.9206401765001488,
    "sharing-surveillance-data": 0.8968516811942511,
    "st-louis-anthropocene-field-campus": 0.8919496958973687,
    "the-current-mississippi-an-anthropocene-river": 0.8831553501370224,
    "the-fight-for-alaskas-arctic-has-just-begun": 0.8755824564343944,
    "the-lena-is-worthy-of-baikal-defining-remoteness-across-the-north-and-the-east": 0.8573740712527022,
    "the-terrestrial-is-not-the-globe": 0.8552630271974868,
    "the-politics-of-modeling": 0.8534091912040237,
    "t-rain-lines": 0.8529997469422084,
    "worshipping-along-the-routes-of-migration": 0.8480391764251962,
    "redeeming-urban-spaces-the-ambivalence-of-building-a-pentecostal-city-in-lagos-nigeria": 0.8237757267555954,
    "the-shipworm-and-the-telegraph": 0.8118856410425142,
    "the-abolition-of-market-dependency": 0.7867018561353628,
    "the-free-sea-2": 0.7560140422705308,
    "sever-pre-emptive-strategy-for-an-open-arctic": 0.7317420120057418,
    "risk-as-immaterial-raw-material": 0.6983418464038107,
    "the-lichtenberg-case-2": 0.631031106135814,
    "ve-vm-vt-the-ideal-cosmic-messengers": 0.6035310928272333,
    "the-lichtenberg-case": 0.5060708747548526,
    "tokens-a-rorschach-test": 0.45909146570593135,
    "test-contribution": 0.37945094570015464
}