{
    "the-vietnamese-community-in-eastern-new-orleans": 0.8242172267056356,
    "seminar-claims-property": 0.8141684855318126,
    "social-witnessing": 0.8120738104601115,
    "transect-walk-cahokia-mounds-to-fairmont-city": 0.8102365171586526,
    "the-great-green-desert": 0.8085952125063,
    "the-american-bottom": 0.8076701745976487,
    "river-memory": 0.8062627934296733,
    "us-southwest": 0.8025020583939247,
    "sacrifice-zones-and-portable-climate": 0.8017577204583104,
    "writing-global-histories-in-the-anthropocene": 0.8013913457024325,
    "too-little-water-the-lake-chad-story": 0.8013566261359656,
    "significant-and-insignificant-mounds": 0.7956427575361659,
    "the-rights-of-nature": 0.7952639813365606,
    "taking-nature-into-account-historical-perspectives-and-paradoxes": 0.7936212578588064,
    "the-confluence-area": 0.7932890961658962,
    "uncalculated-risk": 0.7929084669297394,
    "the-current-mississippi-an-anthropocene-river": 0.792700137196597,
    "stranging-the-anthropocene-refraction": 0.7911487363200526,
    "telling-time-through-lagoons-of-human-waste-at-the-western-treatment-plant": 0.7904225418297487,
    "tactics-for-quotidian-anthropocenes": 0.7900036201924323,
    "risk-equity-in-the-louisiana-anthropocene": 0.7898849605923507,
    "state-of-nature-some-philosophical-issues": 0.7884568900032582,
    "significant-and-insignificant-mounds-2": 0.7875237479178758,
    "sounding-landscapes": 0.7872486286934868,
    "seminar-report-anthropogenic-landscapes": 0.7869937272663188,
    "state-of-nature-in-india": 0.7868820633763632,
    "seminar-romancing-the-anthropocene": 0.7868409494061359,
    "typha-the-once-and-future-planty-companion": 0.7866429581961984,
    "river-semester": 0.7865259709892218,
    "shaped-by-rivers": 0.7864822725954728,
    "walk-about-it": 0.786324161823461,
    "the-terrain-of-the-former-veb-elektrokohle-lichtenberg": 0.7854834089756791,
    "seminar-report-slow-media": 0.7850395248065599,
    "seminar-anthropogenic-landscapes": 0.78470441485486,
    "the-stories-we-tell-the-images-we-take": 0.7846455463577203,
    "seminar-clashing-temporalities": 0.7843817332156741,
    "xaraasi-xanne-crossing-voices": 0.7838206045837779,
    "river-semester-project": 0.7831941603284582,
    "tactics-for-quotidian-anthropocenes-2": 0.7831398902077135,
    "white-sands": 0.7828349714173043,
    "twin-cities-artist-residency-mississippi-an-anthropocene-story": 0.7827304753205037,
    "timeslips": 0.7823012978300826,
    "seminar-report-filtering-the-anthropocene": 0.7821824222789995,
    "seminar-imaging-the-anthropocene": 0.7811474520408934,
    "the-mississippi-basin-an-operational-landscape": 0.7805521660801569,
    "seminar-un-bounded-engineering-and-evolutionary-stability": 0.7793816354618248,
    "the-aerocene-campus": 0.7787114115383714,
    "seminar-valuing-nature": 0.7781198316862851,
    "the-maledives-case": 0.777100184902498,
    "the-hedge": 0.7769933399184971,
    "remnant-formations": 0.7766847546811549,
    "the-four-dimensional-mississippi": 0.7763529997377876,
    "seminar-communicating": 0.7762736933094183,
    "touring-the-anthropocenery-whos-in-charge-here-2014": 0.7761487962678226,
    "seminar-commodity-flows": 0.7760474408306852,
    "seminar-sensing-the-insensible": 0.7755116509241003,
    "tree-x-office": 0.7754291223477197,
    "the-danish-text": 0.7752621113144045,
    "seminar-co-evolution-of-the-technosphere": 0.7734733393048505,
    "seminar-report-geo-politics": 0.7728097840042085,
    "time-and-time-again": 0.7720047823578114,
    "resisting-the-oblivion-of-eco-colonialism": 0.7713511321247437,
    "the-shape-of-a-practice": 0.7712471406832693,
    "seminar-governing-the-technosphere": 0.7709743816513898,
    "seminar-algorithmic-intermediation-and-smartness": 0.7702727862393671,
    "this-is-not-about-survival-its-about-bringing-your-coracle": 0.7698466771304454,
    "reshaping-the-shape-embodiment-ecology-and-culture-of-a-postnatural-carp": 0.7693776731153947,
    "the-lena-is-worthy-of-baikal-defining-remoteness-across-the-north-and-the-east": 0.7689515776367711,
    "time-out-of-mind": 0.768707186790769,
    "temporary-continent": 0.7683565296021843,
    "the-floating-ear": 0.7677411228292464,
    "the-free-sea": 0.7672732599938437,
    "seminar-co-evolutionary-perspectives": 0.7667925565611363,
    "shadowing-the-anthropocene": 0.7662320865376959,
    "seminar-film-clashing-temporalities": 0.7662072370931551,
    "seminar-filtering-the-anthropocene": 0.7654057845280559,
    "voice-and-representation": 0.7650208476500944,
    "seminar-risk-equity": 0.7647785315365304,
    "seminar-disciplinarities": 0.7645153922622937,
    "seminar-techno-metabolism": 0.7643787596484645,
    "the-shape-of-a-practice-online-project-environment": 0.7642384286070704,
    "rogue-elements-of-the-upper-mississippi": 0.7626874584727824,
    "slow-disaster": 0.7620899422259967,
    "seminar-film-exhaustion-and-imagination": 0.7619492087526198,
    "seminar-reflections-algorithmic-intermediation-and-smartness": 0.7615314199676181,
    "seminar-modelling-wicked-problems": 0.7614619327616766,
    "seminar-slow-media": 0.760885315675042,
    "the-hyphen": 0.7604234952957936,
    "somewhere-somehow-a-co-evolution-story": 0.7602246492347422,
    "st-louis-anthropocene-field-campus": 0.7597354402875448,
    "the-anthropocene-and-our-post-natural-future-2": 0.7596282412330642,
    "understanding-the-north-american-lost-crops": 0.7593774118776154,
    "seminar-reflection-2": 0.7587505551270302,
    "seminar-film-un-bounded-engineering-and-evolutionary-stability": 0.7585457234162833,
    "times-before-and-after": 0.7582621893840981,
    "seminar-film-commodity-flows": 0.7566358678657061,
    "terraforming": 0.7551155058049681,
    "resonance-vegetale": 0.7540624488461516,
    "the-anthropocene-in-light-of-biological-feedback": 0.7510601262929103,
    "seminar-sensing": 0.7506826217663009,
    "seminar-archiving": 0.7499680377557354,
    "seminar-consensus-building": 0.7476842249577574,
    "systems-analysis-and-modeling": 0.747046553059924,
    "wicked-problems-and-mental-models": 0.7469843510340243,
    "technosphere-co-evolution-a-seminal-seminar-conversation": 0.7467836573796585,
    "the-shape-of-a-practice-seminars": 0.7454513593076977,
    "seminar-exhaustion-and-imagination": 0.743522018373185,
    "specifics-of-vulnerability": 0.7435014690438893,
    "the-anthropogenic-influence-onto-the-air-quality-along-the-mississippi-river-findings": 0.7385980028371377,
    "technosphere-magazine": 0.7363308347262538,
    "technostratigraphy-of-a-technological-object": 0.7326792321336715,
    "the-politics-of-modeling": 0.7303788768285849,
    "worshipping-along-the-routes-of-migration": 0.7208353872685261,
    "sharing-surveillance-data": 0.7193053818081148,
    "the-terrestrial-is-not-the-globe": 0.684396118156327,
    "the-fight-for-alaskas-arctic-has-just-begun": 0.6657515856287732,
    "t-rain-lines": 0.6616066355852147,
    "the-abolition-of-market-dependency": 0.6534384914211793,
    "the-shipworm-and-the-telegraph": 0.6518261882230592,
    "the-free-sea-2": 0.6144423158419962,
    "sever-pre-emptive-strategy-for-an-open-arctic": 0.5837310271883576,
    "the-lichtenberg-case-2": 0.576753257900378,
    "risk-as-immaterial-raw-material": 0.5366595118920221,
    "ve-vm-vt-the-ideal-cosmic-messengers": 0.5227740900226149,
    "the-lichtenberg-case": 0.45632009178212396,
    "tokens-a-rorschach-test": 0.4236176434461161,
    "test-contribution": 0.3817928428620056
}