{
    "seminar-report-filtering-the-anthropocene": 0.9673964869424727,
    "seminar-co-evolution-of-the-technosphere": 0.9637958411401198,
    "stranging-the-anthropocene-refraction": 0.9628608488693132,
    "seminar-imaging-the-anthropocene": 0.9627605509046328,
    "the-shape-of-a-practice": 0.9625914845654062,
    "sounding-landscapes": 0.9622832409873526,
    "seminar-report-anthropogenic-landscapes": 0.959953071241287,
    "state-of-nature-in-india": 0.9577429676501492,
    "somewhere-somehow-a-co-evolution-story": 0.9573616359436895,
    "the-anthropocene-in-light-of-biological-feedback": 0.957229974936695,
    "risk-equity-in-the-louisiana-anthropocene": 0.9568547028706181,
    "the-mississippi-basin-an-operational-landscape": 0.9567695868923346,
    "the-floating-ear": 0.9565204046249762,
    "times-before-and-after": 0.9559428125292116,
    "seminar-sensing": 0.9554660209073086,
    "writing-global-histories-in-the-anthropocene": 0.9551773934770281,
    "the-hyphen": 0.9548204190555829,
    "seminar-communicating": 0.9545806400478192,
    "seminar-reflections-algorithmic-intermediation-and-smartness": 0.9540020737310272,
    "shadowing-the-anthropocene": 0.9538679092402037,
    "seminar-reflection-2": 0.9537618194031277,
    "significant-and-insignificant-mounds": 0.9536549698403459,
    "the-four-dimensional-mississippi": 0.9534690659079632,
    "seminar-anthropogenic-landscapes": 0.9533917501105468,
    "state-of-nature-some-philosophical-issues": 0.952963918159608,
    "seminar-valuing-nature": 0.9520373489453765,
    "seminar-report-slow-media": 0.9516271065873128,
    "time-and-time-again": 0.9509398992824389,
    "telling-time-through-lagoons-of-human-waste-at-the-western-treatment-plant": 0.9502055175670366,
    "social-witnessing": 0.9499684871953634,
    "walk-about-it": 0.9499206494458784,
    "too-little-water-the-lake-chad-story": 0.9498496536344615,
    "seminar-modelling-wicked-problems": 0.9497503460037066,
    "sacrifice-zones-and-portable-climate": 0.9497016771325191,
    "white-sands": 0.9496436869701922,
    "seminar-report-geo-politics": 0.9492682672594264,
    "wicked-problems-and-mental-models": 0.9492521308125196,
    "understanding-the-north-american-lost-crops": 0.9489425803749081,
    "the-terrain-of-the-former-veb-elektrokohle-lichtenberg": 0.9488442196023129,
    "technosphere-co-evolution-a-seminal-seminar-conversation": 0.9485357720803638,
    "resisting-the-oblivion-of-eco-colonialism": 0.9482657129129448,
    "seminar-filtering-the-anthropocene": 0.9481682063924394,
    "the-aerocene-campus": 0.9475756250498671,
    "systems-analysis-and-modeling": 0.9475555420940523,
    "the-free-sea": 0.9470841947775194,
    "seminar-co-evolutionary-perspectives": 0.9464685984429722,
    "taking-nature-into-account-historical-perspectives-and-paradoxes": 0.9461971514261922,
    "tactics-for-quotidian-anthropocenes": 0.9459663475622175,
    "temporary-continent": 0.9453896607262676,
    "voice-and-representation": 0.9453727667207567,
    "seminar-sensing-the-insensible": 0.9451430605487906,
    "terraforming": 0.9449683126590582,
    "seminar-commodity-flows": 0.9439190583953149,
    "uncalculated-risk": 0.9438885809745061,
    "this-is-not-about-survival-its-about-bringing-your-coracle": 0.9438668280596185,
    "seminar-disciplinarities": 0.943844622697793,
    "the-stories-we-tell-the-images-we-take": 0.9436180943967611,
    "timeslips": 0.9435815455190638,
    "time-out-of-mind": 0.9421199340631115,
    "seminar-exhaustion-and-imagination": 0.9419086200441906,
    "touring-the-anthropocenery-whos-in-charge-here-2014": 0.941551568586822,
    "technosphere-magazine": 0.941225750268435,
    "the-american-bottom": 0.9411488960905321,
    "river-memory": 0.9399102369148619,
    "rogue-elements-of-the-upper-mississippi": 0.9398206582795878,
    "the-confluence-area": 0.9395818640488535,
    "seminar-consensus-building": 0.9394130507947048,
    "the-maledives-case": 0.9387339352076498,
    "seminar-archiving": 0.9372032881516131,
    "the-anthropocene-and-our-post-natural-future-2": 0.9369125973717126,
    "seminar-clashing-temporalities": 0.9357714504791108,
    "tree-x-office": 0.935750183110256,
    "seminar-claims-property": 0.9354087233858912,
    "seminar-techno-metabolism": 0.9353338262055377,
    "tactics-for-quotidian-anthropocenes-2": 0.9353256508820206,
    "seminar-slow-media": 0.9351326541067289,
    "seminar-algorithmic-intermediation-and-smartness": 0.9330937785362309,
    "seminar-un-bounded-engineering-and-evolutionary-stability": 0.9328282283757228,
    "seminar-governing-the-technosphere": 0.9316820017752634,
    "shaped-by-rivers": 0.9305952718050086,
    "technostratigraphy-of-a-technological-object": 0.9303762457998341,
    "xaraasi-xanne-crossing-voices": 0.9300070233502761,
    "twin-cities-artist-residency-mississippi-an-anthropocene-story": 0.9299866640636206,
    "significant-and-insignificant-mounds-2": 0.9293580112133062,
    "slow-disaster": 0.9291841906693593,
    "the-shape-of-a-practice-online-project-environment": 0.9288602055302863,
    "the-vietnamese-community-in-eastern-new-orleans": 0.928860033768757,
    "the-danish-text": 0.9280880482112557,
    "specifics-of-vulnerability": 0.9280396959953987,
    "seminar-romancing-the-anthropocene": 0.9266436971867409,
    "the-great-green-desert": 0.9265573606129189,
    "the-anthropogenic-influence-onto-the-air-quality-along-the-mississippi-river-findings": 0.9265331045951373,
    "the-shape-of-a-practice-seminars": 0.9240155328605341,
    "river-semester-project": 0.9227854332413499,
    "seminar-risk-equity": 0.9216825946566963,
    "us-southwest": 0.9206122234440712,
    "typha-the-once-and-future-planty-companion": 0.9196010533289629,
    "the-hedge": 0.9160687971878149,
    "seminar-film-exhaustion-and-imagination": 0.9093583369738034,
    "the-rights-of-nature": 0.9082735484148995,
    "river-semester": 0.9079857390940946,
    "seminar-film-un-bounded-engineering-and-evolutionary-stability": 0.901858799733442,
    "seminar-film-clashing-temporalities": 0.9016660836602945,
    "resonance-vegetale": 0.8998856859039174,
    "transect-walk-cahokia-mounds-to-fairmont-city": 0.8981941604219547,
    "seminar-film-commodity-flows": 0.896195583341139,
    "sharing-surveillance-data": 0.8768342864926317,
    "st-louis-anthropocene-field-campus": 0.8648641068155348,
    "the-current-mississippi-an-anthropocene-river": 0.8638149808117902,
    "the-terrestrial-is-not-the-globe": 0.862784687365418,
    "worshipping-along-the-routes-of-migration": 0.8553847753146887,
    "the-fight-for-alaskas-arctic-has-just-begun": 0.8496860460863699,
    "the-politics-of-modeling": 0.8384341524610865,
    "t-rain-lines": 0.8099727397491048,
    "the-lena-is-worthy-of-baikal-defining-remoteness-across-the-north-and-the-east": 0.8096912981476594,
    "the-shipworm-and-the-telegraph": 0.7744638902568576,
    "the-abolition-of-market-dependency": 0.761326882897499,
    "risk-as-immaterial-raw-material": 0.7242304965620977,
    "the-free-sea-2": 0.7179612943500956,
    "sever-pre-emptive-strategy-for-an-open-arctic": 0.7141444153999049,
    "ve-vm-vt-the-ideal-cosmic-messengers": 0.611295197847481,
    "the-lichtenberg-case-2": 0.6014009403020056,
    "the-lichtenberg-case": 0.4946988140665453,
    "tokens-a-rorschach-test": 0.45670818423797555,
    "test-contribution": 0.37699259891750614
}