{
    "the-aerocene-campus": 0.9593200975816356,
    "the-stories-we-tell-the-images-we-take": 0.9548843014923171,
    "tactics-for-quotidian-anthropocenes": 0.9464551065464838,
    "seminar-archiving": 0.9438617523665976,
    "terraforming": 0.9433879887699633,
    "xaraasi-xanne-crossing-voices": 0.9420311378417232,
    "stranging-the-anthropocene-refraction": 0.9416088825700488,
    "the-anthropocene-in-light-of-biological-feedback": 0.9410625926318247,
    "seminar-clashing-temporalities": 0.9407392004435281,
    "social-witnessing": 0.938654851217107,
    "risk-equity-in-the-louisiana-anthropocene": 0.9375521660499387,
    "the-vietnamese-community-in-eastern-new-orleans": 0.9356478724753335,
    "seminar-report-anthropogenic-landscapes": 0.9355483214269662,
    "the-confluence-area": 0.9354586850735382,
    "seminar-techno-metabolism": 0.9353132775616164,
    "the-floating-ear": 0.9352076614821734,
    "seminar-report-slow-media": 0.9330898904138687,
    "time-and-time-again": 0.932996450185398,
    "river-semester-project": 0.9327195887701346,
    "telling-time-through-lagoons-of-human-waste-at-the-western-treatment-plant": 0.9326960600792883,
    "the-american-bottom": 0.932632192444322,
    "white-sands": 0.9309348451428742,
    "the-hyphen": 0.9307077622537504,
    "seminar-co-evolution-of-the-technosphere": 0.9304556197316773,
    "seminar-reflection-2": 0.9302082628184196,
    "state-of-nature-in-india": 0.9291580523729286,
    "seminar-imaging-the-anthropocene": 0.9286430736734552,
    "tree-x-office": 0.9284040906451695,
    "seminar-communicating": 0.9283299298647529,
    "the-anthropocene-and-our-post-natural-future-2": 0.9279303124956312,
    "the-danish-text": 0.927826096655169,
    "the-terrain-of-the-former-veb-elektrokohle-lichtenberg": 0.927587270717465,
    "shadowing-the-anthropocene": 0.926917704355522,
    "sacrifice-zones-and-portable-climate": 0.9266917127888842,
    "seminar-report-geo-politics": 0.9266767785860663,
    "the-shape-of-a-practice": 0.9264694722058758,
    "typha-the-once-and-future-planty-companion": 0.9263346083716089,
    "seminar-sensing": 0.9259337451283689,
    "sounding-landscapes": 0.9257041238835019,
    "seminar-reflections-algorithmic-intermediation-and-smartness": 0.9253488826228846,
    "touring-the-anthropocenery-whos-in-charge-here-2014": 0.9253290397120051,
    "tactics-for-quotidian-anthropocenes-2": 0.9244087727104172,
    "walk-about-it": 0.9238136798489163,
    "the-free-sea": 0.9235851236201101,
    "somewhere-somehow-a-co-evolution-story": 0.9235327316415595,
    "too-little-water-the-lake-chad-story": 0.9229530439137752,
    "seminar-consensus-building": 0.9226587182064675,
    "seminar-co-evolutionary-perspectives": 0.9225614622581383,
    "river-memory": 0.922234709165811,
    "technostratigraphy-of-a-technological-object": 0.9222178935638511,
    "us-southwest": 0.9210379950966229,
    "time-out-of-mind": 0.9207255641736608,
    "times-before-and-after": 0.9205560813806622,
    "twin-cities-artist-residency-mississippi-an-anthropocene-story": 0.920374863708882,
    "technosphere-co-evolution-a-seminal-seminar-conversation": 0.9196537924450878,
    "seminar-valuing-nature": 0.9196486964804935,
    "temporary-continent": 0.9193109603380264,
    "rogue-elements-of-the-upper-mississippi": 0.9189411458762802,
    "the-shape-of-a-practice-online-project-environment": 0.9186797638880286,
    "seminar-anthropogenic-landscapes": 0.9182551955130577,
    "wicked-problems-and-mental-models": 0.9176616350564983,
    "seminar-modelling-wicked-problems": 0.9176519422798638,
    "this-is-not-about-survival-its-about-bringing-your-coracle": 0.9176012769454216,
    "seminar-report-filtering-the-anthropocene": 0.9175073688465568,
    "uncalculated-risk": 0.9165031424889436,
    "seminar-commodity-flows": 0.9160252599530906,
    "systems-analysis-and-modeling": 0.9158454977857166,
    "voice-and-representation": 0.914777599552394,
    "the-rights-of-nature": 0.9141462484420345,
    "the-shape-of-a-practice-seminars": 0.913851384793075,
    "seminar-romancing-the-anthropocene": 0.913756107621955,
    "timeslips": 0.9120418796203535,
    "seminar-slow-media": 0.9117447983080089,
    "the-four-dimensional-mississippi": 0.9107423214728876,
    "seminar-sensing-the-insensible": 0.9098470574258998,
    "specifics-of-vulnerability": 0.9085141519057403,
    "the-hedge": 0.9072204023914983,
    "seminar-un-bounded-engineering-and-evolutionary-stability": 0.9067655901605832,
    "the-mississippi-basin-an-operational-landscape": 0.9064124052890654,
    "seminar-film-exhaustion-and-imagination": 0.9063771931928137,
    "river-semester": 0.9058103310788236,
    "seminar-governing-the-technosphere": 0.905165807338845,
    "seminar-algorithmic-intermediation-and-smartness": 0.9048131815768284,
    "the-great-green-desert": 0.9034582286350544,
    "writing-global-histories-in-the-anthropocene": 0.9032646642052636,
    "seminar-film-un-bounded-engineering-and-evolutionary-stability": 0.9027481700623222,
    "taking-nature-into-account-historical-perspectives-and-paradoxes": 0.9019475019451951,
    "significant-and-insignificant-mounds": 0.9014887794646285,
    "seminar-film-clashing-temporalities": 0.9001790792536105,
    "seminar-disciplinarities": 0.8991155867142525,
    "state-of-nature-some-philosophical-issues": 0.8990771834374073,
    "seminar-exhaustion-and-imagination": 0.8983407702948055,
    "slow-disaster": 0.8980911798653856,
    "the-anthropogenic-influence-onto-the-air-quality-along-the-mississippi-river-findings": 0.8978577639348706,
    "sharing-surveillance-data": 0.897750779322192,
    "seminar-filtering-the-anthropocene": 0.8966306100415089,
    "technosphere-magazine": 0.895014258293949,
    "understanding-the-north-american-lost-crops": 0.8912313128725196,
    "seminar-film-commodity-flows": 0.890898240256068,
    "st-louis-anthropocene-field-campus": 0.8872343913552303,
    "significant-and-insignificant-mounds-2": 0.8846399736769928,
    "seminar-claims-property": 0.8845036168372695,
    "the-maledives-case": 0.8790797116300095,
    "the-current-mississippi-an-anthropocene-river": 0.8716888029840468,
    "transect-walk-cahokia-mounds-to-fairmont-city": 0.8670717952729704,
    "seminar-risk-equity": 0.8657191011384261,
    "shaped-by-rivers": 0.8624078618926254,
    "the-politics-of-modeling": 0.8471738791332697,
    "t-rain-lines": 0.8115593223126304,
    "the-fight-for-alaskas-arctic-has-just-begun": 0.7928548819437582,
    "the-terrestrial-is-not-the-globe": 0.7894142706544177,
    "the-lena-is-worthy-of-baikal-defining-remoteness-across-the-north-and-the-east": 0.7620136481520657,
    "worshipping-along-the-routes-of-migration": 0.752642827455509,
    "the-shipworm-and-the-telegraph": 0.7382251730419409,
    "the-free-sea-2": 0.7072101085631192,
    "sever-pre-emptive-strategy-for-an-open-arctic": 0.6943253558212644,
    "risk-as-immaterial-raw-material": 0.6740022175493497,
    "the-abolition-of-market-dependency": 0.66362247878871,
    "the-lichtenberg-case-2": 0.6403315937559356,
    "ve-vm-vt-the-ideal-cosmic-messengers": 0.5937272595640336,
    "the-lichtenberg-case": 0.48903213396706957,
    "tokens-a-rorschach-test": 0.4646439897478596,
    "test-contribution": 0.44478964685283806
}