{
    "tactics-for-quotidian-anthropocenes": 0.9911782170871222,
    "the-aerocene-campus": 0.9897891948769465,
    "seminar-report-geo-politics": 0.9892575561875853,
    "telling-time-through-lagoons-of-human-waste-at-the-western-treatment-plant": 0.9887548800686768,
    "the-free-sea": 0.9877763003925831,
    "seminar-report-anthropogenic-landscapes": 0.9873378703380086,
    "the-terrain-of-the-former-veb-elektrokohle-lichtenberg": 0.9873183119286079,
    "seminar-report-filtering-the-anthropocene": 0.9870810427556875,
    "somewhere-somehow-a-co-evolution-story": 0.98703568479246,
    "stranging-the-anthropocene-refraction": 0.9864689259381512,
    "seminar-reflections-algorithmic-intermediation-and-smartness": 0.9863762570816603,
    "time-out-of-mind": 0.9859704994729444,
    "seminar-reflection-2": 0.9846464438600371,
    "sounding-landscapes": 0.9843738243511035,
    "uncalculated-risk": 0.9838141300291784,
    "sacrifice-zones-and-portable-climate": 0.9835733123990834,
    "seminar-report-slow-media": 0.9832659427374146,
    "technosphere-co-evolution-a-seminal-seminar-conversation": 0.9826694562312641,
    "the-shape-of-a-practice": 0.9823510192334757,
    "shadowing-the-anthropocene": 0.9813622716737201,
    "seminar-imaging-the-anthropocene": 0.9812966710459852,
    "rogue-elements-of-the-upper-mississippi": 0.9808705159721077,
    "wicked-problems-and-mental-models": 0.9804734984504824,
    "the-stories-we-tell-the-images-we-take": 0.9802322079038196,
    "times-before-and-after": 0.9801279455025685,
    "the-floating-ear": 0.9800747045727985,
    "time-and-time-again": 0.9798708778139475,
    "seminar-valuing-nature": 0.9793313013384,
    "seminar-modelling-wicked-problems": 0.9793026176140475,
    "white-sands": 0.979155588582199,
    "touring-the-anthropocenery-whos-in-charge-here-2014": 0.9788963973594904,
    "timeslips": 0.9787778364784103,
    "too-little-water-the-lake-chad-story": 0.9786294840736354,
    "seminar-sensing": 0.9785773557696245,
    "seminar-exhaustion-and-imagination": 0.9782599038682607,
    "seminar-co-evolution-of-the-technosphere": 0.9781654164953069,
    "specifics-of-vulnerability": 0.9781097428726354,
    "river-memory": 0.9775987187438526,
    "the-hyphen": 0.9775966420226873,
    "voice-and-representation": 0.9773264430491148,
    "walk-about-it": 0.9772135079317633,
    "seminar-communicating": 0.9771532562789151,
    "the-anthropocene-in-light-of-biological-feedback": 0.9771053484452684,
    "seminar-consensus-building": 0.977054288941692,
    "seminar-archiving": 0.9768817791301432,
    "social-witnessing": 0.9765576966950383,
    "seminar-clashing-temporalities": 0.976389289842505,
    "tree-x-office": 0.9759213750113913,
    "terraforming": 0.9750355389902696,
    "the-confluence-area": 0.9749507474083529,
    "the-four-dimensional-mississippi": 0.9747525858095064,
    "the-vietnamese-community-in-eastern-new-orleans": 0.9745021635696782,
    "seminar-co-evolutionary-perspectives": 0.9738873255480622,
    "seminar-anthropogenic-landscapes": 0.9735536847394786,
    "xaraasi-xanne-crossing-voices": 0.9734501736162297,
    "state-of-nature-in-india": 0.9723904812840465,
    "seminar-governing-the-technosphere": 0.9714415758841435,
    "seminar-slow-media": 0.9704236856410189,
    "the-american-bottom": 0.9703083574568137,
    "this-is-not-about-survival-its-about-bringing-your-coracle": 0.9700074443192497,
    "the-anthropocene-and-our-post-natural-future-2": 0.9695360311230518,
    "the-mississippi-basin-an-operational-landscape": 0.9688628441483002,
    "technostratigraphy-of-a-technological-object": 0.9684886649605825,
    "significant-and-insignificant-mounds": 0.9683179800174235,
    "twin-cities-artist-residency-mississippi-an-anthropocene-story": 0.9667818694528748,
    "the-danish-text": 0.9667152153679611,
    "writing-global-histories-in-the-anthropocene": 0.9666904107826785,
    "systems-analysis-and-modeling": 0.9648898394574078,
    "seminar-sensing-the-insensible": 0.9647588116985998,
    "seminar-disciplinarities": 0.9638252426204257,
    "us-southwest": 0.9635822110943996,
    "seminar-filtering-the-anthropocene": 0.9633476869853503,
    "river-semester-project": 0.9628012448672363,
    "state-of-nature-some-philosophical-issues": 0.9626888232356807,
    "the-hedge": 0.9617698011434758,
    "seminar-algorithmic-intermediation-and-smartness": 0.9605104437829278,
    "the-shape-of-a-practice-seminars": 0.9580137945369779,
    "seminar-claims-property": 0.9576469988703297,
    "tactics-for-quotidian-anthropocenes-2": 0.9576139955385152,
    "the-maledives-case": 0.9573188299141839,
    "seminar-commodity-flows": 0.9572080018940738,
    "seminar-techno-metabolism": 0.9571660540322566,
    "the-shape-of-a-practice-online-project-environment": 0.9570866599742458,
    "understanding-the-north-american-lost-crops": 0.9561702761522458,
    "temporary-continent": 0.9558121624314879,
    "river-semester": 0.9547252373353493,
    "seminar-romancing-the-anthropocene": 0.9543954865259502,
    "typha-the-once-and-future-planty-companion": 0.9543004653491113,
    "taking-nature-into-account-historical-perspectives-and-paradoxes": 0.9537707949413909,
    "seminar-risk-equity": 0.95207003309364,
    "significant-and-insignificant-mounds-2": 0.9492602922920499,
    "slow-disaster": 0.9488967976097269,
    "seminar-film-exhaustion-and-imagination": 0.9483254564466472,
    "the-great-green-desert": 0.9479532448892241,
    "the-anthropogenic-influence-onto-the-air-quality-along-the-mississippi-river-findings": 0.9473000185224576,
    "seminar-un-bounded-engineering-and-evolutionary-stability": 0.9434985155501786,
    "seminar-film-clashing-temporalities": 0.9371259380737662,
    "technosphere-magazine": 0.9354908226254975,
    "shaped-by-rivers": 0.9348643611927375,
    "the-rights-of-nature": 0.9320984526759245,
    "seminar-film-commodity-flows": 0.9312694559745416,
    "transect-walk-cahokia-mounds-to-fairmont-city": 0.9276829043866235,
    "seminar-film-un-bounded-engineering-and-evolutionary-stability": 0.9235705003564422,
    "sharing-surveillance-data": 0.9067909635218384,
    "st-louis-anthropocene-field-campus": 0.8930258292175115,
    "the-current-mississippi-an-anthropocene-river": 0.8850429424946702,
    "the-fight-for-alaskas-arctic-has-just-begun": 0.8755277392239138,
    "t-rain-lines": 0.8718467069649437,
    "the-politics-of-modeling": 0.8580784072000512,
    "the-terrestrial-is-not-the-globe": 0.8455521371138397,
    "worshipping-along-the-routes-of-migration": 0.8322195954127272,
    "the-lena-is-worthy-of-baikal-defining-remoteness-across-the-north-and-the-east": 0.8269941581203625,
    "the-shipworm-and-the-telegraph": 0.7957770591043413,
    "the-abolition-of-market-dependency": 0.749480427560524,
    "the-free-sea-2": 0.7406544583388803,
    "sever-pre-emptive-strategy-for-an-open-arctic": 0.7341156892112376,
    "the-lichtenberg-case-2": 0.6108615624223326,
    "ve-vm-vt-the-ideal-cosmic-messengers": 0.6093807009672605,
    "the-lichtenberg-case": 0.4880626023471059,
    "tokens-a-rorschach-test": 0.4675688104033393,
    "test-contribution": 0.38756990154900905
}