{
    "tactics-for-quotidian-anthropocenes": 0.97180530829126,
    "the-aerocene-campus": 0.9696475262189538,
    "the-confluence-area": 0.9680551740629465,
    "the-stories-we-tell-the-images-we-take": 0.9666079226598696,
    "seminar-clashing-temporalities": 0.9664581576124349,
    "the-american-bottom": 0.9642875431388104,
    "social-witnessing": 0.9626950235324065,
    "seminar-report-anthropogenic-landscapes": 0.9617548370790097,
    "twin-cities-artist-residency-mississippi-an-anthropocene-story": 0.9616514734394588,
    "seminar-reflection-2": 0.9615499398422588,
    "seminar-report-slow-media": 0.9593188220301123,
    "seminar-archiving": 0.9586696999850556,
    "stranging-the-anthropocene-refraction": 0.9574155535482625,
    "seminar-co-evolution-of-the-technosphere": 0.9570277922771099,
    "seminar-communicating": 0.9562309622088053,
    "seminar-sensing": 0.9561240471074511,
    "walk-about-it": 0.9559621465341392,
    "the-shape-of-a-practice": 0.9559482901013614,
    "seminar-reflections-algorithmic-intermediation-and-smartness": 0.955834676819846,
    "seminar-consensus-building": 0.9551517660964356,
    "tactics-for-quotidian-anthropocenes-2": 0.9545015374628433,
    "seminar-imaging-the-anthropocene": 0.9540799141211406,
    "seminar-anthropogenic-landscapes": 0.9529618713991724,
    "writing-global-histories-in-the-anthropocene": 0.9528669750140617,
    "xaraasi-xanne-crossing-voices": 0.9526890647389381,
    "telling-time-through-lagoons-of-human-waste-at-the-western-treatment-plant": 0.9525942330187053,
    "the-shape-of-a-practice-seminars": 0.9525118910055534,
    "seminar-film-exhaustion-and-imagination": 0.9518006167808628,
    "seminar-romancing-the-anthropocene": 0.9509750045422786,
    "seminar-co-evolutionary-perspectives": 0.9508341180195854,
    "sacrifice-zones-and-portable-climate": 0.950578424970865,
    "shadowing-the-anthropocene": 0.9495536488884161,
    "seminar-valuing-nature": 0.9494856078026439,
    "the-shape-of-a-practice-online-project-environment": 0.9493454239420595,
    "time-and-time-again": 0.949335880120401,
    "state-of-nature-in-india": 0.9489101992434731,
    "voice-and-representation": 0.9486095729857519,
    "seminar-report-geo-politics": 0.9476879037616733,
    "the-floating-ear": 0.947681484418997,
    "terraforming": 0.9475967537182809,
    "seminar-report-filtering-the-anthropocene": 0.947367914969864,
    "the-vietnamese-community-in-eastern-new-orleans": 0.9466817341536125,
    "too-little-water-the-lake-chad-story": 0.9465661241088317,
    "typha-the-once-and-future-planty-companion": 0.946551421182487,
    "seminar-sensing-the-insensible": 0.946450410953574,
    "seminar-film-clashing-temporalities": 0.9462475137947175,
    "uncalculated-risk": 0.9455627892866868,
    "white-sands": 0.9453686332552383,
    "sounding-landscapes": 0.9453431514173422,
    "temporary-continent": 0.9450115075329366,
    "the-terrain-of-the-former-veb-elektrokohle-lichtenberg": 0.9450066979862466,
    "seminar-modelling-wicked-problems": 0.9447415753602314,
    "seminar-un-bounded-engineering-and-evolutionary-stability": 0.9443640289965692,
    "timeslips": 0.943855159233066,
    "time-out-of-mind": 0.9437922445950592,
    "seminar-film-commodity-flows": 0.9437180802471025,
    "seminar-slow-media": 0.9432335959758491,
    "seminar-disciplinarities": 0.9411646312516937,
    "times-before-and-after": 0.940972893538798,
    "seminar-techno-metabolism": 0.9407467932900476,
    "taking-nature-into-account-historical-perspectives-and-paradoxes": 0.940515342298061,
    "the-hyphen": 0.9397986096240462,
    "slow-disaster": 0.9394987563756962,
    "the-four-dimensional-mississippi": 0.9393574164976393,
    "the-free-sea": 0.9392657351438389,
    "the-anthropocene-in-light-of-biological-feedback": 0.9389761951143659,
    "touring-the-anthropocenery-whos-in-charge-here-2014": 0.9388635106811785,
    "the-anthropocene-and-our-post-natural-future-2": 0.9380517929888709,
    "this-is-not-about-survival-its-about-bringing-your-coracle": 0.9379542914121202,
    "seminar-algorithmic-intermediation-and-smartness": 0.9373300603467489,
    "rogue-elements-of-the-upper-mississippi": 0.9367999678542137,
    "the-mississippi-basin-an-operational-landscape": 0.9366558366772095,
    "somewhere-somehow-a-co-evolution-story": 0.9361869167069771,
    "seminar-exhaustion-and-imagination": 0.9355811818369993,
    "seminar-film-un-bounded-engineering-and-evolutionary-stability": 0.9354000045031085,
    "tree-x-office": 0.9350581497771537,
    "seminar-commodity-flows": 0.9348912349178946,
    "seminar-claims-property": 0.9343097804389338,
    "state-of-nature-some-philosophical-issues": 0.9343032345517449,
    "the-great-green-desert": 0.9336757704823526,
    "seminar-governing-the-technosphere": 0.9331387361277885,
    "us-southwest": 0.9321212942770588,
    "significant-and-insignificant-mounds": 0.9320371766401488,
    "technosphere-co-evolution-a-seminal-seminar-conversation": 0.931845495170168,
    "systems-analysis-and-modeling": 0.9311152710628875,
    "wicked-problems-and-mental-models": 0.9288552711563627,
    "the-danish-text": 0.9280182525392098,
    "seminar-filtering-the-anthropocene": 0.9268890566359052,
    "the-hedge": 0.9247190444244532,
    "specifics-of-vulnerability": 0.924466619494327,
    "understanding-the-north-american-lost-crops": 0.9241369907499318,
    "transect-walk-cahokia-mounds-to-fairmont-city": 0.9238490858472926,
    "significant-and-insignificant-mounds-2": 0.9238206505649174,
    "shaped-by-rivers": 0.9230683760749362,
    "technostratigraphy-of-a-technological-object": 0.9177730638865474,
    "the-rights-of-nature": 0.9157816800637701,
    "seminar-risk-equity": 0.9153326600522546,
    "technosphere-magazine": 0.91339594272293,
    "the-anthropogenic-influence-onto-the-air-quality-along-the-mississippi-river-findings": 0.9074378096239548,
    "the-maledives-case": 0.9023404928701847,
    "st-louis-anthropocene-field-campus": 0.9014600316533455,
    "the-current-mississippi-an-anthropocene-river": 0.8958956613893851,
    "sharing-surveillance-data": 0.8920430337353781,
    "the-politics-of-modeling": 0.8481777721185216,
    "t-rain-lines": 0.827943622748215,
    "the-fight-for-alaskas-arctic-has-just-begun": 0.8247891124908462,
    "worshipping-along-the-routes-of-migration": 0.8185019766637488,
    "the-lena-is-worthy-of-baikal-defining-remoteness-across-the-north-and-the-east": 0.8169295885014962,
    "the-terrestrial-is-not-the-globe": 0.8082770509552856,
    "the-shipworm-and-the-telegraph": 0.7697030083678758,
    "the-free-sea-2": 0.7205317675623312,
    "sever-pre-emptive-strategy-for-an-open-arctic": 0.7131633079885907,
    "the-abolition-of-market-dependency": 0.7086096406272421,
    "the-lichtenberg-case-2": 0.6284731608418118,
    "ve-vm-vt-the-ideal-cosmic-messengers": 0.5879837331230521,
    "the-lichtenberg-case": 0.49038007024498304,
    "tokens-a-rorschach-test": 0.47184582770184114,
    "test-contribution": 0.3917085891515375
}