{
    "time-out-of-mind": 0.9939094746379271,
    "telling-time-through-lagoons-of-human-waste-at-the-western-treatment-plant": 0.990077881352925,
    "the-free-sea": 0.9852204383508347,
    "the-four-dimensional-mississippi": 0.9829376842135096,
    "somewhere-somehow-a-co-evolution-story": 0.9829221882422189,
    "the-terrain-of-the-former-veb-elektrokohle-lichtenberg": 0.9817941988942035,
    "white-sands": 0.9815827957542168,
    "sacrifice-zones-and-portable-climate": 0.9802744094151419,
    "technostratigraphy-of-a-technological-object": 0.9802568766565231,
    "timeslips": 0.9799088000326442,
    "specifics-of-vulnerability": 0.9797558518715392,
    "uncalculated-risk": 0.9790592524506158,
    "technosphere-co-evolution-a-seminal-seminar-conversation": 0.9779422473308185,
    "this-is-not-about-survival-its-about-bringing-your-coracle": 0.9773921538108997,
    "sounding-landscapes": 0.9773224530900795,
    "touring-the-anthropocenery-whos-in-charge-here-2014": 0.9756804352643441,
    "the-aerocene-campus": 0.9722806071317126,
    "seminar-report-geo-politics": 0.9720059465134958,
    "shadowing-the-anthropocene": 0.9716258577346797,
    "seminar-report-filtering-the-anthropocene": 0.9692498951296408,
    "tree-x-office": 0.9692300386737236,
    "the-vietnamese-community-in-eastern-new-orleans": 0.9688017377962728,
    "times-before-and-after": 0.9682156742889738,
    "tactics-for-quotidian-anthropocenes": 0.9674672879224749,
    "the-hyphen": 0.9666495522547497,
    "significant-and-insignificant-mounds": 0.9661141669225692,
    "wicked-problems-and-mental-models": 0.9656682051079767,
    "stranging-the-anthropocene-refraction": 0.9642323093477445,
    "seminar-report-anthropogenic-landscapes": 0.9638059304935694,
    "walk-about-it": 0.9624788922487989,
    "the-floating-ear": 0.9620186788877624,
    "seminar-clashing-temporalities": 0.9617144265976874,
    "the-stories-we-tell-the-images-we-take": 0.96149476837347,
    "seminar-report-slow-media": 0.9611953094888959,
    "time-and-time-again": 0.9605627859885654,
    "social-witnessing": 0.9605391638782307,
    "seminar-reflections-algorithmic-intermediation-and-smartness": 0.9601508351544866,
    "the-maledives-case": 0.9598701454866471,
    "us-southwest": 0.9596859556963581,
    "the-anthropocene-in-light-of-biological-feedback": 0.9594031366734884,
    "the-mississippi-basin-an-operational-landscape": 0.9579854159765656,
    "terraforming": 0.9574161093582735,
    "seminar-anthropogenic-landscapes": 0.9571521804297785,
    "the-confluence-area": 0.9571431493714179,
    "seminar-imaging-the-anthropocene": 0.9567857220863392,
    "seminar-reflection-2": 0.9564993718301427,
    "seminar-exhaustion-and-imagination": 0.9561300940518074,
    "seminar-governing-the-technosphere": 0.9558565179678542,
    "understanding-the-north-american-lost-crops": 0.9553326764942709,
    "too-little-water-the-lake-chad-story": 0.9553004494288055,
    "seminar-slow-media": 0.9542553717136341,
    "seminar-modelling-wicked-problems": 0.9539237730520173,
    "the-shape-of-a-practice": 0.9536602877510769,
    "the-hedge": 0.9535859723989715,
    "the-great-green-desert": 0.9507335053614776,
    "the-american-bottom": 0.9504498094432963,
    "seminar-sensing": 0.9501584783424873,
    "the-danish-text": 0.9497960241017103,
    "seminar-co-evolutionary-perspectives": 0.9494497196905431,
    "seminar-co-evolution-of-the-technosphere": 0.9488820145012236,
    "xaraasi-xanne-crossing-voices": 0.9474838992794996,
    "seminar-communicating": 0.9473129710342089,
    "seminar-valuing-nature": 0.9466470079761621,
    "significant-and-insignificant-mounds-2": 0.9460118667026258,
    "state-of-nature-in-india": 0.9457579002339089,
    "seminar-archiving": 0.9456144891761216,
    "seminar-consensus-building": 0.9442968179217384,
    "the-anthropocene-and-our-post-natural-future-2": 0.9441337727791604,
    "seminar-sensing-the-insensible": 0.9439948933890917,
    "typha-the-once-and-future-planty-companion": 0.9426695204515825,
    "voice-and-representation": 0.9421933775379109,
    "systems-analysis-and-modeling": 0.9412661969521879,
    "twin-cities-artist-residency-mississippi-an-anthropocene-story": 0.9353620642280412,
    "seminar-filtering-the-anthropocene": 0.9353074105244552,
    "seminar-techno-metabolism": 0.9351721931661142,
    "the-anthropogenic-influence-onto-the-air-quality-along-the-mississippi-river-findings": 0.9344252473236059,
    "temporary-continent": 0.933600664949877,
    "seminar-claims-property": 0.9324387770236633,
    "seminar-disciplinarities": 0.9319279472914157,
    "seminar-romancing-the-anthropocene": 0.9307099156431307,
    "transect-walk-cahokia-mounds-to-fairmont-city": 0.9303384921829168,
    "seminar-algorithmic-intermediation-and-smartness": 0.9296039601618751,
    "writing-global-histories-in-the-anthropocene": 0.9290462494855388,
    "seminar-commodity-flows": 0.9290425698415756,
    "shaped-by-rivers": 0.9276224236278933,
    "the-shape-of-a-practice-online-project-environment": 0.9268297793065222,
    "state-of-nature-some-philosophical-issues": 0.9257527491206393,
    "tactics-for-quotidian-anthropocenes-2": 0.9237714600449902,
    "seminar-film-exhaustion-and-imagination": 0.9199096802111918,
    "technosphere-magazine": 0.9193139552503512,
    "the-shape-of-a-practice-seminars": 0.9190091056734941,
    "seminar-un-bounded-engineering-and-evolutionary-stability": 0.9186749877397317,
    "taking-nature-into-account-historical-perspectives-and-paradoxes": 0.9160903548212714,
    "slow-disaster": 0.9138955033922378,
    "seminar-film-clashing-temporalities": 0.9089780395858921,
    "the-rights-of-nature": 0.906349233274786,
    "seminar-risk-equity": 0.9060728208900678,
    "seminar-film-commodity-flows": 0.9043375711028595,
    "sharing-surveillance-data": 0.8931375395982716,
    "seminar-film-un-bounded-engineering-and-evolutionary-stability": 0.8917283854803522,
    "the-fight-for-alaskas-arctic-has-just-begun": 0.8875988194857584,
    "the-current-mississippi-an-anthropocene-river": 0.883395116082633,
    "t-rain-lines": 0.8807249567003932,
    "st-louis-anthropocene-field-campus": 0.8752720711100507,
    "the-terrestrial-is-not-the-globe": 0.8494162847336303,
    "the-lena-is-worthy-of-baikal-defining-remoteness-across-the-north-and-the-east": 0.8341206672571378,
    "the-politics-of-modeling": 0.8313158175597114,
    "worshipping-along-the-routes-of-migration": 0.8110059723858565,
    "the-shipworm-and-the-telegraph": 0.7988804097298743,
    "the-free-sea-2": 0.7775938838461148,
    "sever-pre-emptive-strategy-for-an-open-arctic": 0.7338406395309724,
    "the-abolition-of-market-dependency": 0.701510343192388,
    "ve-vm-vt-the-ideal-cosmic-messengers": 0.625259905430815,
    "the-lichtenberg-case-2": 0.6220094584800677,
    "the-lichtenberg-case": 0.4961120792793758,
    "tokens-a-rorschach-test": 0.4748008252548243,
    "test-contribution": 0.4104796020495218
}