{
    "the-mississippi-basin-an-operational-landscape": 0.9735972574400076,
    "too-little-water-the-lake-chad-story": 0.969140259196149,
    "state-of-nature-in-india": 0.9668364657137276,
    "the-anthropocene-in-light-of-biological-feedback": 0.9622016060963158,
    "seminar-report-anthropogenic-landscapes": 0.9606599558227821,
    "stranging-the-anthropocene-refraction": 0.959633091254639,
    "seminar-valuing-nature": 0.9591407487639734,
    "seminar-un-bounded-engineering-and-evolutionary-stability": 0.9581866974238084,
    "the-shape-of-a-practice": 0.9577500978135594,
    "seminar-report-filtering-the-anthropocene": 0.9576089868424994,
    "seminar-report-geo-politics": 0.9567244531687568,
    "the-anthropogenic-influence-onto-the-air-quality-along-the-mississippi-river-findings": 0.9562581097200481,
    "seminar-techno-metabolism": 0.9559360974101622,
    "systems-analysis-and-modeling": 0.9551782743154362,
    "the-four-dimensional-mississippi": 0.953841563688469,
    "tactics-for-quotidian-anthropocenes": 0.9533454306138678,
    "the-american-bottom": 0.9530006968568907,
    "seminar-communicating": 0.9518952170105456,
    "temporary-continent": 0.9517971808630634,
    "the-floating-ear": 0.95132602737405,
    "writing-global-histories-in-the-anthropocene": 0.9501550160179716,
    "seminar-sensing": 0.9497457709322255,
    "seminar-imaging-the-anthropocene": 0.9491557498220474,
    "telling-time-through-lagoons-of-human-waste-at-the-western-treatment-plant": 0.948711934574568,
    "white-sands": 0.9486641161416107,
    "sounding-landscapes": 0.9483678347498417,
    "state-of-nature-some-philosophical-issues": 0.9481543267204242,
    "seminar-modelling-wicked-problems": 0.9481454332347647,
    "the-aerocene-campus": 0.947871539688688,
    "seminar-reflection-2": 0.9476674107813318,
    "terraforming": 0.947262560366223,
    "somewhere-somehow-a-co-evolution-story": 0.9471580528942976,
    "the-stories-we-tell-the-images-we-take": 0.9459001134270835,
    "seminar-reflections-algorithmic-intermediation-and-smartness": 0.9447297118994686,
    "taking-nature-into-account-historical-perspectives-and-paradoxes": 0.9443623943059628,
    "uncalculated-risk": 0.9441610459159004,
    "the-anthropocene-and-our-post-natural-future-2": 0.9435370809898718,
    "social-witnessing": 0.9435053132702294,
    "the-terrain-of-the-former-veb-elektrokohle-lichtenberg": 0.9433288859688638,
    "wicked-problems-and-mental-models": 0.942556372021166,
    "seminar-consensus-building": 0.9424376920303384,
    "the-hyphen": 0.9416223822038988,
    "the-confluence-area": 0.9415474585105386,
    "seminar-report-slow-media": 0.9410947217403914,
    "time-and-time-again": 0.9410019284578937,
    "times-before-and-after": 0.9402772086157446,
    "significant-and-insignificant-mounds": 0.9393203839238519,
    "the-vietnamese-community-in-eastern-new-orleans": 0.9392488952921465,
    "shadowing-the-anthropocene": 0.9388141255936563,
    "technosphere-co-evolution-a-seminal-seminar-conversation": 0.9376591410160781,
    "voice-and-representation": 0.9373559276054968,
    "slow-disaster": 0.9371941888895151,
    "us-southwest": 0.9341615479018492,
    "tree-x-office": 0.9339283877553775,
    "shaped-by-rivers": 0.9338634179337949,
    "the-great-green-desert": 0.933452300231267,
    "the-free-sea": 0.9331784670784643,
    "seminar-disciplinarities": 0.9328056159306186,
    "timeslips": 0.9322521127561731,
    "seminar-exhaustion-and-imagination": 0.9322418523568046,
    "technosphere-magazine": 0.9312863836525052,
    "understanding-the-north-american-lost-crops": 0.9307716239257059,
    "the-danish-text": 0.9304503702917618,
    "xaraasi-xanne-crossing-voices": 0.9304222782172481,
    "tactics-for-quotidian-anthropocenes-2": 0.9291270802765167,
    "walk-about-it": 0.9291101057991414,
    "the-maledives-case": 0.9270935884902104,
    "seminar-governing-the-technosphere": 0.9266714282517258,
    "this-is-not-about-survival-its-about-bringing-your-coracle": 0.9260042421303148,
    "seminar-film-commodity-flows": 0.9259091141270497,
    "time-out-of-mind": 0.9255362865711775,
    "the-shape-of-a-practice-seminars": 0.9253981363567702,
    "seminar-sensing-the-insensible": 0.9252731682947665,
    "the-shape-of-a-practice-online-project-environment": 0.9250524648282519,
    "seminar-filtering-the-anthropocene": 0.9244374897651318,
    "touring-the-anthropocenery-whos-in-charge-here-2014": 0.924170429520993,
    "seminar-risk-equity": 0.9226227961139277,
    "twin-cities-artist-residency-mississippi-an-anthropocene-story": 0.9218918631031014,
    "significant-and-insignificant-mounds-2": 0.9213090446059227,
    "the-hedge": 0.9203727961283829,
    "technostratigraphy-of-a-technological-object": 0.9183517390790205,
    "seminar-slow-media": 0.9176788278846131,
    "seminar-film-exhaustion-and-imagination": 0.9168283203482309,
    "seminar-film-un-bounded-engineering-and-evolutionary-stability": 0.9167249150121475,
    "seminar-romancing-the-anthropocene": 0.9153474939103607,
    "specifics-of-vulnerability": 0.9116540542726977,
    "transect-walk-cahokia-mounds-to-fairmont-city": 0.908279967144499,
    "typha-the-once-and-future-planty-companion": 0.9040622204287764,
    "seminar-film-clashing-temporalities": 0.9030001798348066,
    "the-rights-of-nature": 0.9024041710203227,
    "st-louis-anthropocene-field-campus": 0.8749236987980014,
    "sharing-surveillance-data": 0.8724408228701397,
    "the-current-mississippi-an-anthropocene-river": 0.8651548562239204,
    "worshipping-along-the-routes-of-migration": 0.8316796366244255,
    "the-terrestrial-is-not-the-globe": 0.8283130916047253,
    "the-politics-of-modeling": 0.8283052859057728,
    "the-fight-for-alaskas-arctic-has-just-begun": 0.8125544927221076,
    "t-rain-lines": 0.810661391035527,
    "the-lena-is-worthy-of-baikal-defining-remoteness-across-the-north-and-the-east": 0.7971471366106776,
    "the-abolition-of-market-dependency": 0.7927810166830036,
    "the-shipworm-and-the-telegraph": 0.7631970026873229,
    "the-free-sea-2": 0.7192010164362971,
    "sever-pre-emptive-strategy-for-an-open-arctic": 0.7062375525892075,
    "ve-vm-vt-the-ideal-cosmic-messengers": 0.5954570948190032,
    "the-lichtenberg-case-2": 0.5775792873710052,
    "the-lichtenberg-case": 0.45169729005703785,
    "tokens-a-rorschach-test": 0.4460021871803647,
    "test-contribution": 0.3795642817236233
}