{
    "seminar-film-exhaustion-and-imagination": 0.9751524958965515,
    "seminar-film-un-bounded-engineering-and-evolutionary-stability": 0.9604465624938382,
    "tactics-for-quotidian-anthropocenes-2": 0.9439667260808541,
    "seminar-report-anthropogenic-landscapes": 0.9414986027792004,
    "seminar-report-slow-media": 0.9394321332264948,
    "seminar-imaging-the-anthropocene": 0.9379560409497382,
    "the-shape-of-a-practice-seminars": 0.9366161176871717,
    "seminar-valuing-nature": 0.9362341754533535,
    "tactics-for-quotidian-anthropocenes": 0.9357181485852658,
    "seminar-reflections-algorithmic-intermediation-and-smartness": 0.9353615240555802,
    "seminar-reflection-2": 0.9350545946654697,
    "the-shape-of-a-practice": 0.9342955591461785,
    "the-stories-we-tell-the-images-we-take": 0.9341243134734848,
    "stranging-the-anthropocene-refraction": 0.933858992291801,
    "seminar-romancing-the-anthropocene": 0.9338392340133441,
    "the-confluence-area": 0.9334140930674901,
    "seminar-sensing": 0.9331281455592163,
    "writing-global-histories-in-the-anthropocene": 0.9328070486911342,
    "seminar-report-filtering-the-anthropocene": 0.9326434437401543,
    "the-aerocene-campus": 0.9325129828012155,
    "state-of-nature-in-india": 0.931493664405013,
    "the-mississippi-basin-an-operational-landscape": 0.931493391167229,
    "xaraasi-xanne-crossing-voices": 0.9308925935899853,
    "seminar-report-geo-politics": 0.9308750908848084,
    "seminar-un-bounded-engineering-and-evolutionary-stability": 0.9302034937833165,
    "time-and-time-again": 0.9297837202512719,
    "walk-about-it": 0.9285976299161037,
    "social-witnessing": 0.9283705843170355,
    "the-shape-of-a-practice-online-project-environment": 0.9273898134992703,
    "the-american-bottom": 0.9271175645837133,
    "voice-and-representation": 0.9270535657222339,
    "the-floating-ear": 0.9265731921572303,
    "shadowing-the-anthropocene": 0.92600727593364,
    "terraforming": 0.9254680312649259,
    "the-terrain-of-the-former-veb-elektrokohle-lichtenberg": 0.9253850576442123,
    "state-of-nature-some-philosophical-issues": 0.9243246797426518,
    "telling-time-through-lagoons-of-human-waste-at-the-western-treatment-plant": 0.9227356427130363,
    "twin-cities-artist-residency-mississippi-an-anthropocene-story": 0.9223295461693696,
    "the-four-dimensional-mississippi": 0.9221343682398202,
    "taking-nature-into-account-historical-perspectives-and-paradoxes": 0.9218735846194245,
    "times-before-and-after": 0.9212627141609256,
    "the-anthropocene-in-light-of-biological-feedback": 0.9208644209818304,
    "touring-the-anthropocenery-whos-in-charge-here-2014": 0.9208153248267358,
    "too-little-water-the-lake-chad-story": 0.9206164264163237,
    "sounding-landscapes": 0.9204748060007022,
    "uncalculated-risk": 0.9201505297474637,
    "seminar-slow-media": 0.9188624405943103,
    "seminar-governing-the-technosphere": 0.9186583117097701,
    "timeslips": 0.9186092551886985,
    "seminar-filtering-the-anthropocene": 0.9174620535547324,
    "seminar-modelling-wicked-problems": 0.9168191047071954,
    "the-anthropocene-and-our-post-natural-future-2": 0.9164651158076228,
    "seminar-sensing-the-insensible": 0.9163835271715519,
    "the-free-sea": 0.9150893252373847,
    "the-hyphen": 0.9144939007488155,
    "systems-analysis-and-modeling": 0.9138622157312493,
    "white-sands": 0.9137877577874629,
    "slow-disaster": 0.913556172652573,
    "time-out-of-mind": 0.9124397006448145,
    "the-great-green-desert": 0.9113964263843177,
    "seminar-techno-metabolism": 0.9091363814908812,
    "technosphere-co-evolution-a-seminal-seminar-conversation": 0.907456638229981,
    "tree-x-office": 0.9067197196221479,
    "technosphere-magazine": 0.9064781219694301,
    "shaped-by-rivers": 0.9059303909823517,
    "somewhere-somehow-a-co-evolution-story": 0.9056216546426061,
    "typha-the-once-and-future-planty-companion": 0.9044006247354379,
    "the-vietnamese-community-in-eastern-new-orleans": 0.903128037072904,
    "wicked-problems-and-mental-models": 0.9029772171276093,
    "temporary-continent": 0.9026721281560943,
    "the-hedge": 0.8987696151410652,
    "seminar-risk-equity": 0.8975497961796591,
    "the-danish-text": 0.896151304409029,
    "specifics-of-vulnerability": 0.8950468384534501,
    "the-rights-of-nature": 0.8944932295145857,
    "this-is-not-about-survival-its-about-bringing-your-coracle": 0.8936343565966123,
    "the-anthropogenic-influence-onto-the-air-quality-along-the-mississippi-river-findings": 0.8935760862831521,
    "significant-and-insignificant-mounds": 0.8920232347181728,
    "understanding-the-north-american-lost-crops": 0.8918053628232916,
    "the-maledives-case": 0.8911904820588187,
    "technostratigraphy-of-a-technological-object": 0.8910110230120233,
    "us-southwest": 0.8890526648130064,
    "significant-and-insignificant-mounds-2": 0.886832325262311,
    "transect-walk-cahokia-mounds-to-fairmont-city": 0.8865697237052622,
    "st-louis-anthropocene-field-campus": 0.8706220400411437,
    "sharing-surveillance-data": 0.850568849558101,
    "the-current-mississippi-an-anthropocene-river": 0.8243521017523843,
    "the-politics-of-modeling": 0.8180174042473478,
    "the-lena-is-worthy-of-baikal-defining-remoteness-across-the-north-and-the-east": 0.8164817834118249,
    "the-terrestrial-is-not-the-globe": 0.8130953104018974,
    "t-rain-lines": 0.8112944564390487,
    "worshipping-along-the-routes-of-migration": 0.8111618297701703,
    "the-fight-for-alaskas-arctic-has-just-begun": 0.7974810168768066,
    "the-shipworm-and-the-telegraph": 0.7632460395034795,
    "the-abolition-of-market-dependency": 0.7472277247572646,
    "the-free-sea-2": 0.7143456124849609,
    "sever-pre-emptive-strategy-for-an-open-arctic": 0.6791691581826614,
    "the-lichtenberg-case-2": 0.585041761381028,
    "ve-vm-vt-the-ideal-cosmic-messengers": 0.5598874541363562,
    "the-lichtenberg-case": 0.45451955479116624,
    "tokens-a-rorschach-test": 0.4513146791602875,
    "test-contribution": 0.3420598681845175
}