{
    "seminar-report-filtering-the-anthropocene": 0.977923247055057,
    "seminar-imaging-the-anthropocene": 0.9749797021625165,
    "seminar-valuing-nature": 0.9742249522515839,
    "voice-and-representation": 0.9734797763964445,
    "seminar-report-slow-media": 0.9729252127247171,
    "times-before-and-after": 0.9725749937838101,
    "seminar-reflections-algorithmic-intermediation-and-smartness": 0.9704933679637079,
    "the-floating-ear": 0.9699062683561028,
    "seminar-modelling-wicked-problems": 0.9693159647140327,
    "seminar-slow-media": 0.9687067106079797,
    "seminar-governing-the-technosphere": 0.9685131216112869,
    "touring-the-anthropocenery-whos-in-charge-here-2014": 0.9685122935697748,
    "the-shape-of-a-practice": 0.9684632592973702,
    "shadowing-the-anthropocene": 0.9682908053675586,
    "seminar-reflection-2": 0.9682449620898056,
    "time-and-time-again": 0.96713123975016,
    "stranging-the-anthropocene-refraction": 0.9670360281939278,
    "wicked-problems-and-mental-models": 0.9662111085152697,
    "seminar-sensing-the-insensible": 0.9659212666999131,
    "seminar-sensing": 0.9656681930638141,
    "state-of-nature-some-philosophical-issues": 0.9654226357116295,
    "seminar-report-anthropogenic-landscapes": 0.96538548187726,
    "the-anthropocene-and-our-post-natural-future-2": 0.9653177237560251,
    "walk-about-it": 0.9651094767364519,
    "the-hyphen": 0.9643041326486573,
    "technosphere-co-evolution-a-seminal-seminar-conversation": 0.9641921640325695,
    "seminar-report-geo-politics": 0.9636939476321775,
    "state-of-nature-in-india": 0.9621550400897724,
    "writing-global-histories-in-the-anthropocene": 0.9617140205549811,
    "terraforming": 0.9612290752241596,
    "the-free-sea": 0.9609079894333888,
    "the-anthropocene-in-light-of-biological-feedback": 0.9605272278654648,
    "seminar-romancing-the-anthropocene": 0.9559013616141017,
    "taking-nature-into-account-historical-perspectives-and-paradoxes": 0.9556645461107109,
    "systems-analysis-and-modeling": 0.9554962818849785,
    "tactics-for-quotidian-anthropocenes-2": 0.9538448798937537,
    "specifics-of-vulnerability": 0.9537224145493493,
    "the-aerocene-campus": 0.9536070516934949,
    "sounding-landscapes": 0.9535745398277676,
    "somewhere-somehow-a-co-evolution-story": 0.9532505357354119,
    "seminar-risk-equity": 0.9521190228209592,
    "the-terrain-of-the-former-veb-elektrokohle-lichtenberg": 0.9512162439381512,
    "tactics-for-quotidian-anthropocenes": 0.9509371576371047,
    "social-witnessing": 0.9508765279446701,
    "time-out-of-mind": 0.950278341931995,
    "the-stories-we-tell-the-images-we-take": 0.9499979738715094,
    "telling-time-through-lagoons-of-human-waste-at-the-western-treatment-plant": 0.94849311016643,
    "twin-cities-artist-residency-mississippi-an-anthropocene-story": 0.9442437672897553,
    "timeslips": 0.9438953401775851,
    "uncalculated-risk": 0.9427916667038723,
    "the-maledives-case": 0.9426190591367691,
    "too-little-water-the-lake-chad-story": 0.9422293649865718,
    "the-shape-of-a-practice-online-project-environment": 0.9402968739633646,
    "the-mississippi-basin-an-operational-landscape": 0.940142740699781,
    "technostratigraphy-of-a-technological-object": 0.9398851104543765,
    "slow-disaster": 0.9387876846463472,
    "the-shape-of-a-practice-seminars": 0.9387827101689951,
    "the-confluence-area": 0.9380251404196293,
    "tree-x-office": 0.9363685857809013,
    "the-four-dimensional-mississippi": 0.9362930805258703,
    "xaraasi-xanne-crossing-voices": 0.936239301960409,
    "significant-and-insignificant-mounds": 0.9361157390222083,
    "the-american-bottom": 0.935518785222381,
    "white-sands": 0.9327388163961219,
    "the-hedge": 0.9317196384029766,
    "this-is-not-about-survival-its-about-bringing-your-coracle": 0.9299790026222116,
    "the-danish-text": 0.9288248334687642,
    "seminar-techno-metabolism": 0.9286308239018952,
    "seminar-un-bounded-engineering-and-evolutionary-stability": 0.926770933146375,
    "technosphere-magazine": 0.9252913074323306,
    "understanding-the-north-american-lost-crops": 0.9231497504390939,
    "typha-the-once-and-future-planty-companion": 0.9227684320146804,
    "the-vietnamese-community-in-eastern-new-orleans": 0.9188957379918213,
    "temporary-continent": 0.9166225015655857,
    "significant-and-insignificant-mounds-2": 0.9160070760198398,
    "the-rights-of-nature": 0.9159822032401298,
    "the-anthropogenic-influence-onto-the-air-quality-along-the-mississippi-river-findings": 0.912327338685753,
    "us-southwest": 0.9122409138059747,
    "shaped-by-rivers": 0.9077965687710235,
    "the-great-green-desert": 0.9031847134849292,
    "transect-walk-cahokia-mounds-to-fairmont-city": 0.8823888754888429,
    "sharing-surveillance-data": 0.8773041180020547,
    "st-louis-anthropocene-field-campus": 0.8702691899946045,
    "the-politics-of-modeling": 0.8614260032316777,
    "the-terrestrial-is-not-the-globe": 0.8548476314578061,
    "t-rain-lines": 0.8511825031427653,
    "the-current-mississippi-an-anthropocene-river": 0.847398765406441,
    "the-fight-for-alaskas-arctic-has-just-begun": 0.8465188607781614,
    "worshipping-along-the-routes-of-migration": 0.8225565490123379,
    "the-lena-is-worthy-of-baikal-defining-remoteness-across-the-north-and-the-east": 0.8039347358433165,
    "the-shipworm-and-the-telegraph": 0.7670065244680812,
    "the-abolition-of-market-dependency": 0.7475596727330689,
    "sever-pre-emptive-strategy-for-an-open-arctic": 0.7278173264056657,
    "the-free-sea-2": 0.7009903551505635,
    "ve-vm-vt-the-ideal-cosmic-messengers": 0.6098202097404276,
    "the-lichtenberg-case-2": 0.6009939661368954,
    "the-lichtenberg-case": 0.5071564133905556,
    "tokens-a-rorschach-test": 0.4845068743845549,
    "test-contribution": 0.35942823407210844
}