{
    "seminar-imaging-the-anthropocene": 0.9594098997787472,
    "seminar-film-un-bounded-engineering-and-evolutionary-stability": 0.9578610286787947,
    "seminar-report-slow-media": 0.955680260086145,
    "tactics-for-quotidian-anthropocenes-2": 0.9547537646113853,
    "stranging-the-anthropocene-refraction": 0.9540944170471144,
    "time-and-time-again": 0.9529406662571736,
    "seminar-romancing-the-anthropocene": 0.9527675579083905,
    "seminar-reflection-2": 0.9527319019984544,
    "seminar-report-anthropogenic-landscapes": 0.951149116546932,
    "the-aerocene-campus": 0.950194120022791,
    "seminar-reflections-algorithmic-intermediation-and-smartness": 0.9501000486135038,
    "seminar-sensing": 0.949461511971269,
    "walk-about-it": 0.949208452174468,
    "the-stories-we-tell-the-images-we-take": 0.949172086240593,
    "tactics-for-quotidian-anthropocenes": 0.9475421975044859,
    "the-confluence-area": 0.9473435473442745,
    "shadowing-the-anthropocene": 0.9469813368450004,
    "xaraasi-xanne-crossing-voices": 0.9452587920453759,
    "seminar-valuing-nature": 0.9450655680244726,
    "the-shape-of-a-practice": 0.9447992869213889,
    "writing-global-histories-in-the-anthropocene": 0.943962223623979,
    "terraforming": 0.9437042664439432,
    "seminar-report-filtering-the-anthropocene": 0.9434604365828384,
    "voice-and-representation": 0.9432296567611002,
    "the-floating-ear": 0.9427606022316335,
    "the-shape-of-a-practice-seminars": 0.9426063403329791,
    "touring-the-anthropocenery-whos-in-charge-here-2014": 0.9417465764883554,
    "social-witnessing": 0.9414277763420226,
    "seminar-sensing-the-insensible": 0.9403572641267726,
    "state-of-nature-in-india": 0.9391445348450447,
    "seminar-slow-media": 0.9385451875234346,
    "times-before-and-after": 0.9384838916665684,
    "the-hyphen": 0.9381000147391175,
    "state-of-nature-some-philosophical-issues": 0.9371067661773643,
    "the-american-bottom": 0.9367929383996771,
    "telling-time-through-lagoons-of-human-waste-at-the-western-treatment-plant": 0.9365953190339297,
    "seminar-report-geo-politics": 0.9365434342063244,
    "twin-cities-artist-residency-mississippi-an-anthropocene-story": 0.9355057103362708,
    "the-shape-of-a-practice-online-project-environment": 0.9350673583481349,
    "the-terrain-of-the-former-veb-elektrokohle-lichtenberg": 0.9340260036482927,
    "seminar-filtering-the-anthropocene": 0.9336424656148956,
    "the-anthropocene-and-our-post-natural-future-2": 0.9332707320988738,
    "the-anthropocene-in-light-of-biological-feedback": 0.9324846546083801,
    "time-out-of-mind": 0.93197211632059,
    "sounding-landscapes": 0.9319566739938934,
    "the-free-sea": 0.9317078568500426,
    "taking-nature-into-account-historical-perspectives-and-paradoxes": 0.930587279714393,
    "slow-disaster": 0.9303785859582915,
    "seminar-modelling-wicked-problems": 0.930271997633435,
    "seminar-governing-the-technosphere": 0.9301941087150791,
    "timeslips": 0.9275445937535118,
    "too-little-water-the-lake-chad-story": 0.9272452209571832,
    "somewhere-somehow-a-co-evolution-story": 0.9265526217310849,
    "uncalculated-risk": 0.9265498738886564,
    "seminar-un-bounded-engineering-and-evolutionary-stability": 0.9257876230132368,
    "technosphere-co-evolution-a-seminal-seminar-conversation": 0.9253695999180493,
    "seminar-techno-metabolism": 0.9248085843505705,
    "the-mississippi-basin-an-operational-landscape": 0.924505037035491,
    "wicked-problems-and-mental-models": 0.9241737631276425,
    "the-four-dimensional-mississippi": 0.923934501327441,
    "white-sands": 0.9233022175491277,
    "typha-the-once-and-future-planty-companion": 0.9229850890687512,
    "systems-analysis-and-modeling": 0.9208113778684448,
    "tree-x-office": 0.9205854517450702,
    "specifics-of-vulnerability": 0.9175856464997613,
    "temporary-continent": 0.9149122702824034,
    "the-vietnamese-community-in-eastern-new-orleans": 0.9124405551015777,
    "technosphere-magazine": 0.9120629752853403,
    "technostratigraphy-of-a-technological-object": 0.911995039027504,
    "the-great-green-desert": 0.9101867907337687,
    "significant-and-insignificant-mounds": 0.9095992150221535,
    "the-danish-text": 0.9074241533998656,
    "the-rights-of-nature": 0.9063241369143991,
    "this-is-not-about-survival-its-about-bringing-your-coracle": 0.906273094364977,
    "seminar-risk-equity": 0.9053410177257863,
    "understanding-the-north-american-lost-crops": 0.9047930819755863,
    "the-hedge": 0.9042840248264055,
    "the-maledives-case": 0.9038183260796309,
    "shaped-by-rivers": 0.8993631869472972,
    "us-southwest": 0.8970991188525146,
    "significant-and-insignificant-mounds-2": 0.8965274269261,
    "transect-walk-cahokia-mounds-to-fairmont-city": 0.8916613179616313,
    "the-anthropogenic-influence-onto-the-air-quality-along-the-mississippi-river-findings": 0.8868971328110846,
    "st-louis-anthropocene-field-campus": 0.8737602241687229,
    "sharing-surveillance-data": 0.8612795350321519,
    "t-rain-lines": 0.838907230766213,
    "the-current-mississippi-an-anthropocene-river": 0.8367967129209569,
    "the-politics-of-modeling": 0.8273654823119799,
    "the-fight-for-alaskas-arctic-has-just-begun": 0.8200174187484771,
    "the-lena-is-worthy-of-baikal-defining-remoteness-across-the-north-and-the-east": 0.818687275747445,
    "the-terrestrial-is-not-the-globe": 0.8086374129732985,
    "worshipping-along-the-routes-of-migration": 0.7957702641559657,
    "the-shipworm-and-the-telegraph": 0.7813678497629888,
    "the-abolition-of-market-dependency": 0.7276516926296791,
    "the-free-sea-2": 0.7157846910951028,
    "sever-pre-emptive-strategy-for-an-open-arctic": 0.6919048744310914,
    "the-lichtenberg-case-2": 0.591272281627324,
    "ve-vm-vt-the-ideal-cosmic-messengers": 0.5688904798184766,
    "tokens-a-rorschach-test": 0.4698590075083278,
    "the-lichtenberg-case": 0.4671068482417995,
    "test-contribution": 0.3620529467366861
}