{
    "times-before-and-after": 0.978321470682906,
    "touring-the-anthropocenery-whos-in-charge-here-2014": 0.9742408760927181,
    "the-floating-ear": 0.9733964194877377,
    "shadowing-the-anthropocene": 0.9727442196530307,
    "walk-about-it": 0.9722579254518721,
    "the-free-sea": 0.9720626408132134,
    "technosphere-co-evolution-a-seminal-seminar-conversation": 0.971343325552812,
    "voice-and-representation": 0.9706662098423966,
    "the-hyphen": 0.9701416925661676,
    "the-aerocene-campus": 0.9700538565609859,
    "time-out-of-mind": 0.9694394523715395,
    "specifics-of-vulnerability": 0.9680884958165051,
    "time-and-time-again": 0.9680083563381321,
    "stranging-the-anthropocene-refraction": 0.9679475562803317,
    "the-shape-of-a-practice": 0.9677743955214707,
    "seminar-valuing-nature": 0.967503456388704,
    "terraforming": 0.9667236633001798,
    "wicked-problems-and-mental-models": 0.9660611699180097,
    "tactics-for-quotidian-anthropocenes": 0.9658091176392418,
    "telling-time-through-lagoons-of-human-waste-at-the-western-treatment-plant": 0.9633847911334533,
    "the-terrain-of-the-former-veb-elektrokohle-lichtenberg": 0.9630872360605925,
    "social-witnessing": 0.9607501241903097,
    "somewhere-somehow-a-co-evolution-story": 0.9600018934783773,
    "the-stories-we-tell-the-images-we-take": 0.9596710819522776,
    "the-shape-of-a-practice-online-project-environment": 0.9595232693337735,
    "twin-cities-artist-residency-mississippi-an-anthropocene-story": 0.9594819812139489,
    "technostratigraphy-of-a-technological-object": 0.9589901736630064,
    "the-anthropocene-in-light-of-biological-feedback": 0.9583772253878972,
    "the-anthropocene-and-our-post-natural-future-2": 0.9578674292569941,
    "sounding-landscapes": 0.9574831585992637,
    "state-of-nature-in-india": 0.954836262174991,
    "writing-global-histories-in-the-anthropocene": 0.9545133424450224,
    "uncalculated-risk": 0.9541136446895908,
    "tactics-for-quotidian-anthropocenes-2": 0.9540898812402838,
    "timeslips": 0.9530791345764208,
    "systems-analysis-and-modeling": 0.9524893569510696,
    "the-confluence-area": 0.9512208267162839,
    "the-shape-of-a-practice-seminars": 0.9508708430091548,
    "xaraasi-xanne-crossing-voices": 0.9468216139840262,
    "this-is-not-about-survival-its-about-bringing-your-coracle": 0.9462804404786779,
    "state-of-nature-some-philosophical-issues": 0.9452367965425797,
    "white-sands": 0.9446262832625014,
    "the-hedge": 0.9434576770917886,
    "the-four-dimensional-mississippi": 0.9421322270143898,
    "tree-x-office": 0.9421291304707426,
    "the-american-bottom": 0.9411241963864456,
    "typha-the-once-and-future-planty-companion": 0.9411003572860617,
    "too-little-water-the-lake-chad-story": 0.9402236894094836,
    "significant-and-insignificant-mounds": 0.9392525993068951,
    "taking-nature-into-account-historical-perspectives-and-paradoxes": 0.9386933660144696,
    "the-mississippi-basin-an-operational-landscape": 0.9362132573263243,
    "the-maledives-case": 0.9333975901640443,
    "the-danish-text": 0.9333878568228876,
    "seminar-techno-metabolism": 0.9321449407871591,
    "the-vietnamese-community-in-eastern-new-orleans": 0.931025506478749,
    "slow-disaster": 0.9303083527041425,
    "understanding-the-north-american-lost-crops": 0.9258590672083062,
    "technosphere-magazine": 0.9211981707528429,
    "significant-and-insignificant-mounds-2": 0.9206758970463531,
    "us-southwest": 0.9175851670145332,
    "temporary-continent": 0.9159493086608141,
    "seminar-un-bounded-engineering-and-evolutionary-stability": 0.9148532965525671,
    "the-great-green-desert": 0.9136277024912796,
    "the-anthropogenic-influence-onto-the-air-quality-along-the-mississippi-river-findings": 0.9066512032107442,
    "the-rights-of-nature": 0.9043108932342969,
    "shaped-by-rivers": 0.9005563512483501,
    "transect-walk-cahokia-mounds-to-fairmont-city": 0.8961880297754616,
    "sharing-surveillance-data": 0.8920535658503533,
    "st-louis-anthropocene-field-campus": 0.8714544567509748,
    "t-rain-lines": 0.8672793602423828,
    "the-fight-for-alaskas-arctic-has-just-begun": 0.8649134730739436,
    "the-politics-of-modeling": 0.8622629386804939,
    "the-current-mississippi-an-anthropocene-river": 0.8531218324864441,
    "the-terrestrial-is-not-the-globe": 0.8420338379752057,
    "worshipping-along-the-routes-of-migration": 0.8090236956952981,
    "the-lena-is-worthy-of-baikal-defining-remoteness-across-the-north-and-the-east": 0.7942490766981204,
    "the-shipworm-and-the-telegraph": 0.765272119532612,
    "sever-pre-emptive-strategy-for-an-open-arctic": 0.7455725202828654,
    "the-abolition-of-market-dependency": 0.7222983404268956,
    "the-free-sea-2": 0.721388425309187,
    "the-lichtenberg-case-2": 0.6247543126381003,
    "ve-vm-vt-the-ideal-cosmic-messengers": 0.6066553658622423,
    "the-lichtenberg-case": 0.5132519486047932,
    "tokens-a-rorschach-test": 0.49755221856862797,
    "test-contribution": 0.3719291324142608
}