{
    "shadowing-the-anthropocene": 0.970774636704012,
    "the-floating-ear": 0.9696845924241991,
    "stranging-the-anthropocene-refraction": 0.9696645700956641,
    "walk-about-it": 0.9695557114886338,
    "the-hyphen": 0.968981828001097,
    "times-before-and-after": 0.9676109396546448,
    "voice-and-representation": 0.9675519184986092,
    "seminar-slow-media": 0.9669887404887683,
    "touring-the-anthropocenery-whos-in-charge-here-2014": 0.9665451778449424,
    "the-aerocene-campus": 0.9638814844230662,
    "seminar-valuing-nature": 0.9630257996476504,
    "terraforming": 0.9624886838573168,
    "time-and-time-again": 0.9621068898627266,
    "the-shape-of-a-practice": 0.9613674230258232,
    "technosphere-co-evolution-a-seminal-seminar-conversation": 0.960526375525819,
    "social-witnessing": 0.9600998858269391,
    "the-stories-we-tell-the-images-we-take": 0.958890828967751,
    "time-out-of-mind": 0.9581257150577999,
    "the-free-sea": 0.9573716791078033,
    "writing-global-histories-in-the-anthropocene": 0.9572623731733241,
    "tactics-for-quotidian-anthropocenes": 0.9570224913923372,
    "the-anthropocene-in-light-of-biological-feedback": 0.9569636455987183,
    "wicked-problems-and-mental-models": 0.9558685030781042,
    "state-of-nature-in-india": 0.954983547070497,
    "specifics-of-vulnerability": 0.954532907481317,
    "somewhere-somehow-a-co-evolution-story": 0.9527133610732397,
    "the-anthropocene-and-our-post-natural-future-2": 0.9522652007561516,
    "telling-time-through-lagoons-of-human-waste-at-the-western-treatment-plant": 0.9513877002019884,
    "sounding-landscapes": 0.9510031268521394,
    "state-of-nature-some-philosophical-issues": 0.9500306548391371,
    "tactics-for-quotidian-anthropocenes-2": 0.9499443764127822,
    "seminar-techno-metabolism": 0.9492922477199892,
    "taking-nature-into-account-historical-perspectives-and-paradoxes": 0.9489182102362069,
    "the-terrain-of-the-former-veb-elektrokohle-lichtenberg": 0.9486437961335542,
    "systems-analysis-and-modeling": 0.9478911089849652,
    "twin-cities-artist-residency-mississippi-an-anthropocene-story": 0.9477554662645934,
    "the-confluence-area": 0.9474934075802253,
    "technostratigraphy-of-a-technological-object": 0.9463610692687295,
    "timeslips": 0.9452563958831995,
    "the-shape-of-a-practice-online-project-environment": 0.9447894716564832,
    "the-american-bottom": 0.9438048749159783,
    "typha-the-once-and-future-planty-companion": 0.9428623332485317,
    "uncalculated-risk": 0.9407481273431696,
    "slow-disaster": 0.939016188011119,
    "tree-x-office": 0.9389920343889749,
    "too-little-water-the-lake-chad-story": 0.9385284496732746,
    "significant-and-insignificant-mounds": 0.9373867056976267,
    "the-four-dimensional-mississippi": 0.9353350851491222,
    "the-shape-of-a-practice-seminars": 0.9352500834435645,
    "white-sands": 0.9349832927065036,
    "xaraasi-xanne-crossing-voices": 0.9345177184063869,
    "this-is-not-about-survival-its-about-bringing-your-coracle": 0.93451024710779,
    "the-mississippi-basin-an-operational-landscape": 0.9324748572454936,
    "the-danish-text": 0.9306569179672419,
    "the-hedge": 0.9303831958129413,
    "the-maledives-case": 0.9296348212240036,
    "the-vietnamese-community-in-eastern-new-orleans": 0.9266155169079561,
    "seminar-un-bounded-engineering-and-evolutionary-stability": 0.92590100173129,
    "technosphere-magazine": 0.9237910671243248,
    "understanding-the-north-american-lost-crops": 0.9235103643532919,
    "the-rights-of-nature": 0.9210882148308659,
    "the-great-green-desert": 0.9190984949384284,
    "temporary-continent": 0.9169540819848335,
    "significant-and-insignificant-mounds-2": 0.9159805857236406,
    "us-southwest": 0.9113122020631955,
    "the-anthropogenic-influence-onto-the-air-quality-along-the-mississippi-river-findings": 0.8998592791201782,
    "shaped-by-rivers": 0.8997406154099915,
    "transect-walk-cahokia-mounds-to-fairmont-city": 0.8955634681235852,
    "the-current-mississippi-an-anthropocene-river": 0.8946563919036608,
    "sharing-surveillance-data": 0.8849991324451938,
    "st-louis-anthropocene-field-campus": 0.8799466238510419,
    "the-politics-of-modeling": 0.8623769828435627,
    "t-rain-lines": 0.8549943166447992,
    "the-terrestrial-is-not-the-globe": 0.8409920523340115,
    "the-fight-for-alaskas-arctic-has-just-begun": 0.8402463417643067,
    "the-lena-is-worthy-of-baikal-defining-remoteness-across-the-north-and-the-east": 0.8227642207016996,
    "worshipping-along-the-routes-of-migration": 0.8008096516859723,
    "the-shipworm-and-the-telegraph": 0.7900117393092727,
    "sever-pre-emptive-strategy-for-an-open-arctic": 0.7297043444066891,
    "the-abolition-of-market-dependency": 0.7275116537502694,
    "the-free-sea-2": 0.7193043206252785,
    "the-lichtenberg-case-2": 0.6363143430191638,
    "ve-vm-vt-the-ideal-cosmic-messengers": 0.6337856687786902,
    "the-lichtenberg-case": 0.5503148619765524,
    "tokens-a-rorschach-test": 0.5053924677911351,
    "test-contribution": 0.3875281603588197
}