{
    "stranging-the-anthropocene-refraction": 0.9893548267126835,
    "seminar-report-slow-media": 0.9861682399465512,
    "times-before-and-after": 0.9860064986982628,
    "seminar-reflections-algorithmic-intermediation-and-smartness": 0.9859133829285404,
    "time-and-time-again": 0.9855054727618564,
    "seminar-report-anthropogenic-landscapes": 0.9852299559871305,
    "seminar-reflection-2": 0.9850840887557356,
    "the-floating-ear": 0.9849947612977833,
    "seminar-report-filtering-the-anthropocene": 0.9839804014949576,
    "the-hyphen": 0.9837283182399249,
    "shadowing-the-anthropocene": 0.9836646536541636,
    "the-shape-of-a-practice": 0.9830556946059946,
    "voice-and-representation": 0.9813844523046393,
    "seminar-valuing-nature": 0.9809301068147466,
    "seminar-sensing": 0.9805862301658641,
    "the-aerocene-campus": 0.9786889646839206,
    "walk-about-it": 0.9783789053236208,
    "touring-the-anthropocenery-whos-in-charge-here-2014": 0.9778671197388136,
    "terraforming": 0.9772912474869352,
    "seminar-report-geo-politics": 0.9769856080754488,
    "wicked-problems-and-mental-models": 0.9763947658657917,
    "seminar-modelling-wicked-problems": 0.9763149860652308,
    "sounding-landscapes": 0.9756266300000795,
    "technosphere-co-evolution-a-seminal-seminar-conversation": 0.9753641078136204,
    "writing-global-histories-in-the-anthropocene": 0.9749402274929156,
    "the-free-sea": 0.9748396240319644,
    "tactics-for-quotidian-anthropocenes": 0.974671436724333,
    "state-of-nature-in-india": 0.9738725478235215,
    "the-anthropocene-in-light-of-biological-feedback": 0.9736243314827449,
    "social-witnessing": 0.9733624981369495,
    "seminar-slow-media": 0.9727543867893811,
    "the-anthropocene-and-our-post-natural-future-2": 0.9722428283416672,
    "seminar-sensing-the-insensible": 0.9717281718265013,
    "the-terrain-of-the-former-veb-elektrokohle-lichtenberg": 0.9716078615442342,
    "somewhere-somehow-a-co-evolution-story": 0.9713623691394444,
    "the-stories-we-tell-the-images-we-take": 0.9710701754007374,
    "telling-time-through-lagoons-of-human-waste-at-the-western-treatment-plant": 0.97076074887358,
    "state-of-nature-some-philosophical-issues": 0.9687273871207409,
    "time-out-of-mind": 0.9684860018089442,
    "seminar-romancing-the-anthropocene": 0.9683957050743208,
    "systems-analysis-and-modeling": 0.9675733029972601,
    "the-confluence-area": 0.9673610307217936,
    "the-american-bottom": 0.965100291240748,
    "twin-cities-artist-residency-mississippi-an-anthropocene-story": 0.9648024734497616,
    "tactics-for-quotidian-anthropocenes-2": 0.9641978523033046,
    "taking-nature-into-account-historical-perspectives-and-paradoxes": 0.9641617306400148,
    "specifics-of-vulnerability": 0.9625891765823681,
    "significant-and-insignificant-mounds": 0.9625577834103222,
    "the-shape-of-a-practice-online-project-environment": 0.9624381219790801,
    "uncalculated-risk": 0.9615818593408704,
    "timeslips": 0.9612407032484283,
    "the-mississippi-basin-an-operational-landscape": 0.9604570975401145,
    "white-sands": 0.9600652950071925,
    "the-four-dimensional-mississippi": 0.9600619190595473,
    "too-little-water-the-lake-chad-story": 0.9597941773939919,
    "technostratigraphy-of-a-technological-object": 0.9588321231638208,
    "tree-x-office": 0.9573604309490262,
    "the-shape-of-a-practice-seminars": 0.9573057911310305,
    "xaraasi-xanne-crossing-voices": 0.9567776904587514,
    "seminar-techno-metabolism": 0.9531669699222644,
    "temporary-continent": 0.951750996909164,
    "this-is-not-about-survival-its-about-bringing-your-coracle": 0.9499747800142789,
    "slow-disaster": 0.9495219679578326,
    "the-hedge": 0.9478929326933003,
    "understanding-the-north-american-lost-crops": 0.9467705850419362,
    "the-maledives-case": 0.9467629378365064,
    "the-vietnamese-community-in-eastern-new-orleans": 0.9444156853201086,
    "the-danish-text": 0.9438443967723368,
    "significant-and-insignificant-mounds-2": 0.9426225756453457,
    "technosphere-magazine": 0.9425590333482863,
    "seminar-risk-equity": 0.9418077204370938,
    "typha-the-once-and-future-planty-companion": 0.9410559475254807,
    "seminar-un-bounded-engineering-and-evolutionary-stability": 0.9365380914048581,
    "us-southwest": 0.9336880691487155,
    "the-great-green-desert": 0.9307392674165431,
    "the-anthropogenic-influence-onto-the-air-quality-along-the-mississippi-river-findings": 0.929125168701825,
    "shaped-by-rivers": 0.9257477963288046,
    "the-rights-of-nature": 0.9252048891039428,
    "transect-walk-cahokia-mounds-to-fairmont-city": 0.9080988724851485,
    "sharing-surveillance-data": 0.9029969629009342,
    "st-louis-anthropocene-field-campus": 0.8816580019096478,
    "the-politics-of-modeling": 0.8641713365068819,
    "t-rain-lines": 0.8619148670580101,
    "the-current-mississippi-an-anthropocene-river": 0.8612147387387988,
    "the-terrestrial-is-not-the-globe": 0.8576649679639546,
    "the-fight-for-alaskas-arctic-has-just-begun": 0.8520753951664695,
    "worshipping-along-the-routes-of-migration": 0.8267648277859416,
    "the-lena-is-worthy-of-baikal-defining-remoteness-across-the-north-and-the-east": 0.8194219429467844,
    "the-shipworm-and-the-telegraph": 0.7939943731831136,
    "the-abolition-of-market-dependency": 0.7491920450863434,
    "the-free-sea-2": 0.7272081474204578,
    "sever-pre-emptive-strategy-for-an-open-arctic": 0.7173102272351481,
    "the-lichtenberg-case-2": 0.6172871242112028,
    "ve-vm-vt-the-ideal-cosmic-messengers": 0.6099261893679412,
    "the-lichtenberg-case": 0.49893536434572217,
    "tokens-a-rorschach-test": 0.4811267407530059,
    "test-contribution": 0.37537017985941157
}