{
    "seminar-report-anthropogenic-landscapes": 0.9900371907322815,
    "the-shape-of-a-practice": 0.9896027990465822,
    "seminar-reflection-2": 0.987463046310952,
    "seminar-reflections-algorithmic-intermediation-and-smartness": 0.9872477811836207,
    "seminar-imaging-the-anthropocene": 0.9869524913999045,
    "stranging-the-anthropocene-refraction": 0.9850927333062124,
    "seminar-report-filtering-the-anthropocene": 0.9849229752411037,
    "seminar-valuing-nature": 0.9837469931259462,
    "the-floating-ear": 0.9834326219532876,
    "seminar-communicating": 0.9833326960874536,
    "seminar-sensing": 0.9825516449507181,
    "seminar-report-slow-media": 0.9823314048321987,
    "terraforming": 0.9813201816301381,
    "state-of-nature-in-india": 0.9805907702457497,
    "the-anthropocene-in-light-of-biological-feedback": 0.9800770773948327,
    "times-before-and-after": 0.9798445502837188,
    "the-hyphen": 0.9796056197050621,
    "seminar-consensus-building": 0.9794699992422952,
    "seminar-modelling-wicked-problems": 0.9793947128995997,
    "shadowing-the-anthropocene": 0.9792109789394365,
    "time-and-time-again": 0.9785173809819592,
    "the-aerocene-campus": 0.978057293874091,
    "seminar-report-geo-politics": 0.9780230818032145,
    "systems-analysis-and-modeling": 0.9773701830749678,
    "seminar-disciplinarities": 0.977183185886118,
    "walk-about-it": 0.9769138930944047,
    "tactics-for-quotidian-anthropocenes": 0.9762493348513924,
    "state-of-nature-some-philosophical-issues": 0.9758158196107669,
    "writing-global-histories-in-the-anthropocene": 0.9752143598975759,
    "voice-and-representation": 0.9749549427729848,
    "seminar-co-evolutionary-perspectives": 0.9734263459711212,
    "sounding-landscapes": 0.9727264319202205,
    "the-terrain-of-the-former-veb-elektrokohle-lichtenberg": 0.9723721873160472,
    "wicked-problems-and-mental-models": 0.9719237406745637,
    "taking-nature-into-account-historical-perspectives-and-paradoxes": 0.9717812157520491,
    "the-stories-we-tell-the-images-we-take": 0.9711021966166395,
    "seminar-filtering-the-anthropocene": 0.9709260901803373,
    "seminar-exhaustion-and-imagination": 0.9707298171751283,
    "social-witnessing": 0.9705907838590139,
    "somewhere-somehow-a-co-evolution-story": 0.9705369636579584,
    "tactics-for-quotidian-anthropocenes-2": 0.9704930695087762,
    "the-shape-of-a-practice-online-project-environment": 0.969979459919245,
    "the-shape-of-a-practice-seminars": 0.9695748067672283,
    "technosphere-co-evolution-a-seminal-seminar-conversation": 0.9694091484837389,
    "seminar-governing-the-technosphere": 0.9693874196335786,
    "seminar-romancing-the-anthropocene": 0.9689031455112878,
    "the-free-sea": 0.9685707778348073,
    "touring-the-anthropocenery-whos-in-charge-here-2014": 0.9679015181402778,
    "twin-cities-artist-residency-mississippi-an-anthropocene-story": 0.9673736414083463,
    "seminar-sensing-the-insensible": 0.9673261354484882,
    "the-mississippi-basin-an-operational-landscape": 0.96677424762853,
    "telling-time-through-lagoons-of-human-waste-at-the-western-treatment-plant": 0.9667304501926254,
    "the-anthropocene-and-our-post-natural-future-2": 0.9661560766706669,
    "the-confluence-area": 0.9650469974826372,
    "seminar-slow-media": 0.9650110804232036,
    "uncalculated-risk": 0.963347143844082,
    "xaraasi-xanne-crossing-voices": 0.9633432845782203,
    "too-little-water-the-lake-chad-story": 0.9618125152635787,
    "the-american-bottom": 0.9612108541088379,
    "the-four-dimensional-mississippi": 0.9611442665839525,
    "white-sands": 0.9602920295309654,
    "timeslips": 0.9598017003271503,
    "seminar-commodity-flows": 0.9590290046471212,
    "seminar-un-bounded-engineering-and-evolutionary-stability": 0.9585044287476618,
    "time-out-of-mind": 0.9584271599397728,
    "seminar-film-exhaustion-and-imagination": 0.9576126911339591,
    "seminar-techno-metabolism": 0.95706228975999,
    "tree-x-office": 0.9561550749722799,
    "significant-and-insignificant-mounds": 0.9524748910978247,
    "technosphere-magazine": 0.9516771384739855,
    "seminar-film-clashing-temporalities": 0.9506158415351107,
    "specifics-of-vulnerability": 0.9504739571233284,
    "technostratigraphy-of-a-technological-object": 0.9496191544667583,
    "temporary-continent": 0.9489233810776505,
    "seminar-film-un-bounded-engineering-and-evolutionary-stability": 0.9484465137880876,
    "slow-disaster": 0.9479571954457913,
    "the-danish-text": 0.9472374719047892,
    "seminar-film-commodity-flows": 0.9459662927028094,
    "seminar-risk-equity": 0.9445433868869193,
    "this-is-not-about-survival-its-about-bringing-your-coracle": 0.9434617208965439,
    "typha-the-once-and-future-planty-companion": 0.9433628284933013,
    "the-maledives-case": 0.9424738270570184,
    "understanding-the-north-american-lost-crops": 0.9418113064619666,
    "the-vietnamese-community-in-eastern-new-orleans": 0.9410581322422574,
    "the-anthropogenic-influence-onto-the-air-quality-along-the-mississippi-river-findings": 0.9395843245243158,
    "the-hedge": 0.9382007903402362,
    "significant-and-insignificant-mounds-2": 0.9332281030474749,
    "the-rights-of-nature": 0.932023009004789,
    "the-great-green-desert": 0.9311561120072746,
    "shaped-by-rivers": 0.9298998024701574,
    "us-southwest": 0.9270970748251844,
    "transect-walk-cahokia-mounds-to-fairmont-city": 0.9047180672344265,
    "sharing-surveillance-data": 0.9013040694624372,
    "st-louis-anthropocene-field-campus": 0.8803081441566056,
    "the-politics-of-modeling": 0.8657054978455155,
    "the-terrestrial-is-not-the-globe": 0.8638299269670591,
    "the-current-mississippi-an-anthropocene-river": 0.8545160035618586,
    "the-fight-for-alaskas-arctic-has-just-begun": 0.8496023217043326,
    "worshipping-along-the-routes-of-migration": 0.8430175642037213,
    "t-rain-lines": 0.8417579464625823,
    "the-lena-is-worthy-of-baikal-defining-remoteness-across-the-north-and-the-east": 0.8175570574537128,
    "the-shipworm-and-the-telegraph": 0.8057719351889036,
    "the-abolition-of-market-dependency": 0.7728891235573396,
    "the-free-sea-2": 0.7275060332825735,
    "sever-pre-emptive-strategy-for-an-open-arctic": 0.7247223422375071,
    "ve-vm-vt-the-ideal-cosmic-messengers": 0.6065587061065627,
    "the-lichtenberg-case-2": 0.598884095348502,
    "the-lichtenberg-case": 0.4907796596542897,
    "tokens-a-rorschach-test": 0.4810120249715905,
    "test-contribution": 0.35200265626832206
}