{
    "seminar-co-evolutionary-perspectives": 0.9770772926045705,
    "stranging-the-anthropocene-refraction": 0.9753534704202318,
    "seminar-report-filtering-the-anthropocene": 0.975081938341044,
    "seminar-report-anthropogenic-landscapes": 0.9749992120740957,
    "seminar-imaging-the-anthropocene": 0.9732499966828069,
    "walk-about-it": 0.9730063239204565,
    "shadowing-the-anthropocene": 0.9729791094286129,
    "social-witnessing": 0.9713653698834378,
    "the-floating-ear": 0.9710612298358264,
    "the-shape-of-a-practice": 0.9710264691592487,
    "seminar-modelling-wicked-problems": 0.9707623975600018,
    "seminar-report-slow-media": 0.9703355189728564,
    "seminar-valuing-nature": 0.9701115269535345,
    "state-of-nature-in-india": 0.9700648494336662,
    "times-before-and-after": 0.9698323597831826,
    "writing-global-histories-in-the-anthropocene": 0.9697737058902308,
    "telling-time-through-lagoons-of-human-waste-at-the-western-treatment-plant": 0.9696207143281004,
    "seminar-co-evolution-of-the-technosphere": 0.9695815828163614,
    "the-aerocene-campus": 0.969552318341433,
    "the-hyphen": 0.9689053323724343,
    "tactics-for-quotidian-anthropocenes": 0.9684581518132888,
    "seminar-reflection-2": 0.9684088170542082,
    "seminar-reflections-algorithmic-intermediation-and-smartness": 0.9682085336621095,
    "seminar-report-geo-politics": 0.9678369969663074,
    "seminar-sensing": 0.9676465959509162,
    "voice-and-representation": 0.9671221215476452,
    "time-and-time-again": 0.9664774099708073,
    "technosphere-co-evolution-a-seminal-seminar-conversation": 0.9662144297613152,
    "touring-the-anthropocenery-whos-in-charge-here-2014": 0.9661521975609888,
    "seminar-slow-media": 0.9655481788517077,
    "the-stories-we-tell-the-images-we-take": 0.9654433178569621,
    "the-american-bottom": 0.9652561500816867,
    "terraforming": 0.9651304746861917,
    "significant-and-insignificant-mounds": 0.9647945848066786,
    "sounding-landscapes": 0.9647851117118457,
    "somewhere-somehow-a-co-evolution-story": 0.9646087521983159,
    "time-out-of-mind": 0.9645357341390843,
    "seminar-sensing-the-insensible": 0.9643956585581234,
    "the-free-sea": 0.964244011226277,
    "the-anthropocene-and-our-post-natural-future-2": 0.9641407651670945,
    "seminar-disciplinarities": 0.9641251796260115,
    "the-anthropocene-in-light-of-biological-feedback": 0.962894958186303,
    "seminar-clashing-temporalities": 0.9626401974215161,
    "seminar-filtering-the-anthropocene": 0.9626175868058753,
    "seminar-exhaustion-and-imagination": 0.9624680866818335,
    "seminar-governing-the-technosphere": 0.9623071044055617,
    "wicked-problems-and-mental-models": 0.9621214938456646,
    "too-little-water-the-lake-chad-story": 0.9620672378674872,
    "seminar-consensus-building": 0.9616144252829869,
    "this-is-not-about-survival-its-about-bringing-your-coracle": 0.9612501722643303,
    "the-terrain-of-the-former-veb-elektrokohle-lichtenberg": 0.9606661140239846,
    "seminar-communicating": 0.9605498113256054,
    "the-confluence-area": 0.9601111447332105,
    "white-sands": 0.9564486815177863,
    "systems-analysis-and-modeling": 0.9562018970411769,
    "seminar-romancing-the-anthropocene": 0.9556140145703532,
    "seminar-archiving": 0.955536283185327,
    "specifics-of-vulnerability": 0.9554134529062155,
    "the-mississippi-basin-an-operational-landscape": 0.9551364533941277,
    "state-of-nature-some-philosophical-issues": 0.9549231231266336,
    "the-four-dimensional-mississippi": 0.9543324598876279,
    "taking-nature-into-account-historical-perspectives-and-paradoxes": 0.9537414156683361,
    "uncalculated-risk": 0.9537261075952027,
    "twin-cities-artist-residency-mississippi-an-anthropocene-story": 0.9532948815685407,
    "seminar-techno-metabolism": 0.9529910371059859,
    "timeslips": 0.952883765992306,
    "the-shape-of-a-practice-online-project-environment": 0.9527541222532158,
    "seminar-commodity-flows": 0.9489119351728467,
    "understanding-the-north-american-lost-crops": 0.9487746381993211,
    "tree-x-office": 0.9485635516159346,
    "temporary-continent": 0.9481514473564244,
    "slow-disaster": 0.9480738832947326,
    "the-hedge": 0.9472352899196803,
    "significant-and-insignificant-mounds-2": 0.9463124792293001,
    "technostratigraphy-of-a-technological-object": 0.9458692947280525,
    "the-vietnamese-community-in-eastern-new-orleans": 0.9456166468894123,
    "shaped-by-rivers": 0.9442248793159643,
    "seminar-un-bounded-engineering-and-evolutionary-stability": 0.9441483786890803,
    "seminar-claims-property": 0.9438066403420949,
    "xaraasi-xanne-crossing-voices": 0.9434458213855276,
    "the-great-green-desert": 0.9427481122343639,
    "the-maledives-case": 0.9425148968444703,
    "tactics-for-quotidian-anthropocenes-2": 0.9423375136271431,
    "the-shape-of-a-practice-seminars": 0.9392550651073427,
    "us-southwest": 0.9391875412085438,
    "typha-the-once-and-future-planty-companion": 0.9378697046891344,
    "seminar-risk-equity": 0.9378042934393926,
    "seminar-film-exhaustion-and-imagination": 0.9355529261002863,
    "technosphere-magazine": 0.9336441676020875,
    "the-danish-text": 0.9332562407675875,
    "the-anthropogenic-influence-onto-the-air-quality-along-the-mississippi-river-findings": 0.9288348685648959,
    "seminar-film-clashing-temporalities": 0.9236518885213567,
    "transect-walk-cahokia-mounds-to-fairmont-city": 0.9228687974717303,
    "seminar-film-commodity-flows": 0.9197687911711312,
    "seminar-film-un-bounded-engineering-and-evolutionary-stability": 0.9181301342172747,
    "the-rights-of-nature": 0.9148170883728933,
    "sharing-surveillance-data": 0.8939861351438441,
    "the-current-mississippi-an-anthropocene-river": 0.8885371190145215,
    "st-louis-anthropocene-field-campus": 0.8827582388349481,
    "the-politics-of-modeling": 0.8579989156754929,
    "t-rain-lines": 0.8533683980266135,
    "the-fight-for-alaskas-arctic-has-just-begun": 0.8524627221932581,
    "the-terrestrial-is-not-the-globe": 0.8492417327682453,
    "worshipping-along-the-routes-of-migration": 0.8336088169552182,
    "the-lena-is-worthy-of-baikal-defining-remoteness-across-the-north-and-the-east": 0.8154408950984109,
    "the-shipworm-and-the-telegraph": 0.7743945024649195,
    "the-free-sea-2": 0.7362711029120705,
    "sever-pre-emptive-strategy-for-an-open-arctic": 0.7354515045773847,
    "the-abolition-of-market-dependency": 0.7217104005934362,
    "the-lichtenberg-case-2": 0.6412695890422702,
    "ve-vm-vt-the-ideal-cosmic-messengers": 0.6381705255925636,
    "the-lichtenberg-case": 0.5222542162164765,
    "tokens-a-rorschach-test": 0.46512804867489943,
    "test-contribution": 0.4053835718781427
}