{
    "seminar-reflections-algorithmic-intermediation-and-smartness": 0.9932883038891135,
    "seminar-sensing": 0.9895970206626364,
    "seminar-report-anthropogenic-landscapes": 0.9881470920193579,
    "stranging-the-anthropocene-refraction": 0.9871583487039658,
    "the-floating-ear": 0.9867913060591219,
    "the-shape-of-a-practice": 0.9867436563223703,
    "times-before-and-after": 0.9863504884229403,
    "voice-and-representation": 0.985789665782431,
    "seminar-report-slow-media": 0.9844695263078354,
    "terraforming": 0.9840162496025181,
    "seminar-valuing-nature": 0.9837965323902459,
    "the-aerocene-campus": 0.9836359353058249,
    "the-hyphen": 0.9821221892761945,
    "shadowing-the-anthropocene": 0.9821142795179462,
    "seminar-report-geo-politics": 0.9820970932939059,
    "time-and-time-again": 0.9820823830136037,
    "wicked-problems-and-mental-models": 0.9820455575514511,
    "tactics-for-quotidian-anthropocenes": 0.981834130833684,
    "seminar-report-filtering-the-anthropocene": 0.9803235995221325,
    "the-anthropocene-in-light-of-biological-feedback": 0.9799237248466187,
    "technosphere-co-evolution-a-seminal-seminar-conversation": 0.9797149224769416,
    "the-free-sea": 0.9778599472380071,
    "walk-about-it": 0.9773168044106275,
    "the-terrain-of-the-former-veb-elektrokohle-lichtenberg": 0.975140100782502,
    "somewhere-somehow-a-co-evolution-story": 0.9745871736116192,
    "state-of-nature-in-india": 0.973907699437008,
    "systems-analysis-and-modeling": 0.9738705123166841,
    "twin-cities-artist-residency-mississippi-an-anthropocene-story": 0.9725150386808481,
    "seminar-slow-media": 0.9718572348582889,
    "the-shape-of-a-practice-seminars": 0.971473617628113,
    "touring-the-anthropocenery-whos-in-charge-here-2014": 0.9711516648790838,
    "sounding-landscapes": 0.9705884267710998,
    "telling-time-through-lagoons-of-human-waste-at-the-western-treatment-plant": 0.9702313109654421,
    "the-stories-we-tell-the-images-we-take": 0.9702223758777814,
    "the-shape-of-a-practice-online-project-environment": 0.9686412730064278,
    "the-anthropocene-and-our-post-natural-future-2": 0.9683737921727041,
    "state-of-nature-some-philosophical-issues": 0.9682819088664686,
    "social-witnessing": 0.9680803793562838,
    "seminar-sensing-the-insensible": 0.967881978372777,
    "specifics-of-vulnerability": 0.9678539194188194,
    "time-out-of-mind": 0.9678315867563411,
    "writing-global-histories-in-the-anthropocene": 0.9669319468192823,
    "the-confluence-area": 0.9659443109277795,
    "tactics-for-quotidian-anthropocenes-2": 0.9640218363683106,
    "xaraasi-xanne-crossing-voices": 0.9628172866517165,
    "uncalculated-risk": 0.9621369184974982,
    "seminar-romancing-the-anthropocene": 0.9618378927839324,
    "too-little-water-the-lake-chad-story": 0.961044749138824,
    "tree-x-office": 0.960960593149097,
    "timeslips": 0.9605074913426973,
    "technostratigraphy-of-a-technological-object": 0.9594818226695463,
    "taking-nature-into-account-historical-perspectives-and-paradoxes": 0.9591693844093712,
    "the-american-bottom": 0.9585232414998965,
    "white-sands": 0.9573980587775607,
    "the-mississippi-basin-an-operational-landscape": 0.9569201609201203,
    "the-four-dimensional-mississippi": 0.9542663977260747,
    "significant-and-insignificant-mounds": 0.953385423553459,
    "seminar-techno-metabolism": 0.9520716921503474,
    "the-danish-text": 0.9512001655843846,
    "the-hedge": 0.9495036872287018,
    "this-is-not-about-survival-its-about-bringing-your-coracle": 0.9494505479540438,
    "temporary-continent": 0.9461197660052728,
    "seminar-risk-equity": 0.9451868973696275,
    "the-vietnamese-community-in-eastern-new-orleans": 0.9422933531031035,
    "understanding-the-north-american-lost-crops": 0.9415939963712866,
    "slow-disaster": 0.9414120621255202,
    "typha-the-once-and-future-planty-companion": 0.9408409465430355,
    "seminar-un-bounded-engineering-and-evolutionary-stability": 0.9398008218641256,
    "technosphere-magazine": 0.9386954827965973,
    "the-maledives-case": 0.9355550655346375,
    "us-southwest": 0.9337799422666434,
    "the-anthropogenic-influence-onto-the-air-quality-along-the-mississippi-river-findings": 0.9335808799687548,
    "significant-and-insignificant-mounds-2": 0.9299356760069791,
    "the-great-green-desert": 0.9200425707051164,
    "the-rights-of-nature": 0.9194279980343916,
    "shaped-by-rivers": 0.9141963743971525,
    "sharing-surveillance-data": 0.8976870821719677,
    "transect-walk-cahokia-mounds-to-fairmont-city": 0.8946121141145486,
    "st-louis-anthropocene-field-campus": 0.8710456876560941,
    "t-rain-lines": 0.8580371172519664,
    "the-politics-of-modeling": 0.855351117934276,
    "the-fight-for-alaskas-arctic-has-just-begun": 0.8510223600853705,
    "the-current-mississippi-an-anthropocene-river": 0.8480626687409959,
    "the-terrestrial-is-not-the-globe": 0.8465554320284265,
    "worshipping-along-the-routes-of-migration": 0.8296233602613559,
    "the-lena-is-worthy-of-baikal-defining-remoteness-across-the-north-and-the-east": 0.8018961747828293,
    "the-shipworm-and-the-telegraph": 0.77888506753979,
    "the-abolition-of-market-dependency": 0.7458310513795379,
    "sever-pre-emptive-strategy-for-an-open-arctic": 0.7290030553994219,
    "the-free-sea-2": 0.709773884801228,
    "ve-vm-vt-the-ideal-cosmic-messengers": 0.5979928559523165,
    "the-lichtenberg-case-2": 0.5807586870916813,
    "tokens-a-rorschach-test": 0.4894754328326189,
    "the-lichtenberg-case": 0.46888710195290956,
    "test-contribution": 0.36143883700156254
}