{
    "the-free-sea": 0.9781514097719923,
    "times-before-and-after": 0.9777598930057825,
    "technosphere-co-evolution-a-seminal-seminar-conversation": 0.9776668225614177,
    "seminar-modelling-wicked-problems": 0.9773542002849103,
    "seminar-report-slow-media": 0.9770561695091093,
    "seminar-report-geo-politics": 0.9763433453363305,
    "seminar-slow-media": 0.9760517034127079,
    "seminar-reflections-algorithmic-intermediation-and-smartness": 0.9759076297443829,
    "seminar-valuing-nature": 0.9742955419710897,
    "seminar-report-anthropogenic-landscapes": 0.9742043978690101,
    "touring-the-anthropocenery-whos-in-charge-here-2014": 0.9730294838165092,
    "the-floating-ear": 0.9728271052023375,
    "seminar-report-filtering-the-anthropocene": 0.9727347655163666,
    "seminar-reflection-2": 0.97247432704143,
    "walk-about-it": 0.9721047880072285,
    "specifics-of-vulnerability": 0.9720447955857449,
    "shadowing-the-anthropocene": 0.9708086369140567,
    "wicked-problems-and-mental-models": 0.9702392843391303,
    "the-hyphen": 0.9702247134461294,
    "the-terrain-of-the-former-veb-elektrokohle-lichtenberg": 0.9700060723628937,
    "time-out-of-mind": 0.9699774703426204,
    "the-shape-of-a-practice": 0.9699249271692192,
    "voice-and-representation": 0.9693782363346961,
    "seminar-imaging-the-anthropocene": 0.9676916315901537,
    "terraforming": 0.9669385841223878,
    "stranging-the-anthropocene-refraction": 0.9659208420040573,
    "seminar-sensing": 0.965359933870121,
    "time-and-time-again": 0.9652909578591321,
    "somewhere-somehow-a-co-evolution-story": 0.9650040999417292,
    "the-aerocene-campus": 0.964814152638277,
    "tactics-for-quotidian-anthropocenes": 0.964550392642276,
    "the-anthropocene-in-light-of-biological-feedback": 0.9635284273862429,
    "telling-time-through-lagoons-of-human-waste-at-the-western-treatment-plant": 0.9633441365576084,
    "systems-analysis-and-modeling": 0.9622892643120087,
    "uncalculated-risk": 0.9620669644998033,
    "seminar-sensing-the-insensible": 0.9620655673740689,
    "technostratigraphy-of-a-technological-object": 0.9610463714254232,
    "timeslips": 0.9609966962443292,
    "sounding-landscapes": 0.9607257435474736,
    "social-witnessing": 0.9602235961529995,
    "the-stories-we-tell-the-images-we-take": 0.957108031536606,
    "seminar-romancing-the-anthropocene": 0.9571047474487671,
    "the-anthropocene-and-our-post-natural-future-2": 0.9559941846278619,
    "twin-cities-artist-residency-mississippi-an-anthropocene-story": 0.9552817333791823,
    "state-of-nature-in-india": 0.9550307924193515,
    "the-shape-of-a-practice-online-project-environment": 0.9550230846682771,
    "writing-global-histories-in-the-anthropocene": 0.953427498330065,
    "state-of-nature-some-philosophical-issues": 0.9507059531110928,
    "tree-x-office": 0.9502249296108309,
    "taking-nature-into-account-historical-perspectives-and-paradoxes": 0.9485466345791025,
    "white-sands": 0.9482281028228434,
    "the-four-dimensional-mississippi": 0.9476730606672917,
    "this-is-not-about-survival-its-about-bringing-your-coracle": 0.9471561210459603,
    "too-little-water-the-lake-chad-story": 0.9460172326481059,
    "the-shape-of-a-practice-seminars": 0.9459122399087309,
    "tactics-for-quotidian-anthropocenes-2": 0.9446090406196117,
    "xaraasi-xanne-crossing-voices": 0.9443275189655628,
    "the-confluence-area": 0.9438963982118468,
    "the-mississippi-basin-an-operational-landscape": 0.943888041404031,
    "the-hedge": 0.9432218858912473,
    "seminar-risk-equity": 0.9394141917682585,
    "the-danish-text": 0.9382875000015234,
    "the-maledives-case": 0.9381933875167459,
    "the-american-bottom": 0.9378448906855961,
    "significant-and-insignificant-mounds": 0.9377676528269459,
    "the-vietnamese-community-in-eastern-new-orleans": 0.9375157122727714,
    "seminar-techno-metabolism": 0.9346908192511094,
    "typha-the-once-and-future-planty-companion": 0.933407671229644,
    "understanding-the-north-american-lost-crops": 0.9269874819462887,
    "slow-disaster": 0.9243118798168627,
    "seminar-un-bounded-engineering-and-evolutionary-stability": 0.9237061647464366,
    "us-southwest": 0.9222407749755448,
    "significant-and-insignificant-mounds-2": 0.917865968690241,
    "technosphere-magazine": 0.9176950582383538,
    "the-great-green-desert": 0.9175591683094233,
    "the-anthropogenic-influence-onto-the-air-quality-along-the-mississippi-river-findings": 0.9168189375069979,
    "the-rights-of-nature": 0.9097705684093447,
    "temporary-continent": 0.9087386152551085,
    "shaped-by-rivers": 0.9046362106298488,
    "transect-walk-cahokia-mounds-to-fairmont-city": 0.8952688724811323,
    "sharing-surveillance-data": 0.8911320139116802,
    "the-politics-of-modeling": 0.8680914741142124,
    "t-rain-lines": 0.8655688812833541,
    "the-fight-for-alaskas-arctic-has-just-begun": 0.8630847207964736,
    "the-terrestrial-is-not-the-globe": 0.8597948089334458,
    "st-louis-anthropocene-field-campus": 0.8597691316283895,
    "the-current-mississippi-an-anthropocene-river": 0.8518646225331317,
    "worshipping-along-the-routes-of-migration": 0.8112137871314118,
    "the-lena-is-worthy-of-baikal-defining-remoteness-across-the-north-and-the-east": 0.8098097902975062,
    "the-shipworm-and-the-telegraph": 0.775161254891955,
    "the-abolition-of-market-dependency": 0.744779386220438,
    "sever-pre-emptive-strategy-for-an-open-arctic": 0.7380315987733687,
    "the-free-sea-2": 0.7241386817159983,
    "the-lichtenberg-case-2": 0.6130680015728734,
    "ve-vm-vt-the-ideal-cosmic-messengers": 0.6106492461290888,
    "the-lichtenberg-case": 0.5120534450917074,
    "tokens-a-rorschach-test": 0.5069321234333237,
    "test-contribution": 0.371608897639058
}