{
    "seminar-sensing-the-insensible": 0.9682573210277571,
    "walk-about-it": 0.967878417127057,
    "social-witnessing": 0.9662301448178896,
    "the-stories-we-tell-the-images-we-take": 0.9632688169595494,
    "shadowing-the-anthropocene": 0.9632119055219037,
    "stranging-the-anthropocene-refraction": 0.9627753694293449,
    "the-aerocene-campus": 0.9613423386907632,
    "terraforming": 0.9604908569512899,
    "the-shape-of-a-practice": 0.9595526825111619,
    "seminar-slow-media": 0.9592958849371868,
    "voice-and-representation": 0.9592897018799765,
    "the-floating-ear": 0.9584324752907739,
    "time-and-time-again": 0.9582362067865864,
    "the-hyphen": 0.9582216915375095,
    "seminar-valuing-nature": 0.9577356089666234,
    "writing-global-histories-in-the-anthropocene": 0.9577321176623366,
    "twin-cities-artist-residency-mississippi-an-anthropocene-story": 0.9570206332276808,
    "touring-the-anthropocenery-whos-in-charge-here-2014": 0.9568233740247128,
    "tactics-for-quotidian-anthropocenes-2": 0.9563811496874614,
    "times-before-and-after": 0.9557668370806527,
    "seminar-sensing": 0.9556312232795926,
    "tactics-for-quotidian-anthropocenes": 0.9550967264086639,
    "the-shape-of-a-practice-online-project-environment": 0.9541468061859774,
    "taking-nature-into-account-historical-perspectives-and-paradoxes": 0.9489408367198878,
    "the-free-sea": 0.9485274979533441,
    "systems-analysis-and-modeling": 0.9480627086561452,
    "the-confluence-area": 0.9480047300541646,
    "xaraasi-xanne-crossing-voices": 0.9474022552921814,
    "the-shape-of-a-practice-seminars": 0.9472878470264178,
    "the-terrain-of-the-former-veb-elektrokohle-lichtenberg": 0.9471988513836792,
    "sounding-landscapes": 0.9460728406615726,
    "state-of-nature-in-india": 0.945587610486143,
    "the-anthropocene-in-light-of-biological-feedback": 0.9449537780136029,
    "time-out-of-mind": 0.9447369150512179,
    "technosphere-co-evolution-a-seminal-seminar-conversation": 0.944672430673071,
    "telling-time-through-lagoons-of-human-waste-at-the-western-treatment-plant": 0.9434898234170233,
    "the-american-bottom": 0.9426991816096605,
    "state-of-nature-some-philosophical-issues": 0.9424866282574026,
    "the-anthropocene-and-our-post-natural-future-2": 0.9421525085313422,
    "wicked-problems-and-mental-models": 0.9414114332035584,
    "typha-the-once-and-future-planty-companion": 0.9393203761719483,
    "somewhere-somehow-a-co-evolution-story": 0.9386493246123007,
    "seminar-techno-metabolism": 0.9378465514063499,
    "uncalculated-risk": 0.9371594211323718,
    "specifics-of-vulnerability": 0.9366853498993055,
    "timeslips": 0.9365762345362129,
    "technostratigraphy-of-a-technological-object": 0.936250170018024,
    "white-sands": 0.9325084580579901,
    "slow-disaster": 0.9315060287698982,
    "tree-x-office": 0.9314961713701113,
    "the-four-dimensional-mississippi": 0.927809873506574,
    "too-little-water-the-lake-chad-story": 0.9269021745603193,
    "the-mississippi-basin-an-operational-landscape": 0.9267117279652967,
    "this-is-not-about-survival-its-about-bringing-your-coracle": 0.926384799821302,
    "the-vietnamese-community-in-eastern-new-orleans": 0.925854474419535,
    "significant-and-insignificant-mounds": 0.9243798588422434,
    "seminar-un-bounded-engineering-and-evolutionary-stability": 0.9242392376431323,
    "the-danish-text": 0.9241437840774414,
    "the-hedge": 0.9241171341943362,
    "the-rights-of-nature": 0.918984504595883,
    "the-great-green-desert": 0.917940929138664,
    "the-maledives-case": 0.9135179955772368,
    "technosphere-magazine": 0.9116463283783287,
    "understanding-the-north-american-lost-crops": 0.9108681493056741,
    "significant-and-insignificant-mounds-2": 0.908983493866391,
    "temporary-continent": 0.9084606625487022,
    "us-southwest": 0.905376935039759,
    "sharing-surveillance-data": 0.8982530711498937,
    "shaped-by-rivers": 0.896155003300747,
    "transect-walk-cahokia-mounds-to-fairmont-city": 0.8942104938899093,
    "the-anthropogenic-influence-onto-the-air-quality-along-the-mississippi-river-findings": 0.8932435274472945,
    "the-politics-of-modeling": 0.8765962927522931,
    "the-current-mississippi-an-anthropocene-river": 0.8765416680379912,
    "st-louis-anthropocene-field-campus": 0.8725030902119929,
    "t-rain-lines": 0.8435307695538413,
    "the-fight-for-alaskas-arctic-has-just-begun": 0.8304636494255232,
    "the-terrestrial-is-not-the-globe": 0.8275359202505898,
    "the-lena-is-worthy-of-baikal-defining-remoteness-across-the-north-and-the-east": 0.822422015234962,
    "worshipping-along-the-routes-of-migration": 0.8046798016362697,
    "the-shipworm-and-the-telegraph": 0.7896020530022586,
    "sever-pre-emptive-strategy-for-an-open-arctic": 0.7334010219191693,
    "the-abolition-of-market-dependency": 0.7283215486252298,
    "the-free-sea-2": 0.7251231991256185,
    "the-lichtenberg-case-2": 0.636493377391978,
    "ve-vm-vt-the-ideal-cosmic-messengers": 0.6041881521520073,
    "the-lichtenberg-case": 0.5333005336005224,
    "tokens-a-rorschach-test": 0.5218480749353437,
    "test-contribution": 0.3810355891473161
}