{
    "stranging-the-anthropocene-refraction": 0.9841603536394035,
    "the-shape-of-a-practice": 0.9837087982310837,
    "voice-and-representation": 0.9823453279016069,
    "the-floating-ear": 0.9813511447085536,
    "state-of-nature-in-india": 0.9794590370311475,
    "the-anthropocene-in-light-of-biological-feedback": 0.9794561542045216,
    "times-before-and-after": 0.9792816527998445,
    "wicked-problems-and-mental-models": 0.9788641861915106,
    "systems-analysis-and-modeling": 0.9780586339714363,
    "time-and-time-again": 0.9770640543933367,
    "the-hyphen": 0.9766571859668478,
    "terraforming": 0.9763877032578342,
    "shadowing-the-anthropocene": 0.9744625347801629,
    "state-of-nature-some-philosophical-issues": 0.9741333320174131,
    "tactics-for-quotidian-anthropocenes": 0.9736034536742473,
    "taking-nature-into-account-historical-perspectives-and-paradoxes": 0.973519317567587,
    "technosphere-co-evolution-a-seminal-seminar-conversation": 0.9732205761839703,
    "the-anthropocene-and-our-post-natural-future-2": 0.9728571649114154,
    "too-little-water-the-lake-chad-story": 0.9716943984582714,
    "walk-about-it": 0.9712253256765937,
    "the-aerocene-campus": 0.9708901389751188,
    "writing-global-histories-in-the-anthropocene": 0.9702038538645738,
    "sounding-landscapes": 0.9701759626476963,
    "the-terrain-of-the-former-veb-elektrokohle-lichtenberg": 0.9697917180755878,
    "the-free-sea": 0.9695278112222154,
    "somewhere-somehow-a-co-evolution-story": 0.9671111634934958,
    "social-witnessing": 0.9670089858332381,
    "the-mississippi-basin-an-operational-landscape": 0.9660367789784713,
    "the-stories-we-tell-the-images-we-take": 0.965727580959342,
    "touring-the-anthropocenery-whos-in-charge-here-2014": 0.9650471108212737,
    "telling-time-through-lagoons-of-human-waste-at-the-western-treatment-plant": 0.9646440184412882,
    "the-shape-of-a-practice-seminars": 0.9635371751589048,
    "the-shape-of-a-practice-online-project-environment": 0.9622003777215501,
    "uncalculated-risk": 0.9609011277361843,
    "twin-cities-artist-residency-mississippi-an-anthropocene-story": 0.9606298230967997,
    "tree-x-office": 0.9603124960121059,
    "tactics-for-quotidian-anthropocenes-2": 0.9600084336875327,
    "time-out-of-mind": 0.9577659403010512,
    "specifics-of-vulnerability": 0.9560573348812952,
    "the-confluence-area": 0.9550923090121303,
    "timeslips": 0.9543978785164127,
    "the-american-bottom": 0.9531622594118667,
    "xaraasi-xanne-crossing-voices": 0.9528775114098473,
    "white-sands": 0.9509999315303168,
    "the-four-dimensional-mississippi": 0.950788224551816,
    "the-hedge": 0.950774782378653,
    "technostratigraphy-of-a-technological-object": 0.9494618164621093,
    "slow-disaster": 0.9491965683308379,
    "significant-and-insignificant-mounds": 0.9485989744133306,
    "this-is-not-about-survival-its-about-bringing-your-coracle": 0.9483414727907825,
    "the-danish-text": 0.941161346408736,
    "technosphere-magazine": 0.9406475280407263,
    "temporary-continent": 0.940410356989704,
    "the-maledives-case": 0.9401743795480478,
    "the-vietnamese-community-in-eastern-new-orleans": 0.9401690677774466,
    "the-anthropogenic-influence-onto-the-air-quality-along-the-mississippi-river-findings": 0.9383790533113787,
    "understanding-the-north-american-lost-crops": 0.936005380372032,
    "us-southwest": 0.9336136224664273,
    "significant-and-insignificant-mounds-2": 0.9298726317378593,
    "typha-the-once-and-future-planty-companion": 0.9265141567192644,
    "the-great-green-desert": 0.9250033709396461,
    "the-rights-of-nature": 0.9232489228327962,
    "shaped-by-rivers": 0.9219706864959953,
    "transect-walk-cahokia-mounds-to-fairmont-city": 0.8968632824537841,
    "sharing-surveillance-data": 0.8856074364063427,
    "st-louis-anthropocene-field-campus": 0.869184913232268,
    "t-rain-lines": 0.8593287843329886,
    "the-politics-of-modeling": 0.8561559531528313,
    "the-current-mississippi-an-anthropocene-river": 0.8537839578711324,
    "the-terrestrial-is-not-the-globe": 0.8470969022227316,
    "the-fight-for-alaskas-arctic-has-just-begun": 0.8419267706934213,
    "worshipping-along-the-routes-of-migration": 0.831066582775932,
    "the-lena-is-worthy-of-baikal-defining-remoteness-across-the-north-and-the-east": 0.7982368256164609,
    "the-abolition-of-market-dependency": 0.7786623428366292,
    "the-shipworm-and-the-telegraph": 0.761701020405224,
    "sever-pre-emptive-strategy-for-an-open-arctic": 0.7528166832541653,
    "the-free-sea-2": 0.7098585947800212,
    "ve-vm-vt-the-ideal-cosmic-messengers": 0.6014811852774401,
    "the-lichtenberg-case-2": 0.5865340207545601,
    "tokens-a-rorschach-test": 0.48428083556666773,
    "the-lichtenberg-case": 0.4796796334529336,
    "test-contribution": 0.36508143738793347
}