{
    "seminar-reflection-2": 0.9789449925494336,
    "seminar-imaging-the-anthropocene": 0.9773650474082384,
    "seminar-reflections-algorithmic-intermediation-and-smartness": 0.9766567317425582,
    "voice-and-representation": 0.9765064514324302,
    "seminar-valuing-nature": 0.9738240554506672,
    "the-shape-of-a-practice": 0.9726730754901647,
    "stranging-the-anthropocene-refraction": 0.9722440258004682,
    "seminar-filtering-the-anthropocene": 0.9720921430733849,
    "walk-about-it": 0.9719456791214046,
    "seminar-report-slow-media": 0.9714959427711259,
    "the-floating-ear": 0.9713288484211772,
    "seminar-report-anthropogenic-landscapes": 0.9705110552705083,
    "writing-global-histories-in-the-anthropocene": 0.9704871971401324,
    "seminar-report-filtering-the-anthropocene": 0.9703368465932907,
    "times-before-and-after": 0.9703196418552662,
    "shadowing-the-anthropocene": 0.9701023869481925,
    "seminar-sensing": 0.9699759842204595,
    "time-and-time-again": 0.9692874458810556,
    "seminar-modelling-wicked-problems": 0.9687275002430962,
    "seminar-governing-the-technosphere": 0.9665588886400514,
    "the-hyphen": 0.9660558073424755,
    "seminar-exhaustion-and-imagination": 0.9659644170035353,
    "seminar-slow-media": 0.9644547490644715,
    "wicked-problems-and-mental-models": 0.9637076800006527,
    "seminar-sensing-the-insensible": 0.9625997226171904,
    "taking-nature-into-account-historical-perspectives-and-paradoxes": 0.9624153886330282,
    "terraforming": 0.9621594024639906,
    "twin-cities-artist-residency-mississippi-an-anthropocene-story": 0.9616402055664435,
    "state-of-nature-some-philosophical-issues": 0.9614336659019106,
    "technosphere-co-evolution-a-seminal-seminar-conversation": 0.9611776359134229,
    "seminar-romancing-the-anthropocene": 0.961174885985224,
    "touring-the-anthropocenery-whos-in-charge-here-2014": 0.9609476991748109,
    "seminar-report-geo-politics": 0.9605699628745377,
    "tactics-for-quotidian-anthropocenes": 0.9590531822670934,
    "state-of-nature-in-india": 0.9586627289630235,
    "tactics-for-quotidian-anthropocenes-2": 0.9573772751398862,
    "systems-analysis-and-modeling": 0.9572222115613248,
    "the-free-sea": 0.9566521629862528,
    "the-anthropocene-and-our-post-natural-future-2": 0.9561648200285622,
    "social-witnessing": 0.9560441472973373,
    "the-aerocene-campus": 0.955742549211914,
    "the-anthropocene-in-light-of-biological-feedback": 0.9556332745574884,
    "sounding-landscapes": 0.9528577125834794,
    "the-shape-of-a-practice-online-project-environment": 0.9526691827884323,
    "the-terrain-of-the-former-veb-elektrokohle-lichtenberg": 0.9526373480154631,
    "the-stories-we-tell-the-images-we-take": 0.9521825429086224,
    "the-shape-of-a-practice-seminars": 0.9511388516409334,
    "telling-time-through-lagoons-of-human-waste-at-the-western-treatment-plant": 0.9508432973244437,
    "somewhere-somehow-a-co-evolution-story": 0.9506265194949527,
    "the-confluence-area": 0.9506169092218483,
    "time-out-of-mind": 0.9482474160196033,
    "specifics-of-vulnerability": 0.947855834286777,
    "significant-and-insignificant-mounds": 0.9443714123965488,
    "seminar-film-exhaustion-and-imagination": 0.9443274575726845,
    "xaraasi-xanne-crossing-voices": 0.9441214142250155,
    "the-mississippi-basin-an-operational-landscape": 0.9432637982170052,
    "the-american-bottom": 0.9429490422022997,
    "too-little-water-the-lake-chad-story": 0.9422069039183341,
    "timeslips": 0.9408162152634901,
    "seminar-risk-equity": 0.9401743172313484,
    "uncalculated-risk": 0.9398794016524462,
    "understanding-the-north-american-lost-crops": 0.9396623631582394,
    "seminar-film-clashing-temporalities": 0.9368339745907284,
    "the-four-dimensional-mississippi": 0.9361597717971758,
    "this-is-not-about-survival-its-about-bringing-your-coracle": 0.9351280180788683,
    "seminar-un-bounded-engineering-and-evolutionary-stability": 0.9336741674460663,
    "white-sands": 0.933510212597508,
    "technostratigraphy-of-a-technological-object": 0.9323883316683378,
    "seminar-techno-metabolism": 0.9320559819345785,
    "tree-x-office": 0.9319796710388837,
    "the-maledives-case": 0.9302833430028106,
    "slow-disaster": 0.9296330678351735,
    "significant-and-insignificant-mounds-2": 0.9286144875047051,
    "seminar-film-commodity-flows": 0.928246724837131,
    "the-hedge": 0.9281193756099495,
    "seminar-film-un-bounded-engineering-and-evolutionary-stability": 0.9274871147376553,
    "technosphere-magazine": 0.921416167334807,
    "temporary-continent": 0.9206615401171068,
    "typha-the-once-and-future-planty-companion": 0.9193386780697929,
    "the-danish-text": 0.9186203338924738,
    "the-vietnamese-community-in-eastern-new-orleans": 0.9178124308243503,
    "shaped-by-rivers": 0.9165729705872127,
    "the-great-green-desert": 0.9100377578694147,
    "the-rights-of-nature": 0.9093437032386175,
    "us-southwest": 0.9089556606793022,
    "the-anthropogenic-influence-onto-the-air-quality-along-the-mississippi-river-findings": 0.9079989390069588,
    "transect-walk-cahokia-mounds-to-fairmont-city": 0.895112446960231,
    "sharing-surveillance-data": 0.8710959221526484,
    "the-politics-of-modeling": 0.8539206383620167,
    "t-rain-lines": 0.8528722795246719,
    "st-louis-anthropocene-field-campus": 0.8480623107131049,
    "the-terrestrial-is-not-the-globe": 0.8452915808771938,
    "worshipping-along-the-routes-of-migration": 0.8392830007340467,
    "the-current-mississippi-an-anthropocene-river": 0.8360406949648488,
    "the-fight-for-alaskas-arctic-has-just-begun": 0.8335700086384477,
    "the-lena-is-worthy-of-baikal-defining-remoteness-across-the-north-and-the-east": 0.8073216353712985,
    "the-shipworm-and-the-telegraph": 0.7656852596037154,
    "the-abolition-of-market-dependency": 0.7459017744468535,
    "the-free-sea-2": 0.7102610591338337,
    "sever-pre-emptive-strategy-for-an-open-arctic": 0.7101353672254527,
    "ve-vm-vt-the-ideal-cosmic-messengers": 0.604071087290499,
    "the-lichtenberg-case-2": 0.5808042706237928,
    "the-lichtenberg-case": 0.4792732866907942,
    "tokens-a-rorschach-test": 0.4675132230563649,
    "test-contribution": 0.35716159863189106
}