{
    "seminar-report-anthropogenic-landscapes": 0.9895700549755908,
    "seminar-sensing": 0.9875573223235481,
    "the-shape-of-a-practice": 0.9875026541155911,
    "the-floating-ear": 0.9869542895872154,
    "times-before-and-after": 0.9862560320833463,
    "seminar-report-geo-politics": 0.9858348470854719,
    "voice-and-representation": 0.98561538037162,
    "seminar-report-slow-media": 0.9852890488526109,
    "the-aerocene-campus": 0.9850167209317034,
    "stranging-the-anthropocene-refraction": 0.9844273200845675,
    "seminar-valuing-nature": 0.9843993420169659,
    "seminar-report-filtering-the-anthropocene": 0.9843377437621045,
    "tactics-for-quotidian-anthropocenes": 0.9837122892856062,
    "wicked-problems-and-mental-models": 0.9834272355106116,
    "the-free-sea": 0.9823475906276627,
    "technosphere-co-evolution-a-seminal-seminar-conversation": 0.9821695585931454,
    "terraforming": 0.9812874201072662,
    "the-hyphen": 0.9810129552802684,
    "the-terrain-of-the-former-veb-elektrokohle-lichtenberg": 0.9805239343400001,
    "shadowing-the-anthropocene": 0.9804529106851032,
    "walk-about-it": 0.9792315394071136,
    "the-anthropocene-in-light-of-biological-feedback": 0.9785242544287795,
    "time-and-time-again": 0.9778320401467082,
    "somewhere-somehow-a-co-evolution-story": 0.9771422078588794,
    "sounding-landscapes": 0.9767561194151404,
    "systems-analysis-and-modeling": 0.9765460773610244,
    "seminar-slow-media": 0.9747032466801412,
    "touring-the-anthropocenery-whos-in-charge-here-2014": 0.9743908059804042,
    "telling-time-through-lagoons-of-human-waste-at-the-western-treatment-plant": 0.9738588336503944,
    "state-of-nature-in-india": 0.9734008888453961,
    "twin-cities-artist-residency-mississippi-an-anthropocene-story": 0.9726351590713297,
    "time-out-of-mind": 0.9719306794684949,
    "specifics-of-vulnerability": 0.9718773300186684,
    "the-shape-of-a-practice-online-project-environment": 0.9715993475915325,
    "the-shape-of-a-practice-seminars": 0.9714723955398692,
    "uncalculated-risk": 0.9707272635097552,
    "social-witnessing": 0.9699474033142402,
    "the-stories-we-tell-the-images-we-take": 0.9687914302132514,
    "timeslips": 0.9676215862080532,
    "seminar-sensing-the-insensible": 0.9670402366663493,
    "writing-global-histories-in-the-anthropocene": 0.9663877629699388,
    "the-anthropocene-and-our-post-natural-future-2": 0.9659481337304653,
    "state-of-nature-some-philosophical-issues": 0.9643561948726537,
    "the-confluence-area": 0.96416583959783,
    "xaraasi-xanne-crossing-voices": 0.9638531814783362,
    "seminar-romancing-the-anthropocene": 0.9634615835589577,
    "tree-x-office": 0.9628553964035858,
    "tactics-for-quotidian-anthropocenes-2": 0.9625146548330584,
    "too-little-water-the-lake-chad-story": 0.9618727205322056,
    "white-sands": 0.9617823830316254,
    "technostratigraphy-of-a-technological-object": 0.9611675676643674,
    "the-mississippi-basin-an-operational-landscape": 0.9611214607694845,
    "the-four-dimensional-mississippi": 0.9583500970909313,
    "taking-nature-into-account-historical-perspectives-and-paradoxes": 0.9578376681846553,
    "the-american-bottom": 0.9565984559362094,
    "the-hedge": 0.9545556080595844,
    "the-danish-text": 0.9528454531310404,
    "significant-and-insignificant-mounds": 0.9528390984684864,
    "seminar-risk-equity": 0.9524372901581469,
    "this-is-not-about-survival-its-about-bringing-your-coracle": 0.952158143449963,
    "seminar-techno-metabolism": 0.9487504160047139,
    "the-vietnamese-community-in-eastern-new-orleans": 0.9453029686205573,
    "temporary-continent": 0.9415244776793015,
    "understanding-the-north-american-lost-crops": 0.9414057464627612,
    "typha-the-once-and-future-planty-companion": 0.9409741478321357,
    "the-maledives-case": 0.9405131731095101,
    "slow-disaster": 0.9398996973682121,
    "technosphere-magazine": 0.9397815673264074,
    "the-anthropogenic-influence-onto-the-air-quality-along-the-mississippi-river-findings": 0.9371696929917728,
    "seminar-un-bounded-engineering-and-evolutionary-stability": 0.9363661399290788,
    "us-southwest": 0.9323662619374387,
    "significant-and-insignificant-mounds-2": 0.9321585095239159,
    "the-great-green-desert": 0.923654528705265,
    "the-rights-of-nature": 0.9216705887316347,
    "shaped-by-rivers": 0.9157331142548176,
    "sharing-surveillance-data": 0.9020205409881678,
    "transect-walk-cahokia-mounds-to-fairmont-city": 0.8966166514431724,
    "st-louis-anthropocene-field-campus": 0.8663757939308329,
    "the-fight-for-alaskas-arctic-has-just-begun": 0.8603928368884853,
    "the-politics-of-modeling": 0.859510814165597,
    "t-rain-lines": 0.8590991033242499,
    "the-terrestrial-is-not-the-globe": 0.8557991515967512,
    "the-current-mississippi-an-anthropocene-river": 0.8439917757965838,
    "worshipping-along-the-routes-of-migration": 0.8299858398832785,
    "the-lena-is-worthy-of-baikal-defining-remoteness-across-the-north-and-the-east": 0.8056529633039042,
    "the-shipworm-and-the-telegraph": 0.7903274520953384,
    "the-abolition-of-market-dependency": 0.7542438420119645,
    "sever-pre-emptive-strategy-for-an-open-arctic": 0.7298578114617909,
    "the-free-sea-2": 0.7208577112854139,
    "ve-vm-vt-the-ideal-cosmic-messengers": 0.60735552522408,
    "the-lichtenberg-case-2": 0.5911637589336562,
    "tokens-a-rorschach-test": 0.4862294270915387,
    "the-lichtenberg-case": 0.48466073938702503,
    "test-contribution": 0.353175231502888
}