{
    "seminar-reflection-2": 0.9836171038904948,
    "seminar-consensus-building": 0.982963837428469,
    "seminar-communicating": 0.9823268385872558,
    "tactics-for-quotidian-anthropocenes": 0.9803975997383644,
    "the-aerocene-campus": 0.980315812323629,
    "seminar-sensing": 0.9795986217869299,
    "seminar-report-anthropogenic-landscapes": 0.9786734197852529,
    "seminar-reflections-algorithmic-intermediation-and-smartness": 0.9785024766609164,
    "the-shape-of-a-practice": 0.9765413711457281,
    "stranging-the-anthropocene-refraction": 0.9750315886006966,
    "terraforming": 0.9748607793259114,
    "seminar-report-slow-media": 0.9742744159341082,
    "seminar-valuing-nature": 0.9739930390053427,
    "the-shape-of-a-practice-seminars": 0.9739295986438256,
    "the-stories-we-tell-the-images-we-take": 0.973470124398748,
    "voice-and-representation": 0.9726070168742869,
    "the-floating-ear": 0.9723639514976755,
    "seminar-co-evolution-of-the-technosphere": 0.9722581032682429,
    "seminar-report-geo-politics": 0.9711803394010808,
    "seminar-imaging-the-anthropocene": 0.9710445465797869,
    "time-and-time-again": 0.9705646508730894,
    "times-before-and-after": 0.9692235538961786,
    "seminar-modelling-wicked-problems": 0.9685599043886522,
    "the-anthropocene-in-light-of-biological-feedback": 0.968221266932161,
    "the-hyphen": 0.9663499146403045,
    "xaraasi-xanne-crossing-voices": 0.9661734268675644,
    "social-witnessing": 0.9661436621068521,
    "wicked-problems-and-mental-models": 0.9659400830313922,
    "the-shape-of-a-practice-online-project-environment": 0.9654494987081061,
    "the-free-sea": 0.9651466667768445,
    "twin-cities-artist-residency-mississippi-an-anthropocene-story": 0.9651076105446086,
    "the-terrain-of-the-former-veb-elektrokohle-lichtenberg": 0.9646917123107344,
    "seminar-clashing-temporalities": 0.96467745331139,
    "shadowing-the-anthropocene": 0.9644007461939249,
    "state-of-nature-in-india": 0.9642056079039442,
    "the-confluence-area": 0.9641965849665352,
    "technosphere-co-evolution-a-seminal-seminar-conversation": 0.9641860030322525,
    "seminar-exhaustion-and-imagination": 0.9628410267840949,
    "seminar-co-evolutionary-perspectives": 0.9622102921729929,
    "seminar-report-filtering-the-anthropocene": 0.962170366368578,
    "telling-time-through-lagoons-of-human-waste-at-the-western-treatment-plant": 0.9621234478679995,
    "walk-about-it": 0.9607280883135836,
    "systems-analysis-and-modeling": 0.9604209670982157,
    "the-anthropocene-and-our-post-natural-future-2": 0.9603141021330649,
    "sounding-landscapes": 0.9601467072708104,
    "somewhere-somehow-a-co-evolution-story": 0.9589452859661501,
    "tree-x-office": 0.9583297567871837,
    "seminar-slow-media": 0.9581019682937856,
    "too-little-water-the-lake-chad-story": 0.9578563216559394,
    "seminar-disciplinarities": 0.9565101506536443,
    "the-american-bottom": 0.9560940198907125,
    "seminar-governing-the-technosphere": 0.9555699732773486,
    "time-out-of-mind": 0.9549259443665558,
    "touring-the-anthropocenery-whos-in-charge-here-2014": 0.9547211558038021,
    "specifics-of-vulnerability": 0.9534010353767092,
    "writing-global-histories-in-the-anthropocene": 0.9529529806342091,
    "seminar-techno-metabolism": 0.9529389071863023,
    "uncalculated-risk": 0.9514121777976701,
    "white-sands": 0.9512086850898533,
    "technostratigraphy-of-a-technological-object": 0.9505958541925377,
    "tactics-for-quotidian-anthropocenes-2": 0.9503111540647489,
    "the-hedge": 0.9485113304687045,
    "seminar-romancing-the-anthropocene": 0.9482323693971376,
    "state-of-nature-some-philosophical-issues": 0.948144873548116,
    "taking-nature-into-account-historical-perspectives-and-paradoxes": 0.9477546725230694,
    "seminar-sensing-the-insensible": 0.9474655032439044,
    "seminar-filtering-the-anthropocene": 0.9464552532604263,
    "timeslips": 0.9461051743314626,
    "the-mississippi-basin-an-operational-landscape": 0.9457069791711263,
    "seminar-commodity-flows": 0.9453145777215356,
    "this-is-not-about-survival-its-about-bringing-your-coracle": 0.9451820900017311,
    "temporary-continent": 0.9450869619209911,
    "the-danish-text": 0.9424396551102199,
    "the-vietnamese-community-in-eastern-new-orleans": 0.9419499447164507,
    "significant-and-insignificant-mounds": 0.9413177535632425,
    "the-four-dimensional-mississippi": 0.9408289250243607,
    "seminar-film-exhaustion-and-imagination": 0.9406106440640625,
    "slow-disaster": 0.9380379402457437,
    "typha-the-once-and-future-planty-companion": 0.9352222284746741,
    "seminar-film-clashing-temporalities": 0.9338200985295051,
    "us-southwest": 0.9335325864074991,
    "seminar-risk-equity": 0.9330799626371664,
    "understanding-the-north-american-lost-crops": 0.9308866497168217,
    "seminar-film-commodity-flows": 0.9283515239748067,
    "the-anthropogenic-influence-onto-the-air-quality-along-the-mississippi-river-findings": 0.9277740965423221,
    "seminar-claims-property": 0.9276718644542489,
    "significant-and-insignificant-mounds-2": 0.9257849375045493,
    "seminar-un-bounded-engineering-and-evolutionary-stability": 0.9254982100366181,
    "technosphere-magazine": 0.9219083952266037,
    "seminar-film-un-bounded-engineering-and-evolutionary-stability": 0.9202848431314232,
    "the-rights-of-nature": 0.9185354390777031,
    "the-great-green-desert": 0.9148892083251908,
    "the-maledives-case": 0.9131319360496886,
    "sharing-surveillance-data": 0.9034758015577329,
    "shaped-by-rivers": 0.9004379330846157,
    "transect-walk-cahokia-mounds-to-fairmont-city": 0.8875562863606227,
    "st-louis-anthropocene-field-campus": 0.867364509164374,
    "the-politics-of-modeling": 0.8533476580018609,
    "the-current-mississippi-an-anthropocene-river": 0.8490048530439597,
    "t-rain-lines": 0.844410260904947,
    "the-fight-for-alaskas-arctic-has-just-begun": 0.8290027957206697,
    "the-terrestrial-is-not-the-globe": 0.8174888442666088,
    "worshipping-along-the-routes-of-migration": 0.8120287190303908,
    "the-lena-is-worthy-of-baikal-defining-remoteness-across-the-north-and-the-east": 0.7770966054219358,
    "the-shipworm-and-the-telegraph": 0.7600087167820049,
    "the-abolition-of-market-dependency": 0.7304032294665866,
    "sever-pre-emptive-strategy-for-an-open-arctic": 0.7156168335123196,
    "the-free-sea-2": 0.6980626853583984,
    "the-lichtenberg-case-2": 0.5957230288683948,
    "ve-vm-vt-the-ideal-cosmic-messengers": 0.5781359078067071,
    "tokens-a-rorschach-test": 0.48280543957126254,
    "the-lichtenberg-case": 0.46142898952768685,
    "test-contribution": 0.36554041785611635
}