{
    "the-shape-of-a-practice": 0.9854810773191809,
    "seminar-report-geo-politics": 0.9853420229911191,
    "the-free-sea": 0.9832390762277978,
    "somewhere-somehow-a-co-evolution-story": 0.982756757548823,
    "times-before-and-after": 0.9826596286886213,
    "technosphere-co-evolution-a-seminal-seminar-conversation": 0.9822138495121661,
    "shadowing-the-anthropocene": 0.9820071575959582,
    "stranging-the-anthropocene-refraction": 0.9819459032998751,
    "the-terrain-of-the-former-veb-elektrokohle-lichtenberg": 0.9816371650393785,
    "sounding-landscapes": 0.9815674570728546,
    "seminar-valuing-nature": 0.9814643524321703,
    "wicked-problems-and-mental-models": 0.9813650928013221,
    "the-floating-ear": 0.9808831754129039,
    "seminar-report-slow-media": 0.9808367111152372,
    "telling-time-through-lagoons-of-human-waste-at-the-western-treatment-plant": 0.9794527381770308,
    "the-anthropocene-in-light-of-biological-feedback": 0.979356921121962,
    "state-of-nature-in-india": 0.9778778303501815,
    "time-and-time-again": 0.9776348764198424,
    "seminar-sensing": 0.9775411388490344,
    "the-four-dimensional-mississippi": 0.977456968709629,
    "touring-the-anthropocenery-whos-in-charge-here-2014": 0.9773566610081512,
    "the-hyphen": 0.9771794603933097,
    "walk-about-it": 0.9771038541157591,
    "uncalculated-risk": 0.9761984194038682,
    "time-out-of-mind": 0.9756227272432954,
    "tactics-for-quotidian-anthropocenes": 0.9750634709723788,
    "the-aerocene-campus": 0.9749530138201784,
    "the-mississippi-basin-an-operational-landscape": 0.9746504724455691,
    "voice-and-representation": 0.973802481937917,
    "timeslips": 0.9737071342366552,
    "too-little-water-the-lake-chad-story": 0.9726974584009617,
    "writing-global-histories-in-the-anthropocene": 0.972570506183537,
    "systems-analysis-and-modeling": 0.9723821749130606,
    "white-sands": 0.9721531756360019,
    "state-of-nature-some-philosophical-issues": 0.970572515411741,
    "terraforming": 0.970430229194316,
    "the-maledives-case": 0.9701881381880075,
    "the-anthropocene-and-our-post-natural-future-2": 0.9700695470274905,
    "social-witnessing": 0.9695137440086257,
    "specifics-of-vulnerability": 0.9694170509073493,
    "seminar-slow-media": 0.9685431678905895,
    "the-stories-we-tell-the-images-we-take": 0.9665304666225997,
    "seminar-sensing-the-insensible": 0.96492551104847,
    "significant-and-insignificant-mounds": 0.9636244054577848,
    "the-confluence-area": 0.962852293820704,
    "tree-x-office": 0.9616983841174137,
    "taking-nature-into-account-historical-perspectives-and-paradoxes": 0.9616422996549059,
    "the-american-bottom": 0.9608396387794195,
    "this-is-not-about-survival-its-about-bringing-your-coracle": 0.9607334716975591,
    "technostratigraphy-of-a-technological-object": 0.9604567410754246,
    "tactics-for-quotidian-anthropocenes-2": 0.9595606270064737,
    "understanding-the-north-american-lost-crops": 0.9574785696804731,
    "twin-cities-artist-residency-mississippi-an-anthropocene-story": 0.9573052626497166,
    "the-shape-of-a-practice-online-project-environment": 0.9571645447806176,
    "seminar-risk-equity": 0.9563924885314498,
    "xaraasi-xanne-crossing-voices": 0.9561058105005772,
    "the-danish-text": 0.9550930129688245,
    "seminar-romancing-the-anthropocene": 0.9546674093628469,
    "the-vietnamese-community-in-eastern-new-orleans": 0.9546242333827814,
    "the-shape-of-a-practice-seminars": 0.9525441106924274,
    "the-anthropogenic-influence-onto-the-air-quality-along-the-mississippi-river-findings": 0.9522197940186294,
    "seminar-techno-metabolism": 0.9519323343676002,
    "seminar-un-bounded-engineering-and-evolutionary-stability": 0.9499612394032672,
    "the-hedge": 0.9495703928431471,
    "temporary-continent": 0.9470455981040071,
    "technosphere-magazine": 0.946966886316227,
    "slow-disaster": 0.945771340678349,
    "us-southwest": 0.944845587355236,
    "the-great-green-desert": 0.9430462477636197,
    "significant-and-insignificant-mounds-2": 0.9429984572578141,
    "shaped-by-rivers": 0.9424039589651592,
    "typha-the-once-and-future-planty-companion": 0.9383893427608399,
    "the-rights-of-nature": 0.9263662092480742,
    "transect-walk-cahokia-mounds-to-fairmont-city": 0.9172828593417977,
    "sharing-surveillance-data": 0.895699840488272,
    "st-louis-anthropocene-field-campus": 0.8883185778681056,
    "the-terrestrial-is-not-the-globe": 0.8811174580492,
    "the-fight-for-alaskas-arctic-has-just-begun": 0.8790196137074752,
    "the-current-mississippi-an-anthropocene-river": 0.8627047205182562,
    "t-rain-lines": 0.8596126878831643,
    "the-politics-of-modeling": 0.8540211939457685,
    "worshipping-along-the-routes-of-migration": 0.8463590714044725,
    "the-lena-is-worthy-of-baikal-defining-remoteness-across-the-north-and-the-east": 0.8333725433206033,
    "the-shipworm-and-the-telegraph": 0.7975830043478953,
    "the-abolition-of-market-dependency": 0.766750972236646,
    "the-free-sea-2": 0.7448535526775409,
    "sever-pre-emptive-strategy-for-an-open-arctic": 0.726886501056702,
    "ve-vm-vt-the-ideal-cosmic-messengers": 0.617611322610704,
    "the-lichtenberg-case-2": 0.59521032720249,
    "the-lichtenberg-case": 0.4868743344502192,
    "tokens-a-rorschach-test": 0.4649111528134135,
    "test-contribution": 0.35812299716735707
}