{
    "seminar-reflections-algorithmic-intermediation-and-smartness": 0.9826536512902381,
    "technosphere-co-evolution-a-seminal-seminar-conversation": 0.9807329573946313,
    "wicked-problems-and-mental-models": 0.9802174358760465,
    "seminar-report-filtering-the-anthropocene": 0.9795175334937343,
    "seminar-reflection-2": 0.9793712993787268,
    "seminar-modelling-wicked-problems": 0.978021430868904,
    "times-before-and-after": 0.9775637948757283,
    "the-free-sea": 0.9771507117250389,
    "seminar-sensing": 0.9760685855659633,
    "voice-and-representation": 0.975163008848833,
    "the-floating-ear": 0.9751574549300714,
    "specifics-of-vulnerability": 0.9745757361730444,
    "seminar-valuing-nature": 0.9742593124732423,
    "seminar-imaging-the-anthropocene": 0.973400869997056,
    "seminar-report-geo-politics": 0.972909892306526,
    "the-shape-of-a-practice": 0.9724976768317029,
    "somewhere-somehow-a-co-evolution-story": 0.9722174580463149,
    "seminar-report-anthropogenic-landscapes": 0.9709986148734872,
    "touring-the-anthropocenery-whos-in-charge-here-2014": 0.9708720445760148,
    "stranging-the-anthropocene-refraction": 0.9702452662371255,
    "time-and-time-again": 0.9699447920994543,
    "the-hyphen": 0.9695849671547169,
    "seminar-governing-the-technosphere": 0.9694225647862086,
    "walk-about-it": 0.9692112547334709,
    "shadowing-the-anthropocene": 0.9691378368995698,
    "seminar-report-slow-media": 0.9690523280042302,
    "time-out-of-mind": 0.9670877589401919,
    "seminar-filtering-the-anthropocene": 0.9669604317348879,
    "the-aerocene-campus": 0.9666078415576785,
    "tactics-for-quotidian-anthropocenes": 0.9662751855811557,
    "the-terrain-of-the-former-veb-elektrokohle-lichtenberg": 0.9662494209129933,
    "the-anthropocene-in-light-of-biological-feedback": 0.9661251005845992,
    "terraforming": 0.9657788097944637,
    "seminar-slow-media": 0.9650873963492634,
    "telling-time-through-lagoons-of-human-waste-at-the-western-treatment-plant": 0.9646589002439673,
    "sounding-landscapes": 0.9631495652634465,
    "systems-analysis-and-modeling": 0.9623925310124332,
    "seminar-sensing-the-insensible": 0.9618964132106596,
    "the-anthropocene-and-our-post-natural-future-2": 0.9611786671622266,
    "uncalculated-risk": 0.9597313266186279,
    "timeslips": 0.9590857944894403,
    "state-of-nature-in-india": 0.9583249858137013,
    "technostratigraphy-of-a-technological-object": 0.9564552068629447,
    "writing-global-histories-in-the-anthropocene": 0.956286712089581,
    "the-stories-we-tell-the-images-we-take": 0.955564899867028,
    "state-of-nature-some-philosophical-issues": 0.9544975526460302,
    "seminar-risk-equity": 0.9542330488550648,
    "too-little-water-the-lake-chad-story": 0.9540831644810887,
    "social-witnessing": 0.9534702093606825,
    "tree-x-office": 0.9534355575802905,
    "the-shape-of-a-practice-seminars": 0.9524380308726296,
    "the-confluence-area": 0.9513631395297254,
    "the-four-dimensional-mississippi": 0.9505922602437908,
    "twin-cities-artist-residency-mississippi-an-anthropocene-story": 0.9498024046062663,
    "the-shape-of-a-practice-online-project-environment": 0.9495945458164267,
    "the-mississippi-basin-an-operational-landscape": 0.9485438576556944,
    "white-sands": 0.947795298845214,
    "significant-and-insignificant-mounds": 0.9472003572346482,
    "seminar-romancing-the-anthropocene": 0.9465404616071856,
    "this-is-not-about-survival-its-about-bringing-your-coracle": 0.9442384480552347,
    "the-american-bottom": 0.9439444079064686,
    "taking-nature-into-account-historical-perspectives-and-paradoxes": 0.9435106049283444,
    "seminar-film-exhaustion-and-imagination": 0.9432932211083522,
    "the-hedge": 0.9424690765058694,
    "the-maledives-case": 0.9416592866440693,
    "tactics-for-quotidian-anthropocenes-2": 0.9414995215332743,
    "seminar-techno-metabolism": 0.9411604435776204,
    "xaraasi-xanne-crossing-voices": 0.9405616054073571,
    "understanding-the-north-american-lost-crops": 0.93814798069752,
    "the-danish-text": 0.937031860971135,
    "slow-disaster": 0.9328683831754218,
    "temporary-continent": 0.9292832847689284,
    "the-vietnamese-community-in-eastern-new-orleans": 0.9279084788158684,
    "the-anthropogenic-influence-onto-the-air-quality-along-the-mississippi-river-findings": 0.9269161010062412,
    "significant-and-insignificant-mounds-2": 0.9231823646431896,
    "seminar-film-clashing-temporalities": 0.9230726861482087,
    "seminar-un-bounded-engineering-and-evolutionary-stability": 0.92235489321941,
    "typha-the-once-and-future-planty-companion": 0.9223412977320838,
    "us-southwest": 0.9220792678126424,
    "technosphere-magazine": 0.9161488487028664,
    "seminar-film-commodity-flows": 0.9149102899800252,
    "shaped-by-rivers": 0.9081311678407209,
    "the-great-green-desert": 0.9080724927048736,
    "the-rights-of-nature": 0.9059263067696431,
    "seminar-film-un-bounded-engineering-and-evolutionary-stability": 0.9053162000121976,
    "transect-walk-cahokia-mounds-to-fairmont-city": 0.8875286250970928,
    "sharing-surveillance-data": 0.8788541965904477,
    "the-fight-for-alaskas-arctic-has-just-begun": 0.8704185270145864,
    "t-rain-lines": 0.8540706650032253,
    "st-louis-anthropocene-field-campus": 0.8506836010934711,
    "the-terrestrial-is-not-the-globe": 0.8422311234411809,
    "the-politics-of-modeling": 0.8412150691453477,
    "the-current-mississippi-an-anthropocene-river": 0.8350509589337265,
    "worshipping-along-the-routes-of-migration": 0.8104131032166664,
    "the-lena-is-worthy-of-baikal-defining-remoteness-across-the-north-and-the-east": 0.7974087993794087,
    "the-shipworm-and-the-telegraph": 0.7779404751148707,
    "the-abolition-of-market-dependency": 0.74548327785321,
    "sever-pre-emptive-strategy-for-an-open-arctic": 0.7204186967143749,
    "the-free-sea-2": 0.7158860494041505,
    "ve-vm-vt-the-ideal-cosmic-messengers": 0.5968463656340435,
    "the-lichtenberg-case-2": 0.5595135874993902,
    "tokens-a-rorschach-test": 0.47064868784043445,
    "the-lichtenberg-case": 0.456881374480189,
    "test-contribution": 0.3475256354495289
}