{
    "the-floating-ear": 0.9863192361216101,
    "the-shape-of-a-practice": 0.9826266757944082,
    "times-before-and-after": 0.981435258641155,
    "stranging-the-anthropocene-refraction": 0.9800823816648768,
    "seminar-valuing-nature": 0.9797558121080624,
    "voice-and-representation": 0.9784570001138985,
    "the-anthropocene-in-light-of-biological-feedback": 0.9781986085160874,
    "terraforming": 0.9779107008022166,
    "the-aerocene-campus": 0.977749309901288,
    "the-hyphen": 0.9774270342871559,
    "wicked-problems-and-mental-models": 0.9767965382923983,
    "tactics-for-quotidian-anthropocenes": 0.9756598004763503,
    "state-of-nature-in-india": 0.9750213060981034,
    "shadowing-the-anthropocene": 0.9738961289052278,
    "systems-analysis-and-modeling": 0.9738266216640712,
    "technosphere-co-evolution-a-seminal-seminar-conversation": 0.9734513358100598,
    "time-and-time-again": 0.9728534205334468,
    "walk-about-it": 0.9717355640499583,
    "somewhere-somehow-a-co-evolution-story": 0.9709686531650954,
    "the-free-sea": 0.9702443069712424,
    "the-shape-of-a-practice-seminars": 0.9693795047142192,
    "seminar-slow-media": 0.9672597937047488,
    "the-terrain-of-the-former-veb-elektrokohle-lichtenberg": 0.9668052974492183,
    "seminar-sensing-the-insensible": 0.9666779947204449,
    "telling-time-through-lagoons-of-human-waste-at-the-western-treatment-plant": 0.9666458861928366,
    "the-shape-of-a-practice-online-project-environment": 0.9663640418053786,
    "the-stories-we-tell-the-images-we-take": 0.9659951892750152,
    "social-witnessing": 0.9659221529058056,
    "sounding-landscapes": 0.9659218723429661,
    "the-confluence-area": 0.9633566883616568,
    "twin-cities-artist-residency-mississippi-an-anthropocene-story": 0.9632430567190556,
    "touring-the-anthropocenery-whos-in-charge-here-2014": 0.9632401111414065,
    "the-anthropocene-and-our-post-natural-future-2": 0.9624188160951098,
    "writing-global-histories-in-the-anthropocene": 0.9622011704489275,
    "state-of-nature-some-philosophical-issues": 0.9617360071644427,
    "time-out-of-mind": 0.960677203001191,
    "specifics-of-vulnerability": 0.9598878738958965,
    "too-little-water-the-lake-chad-story": 0.9583150870277354,
    "tactics-for-quotidian-anthropocenes-2": 0.9576549834607578,
    "the-mississippi-basin-an-operational-landscape": 0.9566069979273724,
    "seminar-techno-metabolism": 0.9565481187899725,
    "the-american-bottom": 0.9560020368256765,
    "uncalculated-risk": 0.9539626906822056,
    "xaraasi-xanne-crossing-voices": 0.9532977542521656,
    "taking-nature-into-account-historical-perspectives-and-paradoxes": 0.9532279052302295,
    "timeslips": 0.9531649702159339,
    "technostratigraphy-of-a-technological-object": 0.9527483351166505,
    "tree-x-office": 0.9517141288717926,
    "white-sands": 0.95060775689785,
    "the-four-dimensional-mississippi": 0.9505595987796843,
    "significant-and-insignificant-mounds": 0.9500783558345319,
    "temporary-continent": 0.9462595736554296,
    "slow-disaster": 0.9452213809962179,
    "this-is-not-about-survival-its-about-bringing-your-coracle": 0.9448986034002848,
    "technosphere-magazine": 0.9445816238113155,
    "the-hedge": 0.9434604461029344,
    "seminar-un-bounded-engineering-and-evolutionary-stability": 0.9411505155648677,
    "understanding-the-north-american-lost-crops": 0.941034826021903,
    "the-danish-text": 0.9406293866954023,
    "the-anthropogenic-influence-onto-the-air-quality-along-the-mississippi-river-findings": 0.9401245550231485,
    "typha-the-once-and-future-planty-companion": 0.936068614623837,
    "the-vietnamese-community-in-eastern-new-orleans": 0.9339707418081499,
    "the-maledives-case": 0.928982852849127,
    "significant-and-insignificant-mounds-2": 0.9282791941134517,
    "us-southwest": 0.9249668137436791,
    "the-great-green-desert": 0.9163960965347838,
    "shaped-by-rivers": 0.9162619584807209,
    "the-rights-of-nature": 0.914468921363325,
    "sharing-surveillance-data": 0.8963930205383752,
    "transect-walk-cahokia-mounds-to-fairmont-city": 0.8880015003602241,
    "st-louis-anthropocene-field-campus": 0.8670481026555584,
    "t-rain-lines": 0.8524850987459544,
    "the-politics-of-modeling": 0.8515609716685563,
    "the-terrestrial-is-not-the-globe": 0.8474711297380086,
    "the-current-mississippi-an-anthropocene-river": 0.8449805133844914,
    "the-fight-for-alaskas-arctic-has-just-begun": 0.838497908001287,
    "worshipping-along-the-routes-of-migration": 0.8212298067309196,
    "the-lena-is-worthy-of-baikal-defining-remoteness-across-the-north-and-the-east": 0.7872343095938932,
    "the-shipworm-and-the-telegraph": 0.7668826580768342,
    "the-abolition-of-market-dependency": 0.7341102717354677,
    "sever-pre-emptive-strategy-for-an-open-arctic": 0.7240296592160218,
    "the-free-sea-2": 0.6998659107126273,
    "ve-vm-vt-the-ideal-cosmic-messengers": 0.6020850517912021,
    "the-lichtenberg-case-2": 0.5856292516584428,
    "tokens-a-rorschach-test": 0.48223379851643816,
    "the-lichtenberg-case": 0.4704982884178069,
    "test-contribution": 0.36356302896860104
}