{
    "seminar-slow-media": 0.9847684452034865,
    "stranging-the-anthropocene-refraction": 0.9843015332043333,
    "shadowing-the-anthropocene": 0.9838488142336154,
    "the-aerocene-campus": 0.9837171806110572,
    "times-before-and-after": 0.9825280402076053,
    "the-floating-ear": 0.9818545832394135,
    "seminar-valuing-nature": 0.9818337813924767,
    "voice-and-representation": 0.9818117914223952,
    "the-shape-of-a-practice": 0.9813072881497231,
    "time-and-time-again": 0.9809895101177685,
    "tactics-for-quotidian-anthropocenes": 0.9800949443537054,
    "the-hyphen": 0.9798379860781351,
    "walk-about-it": 0.9789297683432547,
    "terraforming": 0.9783223270799588,
    "seminar-sensing": 0.9782181067507674,
    "the-free-sea": 0.9774719124555502,
    "the-stories-we-tell-the-images-we-take": 0.9769317826827268,
    "the-terrain-of-the-former-veb-elektrokohle-lichtenberg": 0.9765472176909155,
    "touring-the-anthropocenery-whos-in-charge-here-2014": 0.9763003565496033,
    "technosphere-co-evolution-a-seminal-seminar-conversation": 0.9748929175452262,
    "social-witnessing": 0.9743276394694955,
    "the-anthropocene-in-light-of-biological-feedback": 0.9735529716528986,
    "wicked-problems-and-mental-models": 0.9734809992870409,
    "telling-time-through-lagoons-of-human-waste-at-the-western-treatment-plant": 0.9732281559602715,
    "time-out-of-mind": 0.9731546280621517,
    "sounding-landscapes": 0.9725305937677584,
    "state-of-nature-in-india": 0.9720572860512711,
    "seminar-sensing-the-insensible": 0.9719612091809066,
    "seminar-romancing-the-anthropocene": 0.9709995810099848,
    "the-shape-of-a-practice-online-project-environment": 0.9696348551858871,
    "twin-cities-artist-residency-mississippi-an-anthropocene-story": 0.9694106613021927,
    "the-anthropocene-and-our-post-natural-future-2": 0.9692474130440049,
    "somewhere-somehow-a-co-evolution-story": 0.9690523720684091,
    "writing-global-histories-in-the-anthropocene": 0.9668295733529606,
    "specifics-of-vulnerability": 0.9666448085004927,
    "systems-analysis-and-modeling": 0.9659161637062982,
    "tactics-for-quotidian-anthropocenes-2": 0.9657594028773328,
    "the-confluence-area": 0.9648983790046887,
    "xaraasi-xanne-crossing-voices": 0.9645041831076718,
    "state-of-nature-some-philosophical-issues": 0.9644126119344105,
    "uncalculated-risk": 0.9643102243511293,
    "technostratigraphy-of-a-technological-object": 0.9636336975571491,
    "the-shape-of-a-practice-seminars": 0.9632930969850592,
    "tree-x-office": 0.9617412054310002,
    "timeslips": 0.961484487268378,
    "white-sands": 0.9607136323878439,
    "the-american-bottom": 0.9599639873299876,
    "taking-nature-into-account-historical-perspectives-and-paradoxes": 0.9577300094107632,
    "too-little-water-the-lake-chad-story": 0.9575870488713828,
    "the-hedge": 0.9570710788962797,
    "seminar-techno-metabolism": 0.9560015657983917,
    "this-is-not-about-survival-its-about-bringing-your-coracle": 0.9558516260880261,
    "the-mississippi-basin-an-operational-landscape": 0.955453952792174,
    "the-four-dimensional-mississippi": 0.9548569318386187,
    "significant-and-insignificant-mounds": 0.9525465047791221,
    "the-vietnamese-community-in-eastern-new-orleans": 0.9520266621334462,
    "the-danish-text": 0.9518615412686212,
    "typha-the-once-and-future-planty-companion": 0.9512550728981303,
    "slow-disaster": 0.9510094378599956,
    "technosphere-magazine": 0.9453324460122344,
    "the-maledives-case": 0.9432931386514183,
    "temporary-continent": 0.9422157714026993,
    "seminar-risk-equity": 0.9420568065562227,
    "us-southwest": 0.9412078371461415,
    "understanding-the-north-american-lost-crops": 0.9374341981988729,
    "significant-and-insignificant-mounds-2": 0.9358768047126319,
    "the-great-green-desert": 0.9348683916933559,
    "seminar-un-bounded-engineering-and-evolutionary-stability": 0.9345478579424987,
    "the-rights-of-nature": 0.9299598393633582,
    "the-anthropogenic-influence-onto-the-air-quality-along-the-mississippi-river-findings": 0.9232414144791956,
    "shaped-by-rivers": 0.9161228699082208,
    "sharing-surveillance-data": 0.9090962209884523,
    "transect-walk-cahokia-mounds-to-fairmont-city": 0.9063643620659256,
    "st-louis-anthropocene-field-campus": 0.8896406554640993,
    "t-rain-lines": 0.8791468549057991,
    "the-current-mississippi-an-anthropocene-river": 0.8747181047605793,
    "the-politics-of-modeling": 0.8727050455901131,
    "the-fight-for-alaskas-arctic-has-just-begun": 0.8627914642435415,
    "the-terrestrial-is-not-the-globe": 0.856284182993369,
    "worshipping-along-the-routes-of-migration": 0.8301551558766419,
    "the-lena-is-worthy-of-baikal-defining-remoteness-across-the-north-and-the-east": 0.8174328059748538,
    "the-shipworm-and-the-telegraph": 0.7868644405589339,
    "the-abolition-of-market-dependency": 0.7471826636822464,
    "sever-pre-emptive-strategy-for-an-open-arctic": 0.7426030677009836,
    "the-free-sea-2": 0.7311251621809693,
    "the-lichtenberg-case-2": 0.6339023426636602,
    "ve-vm-vt-the-ideal-cosmic-messengers": 0.6131506086736004,
    "the-lichtenberg-case": 0.5207461941027272,
    "tokens-a-rorschach-test": 0.4922408856079769,
    "test-contribution": 0.3872764593495161
}