{
    "times-before-and-after": 0.9874962082060875,
    "stranging-the-anthropocene-refraction": 0.9855817204826467,
    "the-hyphen": 0.9846062350097978,
    "time-and-time-again": 0.9843723093090002,
    "touring-the-anthropocenery-whos-in-charge-here-2014": 0.9826334746575902,
    "the-free-sea": 0.9808723692003385,
    "technosphere-co-evolution-a-seminal-seminar-conversation": 0.9806639372172213,
    "time-out-of-mind": 0.9802270468113999,
    "the-floating-ear": 0.9800338841582064,
    "walk-about-it": 0.9794646164156513,
    "somewhere-somehow-a-co-evolution-story": 0.9780698779488648,
    "telling-time-through-lagoons-of-human-waste-at-the-western-treatment-plant": 0.9773806893337569,
    "the-terrain-of-the-former-veb-elektrokohle-lichtenberg": 0.9769574328058369,
    "sounding-landscapes": 0.976858006940832,
    "the-aerocene-campus": 0.9765022495023578,
    "wicked-problems-and-mental-models": 0.9763511306839645,
    "the-shape-of-a-practice": 0.976219029988153,
    "terraforming": 0.974890449449068,
    "the-anthropocene-in-light-of-biological-feedback": 0.973173819750312,
    "specifics-of-vulnerability": 0.9717386056762294,
    "voice-and-representation": 0.9714689282583048,
    "technostratigraphy-of-a-technological-object": 0.9710570559637113,
    "tactics-for-quotidian-anthropocenes": 0.9702218995408611,
    "the-stories-we-tell-the-images-we-take": 0.9688516854565985,
    "social-witnessing": 0.9685425746165953,
    "state-of-nature-in-india": 0.967764749020137,
    "white-sands": 0.9656395797499925,
    "tree-x-office": 0.9656252647760032,
    "timeslips": 0.964794844732321,
    "the-anthropocene-and-our-post-natural-future-2": 0.9647496221933447,
    "significant-and-insignificant-mounds": 0.9626402454031939,
    "uncalculated-risk": 0.9626200577792681,
    "this-is-not-about-survival-its-about-bringing-your-coracle": 0.9624002803152948,
    "the-four-dimensional-mississippi": 0.9622447752048797,
    "state-of-nature-some-philosophical-issues": 0.9613674295287896,
    "twin-cities-artist-residency-mississippi-an-anthropocene-story": 0.9612538481323931,
    "systems-analysis-and-modeling": 0.9610582770920935,
    "writing-global-histories-in-the-anthropocene": 0.9595124283302744,
    "the-confluence-area": 0.9576144170423668,
    "xaraasi-xanne-crossing-voices": 0.955696134183125,
    "the-american-bottom": 0.9552825544130582,
    "taking-nature-into-account-historical-perspectives-and-paradoxes": 0.9552208066404095,
    "the-shape-of-a-practice-online-project-environment": 0.9526904056859398,
    "the-mississippi-basin-an-operational-landscape": 0.9526208325113736,
    "tactics-for-quotidian-anthropocenes-2": 0.9525248145831915,
    "the-hedge": 0.9525017801953937,
    "understanding-the-north-american-lost-crops": 0.951343447792404,
    "too-little-water-the-lake-chad-story": 0.9507378573545694,
    "the-maledives-case": 0.9492969991405821,
    "the-vietnamese-community-in-eastern-new-orleans": 0.9484976645594214,
    "typha-the-once-and-future-planty-companion": 0.9470785910868692,
    "technosphere-magazine": 0.9454939163820717,
    "the-danish-text": 0.9452231842024523,
    "the-shape-of-a-practice-seminars": 0.9425474131540093,
    "us-southwest": 0.9399064401955466,
    "significant-and-insignificant-mounds-2": 0.9372888475588985,
    "slow-disaster": 0.9350213600325378,
    "temporary-continent": 0.9347215257174005,
    "the-great-green-desert": 0.9346341019935913,
    "the-anthropogenic-influence-onto-the-air-quality-along-the-mississippi-river-findings": 0.9210166239995776,
    "shaped-by-rivers": 0.9206429085572491,
    "the-rights-of-nature": 0.9191843193506484,
    "transect-walk-cahokia-mounds-to-fairmont-city": 0.9092486125032546,
    "sharing-surveillance-data": 0.8915966452093074,
    "st-louis-anthropocene-field-campus": 0.8778518877448641,
    "t-rain-lines": 0.8723436900332945,
    "the-fight-for-alaskas-arctic-has-just-begun": 0.8649710140514616,
    "the-terrestrial-is-not-the-globe": 0.8615341844231647,
    "the-current-mississippi-an-anthropocene-river": 0.8614480223021529,
    "the-politics-of-modeling": 0.8476765173007337,
    "worshipping-along-the-routes-of-migration": 0.8231069011765797,
    "the-lena-is-worthy-of-baikal-defining-remoteness-across-the-north-and-the-east": 0.8128221185126268,
    "the-shipworm-and-the-telegraph": 0.7934180113385917,
    "the-abolition-of-market-dependency": 0.7369444182903582,
    "the-free-sea-2": 0.7341991325456474,
    "the-lichtenberg-case-2": 0.6215600734103524,
    "ve-vm-vt-the-ideal-cosmic-messengers": 0.6124300547548824,
    "the-lichtenberg-case": 0.5068427860260876,
    "tokens-a-rorschach-test": 0.48080412940060085,
    "test-contribution": 0.37718226450192605
}