{
    "telling-time-through-lagoons-of-human-waste-at-the-western-treatment-plant": 0.959005097286448,
    "understanding-the-north-american-lost-crops": 0.9576716184359663,
    "the-four-dimensional-mississippi": 0.9524675752808981,
    "sounding-landscapes": 0.9521056873163665,
    "white-sands": 0.9509457953999376,
    "transect-walk-cahokia-mounds-to-fairmont-city": 0.9483330040275931,
    "the-american-bottom": 0.9479642957942765,
    "the-confluence-area": 0.9470950481608522,
    "time-out-of-mind": 0.9469560967566596,
    "this-is-not-about-survival-its-about-bringing-your-coracle": 0.9466248182244088,
    "social-witnessing": 0.9464157469588272,
    "timeslips": 0.9444738005230245,
    "stranging-the-anthropocene-refraction": 0.9440340010376757,
    "the-terrain-of-the-former-veb-elektrokohle-lichtenberg": 0.9438668395976119,
    "the-mississippi-basin-an-operational-landscape": 0.9427328170997031,
    "tactics-for-quotidian-anthropocenes": 0.9425931699364416,
    "uncalculated-risk": 0.9416634651988876,
    "writing-global-histories-in-the-anthropocene": 0.9412367926605141,
    "somewhere-somehow-a-co-evolution-story": 0.9401951725585964,
    "the-free-sea": 0.9401040104926786,
    "the-shape-of-a-practice": 0.9392979383803768,
    "walk-about-it": 0.9389122870577629,
    "time-and-time-again": 0.9388124215385012,
    "the-vietnamese-community-in-eastern-new-orleans": 0.9382639280769641,
    "the-great-green-desert": 0.9378254190810346,
    "the-aerocene-campus": 0.9376840383173661,
    "times-before-and-after": 0.9366730380650766,
    "too-little-water-the-lake-chad-story": 0.9364460409814992,
    "touring-the-anthropocenery-whos-in-charge-here-2014": 0.9353534717309221,
    "the-maledives-case": 0.93519015481481,
    "state-of-nature-in-india": 0.9346406822570534,
    "the-stories-we-tell-the-images-we-take": 0.9345997682442005,
    "us-southwest": 0.9332586818463399,
    "technosphere-co-evolution-a-seminal-seminar-conversation": 0.9332090293628139,
    "the-floating-ear": 0.932472907716669,
    "the-hyphen": 0.9313570936868776,
    "temporary-continent": 0.9312287873508753,
    "tree-x-office": 0.9295927441974972,
    "wicked-problems-and-mental-models": 0.9285536664811129,
    "specifics-of-vulnerability": 0.924757964330709,
    "state-of-nature-some-philosophical-issues": 0.9238565720582234,
    "the-anthropocene-in-light-of-biological-feedback": 0.9235703481433679,
    "voice-and-representation": 0.923517832412702,
    "the-hedge": 0.9228034674132704,
    "taking-nature-into-account-historical-perspectives-and-paradoxes": 0.9226454483612216,
    "the-anthropocene-and-our-post-natural-future-2": 0.9214322967322925,
    "xaraasi-xanne-crossing-voices": 0.9210946965756037,
    "twin-cities-artist-residency-mississippi-an-anthropocene-story": 0.920344801571305,
    "terraforming": 0.9202976645326443,
    "technostratigraphy-of-a-technological-object": 0.9200970833908205,
    "the-danish-text": 0.9140893687264224,
    "systems-analysis-and-modeling": 0.9140848315646946,
    "typha-the-once-and-future-planty-companion": 0.9140342013288195,
    "tactics-for-quotidian-anthropocenes-2": 0.9108130571669688,
    "the-anthropogenic-influence-onto-the-air-quality-along-the-mississippi-river-findings": 0.9102533110242773,
    "slow-disaster": 0.9099381771908603,
    "technosphere-magazine": 0.9058534172941461,
    "the-shape-of-a-practice-online-project-environment": 0.9048416700573552,
    "the-shape-of-a-practice-seminars": 0.9012706956053125,
    "the-rights-of-nature": 0.8872834240871521,
    "the-current-mississippi-an-anthropocene-river": 0.8693010683488348,
    "st-louis-anthropocene-field-campus": 0.8536731448321845,
    "worshipping-along-the-routes-of-migration": 0.8467180540453609,
    "the-terrestrial-is-not-the-globe": 0.8373372921478818,
    "t-rain-lines": 0.8357663187726546,
    "the-fight-for-alaskas-arctic-has-just-begun": 0.8281071877601339,
    "the-lena-is-worthy-of-baikal-defining-remoteness-across-the-north-and-the-east": 0.8200174382257516,
    "the-politics-of-modeling": 0.8132482926181027,
    "the-shipworm-and-the-telegraph": 0.7648772833118688,
    "the-free-sea-2": 0.733393859514439,
    "the-abolition-of-market-dependency": 0.7250699450406893,
    "the-lichtenberg-case-2": 0.6153024325236618,
    "ve-vm-vt-the-ideal-cosmic-messengers": 0.6099196963824016,
    "the-lichtenberg-case": 0.49444943753714765,
    "tokens-a-rorschach-test": 0.44453765651176164,
    "test-contribution": 0.41439849862199807
}