{
    "significant-and-insignificant-mounds-2": 0.9817812378288832,
    "telling-time-through-lagoons-of-human-waste-at-the-western-treatment-plant": 0.9753617610196671,
    "sounding-landscapes": 0.9729443899577579,
    "white-sands": 0.9679482097807289,
    "the-four-dimensional-mississippi": 0.9675854163116278,
    "somewhere-somehow-a-co-evolution-story": 0.9670176874268488,
    "stranging-the-anthropocene-refraction": 0.9666175565659223,
    "time-out-of-mind": 0.9653292844261554,
    "the-terrain-of-the-former-veb-elektrokohle-lichtenberg": 0.9647335583855485,
    "understanding-the-north-american-lost-crops": 0.9637373904553517,
    "the-free-sea": 0.9632095091743248,
    "this-is-not-about-survival-its-about-bringing-your-coracle": 0.9630138479244253,
    "times-before-and-after": 0.9627759101554859,
    "timeslips": 0.9610074266166857,
    "time-and-time-again": 0.9606823437243761,
    "the-hyphen": 0.9601765241842707,
    "social-witnessing": 0.9596951952319193,
    "the-shape-of-a-practice": 0.9584022309646625,
    "the-american-bottom": 0.9584004366232404,
    "technosphere-co-evolution-a-seminal-seminar-conversation": 0.9582346304148688,
    "touring-the-anthropocenery-whos-in-charge-here-2014": 0.9580300946487385,
    "uncalculated-risk": 0.9577638359381632,
    "the-mississippi-basin-an-operational-landscape": 0.9573098678558087,
    "tree-x-office": 0.9567006039170427,
    "the-floating-ear": 0.9566575663524176,
    "wicked-problems-and-mental-models": 0.9565403908422474,
    "walk-about-it": 0.9563332716807623,
    "tactics-for-quotidian-anthropocenes": 0.9561047483695764,
    "the-aerocene-campus": 0.9551403651044904,
    "too-little-water-the-lake-chad-story": 0.954140214640677,
    "the-maledives-case": 0.9538597479251759,
    "the-vietnamese-community-in-eastern-new-orleans": 0.9532987141122037,
    "us-southwest": 0.9531470750652206,
    "the-confluence-area": 0.9530009228964347,
    "state-of-nature-in-india": 0.9527182088555937,
    "temporary-continent": 0.952555414070135,
    "writing-global-histories-in-the-anthropocene": 0.9505386079499643,
    "the-stories-we-tell-the-images-we-take": 0.9500092448099372,
    "the-anthropocene-in-light-of-biological-feedback": 0.9489822005565004,
    "specifics-of-vulnerability": 0.9476775777850428,
    "technostratigraphy-of-a-technological-object": 0.9472741413560133,
    "terraforming": 0.9470694954235755,
    "the-hedge": 0.9457147297620689,
    "voice-and-representation": 0.9429489631129256,
    "state-of-nature-some-philosophical-issues": 0.9417492620811515,
    "the-great-green-desert": 0.941668031315143,
    "the-anthropocene-and-our-post-natural-future-2": 0.9392746362903768,
    "systems-analysis-and-modeling": 0.9379588716245597,
    "xaraasi-xanne-crossing-voices": 0.9366455530474674,
    "taking-nature-into-account-historical-perspectives-and-paradoxes": 0.9366042402828195,
    "twin-cities-artist-residency-mississippi-an-anthropocene-story": 0.9352040871770283,
    "transect-walk-cahokia-mounds-to-fairmont-city": 0.9349956902141854,
    "the-danish-text": 0.9332144775831126,
    "typha-the-once-and-future-planty-companion": 0.9304218146770128,
    "the-anthropogenic-influence-onto-the-air-quality-along-the-mississippi-river-findings": 0.9276280496266152,
    "technosphere-magazine": 0.9217132892039326,
    "slow-disaster": 0.9211752391530986,
    "tactics-for-quotidian-anthropocenes-2": 0.9210569731755439,
    "the-shape-of-a-practice-online-project-environment": 0.9203382642544135,
    "the-shape-of-a-practice-seminars": 0.9106180159093381,
    "the-rights-of-nature": 0.9018810671820046,
    "the-current-mississippi-an-anthropocene-river": 0.8749417060464053,
    "st-louis-anthropocene-field-campus": 0.8587006298299809,
    "worshipping-along-the-routes-of-migration": 0.850805716814688,
    "the-terrestrial-is-not-the-globe": 0.8483704870867685,
    "the-fight-for-alaskas-arctic-has-just-begun": 0.846873736005938,
    "t-rain-lines": 0.8450977402712037,
    "the-lena-is-worthy-of-baikal-defining-remoteness-across-the-north-and-the-east": 0.8287566302999732,
    "the-politics-of-modeling": 0.8200836449774981,
    "the-shipworm-and-the-telegraph": 0.7767179396030051,
    "the-free-sea-2": 0.7373915881781793,
    "the-abolition-of-market-dependency": 0.7275703403751789,
    "the-lichtenberg-case-2": 0.6183757355767855,
    "ve-vm-vt-the-ideal-cosmic-messengers": 0.615107588125948,
    "the-lichtenberg-case": 0.49883090784029327,
    "tokens-a-rorschach-test": 0.45884422690863463,
    "test-contribution": 0.4141049564833238
}