{
    "writing-global-histories-in-the-anthropocene": 0.9549571439997526,
    "stranging-the-anthropocene-refraction": 0.9481428305220891,
    "state-of-nature-some-philosophical-issues": 0.9473637827945545,
    "voice-and-representation": 0.9472714312215871,
    "the-stories-we-tell-the-images-we-take": 0.9466025787636159,
    "time-and-time-again": 0.9461497789717618,
    "the-american-bottom": 0.9446367623598456,
    "social-witnessing": 0.9434588841764135,
    "state-of-nature-in-india": 0.9420853757558573,
    "temporary-continent": 0.9420371895380512,
    "the-shape-of-a-practice": 0.9414206330390289,
    "the-aerocene-campus": 0.9411895515167632,
    "the-anthropocene-and-our-post-natural-future-2": 0.9397822919121523,
    "too-little-water-the-lake-chad-story": 0.9393901031850502,
    "taking-nature-into-account-historical-perspectives-and-paradoxes": 0.9389551808682485,
    "tactics-for-quotidian-anthropocenes": 0.9385922730894696,
    "the-anthropocene-in-light-of-biological-feedback": 0.9367689276393774,
    "the-floating-ear": 0.9356212388310137,
    "terraforming": 0.9344627362202297,
    "the-hyphen": 0.9322207851528029,
    "wicked-problems-and-mental-models": 0.9315955895868571,
    "the-confluence-area": 0.9311240558148182,
    "walk-about-it": 0.9300792641206476,
    "times-before-and-after": 0.9295246520768067,
    "somewhere-somehow-a-co-evolution-story": 0.9292714862571433,
    "telling-time-through-lagoons-of-human-waste-at-the-western-treatment-plant": 0.9275959879543693,
    "systems-analysis-and-modeling": 0.9273909033238377,
    "xaraasi-xanne-crossing-voices": 0.925692565930709,
    "the-mississippi-basin-an-operational-landscape": 0.925530183660531,
    "sounding-landscapes": 0.9254567751070657,
    "technosphere-co-evolution-a-seminal-seminar-conversation": 0.9238674039121679,
    "the-free-sea": 0.9234282963764069,
    "tactics-for-quotidian-anthropocenes-2": 0.923015056442313,
    "technosphere-magazine": 0.9226482975699893,
    "time-out-of-mind": 0.9210303725160226,
    "typha-the-once-and-future-planty-companion": 0.9199898572774341,
    "touring-the-anthropocenery-whos-in-charge-here-2014": 0.9196145226677537,
    "the-vietnamese-community-in-eastern-new-orleans": 0.9179572357821235,
    "the-terrain-of-the-former-veb-elektrokohle-lichtenberg": 0.9179062167990765,
    "white-sands": 0.9174561058429473,
    "the-shape-of-a-practice-seminars": 0.9174370189000296,
    "twin-cities-artist-residency-mississippi-an-anthropocene-story": 0.9165111679607875,
    "timeslips": 0.916025187230553,
    "uncalculated-risk": 0.9156246463548653,
    "the-four-dimensional-mississippi": 0.9150830497889492,
    "this-is-not-about-survival-its-about-bringing-your-coracle": 0.9149029020990012,
    "the-danish-text": 0.9147305093847008,
    "the-shape-of-a-practice-online-project-environment": 0.9146878067919215,
    "the-maledives-case": 0.9130948810578101,
    "specifics-of-vulnerability": 0.9108647169322053,
    "technostratigraphy-of-a-technological-object": 0.9082881042944777,
    "us-southwest": 0.9062387425182435,
    "tree-x-office": 0.9055585749516994,
    "the-great-green-desert": 0.905144204948313,
    "understanding-the-north-american-lost-crops": 0.9047265826299727,
    "the-hedge": 0.9039522789762411,
    "the-anthropogenic-influence-onto-the-air-quality-along-the-mississippi-river-findings": 0.8989296650245912,
    "the-rights-of-nature": 0.8961721308885042,
    "the-current-mississippi-an-anthropocene-river": 0.8868091716439008,
    "transect-walk-cahokia-mounds-to-fairmont-city": 0.8834901056848715,
    "st-louis-anthropocene-field-campus": 0.8711156689239179,
    "the-politics-of-modeling": 0.8581643359139168,
    "t-rain-lines": 0.8302707965556476,
    "the-fight-for-alaskas-arctic-has-just-begun": 0.8126184962700935,
    "worshipping-along-the-routes-of-migration": 0.8027618547068203,
    "the-terrestrial-is-not-the-globe": 0.7970236370234517,
    "the-lena-is-worthy-of-baikal-defining-remoteness-across-the-north-and-the-east": 0.7806213464882448,
    "the-shipworm-and-the-telegraph": 0.7412112951790188,
    "the-abolition-of-market-dependency": 0.7319044884821151,
    "the-free-sea-2": 0.68693259443727,
    "the-lichtenberg-case-2": 0.6217669814967047,
    "ve-vm-vt-the-ideal-cosmic-messengers": 0.5887423660175786,
    "the-lichtenberg-case": 0.5088926843814581,
    "tokens-a-rorschach-test": 0.43617973634943535,
    "test-contribution": 0.39628650713740615
}