{
    "the-terrain-of-the-former-veb-elektrokohle-lichtenberg": 0.9892096027386909,
    "telling-time-through-lagoons-of-human-waste-at-the-western-treatment-plant": 0.9847646790975285,
    "white-sands": 0.983289581420388,
    "uncalculated-risk": 0.983000958828099,
    "timeslips": 0.9829976583023481,
    "the-free-sea": 0.9819113859483155,
    "tree-x-office": 0.9809862406121059,
    "the-four-dimensional-mississippi": 0.9807315869313094,
    "time-out-of-mind": 0.9805832015133885,
    "stranging-the-anthropocene-refraction": 0.9795262014040097,
    "the-aerocene-campus": 0.9762794721431489,
    "tactics-for-quotidian-anthropocenes": 0.9757709496584235,
    "the-mississippi-basin-an-operational-landscape": 0.9756208129284178,
    "times-before-and-after": 0.9753675627168588,
    "the-shape-of-a-practice": 0.9751904378239254,
    "technosphere-co-evolution-a-seminal-seminar-conversation": 0.973911670124154,
    "walk-about-it": 0.9732745148431261,
    "the-floating-ear": 0.9725416278345815,
    "the-hyphen": 0.972151907022371,
    "this-is-not-about-survival-its-about-bringing-your-coracle": 0.9715793479505749,
    "touring-the-anthropocenery-whos-in-charge-here-2014": 0.9715668343689081,
    "time-and-time-again": 0.9701746649618792,
    "the-vietnamese-community-in-eastern-new-orleans": 0.9700216551144663,
    "the-anthropocene-in-light-of-biological-feedback": 0.9700150745214222,
    "wicked-problems-and-mental-models": 0.9695505330106905,
    "too-little-water-the-lake-chad-story": 0.9677437825644756,
    "state-of-nature-in-india": 0.9671897382502002,
    "the-stories-we-tell-the-images-we-take": 0.9657933339412633,
    "understanding-the-north-american-lost-crops": 0.9653141816240253,
    "specifics-of-vulnerability": 0.9641502816173307,
    "terraforming": 0.9636377426580435,
    "technostratigraphy-of-a-technological-object": 0.9635312578166197,
    "xaraasi-xanne-crossing-voices": 0.9627458062436104,
    "the-confluence-area": 0.9619080061006572,
    "voice-and-representation": 0.9599917857339745,
    "systems-analysis-and-modeling": 0.959780370527377,
    "us-southwest": 0.958989622455336,
    "the-hedge": 0.9589197721763528,
    "the-maledives-case": 0.9582139855192876,
    "the-danish-text": 0.9580830607598336,
    "the-american-bottom": 0.9562907729273337,
    "the-great-green-desert": 0.9562553807273332,
    "writing-global-histories-in-the-anthropocene": 0.9560068348045383,
    "twin-cities-artist-residency-mississippi-an-anthropocene-story": 0.9551899973672172,
    "state-of-nature-some-philosophical-issues": 0.9542362467345584,
    "taking-nature-into-account-historical-perspectives-and-paradoxes": 0.953004520477717,
    "the-anthropocene-and-our-post-natural-future-2": 0.9499590066006725,
    "the-shape-of-a-practice-online-project-environment": 0.9491332643341407,
    "tactics-for-quotidian-anthropocenes-2": 0.9489407591309965,
    "the-anthropogenic-influence-onto-the-air-quality-along-the-mississippi-river-findings": 0.9460951697760585,
    "temporary-continent": 0.94609444193504,
    "typha-the-once-and-future-planty-companion": 0.9454048972606758,
    "the-shape-of-a-practice-seminars": 0.9452865528945636,
    "technosphere-magazine": 0.9354983822138752,
    "the-rights-of-nature": 0.9309261655320223,
    "transect-walk-cahokia-mounds-to-fairmont-city": 0.927297325969306,
    "st-louis-anthropocene-field-campus": 0.8795074016593829,
    "the-fight-for-alaskas-arctic-has-just-begun": 0.878427208175236,
    "the-terrestrial-is-not-the-globe": 0.8700997723882271,
    "the-current-mississippi-an-anthropocene-river": 0.8677136521345049,
    "t-rain-lines": 0.857414807899122,
    "worshipping-along-the-routes-of-migration": 0.8436928814878922,
    "the-politics-of-modeling": 0.8426240417709606,
    "the-lena-is-worthy-of-baikal-defining-remoteness-across-the-north-and-the-east": 0.8395572385964741,
    "the-shipworm-and-the-telegraph": 0.8093736796889907,
    "the-abolition-of-market-dependency": 0.763495744716157,
    "the-free-sea-2": 0.750415293827555,
    "the-lichtenberg-case-2": 0.6220382216210258,
    "ve-vm-vt-the-ideal-cosmic-messengers": 0.6085785218124056,
    "the-lichtenberg-case": 0.5075757184652678,
    "tokens-a-rorschach-test": 0.4611825149176027,
    "test-contribution": 0.3770215470491674
}