{
    "technosphere-co-evolution-a-seminal-seminar-conversation": 0.9933243328195519,
    "the-free-sea": 0.992783946371077,
    "time-out-of-mind": 0.9890372644176871,
    "touring-the-anthropocenery-whos-in-charge-here-2014": 0.981131889570567,
    "technostratigraphy-of-a-technological-object": 0.9801627223278491,
    "times-before-and-after": 0.9787379289743989,
    "wicked-problems-and-mental-models": 0.9785891810979664,
    "telling-time-through-lagoons-of-human-waste-at-the-western-treatment-plant": 0.9744566273792045,
    "the-terrain-of-the-former-veb-elektrokohle-lichtenberg": 0.9721549255067531,
    "the-hyphen": 0.9714913662316903,
    "the-floating-ear": 0.9694504929352885,
    "the-aerocene-campus": 0.9686144469026127,
    "time-and-time-again": 0.9681649336729293,
    "timeslips": 0.9667604281932405,
    "walk-about-it": 0.9654913543614423,
    "stranging-the-anthropocene-refraction": 0.9635508658519157,
    "tactics-for-quotidian-anthropocenes": 0.9631770767549093,
    "uncalculated-risk": 0.962996224831915,
    "voice-and-representation": 0.9623304780131287,
    "this-is-not-about-survival-its-about-bringing-your-coracle": 0.9602350145020805,
    "terraforming": 0.9600042216187292,
    "the-anthropocene-in-light-of-biological-feedback": 0.9598210410730731,
    "tree-x-office": 0.9579797086534301,
    "the-anthropocene-and-our-post-natural-future-2": 0.9565416771132945,
    "white-sands": 0.9550727996468424,
    "the-four-dimensional-mississippi": 0.9548947473082107,
    "the-shape-of-a-practice": 0.9546627226371667,
    "the-stories-we-tell-the-images-we-take": 0.9532702862798407,
    "the-hedge": 0.9482865932621698,
    "the-confluence-area": 0.9458564795198657,
    "systems-analysis-and-modeling": 0.9447889002888739,
    "the-danish-text": 0.944027705080543,
    "state-of-nature-in-india": 0.9437853301784701,
    "the-maledives-case": 0.9437805561519882,
    "the-vietnamese-community-in-eastern-new-orleans": 0.9431799916126614,
    "too-little-water-the-lake-chad-story": 0.940506521480565,
    "xaraasi-xanne-crossing-voices": 0.9395086863983693,
    "twin-cities-artist-residency-mississippi-an-anthropocene-story": 0.9390901567933566,
    "understanding-the-north-american-lost-crops": 0.9380984386484535,
    "the-american-bottom": 0.9356769582173865,
    "the-mississippi-basin-an-operational-landscape": 0.934637247796629,
    "us-southwest": 0.9345965480613,
    "the-shape-of-a-practice-online-project-environment": 0.9330553761794738,
    "state-of-nature-some-philosophical-issues": 0.9310672721635048,
    "writing-global-histories-in-the-anthropocene": 0.9308451222064515,
    "typha-the-once-and-future-planty-companion": 0.9295935337261197,
    "the-shape-of-a-practice-seminars": 0.9266277270627227,
    "tactics-for-quotidian-anthropocenes-2": 0.9245937449452238,
    "taking-nature-into-account-historical-perspectives-and-paradoxes": 0.9164819764453913,
    "the-anthropogenic-influence-onto-the-air-quality-along-the-mississippi-river-findings": 0.9134172941473844,
    "the-great-green-desert": 0.913397948354161,
    "temporary-continent": 0.9111896202709311,
    "technosphere-magazine": 0.9035589671360297,
    "the-rights-of-nature": 0.8988225684846394,
    "transect-walk-cahokia-mounds-to-fairmont-city": 0.8921872912080367,
    "t-rain-lines": 0.8894197194741175,
    "the-fight-for-alaskas-arctic-has-just-begun": 0.8829844112861911,
    "st-louis-anthropocene-field-campus": 0.8513681050045147,
    "the-current-mississippi-an-anthropocene-river": 0.8501729030649945,
    "the-politics-of-modeling": 0.8429234078080762,
    "the-terrestrial-is-not-the-globe": 0.8360805788747331,
    "the-lena-is-worthy-of-baikal-defining-remoteness-across-the-north-and-the-east": 0.8011411768345912,
    "worshipping-along-the-routes-of-migration": 0.7937213680752588,
    "the-shipworm-and-the-telegraph": 0.7702970431911266,
    "the-free-sea-2": 0.7206679511169186,
    "the-abolition-of-market-dependency": 0.6998709494068973,
    "ve-vm-vt-the-ideal-cosmic-messengers": 0.6150663564852774,
    "the-lichtenberg-case-2": 0.5917702456356857,
    "tokens-a-rorschach-test": 0.4829220749466652,
    "the-lichtenberg-case": 0.478419303119566,
    "test-contribution": 0.38160248216052134
}