{
    "stranging-the-anthropocene-refraction": 0.9798220706219408,
    "the-floating-ear": 0.9769452947196048,
    "the-shape-of-a-practice": 0.9768572307690901,
    "the-anthropocene-in-light-of-biological-feedback": 0.9764029453904584,
    "times-before-and-after": 0.9721792193221304,
    "the-aerocene-campus": 0.9709471882535915,
    "the-hyphen": 0.9708270716104249,
    "terraforming": 0.9703869352296934,
    "tactics-for-quotidian-anthropocenes": 0.9703681930672077,
    "state-of-nature-some-philosophical-issues": 0.97021726205445,
    "too-little-water-the-lake-chad-story": 0.9684113062354044,
    "telling-time-through-lagoons-of-human-waste-at-the-western-treatment-plant": 0.9681813544607791,
    "systems-analysis-and-modeling": 0.9678569731688963,
    "the-mississippi-basin-an-operational-landscape": 0.9674776256921549,
    "time-and-time-again": 0.9665554547461248,
    "wicked-problems-and-mental-models": 0.9665465721288111,
    "the-terrain-of-the-former-veb-elektrokohle-lichtenberg": 0.9646938632551493,
    "writing-global-histories-in-the-anthropocene": 0.964598637555306,
    "technosphere-co-evolution-a-seminal-seminar-conversation": 0.9643317443584115,
    "the-anthropocene-and-our-post-natural-future-2": 0.9641815016194365,
    "voice-and-representation": 0.963848005398083,
    "walk-about-it": 0.9626585191146088,
    "the-free-sea": 0.9610617829201525,
    "the-stories-we-tell-the-images-we-take": 0.9606293279555774,
    "taking-nature-into-account-historical-perspectives-and-paradoxes": 0.9604920270895995,
    "the-confluence-area": 0.9598129742544154,
    "uncalculated-risk": 0.9593020978024716,
    "the-american-bottom": 0.9589203776150408,
    "the-shape-of-a-practice-online-project-environment": 0.9585207913776347,
    "the-four-dimensional-mississippi": 0.9578452844816072,
    "white-sands": 0.9578377795217979,
    "tactics-for-quotidian-anthropocenes-2": 0.957777948616475,
    "touring-the-anthropocenery-whos-in-charge-here-2014": 0.9567642215014244,
    "tree-x-office": 0.9551481346115741,
    "timeslips": 0.9516338966795147,
    "time-out-of-mind": 0.9515183517395788,
    "the-shape-of-a-practice-seminars": 0.9512063290343984,
    "technosphere-magazine": 0.9509804166000689,
    "temporary-continent": 0.9498551831748463,
    "twin-cities-artist-residency-mississippi-an-anthropocene-story": 0.9480417508642873,
    "xaraasi-xanne-crossing-voices": 0.9473077181395801,
    "the-danish-text": 0.9448607998345503,
    "the-vietnamese-community-in-eastern-new-orleans": 0.9441908857337925,
    "the-anthropogenic-influence-onto-the-air-quality-along-the-mississippi-river-findings": 0.943512195414444,
    "the-hedge": 0.9430986829249368,
    "the-maledives-case": 0.9416999766553185,
    "this-is-not-about-survival-its-about-bringing-your-coracle": 0.9416241509818353,
    "technostratigraphy-of-a-technological-object": 0.9408477657117117,
    "understanding-the-north-american-lost-crops": 0.9402649298715271,
    "us-southwest": 0.9375260101124987,
    "the-great-green-desert": 0.9324487335481352,
    "typha-the-once-and-future-planty-companion": 0.9295936569662696,
    "the-rights-of-nature": 0.928819185798994,
    "transect-walk-cahokia-mounds-to-fairmont-city": 0.9098546999071802,
    "the-terrestrial-is-not-the-globe": 0.8648448716021491,
    "the-current-mississippi-an-anthropocene-river": 0.860001106092261,
    "worshipping-along-the-routes-of-migration": 0.8529689886217793,
    "the-politics-of-modeling": 0.8518167082631946,
    "t-rain-lines": 0.843313414472287,
    "the-fight-for-alaskas-arctic-has-just-begun": 0.8417190918840699,
    "the-lena-is-worthy-of-baikal-defining-remoteness-across-the-north-and-the-east": 0.805290388690017,
    "the-shipworm-and-the-telegraph": 0.7860474087031135,
    "the-abolition-of-market-dependency": 0.7695320230590147,
    "the-free-sea-2": 0.7192117623942786,
    "ve-vm-vt-the-ideal-cosmic-messengers": 0.6206442020007604,
    "the-lichtenberg-case-2": 0.5950044743281668,
    "the-lichtenberg-case": 0.47436721015064104,
    "tokens-a-rorschach-test": 0.4686636331135784,
    "test-contribution": 0.3780507732962363
}