{
    "time-out-of-mind": 0.8897918940717086,
    "technosphere-co-evolution-a-seminal-seminar-conversation": 0.8795176398076251,
    "the-free-sea": 0.8774577873194394,
    "telling-time-through-lagoons-of-human-waste-at-the-western-treatment-plant": 0.8753924582719999,
    "touring-the-anthropocenery-whos-in-charge-here-2014": 0.8752988314720681,
    "technostratigraphy-of-a-technological-object": 0.8739971369837932,
    "the-hyphen": 0.8724354480239193,
    "time-and-time-again": 0.8718175609679794,
    "this-is-not-about-survival-its-about-bringing-your-coracle": 0.8690918162247161,
    "times-before-and-after": 0.8685862022558888,
    "wicked-problems-and-mental-models": 0.8670537534191313,
    "the-floating-ear": 0.8649841735109819,
    "the-aerocene-campus": 0.8635683923789977,
    "the-anthropocene-and-our-post-natural-future-2": 0.8620374462155667,
    "the-hedge": 0.8617174713149904,
    "the-terrain-of-the-former-veb-elektrokohle-lichtenberg": 0.8616471161631214,
    "voice-and-representation": 0.8601049160564347,
    "walk-about-it": 0.8564074700662079,
    "tactics-for-quotidian-anthropocenes": 0.8552219613971616,
    "the-anthropocene-in-light-of-biological-feedback": 0.8541226336467612,
    "terraforming": 0.8540203006182527,
    "tree-x-office": 0.8526505025559372,
    "the-stories-we-tell-the-images-we-take": 0.8520779838239277,
    "the-vietnamese-community-in-eastern-new-orleans": 0.8462899689305127,
    "the-four-dimensional-mississippi": 0.8462657809583921,
    "us-southwest": 0.846250168121318,
    "timeslips": 0.8450376168606268,
    "uncalculated-risk": 0.8449430271280477,
    "too-little-water-the-lake-chad-story": 0.8443817225574759,
    "white-sands": 0.8435049969022861,
    "the-shape-of-a-practice": 0.843276637361172,
    "understanding-the-north-american-lost-crops": 0.8399547431864743,
    "the-maledives-case": 0.8395800079433652,
    "xaraasi-xanne-crossing-voices": 0.8393872099901762,
    "the-confluence-area": 0.8383224472875868,
    "the-american-bottom": 0.8318152717839464,
    "the-mississippi-basin-an-operational-landscape": 0.8290174854578376,
    "twin-cities-artist-residency-mississippi-an-anthropocene-story": 0.828012926864372,
    "the-danish-text": 0.8272288219456779,
    "tactics-for-quotidian-anthropocenes-2": 0.8272158966954901,
    "the-shape-of-a-practice-seminars": 0.8262409977517564,
    "the-shape-of-a-practice-online-project-environment": 0.8259151874230038,
    "the-great-green-desert": 0.8253876870843468,
    "writing-global-histories-in-the-anthropocene": 0.8231111096491343,
    "technosphere-magazine": 0.821068141367676,
    "typha-the-once-and-future-planty-companion": 0.818915682552314,
    "temporary-continent": 0.8171334599447052,
    "taking-nature-into-account-historical-perspectives-and-paradoxes": 0.808426808876323,
    "the-anthropogenic-influence-onto-the-air-quality-along-the-mississippi-river-findings": 0.8058780301784495,
    "transect-walk-cahokia-mounds-to-fairmont-city": 0.7997879478711155,
    "the-rights-of-nature": 0.7931300703820169,
    "the-fight-for-alaskas-arctic-has-just-begun": 0.7751835692989845,
    "the-current-mississippi-an-anthropocene-river": 0.7645555957423958,
    "the-politics-of-modeling": 0.7309267034410446,
    "the-terrestrial-is-not-the-globe": 0.7197783856793176,
    "worshipping-along-the-routes-of-migration": 0.6953289618927677,
    "the-lena-is-worthy-of-baikal-defining-remoteness-across-the-north-and-the-east": 0.6907456534053302,
    "the-shipworm-and-the-telegraph": 0.6572965499040889,
    "the-free-sea-2": 0.6514019854427903,
    "the-abolition-of-market-dependency": 0.593281814761889,
    "ve-vm-vt-the-ideal-cosmic-messengers": 0.5612276851508621,
    "the-lichtenberg-case-2": 0.5046555622533784,
    "tokens-a-rorschach-test": 0.4247040271337643,
    "the-lichtenberg-case": 0.4153690748722934,
    "test-contribution": 0.38176936780019655
}