{
    "the-aerocene-campus": 0.9924244933494667,
    "the-terrain-of-the-former-veb-elektrokohle-lichtenberg": 0.9833897448373934,
    "the-shape-of-a-practice": 0.9832965365507038,
    "telling-time-through-lagoons-of-human-waste-at-the-western-treatment-plant": 0.9823147909149563,
    "the-stories-we-tell-the-images-we-take": 0.9801306636715034,
    "uncalculated-risk": 0.9786724700498854,
    "the-confluence-area": 0.9770321431357266,
    "the-free-sea": 0.9764385481291629,
    "white-sands": 0.9764270267687177,
    "xaraasi-xanne-crossing-voices": 0.9754829771782707,
    "twin-cities-artist-residency-mississippi-an-anthropocene-story": 0.9752908650730782,
    "the-floating-ear": 0.973629011110191,
    "time-out-of-mind": 0.9735834571487223,
    "walk-about-it": 0.9734289476938432,
    "terraforming": 0.9729373126747726,
    "voice-and-representation": 0.9728458434568488,
    "too-little-water-the-lake-chad-story": 0.972681884919291,
    "the-vietnamese-community-in-eastern-new-orleans": 0.9717785136826531,
    "the-american-bottom": 0.9712377481862892,
    "times-before-and-after": 0.970988211270992,
    "the-shape-of-a-practice-seminars": 0.9709546840134538,
    "technosphere-co-evolution-a-seminal-seminar-conversation": 0.9702629269979394,
    "timeslips": 0.9701124390780864,
    "the-anthropocene-in-light-of-biological-feedback": 0.9700301961874361,
    "tree-x-office": 0.9698232536018602,
    "the-shape-of-a-practice-online-project-environment": 0.9698081668990285,
    "touring-the-anthropocenery-whos-in-charge-here-2014": 0.9691943578583587,
    "time-and-time-again": 0.9687814066200185,
    "the-hyphen": 0.9677656203792894,
    "tactics-for-quotidian-anthropocenes-2": 0.9669450537154125,
    "wicked-problems-and-mental-models": 0.9667457624733042,
    "the-anthropocene-and-our-post-natural-future-2": 0.9641994532189374,
    "the-four-dimensional-mississippi": 0.9640118596876901,
    "writing-global-histories-in-the-anthropocene": 0.9634209102265521,
    "this-is-not-about-survival-its-about-bringing-your-coracle": 0.9626543652372469,
    "the-mississippi-basin-an-operational-landscape": 0.9624002741478292,
    "the-danish-text": 0.9621647440187372,
    "the-hedge": 0.9598385681910956,
    "us-southwest": 0.958938951753088,
    "technostratigraphy-of-a-technological-object": 0.9545998490406084,
    "typha-the-once-and-future-planty-companion": 0.9545935189446719,
    "temporary-continent": 0.9509064184705563,
    "taking-nature-into-account-historical-perspectives-and-paradoxes": 0.949582317557845,
    "the-great-green-desert": 0.9466083260520707,
    "understanding-the-north-american-lost-crops": 0.9448347954606031,
    "the-anthropogenic-influence-onto-the-air-quality-along-the-mississippi-river-findings": 0.9415689587223798,
    "the-rights-of-nature": 0.9346278013161318,
    "the-maledives-case": 0.9336374343156588,
    "technosphere-magazine": 0.929473196376623,
    "transect-walk-cahokia-mounds-to-fairmont-city": 0.9245886686589724,
    "the-current-mississippi-an-anthropocene-river": 0.8855945828862815,
    "the-politics-of-modeling": 0.8664905429400401,
    "the-fight-for-alaskas-arctic-has-just-begun": 0.8593897448287239,
    "the-terrestrial-is-not-the-globe": 0.8373028077776205,
    "worshipping-along-the-routes-of-migration": 0.8259159638538219,
    "the-lena-is-worthy-of-baikal-defining-remoteness-across-the-north-and-the-east": 0.8178491286148222,
    "the-shipworm-and-the-telegraph": 0.7948061491986663,
    "the-abolition-of-market-dependency": 0.7373476173123534,
    "the-free-sea-2": 0.7358801990307692,
    "the-lichtenberg-case-2": 0.6227518742683461,
    "ve-vm-vt-the-ideal-cosmic-messengers": 0.604262599828618,
    "the-lichtenberg-case": 0.49299911236253663,
    "tokens-a-rorschach-test": 0.48049125373702073,
    "test-contribution": 0.38808702145454643
}