{
    "writing-global-histories-in-the-anthropocene": 0.970825681564301,
    "the-shape-of-a-practice": 0.9642217389896474,
    "walk-about-it": 0.964055860655439,
    "time-and-time-again": 0.9611342401605146,
    "voice-and-representation": 0.953379892077933,
    "the-floating-ear": 0.9531615682909024,
    "too-little-water-the-lake-chad-story": 0.9502104799939237,
    "the-stories-we-tell-the-images-we-take": 0.9501656046948191,
    "times-before-and-after": 0.9490556728243574,
    "the-hyphen": 0.9488917911033883,
    "the-anthropocene-in-light-of-biological-feedback": 0.948779879912613,
    "twin-cities-artist-residency-mississippi-an-anthropocene-story": 0.9476873657177672,
    "the-mississippi-basin-an-operational-landscape": 0.9476769336415921,
    "terraforming": 0.9476607207788349,
    "the-american-bottom": 0.9468109798895837,
    "the-confluence-area": 0.9460729801640857,
    "the-aerocene-campus": 0.9449194630914007,
    "the-anthropocene-and-our-post-natural-future-2": 0.9434787038177617,
    "wicked-problems-and-mental-models": 0.9427780292234759,
    "xaraasi-xanne-crossing-voices": 0.9426618706228627,
    "the-terrain-of-the-former-veb-elektrokohle-lichtenberg": 0.9415073539503254,
    "touring-the-anthropocenery-whos-in-charge-here-2014": 0.9397644370772753,
    "timeslips": 0.938106402867955,
    "the-free-sea": 0.9376320145119527,
    "telling-time-through-lagoons-of-human-waste-at-the-western-treatment-plant": 0.9374809370428435,
    "uncalculated-risk": 0.937342227792405,
    "the-shape-of-a-practice-seminars": 0.9360966284062804,
    "technosphere-co-evolution-a-seminal-seminar-conversation": 0.9360555745804152,
    "the-shape-of-a-practice-online-project-environment": 0.9341962815364973,
    "white-sands": 0.9319837595950237,
    "tree-x-office": 0.9313441773799682,
    "the-four-dimensional-mississippi": 0.9312039546549575,
    "the-rights-of-nature": 0.9304456647484664,
    "temporary-continent": 0.9285609817323475,
    "understanding-the-north-american-lost-crops": 0.9281746540584719,
    "time-out-of-mind": 0.9277894264211929,
    "this-is-not-about-survival-its-about-bringing-your-coracle": 0.9270069678613881,
    "the-maledives-case": 0.926667335118019,
    "the-vietnamese-community-in-eastern-new-orleans": 0.9252825223471917,
    "technosphere-magazine": 0.9245228518545453,
    "the-danish-text": 0.9226215369729454,
    "the-great-green-desert": 0.9210834397841833,
    "typha-the-once-and-future-planty-companion": 0.9197515865956739,
    "the-hedge": 0.9161690577370027,
    "us-southwest": 0.9114098682535406,
    "technostratigraphy-of-a-technological-object": 0.9096205800082215,
    "the-anthropogenic-influence-onto-the-air-quality-along-the-mississippi-river-findings": 0.9089308313225234,
    "transect-walk-cahokia-mounds-to-fairmont-city": 0.9030913184659962,
    "the-politics-of-modeling": 0.8639149153925194,
    "the-current-mississippi-an-anthropocene-river": 0.8615647768268753,
    "worshipping-along-the-routes-of-migration": 0.8456827133324467,
    "the-terrestrial-is-not-the-globe": 0.8424427672419581,
    "the-fight-for-alaskas-arctic-has-just-begun": 0.8178561863260956,
    "the-lena-is-worthy-of-baikal-defining-remoteness-across-the-north-and-the-east": 0.8156937674815576,
    "the-abolition-of-market-dependency": 0.7876383546770742,
    "the-shipworm-and-the-telegraph": 0.7801652254183116,
    "the-free-sea-2": 0.7096053308074792,
    "the-lichtenberg-case-2": 0.6164453485232246,
    "ve-vm-vt-the-ideal-cosmic-messengers": 0.598792140588142,
    "the-lichtenberg-case": 0.5199567830697341,
    "tokens-a-rorschach-test": 0.4614267378097815,
    "test-contribution": 0.35475088995363274
}