{
    "the-free-sea": 0.9940212132661902,
    "wicked-problems-and-mental-models": 0.9906612055444736,
    "times-before-and-after": 0.9899921606166031,
    "time-out-of-mind": 0.985478056411898,
    "the-hyphen": 0.9842286575268685,
    "technostratigraphy-of-a-technological-object": 0.982862566854238,
    "the-floating-ear": 0.9826321976916865,
    "touring-the-anthropocenery-whos-in-charge-here-2014": 0.981754540273824,
    "the-anthropocene-in-light-of-biological-feedback": 0.9799928706347719,
    "telling-time-through-lagoons-of-human-waste-at-the-western-treatment-plant": 0.9795966520154749,
    "the-terrain-of-the-former-veb-elektrokohle-lichtenberg": 0.9791588784148118,
    "time-and-time-again": 0.9778408282124466,
    "terraforming": 0.974530686264051,
    "the-aerocene-campus": 0.9741087288084628,
    "walk-about-it": 0.9724477931922697,
    "the-shape-of-a-practice": 0.9715948743475822,
    "voice-and-representation": 0.9712192071455135,
    "the-anthropocene-and-our-post-natural-future-2": 0.9689096757261632,
    "timeslips": 0.9683014559058339,
    "uncalculated-risk": 0.9678192058398166,
    "the-four-dimensional-mississippi": 0.9653976383350931,
    "tree-x-office": 0.9648886699334221,
    "white-sands": 0.9645303231295634,
    "this-is-not-about-survival-its-about-bringing-your-coracle": 0.9644264394847626,
    "the-stories-we-tell-the-images-we-take": 0.9588950284014334,
    "too-little-water-the-lake-chad-story": 0.9556829795730432,
    "the-mississippi-basin-an-operational-landscape": 0.9551045796354731,
    "the-hedge": 0.952206465079857,
    "the-confluence-area": 0.9509418690567555,
    "the-maledives-case": 0.9508607473837523,
    "understanding-the-north-american-lost-crops": 0.9495949987108968,
    "the-danish-text": 0.9494636599094551,
    "the-shape-of-a-practice-online-project-environment": 0.9484199436213385,
    "writing-global-histories-in-the-anthropocene": 0.9468776470387779,
    "twin-cities-artist-residency-mississippi-an-anthropocene-story": 0.9466592673355907,
    "the-american-bottom": 0.9456473515320456,
    "the-vietnamese-community-in-eastern-new-orleans": 0.9454285418043141,
    "xaraasi-xanne-crossing-voices": 0.9443871655334063,
    "us-southwest": 0.9405144607135277,
    "the-shape-of-a-practice-seminars": 0.939572123351495,
    "the-anthropogenic-influence-onto-the-air-quality-along-the-mississippi-river-findings": 0.9364516771763449,
    "typha-the-once-and-future-planty-companion": 0.9301662683426113,
    "temporary-continent": 0.92793549034581,
    "technosphere-magazine": 0.9276596220141081,
    "the-great-green-desert": 0.9227673282137072,
    "the-rights-of-nature": 0.9068928865955397,
    "transect-walk-cahokia-mounds-to-fairmont-city": 0.8936373847347533,
    "the-fight-for-alaskas-arctic-has-just-begun": 0.8781751129445575,
    "the-terrestrial-is-not-the-globe": 0.8565834843596694,
    "the-current-mississippi-an-anthropocene-river": 0.8485703958221951,
    "the-politics-of-modeling": 0.8479527609063471,
    "worshipping-along-the-routes-of-migration": 0.8093357609235398,
    "the-lena-is-worthy-of-baikal-defining-remoteness-across-the-north-and-the-east": 0.7977530160575393,
    "the-shipworm-and-the-telegraph": 0.7696510438123189,
    "the-abolition-of-market-dependency": 0.7257463454766083,
    "the-free-sea-2": 0.7222061533793221,
    "ve-vm-vt-the-ideal-cosmic-messengers": 0.6203881308534709,
    "the-lichtenberg-case-2": 0.582696923244486,
    "tokens-a-rorschach-test": 0.4886756558691469,
    "the-lichtenberg-case": 0.4724397380427226,
    "test-contribution": 0.3794599991103581
}