{
    "the-free-sea": 0.9810160964992524,
    "time-out-of-mind": 0.9800256122731654,
    "times-before-and-after": 0.9760651459655203,
    "the-hyphen": 0.974846071375971,
    "wicked-problems-and-mental-models": 0.9734063278473325,
    "telling-time-through-lagoons-of-human-waste-at-the-western-treatment-plant": 0.9720649178354777,
    "touring-the-anthropocenery-whos-in-charge-here-2014": 0.9718999268745859,
    "the-terrain-of-the-former-veb-elektrokohle-lichtenberg": 0.968842902141182,
    "terraforming": 0.9685170416950137,
    "the-floating-ear": 0.968416449884115,
    "the-aerocene-campus": 0.9665736305706576,
    "the-anthropocene-in-light-of-biological-feedback": 0.9654731495874198,
    "time-and-time-again": 0.9629536697923917,
    "the-four-dimensional-mississippi": 0.9600062097500255,
    "white-sands": 0.9598112556833983,
    "tree-x-office": 0.9592459351639423,
    "timeslips": 0.9584625909076656,
    "uncalculated-risk": 0.958061869989219,
    "this-is-not-about-survival-its-about-bringing-your-coracle": 0.95632241479533,
    "walk-about-it": 0.9548636891414793,
    "the-stories-we-tell-the-images-we-take": 0.9542813013769258,
    "the-shape-of-a-practice": 0.949790200647635,
    "the-anthropocene-and-our-post-natural-future-2": 0.9465489130038003,
    "voice-and-representation": 0.9461473705169395,
    "the-hedge": 0.9436597915077626,
    "the-maledives-case": 0.9424841676952018,
    "the-mississippi-basin-an-operational-landscape": 0.9414108126096875,
    "the-vietnamese-community-in-eastern-new-orleans": 0.9406665335974014,
    "the-danish-text": 0.9401808243036167,
    "the-confluence-area": 0.935379964215059,
    "too-little-water-the-lake-chad-story": 0.9352181804645234,
    "xaraasi-xanne-crossing-voices": 0.9341792494787525,
    "typha-the-once-and-future-planty-companion": 0.9335160231135905,
    "the-american-bottom": 0.932968806623997,
    "us-southwest": 0.9326825774597557,
    "the-shape-of-a-practice-online-project-environment": 0.9322405235859386,
    "understanding-the-north-american-lost-crops": 0.9313487819267384,
    "twin-cities-artist-residency-mississippi-an-anthropocene-story": 0.9287602074685452,
    "the-anthropogenic-influence-onto-the-air-quality-along-the-mississippi-river-findings": 0.9232208368245111,
    "the-shape-of-a-practice-seminars": 0.9221501578750367,
    "the-great-green-desert": 0.9186431133932199,
    "writing-global-histories-in-the-anthropocene": 0.9166891752242897,
    "temporary-continent": 0.9151041593308591,
    "the-rights-of-nature": 0.8901866310741414,
    "transect-walk-cahokia-mounds-to-fairmont-city": 0.8838332647486553,
    "the-fight-for-alaskas-arctic-has-just-begun": 0.8675885234654669,
    "the-current-mississippi-an-anthropocene-river": 0.8573702267163329,
    "the-politics-of-modeling": 0.8382391680408475,
    "the-terrestrial-is-not-the-globe": 0.8354057425653101,
    "the-lena-is-worthy-of-baikal-defining-remoteness-across-the-north-and-the-east": 0.7933718296274482,
    "worshipping-along-the-routes-of-migration": 0.7768763513110232,
    "the-shipworm-and-the-telegraph": 0.7703804187330516,
    "the-free-sea-2": 0.7374884091779249,
    "the-abolition-of-market-dependency": 0.6946781155810497,
    "ve-vm-vt-the-ideal-cosmic-messengers": 0.621566352703408,
    "the-lichtenberg-case-2": 0.6210919232116889,
    "tokens-a-rorschach-test": 0.5173530291560934,
    "the-lichtenberg-case": 0.5022045897107281,
    "test-contribution": 0.4090820388052709
}