{
    "time-out-of-mind": 0.9893927790058966,
    "the-terrain-of-the-former-veb-elektrokohle-lichtenberg": 0.9880489260922687,
    "the-free-sea": 0.9855114717464938,
    "white-sands": 0.9854041717355406,
    "uncalculated-risk": 0.9841167981295874,
    "the-four-dimensional-mississippi": 0.983819430321098,
    "the-aerocene-campus": 0.9823646021241537,
    "timeslips": 0.9813895575608197,
    "touring-the-anthropocenery-whos-in-charge-here-2014": 0.977405161440407,
    "this-is-not-about-survival-its-about-bringing-your-coracle": 0.9763731304580044,
    "tree-x-office": 0.9752353145256524,
    "times-before-and-after": 0.975141004257773,
    "the-floating-ear": 0.9742348500596234,
    "walk-about-it": 0.973502595409122,
    "the-hyphen": 0.9729030632271223,
    "the-vietnamese-community-in-eastern-new-orleans": 0.9722422222085884,
    "wicked-problems-and-mental-models": 0.9720461344175275,
    "the-mississippi-basin-an-operational-landscape": 0.9717429392777692,
    "the-stories-we-tell-the-images-we-take": 0.9716095764842184,
    "the-confluence-area": 0.9715736833359208,
    "the-shape-of-a-practice": 0.9714069524301497,
    "time-and-time-again": 0.9709834510165916,
    "too-little-water-the-lake-chad-story": 0.9704486536281227,
    "the-anthropocene-in-light-of-biological-feedback": 0.9702205496748334,
    "terraforming": 0.9667163044897928,
    "us-southwest": 0.96454014351374,
    "the-american-bottom": 0.9635491315421841,
    "the-hedge": 0.9631780594999706,
    "understanding-the-north-american-lost-crops": 0.962950015411848,
    "xaraasi-xanne-crossing-voices": 0.9599479886983687,
    "the-maledives-case": 0.959717989512206,
    "the-anthropocene-and-our-post-natural-future-2": 0.9572800200155261,
    "voice-and-representation": 0.9566048630492422,
    "the-great-green-desert": 0.9557360363789899,
    "twin-cities-artist-residency-mississippi-an-anthropocene-story": 0.9552259132839803,
    "the-danish-text": 0.9544785382556323,
    "typha-the-once-and-future-planty-companion": 0.9520563774830271,
    "writing-global-histories-in-the-anthropocene": 0.9488626202231658,
    "the-anthropogenic-influence-onto-the-air-quality-along-the-mississippi-river-findings": 0.9483641535990889,
    "the-shape-of-a-practice-online-project-environment": 0.948182425067816,
    "temporary-continent": 0.9475869924064053,
    "the-shape-of-a-practice-seminars": 0.9421285778660443,
    "transect-walk-cahokia-mounds-to-fairmont-city": 0.9380862026098644,
    "the-rights-of-nature": 0.9201322492880754,
    "the-current-mississippi-an-anthropocene-river": 0.8817331369670784,
    "the-fight-for-alaskas-arctic-has-just-begun": 0.8764730256431554,
    "the-terrestrial-is-not-the-globe": 0.8577045050349509,
    "the-politics-of-modeling": 0.8418778694590485,
    "worshipping-along-the-routes-of-migration": 0.8359960393259744,
    "the-lena-is-worthy-of-baikal-defining-remoteness-across-the-north-and-the-east": 0.8347806793971381,
    "the-shipworm-and-the-telegraph": 0.8003132346204204,
    "the-free-sea-2": 0.7633888761184308,
    "the-abolition-of-market-dependency": 0.727817656634962,
    "the-lichtenberg-case-2": 0.6235039530047706,
    "ve-vm-vt-the-ideal-cosmic-messengers": 0.6198809129144263,
    "the-lichtenberg-case": 0.49238141909168387,
    "tokens-a-rorschach-test": 0.4763072679792754,
    "test-contribution": 0.3978654554425389
}