{
    "times-before-and-after": 0.9896481745562061,
    "the-hyphen": 0.9885117066943826,
    "wicked-problems-and-mental-models": 0.9858849049010401,
    "the-shape-of-a-practice": 0.9813700909842571,
    "time-and-time-again": 0.9796686993284277,
    "the-free-sea": 0.9777955670454092,
    "voice-and-representation": 0.9765140028057906,
    "touring-the-anthropocenery-whos-in-charge-here-2014": 0.9761612306447278,
    "walk-about-it": 0.9753724469694349,
    "the-terrain-of-the-former-veb-elektrokohle-lichtenberg": 0.97347446613758,
    "time-out-of-mind": 0.9705659887100136,
    "the-stories-we-tell-the-images-we-take": 0.9691235374574236,
    "the-shape-of-a-practice-online-project-environment": 0.9664563357012588,
    "uncalculated-risk": 0.9650879028256756,
    "the-mississippi-basin-an-operational-landscape": 0.9648470985132167,
    "twin-cities-artist-residency-mississippi-an-anthropocene-story": 0.9629710735145711,
    "the-four-dimensional-mississippi": 0.962536230398456,
    "timeslips": 0.9622891597498022,
    "too-little-water-the-lake-chad-story": 0.9618111842013146,
    "tree-x-office": 0.9615134414453727,
    "white-sands": 0.9577435975673905,
    "the-shape-of-a-practice-seminars": 0.9565656118657189,
    "writing-global-histories-in-the-anthropocene": 0.9565058018208784,
    "the-hedge": 0.9540525601330447,
    "xaraasi-xanne-crossing-voices": 0.9507659264740306,
    "this-is-not-about-survival-its-about-bringing-your-coracle": 0.9505556882244076,
    "the-maledives-case": 0.9439227675789287,
    "the-vietnamese-community-in-eastern-new-orleans": 0.9416857266176467,
    "understanding-the-north-american-lost-crops": 0.9372046895325992,
    "typha-the-once-and-future-planty-companion": 0.9352437011547438,
    "us-southwest": 0.9345507331135808,
    "the-great-green-desert": 0.92277113517677,
    "the-rights-of-nature": 0.9114746381983524,
    "transect-walk-cahokia-mounds-to-fairmont-city": 0.8971159412243778,
    "the-terrestrial-is-not-the-globe": 0.8616570727930548,
    "the-politics-of-modeling": 0.8563647190117574,
    "worshipping-along-the-routes-of-migration": 0.8249887720040266,
    "the-lena-is-worthy-of-baikal-defining-remoteness-across-the-north-and-the-east": 0.8097757245201779,
    "the-shipworm-and-the-telegraph": 0.7819903343387934,
    "the-free-sea-2": 0.7228789517975296,
    "ve-vm-vt-the-ideal-cosmic-messengers": 0.6306741116715913,
    "the-lichtenberg-case-2": 0.5908030244374897,
    "tokens-a-rorschach-test": 0.4988879026046661,
    "the-lichtenberg-case": 0.47721700263432726
}