{
    "typha-the-once-and-future-planty-companion": 0.6851404717697372,
    "the-vietnamese-community-in-eastern-new-orleans": 0.651140288151151,
    "the-rights-of-nature": 0.6453310155389419,
    "the-stories-we-tell-the-images-we-take": 0.6449021598822469,
    "transect-walk-cahokia-mounds-to-fairmont-city": 0.6374617841871801,
    "touring-the-anthropocenery-whos-in-charge-here-2014": 0.6335252543851353,
    "timeslips": 0.6307187072123239,
    "walk-about-it": 0.6255039741251274,
    "the-terrain-of-the-former-veb-elektrokohle-lichtenberg": 0.6242101043261528,
    "white-sands": 0.6239376400164901,
    "the-politics-of-modeling": 0.621335185419767,
    "time-out-of-mind": 0.6210439956092045,
    "us-southwest": 0.61772914882719,
    "tree-x-office": 0.6157443308536276,
    "xaraasi-xanne-crossing-voices": 0.6151005974308598,
    "uncalculated-risk": 0.6150284102984216,
    "twin-cities-artist-residency-mississippi-an-anthropocene-story": 0.6125094563302381,
    "this-is-not-about-survival-its-about-bringing-your-coracle": 0.6121046392099476,
    "time-and-time-again": 0.602614507939358,
    "writing-global-histories-in-the-anthropocene": 0.6022029246114493,
    "times-before-and-after": 0.6018394975964667,
    "voice-and-representation": 0.5935028095330364,
    "the-maledives-case": 0.5909542091309902,
    "the-shape-of-a-practice-online-project-environment": 0.5908132656756623,
    "the-mississippi-basin-an-operational-landscape": 0.5888403441527428,
    "the-shape-of-a-practice": 0.5859804139417426,
    "too-little-water-the-lake-chad-story": 0.5858587011462669,
    "understanding-the-north-american-lost-crops": 0.5803444624210599,
    "the-shape-of-a-practice-seminars": 0.5743726533534995,
    "wicked-problems-and-mental-models": 0.5700615031325059,
    "the-terrestrial-is-not-the-globe": 0.5205454491745617,
    "worshipping-along-the-routes-of-migration": 0.509216701671238,
    "ve-vm-vt-the-ideal-cosmic-messengers": 0.5049627246950992,
    "the-shipworm-and-the-telegraph": 0.5006743277701504,
    "tokens-a-rorschach-test": 0.35431896588117445
}