{
    "the-terrain-of-the-former-veb-elektrokohle-lichtenberg": 0.9635859586248732,
    "tree-x-office": 0.9634939569768871,
    "time-out-of-mind": 0.9571508438753213,
    "touring-the-anthropocenery-whos-in-charge-here-2014": 0.9526583454453882,
    "wicked-problems-and-mental-models": 0.9518139445371188,
    "times-before-and-after": 0.9514042246799949,
    "uncalculated-risk": 0.9509773546233307,
    "this-is-not-about-survival-its-about-bringing-your-coracle": 0.9508269843425982,
    "voice-and-representation": 0.950753648752706,
    "the-shape-of-a-practice": 0.9504680061512142,
    "us-southwest": 0.9499543386174686,
    "white-sands": 0.9485661226698984,
    "the-stories-we-tell-the-images-we-take": 0.9480781470002004,
    "the-hyphen": 0.9470708406328882,
    "the-vietnamese-community-in-eastern-new-orleans": 0.9456136700986949,
    "walk-about-it": 0.9446982469804722,
    "too-little-water-the-lake-chad-story": 0.94423091087156,
    "time-and-time-again": 0.9424982103953459,
    "timeslips": 0.9422524322835922,
    "the-mississippi-basin-an-operational-landscape": 0.937958241410421,
    "twin-cities-artist-residency-mississippi-an-anthropocene-story": 0.9378798278312945,
    "the-shape-of-a-practice-online-project-environment": 0.9367530238290733,
    "xaraasi-xanne-crossing-voices": 0.9333276046919451,
    "the-shape-of-a-practice-seminars": 0.9283275468116593,
    "writing-global-histories-in-the-anthropocene": 0.925339299742754,
    "understanding-the-north-american-lost-crops": 0.9240807415546677,
    "typha-the-once-and-future-planty-companion": 0.9209768185835755,
    "the-maledives-case": 0.9195298931980771,
    "the-rights-of-nature": 0.9003338672749407,
    "transect-walk-cahokia-mounds-to-fairmont-city": 0.8891160279166239,
    "the-politics-of-modeling": 0.8301438039865898,
    "the-terrestrial-is-not-the-globe": 0.8218473301483213,
    "worshipping-along-the-routes-of-migration": 0.8069342460972083,
    "the-lena-is-worthy-of-baikal-defining-remoteness-across-the-north-and-the-east": 0.7956512662208398,
    "the-shipworm-and-the-telegraph": 0.7576660455069006,
    "the-lichtenberg-case-2": 0.6132870121939554,
    "ve-vm-vt-the-ideal-cosmic-messengers": 0.5887964238279173,
    "the-lichtenberg-case": 0.4846987972053095,
    "tokens-a-rorschach-test": 0.4819683522613516
}