{
    "timeslips": 0.8692426176436899,
    "white-sands": 0.8661137138639866,
    "times-before-and-after": 0.8656390162538583,
    "walk-about-it": 0.8653276099339379,
    "uncalculated-risk": 0.8605112759539634,
    "touring-the-anthropocenery-whos-in-charge-here-2014": 0.857899683041241,
    "time-out-of-mind": 0.8531522822071604,
    "understanding-the-north-american-lost-crops": 0.8502567922087855,
    "wicked-problems-and-mental-models": 0.8498168572720004,
    "this-is-not-about-survival-its-about-bringing-your-coracle": 0.8490516882574085,
    "writing-global-histories-in-the-anthropocene": 0.8465651311121641,
    "time-and-time-again": 0.8449413935369303,
    "tree-x-office": 0.8404025843486285,
    "too-little-water-the-lake-chad-story": 0.835412543484838,
    "voice-and-representation": 0.8323166757677198,
    "twin-cities-artist-residency-mississippi-an-anthropocene-story": 0.8277742529249289,
    "the-vietnamese-community-in-eastern-new-orleans": 0.8259049056140831,
    "xaraasi-xanne-crossing-voices": 0.8205551201122834,
    "typha-the-once-and-future-planty-companion": 0.8177631603968687,
    "us-southwest": 0.816000040179068,
    "transect-walk-cahokia-mounds-to-fairmont-city": 0.8141813789300921,
    "worshipping-along-the-routes-of-migration": 0.7946361964973753,
    "ve-vm-vt-the-ideal-cosmic-messengers": 0.5692878516147984,
    "tokens-a-rorschach-test": 0.3854488283992477
}