{
    "times-before-and-after": 0.9805853418751956,
    "the-terrain-of-the-former-veb-elektrokohle-lichtenberg": 0.9777569465149197,
    "voice-and-representation": 0.9764107172721225,
    "the-shape-of-a-practice-online-project-environment": 0.9761455079880853,
    "walk-about-it": 0.9742919836481585,
    "wicked-problems-and-mental-models": 0.9740677706142169,
    "time-and-time-again": 0.9732472729049806,
    "twin-cities-artist-residency-mississippi-an-anthropocene-story": 0.9729497212579495,
    "the-shape-of-a-practice-seminars": 0.9724599407998702,
    "writing-global-histories-in-the-anthropocene": 0.9719044782027183,
    "the-stories-we-tell-the-images-we-take": 0.9690798605999231,
    "too-little-water-the-lake-chad-story": 0.967900285006942,
    "uncalculated-risk": 0.9676076821556429,
    "touring-the-anthropocenery-whos-in-charge-here-2014": 0.9674830661187966,
    "white-sands": 0.9656124294063317,
    "time-out-of-mind": 0.962631669295306,
    "xaraasi-xanne-crossing-voices": 0.9624344942866961,
    "timeslips": 0.9608736583040575,
    "tree-x-office": 0.9606843701929468,
    "this-is-not-about-survival-its-about-bringing-your-coracle": 0.9519351203437181,
    "the-vietnamese-community-in-eastern-new-orleans": 0.9462253405500468,
    "understanding-the-north-american-lost-crops": 0.9436044689330204,
    "us-southwest": 0.9358047696605656,
    "typha-the-once-and-future-planty-companion": 0.9351295628901263,
    "transect-walk-cahokia-mounds-to-fairmont-city": 0.9070673531792459,
    "the-terrestrial-is-not-the-globe": 0.8607708658319956,
    "worshipping-along-the-routes-of-migration": 0.8408819439709359,
    "the-shipworm-and-the-telegraph": 0.7884903142418995,
    "ve-vm-vt-the-ideal-cosmic-messengers": 0.5937828479741057,
    "tokens-a-rorschach-test": 0.4822232474272836
}