{
    "time-out-of-mind": 0.9916825668480328,
    "the-terrain-of-the-former-veb-elektrokohle-lichtenberg": 0.9880212781469172,
    "times-before-and-after": 0.9862927568100427,
    "touring-the-anthropocenery-whos-in-charge-here-2014": 0.9855194886451154,
    "wicked-problems-and-mental-models": 0.9835370922145978,
    "the-hyphen": 0.9801937845290792,
    "timeslips": 0.9801410421853997,
    "uncalculated-risk": 0.9784910624642671,
    "time-and-time-again": 0.9774855123128231,
    "walk-about-it": 0.9762003673965438,
    "white-sands": 0.9750817588429846,
    "the-shape-of-a-practice": 0.9724308903853237,
    "tree-x-office": 0.9715811211694348,
    "this-is-not-about-survival-its-about-bringing-your-coracle": 0.9698801712409955,
    "voice-and-representation": 0.9686635399306557,
    "the-stories-we-tell-the-images-we-take": 0.9665623072950094,
    "the-vietnamese-community-in-eastern-new-orleans": 0.9611850820968852,
    "the-maledives-case": 0.9604458856238905,
    "xaraasi-xanne-crossing-voices": 0.9591896656403337,
    "too-little-water-the-lake-chad-story": 0.9586580119333744,
    "the-hedge": 0.9574972301450247,
    "the-mississippi-basin-an-operational-landscape": 0.9563970391620634,
    "twin-cities-artist-residency-mississippi-an-anthropocene-story": 0.9531689476930965,
    "understanding-the-north-american-lost-crops": 0.951537045641032,
    "us-southwest": 0.9509173088768051,
    "the-shape-of-a-practice-online-project-environment": 0.9495665052764054,
    "writing-global-histories-in-the-anthropocene": 0.9493263725576264,
    "the-shape-of-a-practice-seminars": 0.9431580523402859,
    "typha-the-once-and-future-planty-companion": 0.941671139024805,
    "the-great-green-desert": 0.935978539326362,
    "the-rights-of-nature": 0.9195607360412348,
    "transect-walk-cahokia-mounds-to-fairmont-city": 0.9101663873678912,
    "the-terrestrial-is-not-the-globe": 0.8619039504822016,
    "the-politics-of-modeling": 0.8525363189490851,
    "the-lena-is-worthy-of-baikal-defining-remoteness-across-the-north-and-the-east": 0.8234858118383566,
    "worshipping-along-the-routes-of-migration": 0.821505555711595,
    "the-shipworm-and-the-telegraph": 0.7889164068965164,
    "the-free-sea-2": 0.7470321096339421,
    "ve-vm-vt-the-ideal-cosmic-messengers": 0.6139907947175276,
    "the-lichtenberg-case-2": 0.601821988568807,
    "the-lichtenberg-case": 0.48268313776947047,
    "tokens-a-rorschach-test": 0.4784019389223439
}