{
    "the-stories-we-tell-the-images-we-take": 0.9843723498919493,
    "the-terrain-of-the-former-veb-elektrokohle-lichtenberg": 0.9813606100380324,
    "the-floating-ear": 0.9803087141416005,
    "the-free-sea": 0.9799948319389078,
    "the-shape-of-a-practice": 0.9795749126626924,
    "time-out-of-mind": 0.9780909155864873,
    "the-hyphen": 0.9763346005409355,
    "times-before-and-after": 0.9757761172774629,
    "the-anthropocene-in-light-of-biological-feedback": 0.975659963460349,
    "touring-the-anthropocenery-whos-in-charge-here-2014": 0.9754801137511738,
    "white-sands": 0.9754593801509578,
    "walk-about-it": 0.9753009477986628,
    "the-confluence-area": 0.9748461601986664,
    "uncalculated-risk": 0.9746298361311834,
    "time-and-time-again": 0.9740134807819534,
    "xaraasi-xanne-crossing-voices": 0.9737984395405812,
    "voice-and-representation": 0.9731610714136857,
    "tree-x-office": 0.971507784755104,
    "twin-cities-artist-residency-mississippi-an-anthropocene-story": 0.970627764335917,
    "wicked-problems-and-mental-models": 0.9705179664655847,
    "timeslips": 0.9700200617867974,
    "the-american-bottom": 0.9691642838403048,
    "the-vietnamese-community-in-eastern-new-orleans": 0.968598910399317,
    "the-anthropocene-and-our-post-natural-future-2": 0.967159932318285,
    "the-shape-of-a-practice-online-project-environment": 0.9671176141180595,
    "the-danish-text": 0.9666833407082456,
    "too-little-water-the-lake-chad-story": 0.9659000860331224,
    "the-shape-of-a-practice-seminars": 0.9656651841238696,
    "the-four-dimensional-mississippi": 0.9636226450509572,
    "typha-the-once-and-future-planty-companion": 0.9635656865032177,
    "this-is-not-about-survival-its-about-bringing-your-coracle": 0.9629206246355873,
    "the-hedge": 0.9594845854635903,
    "writing-global-histories-in-the-anthropocene": 0.9578113145559003,
    "the-mississippi-basin-an-operational-landscape": 0.9565970784054036,
    "us-southwest": 0.9552921222051127,
    "the-great-green-desert": 0.9433031196217266,
    "understanding-the-north-american-lost-crops": 0.9412915715151217,
    "the-maledives-case": 0.9388446353631726,
    "the-anthropogenic-influence-onto-the-air-quality-along-the-mississippi-river-findings": 0.9387201524806971,
    "the-rights-of-nature": 0.935934914034042,
    "transect-walk-cahokia-mounds-to-fairmont-city": 0.9166103347073022,
    "the-current-mississippi-an-anthropocene-river": 0.8879960174935813,
    "the-politics-of-modeling": 0.8693353016951868,
    "the-fight-for-alaskas-arctic-has-just-begun": 0.8627007904719987,
    "the-terrestrial-is-not-the-globe": 0.8445156978725139,
    "worshipping-along-the-routes-of-migration": 0.81610581471535,
    "the-lena-is-worthy-of-baikal-defining-remoteness-across-the-north-and-the-east": 0.8157769429062793,
    "the-shipworm-and-the-telegraph": 0.8025680898775563,
    "the-free-sea-2": 0.7460789551149108,
    "the-lichtenberg-case-2": 0.631822086243537,
    "ve-vm-vt-the-ideal-cosmic-messengers": 0.6189852671826118,
    "the-lichtenberg-case": 0.5023998811382522,
    "tokens-a-rorschach-test": 0.4866225377201505
}