{
    "us-southwest": 0.9799480224743193,
    "white-sands": 0.9772631577884623,
    "uncalculated-risk": 0.9757629208222258,
    "timeslips": 0.9694346973409873,
    "too-little-water-the-lake-chad-story": 0.9650625936936846,
    "tree-x-office": 0.9649645712943482,
    "time-out-of-mind": 0.9646695889026725,
    "this-is-not-about-survival-its-about-bringing-your-coracle": 0.9636769456819412,
    "xaraasi-xanne-crossing-voices": 0.9622881894808502,
    "touring-the-anthropocenery-whos-in-charge-here-2014": 0.9508628854415505,
    "walk-about-it": 0.947518650483849,
    "time-and-time-again": 0.9454529452308948,
    "typha-the-once-and-future-planty-companion": 0.9441768602998953,
    "transect-walk-cahokia-mounds-to-fairmont-city": 0.943597026792884,
    "understanding-the-north-american-lost-crops": 0.9420458695780648,
    "times-before-and-after": 0.9404657173562265,
    "wicked-problems-and-mental-models": 0.9386386676517966,
    "writing-global-histories-in-the-anthropocene": 0.9361186979460087,
    "twin-cities-artist-residency-mississippi-an-anthropocene-story": 0.9347948955662749,
    "voice-and-representation": 0.9334598657429926,
    "worshipping-along-the-routes-of-migration": 0.8254515921543983,
    "ve-vm-vt-the-ideal-cosmic-messengers": 0.6126779021048582,
    "tokens-a-rorschach-test": 0.45805603804314793
}