{
    "the-great-green-desert": 0.780251500352889,
    "the-maledives-case": 0.7784886965096642,
    "white-sands": 0.777869771750682,
    "this-is-not-about-survival-its-about-bringing-your-coracle": 0.7638076720479872,
    "uncalculated-risk": 0.7631200904045279,
    "timeslips": 0.7618297942405574,
    "transect-walk-cahokia-mounds-to-fairmont-city": 0.7610146276441074,
    "the-terrain-of-the-former-veb-elektrokohle-lichtenberg": 0.7591050824713732,
    "the-vietnamese-community-in-eastern-new-orleans": 0.7585260851877844,
    "time-out-of-mind": 0.7557165312985045,
    "walk-about-it": 0.7554165137877963,
    "touring-the-anthropocenery-whos-in-charge-here-2014": 0.7546305056359396,
    "the-stories-we-tell-the-images-we-take": 0.7507415796112602,
    "the-mississippi-basin-an-operational-landscape": 0.74956503181281,
    "us-southwest": 0.7477012016308029,
    "tree-x-office": 0.7396777968892623,
    "xaraasi-xanne-crossing-voices": 0.7356056689744802,
    "the-lena-is-worthy-of-baikal-defining-remoteness-across-the-north-and-the-east": 0.7328880970456344,
    "too-little-water-the-lake-chad-story": 0.7326679752162197,
    "the-rights-of-nature": 0.732618068851374,
    "understanding-the-north-american-lost-crops": 0.7315706868687594,
    "the-hyphen": 0.7294268541583347,
    "the-shape-of-a-practice": 0.7291285703703282,
    "the-hedge": 0.726652929653181,
    "the-terrestrial-is-not-the-globe": 0.7250685032295069,
    "typha-the-once-and-future-planty-companion": 0.7233273620484142,
    "time-and-time-again": 0.7197882818914826,
    "times-before-and-after": 0.7184738031988511,
    "writing-global-histories-in-the-anthropocene": 0.7174365957460558,
    "wicked-problems-and-mental-models": 0.7157868715684241,
    "twin-cities-artist-residency-mississippi-an-anthropocene-story": 0.7091577481990368,
    "the-shape-of-a-practice-online-project-environment": 0.7083880297267592,
    "voice-and-representation": 0.7015551732086301,
    "the-shipworm-and-the-telegraph": 0.6991491413004701,
    "the-politics-of-modeling": 0.6959295089357656,
    "the-shape-of-a-practice-seminars": 0.695514770157284,
    "worshipping-along-the-routes-of-migration": 0.6507795041936719,
    "ve-vm-vt-the-ideal-cosmic-messengers": 0.5642996080601854,
    "the-lichtenberg-case-2": 0.5106990143041711,
    "tokens-a-rorschach-test": 0.3787837054941172,
    "the-lichtenberg-case": 0.36293861000662936
}