{
    "white-sands": 0.9643193724959299,
    "the-vietnamese-community-in-eastern-new-orleans": 0.9567964046239756,
    "the-mississippi-basin-an-operational-landscape": 0.9534969202457141,
    "understanding-the-north-american-lost-crops": 0.951665428422406,
    "the-terrain-of-the-former-veb-elektrokohle-lichtenberg": 0.9487751904145534,
    "uncalculated-risk": 0.9487037124970138,
    "this-is-not-about-survival-its-about-bringing-your-coracle": 0.9484331711073452,
    "timeslips": 0.9479897423766568,
    "time-out-of-mind": 0.9472339579911456,
    "too-little-water-the-lake-chad-story": 0.9457578788546603,
    "the-stories-we-tell-the-images-we-take": 0.9439577394777505,
    "us-southwest": 0.9437023156107528,
    "transect-walk-cahokia-mounds-to-fairmont-city": 0.9401672374783687,
    "walk-about-it": 0.9389202539492648,
    "xaraasi-xanne-crossing-voices": 0.9363986290339735,
    "writing-global-histories-in-the-anthropocene": 0.9360266475786687,
    "the-maledives-case": 0.9346279077843415,
    "the-shape-of-a-practice": 0.9337287746722149,
    "tree-x-office": 0.931179274905499,
    "touring-the-anthropocenery-whos-in-charge-here-2014": 0.9297173404905685,
    "typha-the-once-and-future-planty-companion": 0.9254013059079284,
    "time-and-time-again": 0.9238568631869442,
    "the-hyphen": 0.9237065574322767,
    "times-before-and-after": 0.9197160133299038,
    "the-hedge": 0.9192323948088302,
    "twin-cities-artist-residency-mississippi-an-anthropocene-story": 0.9173792187537025,
    "the-shape-of-a-practice-online-project-environment": 0.9137800277417446,
    "the-rights-of-nature": 0.9111118936701194,
    "wicked-problems-and-mental-models": 0.9101310779975804,
    "voice-and-representation": 0.9090939227717711,
    "the-shape-of-a-practice-seminars": 0.9038788152895608,
    "the-lena-is-worthy-of-baikal-defining-remoteness-across-the-north-and-the-east": 0.8562609295143556,
    "the-terrestrial-is-not-the-globe": 0.8542559528279303,
    "the-politics-of-modeling": 0.8268819359542079,
    "worshipping-along-the-routes-of-migration": 0.8237498248435894,
    "the-shipworm-and-the-telegraph": 0.7944162367889152,
    "the-lichtenberg-case-2": 0.6253002793319187,
    "ve-vm-vt-the-ideal-cosmic-messengers": 0.5970097563852064,
    "the-lichtenberg-case": 0.5034237395112616,
    "tokens-a-rorschach-test": 0.4440577597884302
}