{
    "time-and-time-again": 0.9748644365340466,
    "the-floating-ear": 0.9692665422481601,
    "wicked-problems-and-mental-models": 0.9689861493874337,
    "the-shape-of-a-practice": 0.968943163457578,
    "times-before-and-after": 0.9689316027483122,
    "voice-and-representation": 0.9688306598469649,
    "the-anthropocene-in-light-of-biological-feedback": 0.9684161793316064,
    "touring-the-anthropocenery-whos-in-charge-here-2014": 0.9658832992854034,
    "the-hyphen": 0.9642977577879199,
    "the-free-sea": 0.9635260004993232,
    "too-little-water-the-lake-chad-story": 0.9582835793555058,
    "the-stories-we-tell-the-images-we-take": 0.9576006893387022,
    "writing-global-histories-in-the-anthropocene": 0.9563007646493267,
    "walk-about-it": 0.9560948489308088,
    "time-out-of-mind": 0.9532220174947222,
    "the-terrain-of-the-former-veb-elektrokohle-lichtenberg": 0.9529594578247369,
    "the-confluence-area": 0.9478300526890774,
    "tree-x-office": 0.9464157226231307,
    "the-shape-of-a-practice-seminars": 0.943874501090162,
    "white-sands": 0.9431125789295469,
    "this-is-not-about-survival-its-about-bringing-your-coracle": 0.9425413938361508,
    "uncalculated-risk": 0.9420715624900821,
    "xaraasi-xanne-crossing-voices": 0.9419710039621886,
    "twin-cities-artist-residency-mississippi-an-anthropocene-story": 0.9413505102322066,
    "the-shape-of-a-practice-online-project-environment": 0.940612049204875,
    "the-hedge": 0.9400745662935436,
    "the-mississippi-basin-an-operational-landscape": 0.9397986300082163,
    "the-danish-text": 0.9390579997290652,
    "the-four-dimensional-mississippi": 0.9380928520476529,
    "timeslips": 0.9372196941986769,
    "the-maledives-case": 0.9363448396615075,
    "the-vietnamese-community-in-eastern-new-orleans": 0.9363033447478785,
    "us-southwest": 0.9355034506709877,
    "understanding-the-north-american-lost-crops": 0.9263029154541079,
    "the-anthropogenic-influence-onto-the-air-quality-along-the-mississippi-river-findings": 0.924107201723982,
    "typha-the-once-and-future-planty-companion": 0.9195276864597653,
    "the-rights-of-nature": 0.9188245389982677,
    "the-great-green-desert": 0.9162155704813829,
    "transect-walk-cahokia-mounds-to-fairmont-city": 0.8837678683001664,
    "the-politics-of-modeling": 0.864813897901531,
    "the-current-mississippi-an-anthropocene-river": 0.8625258913246042,
    "the-fight-for-alaskas-arctic-has-just-begun": 0.8405326918608954,
    "the-terrestrial-is-not-the-globe": 0.8355195043281268,
    "worshipping-along-the-routes-of-migration": 0.8024753870395378,
    "the-lena-is-worthy-of-baikal-defining-remoteness-across-the-north-and-the-east": 0.781964953848406,
    "the-shipworm-and-the-telegraph": 0.7495150092725152,
    "the-free-sea-2": 0.7140678973775672,
    "ve-vm-vt-the-ideal-cosmic-messengers": 0.60316736665445,
    "the-lichtenberg-case-2": 0.5791121449888272,
    "tokens-a-rorschach-test": 0.468768691785566,
    "the-lichtenberg-case": 0.46409471058359747
}