{
    "white-sands": 0.9848169509046417,
    "uncalculated-risk": 0.9846944770182351,
    "the-mississippi-basin-an-operational-landscape": 0.9836046509964342,
    "timeslips": 0.9830190979402557,
    "the-terrain-of-the-former-veb-elektrokohle-lichtenberg": 0.9798137849455623,
    "time-out-of-mind": 0.9758852454381272,
    "the-free-sea": 0.972483153727388,
    "the-maledives-case": 0.9684128637187572,
    "too-little-water-the-lake-chad-story": 0.9658146727678193,
    "the-vietnamese-community-in-eastern-new-orleans": 0.9646360945870551,
    "this-is-not-about-survival-its-about-bringing-your-coracle": 0.9638800514932925,
    "times-before-and-after": 0.9629793772291025,
    "the-shape-of-a-practice": 0.9625193380394698,
    "touring-the-anthropocenery-whos-in-charge-here-2014": 0.9618562505720009,
    "tree-x-office": 0.9611791340883908,
    "the-hyphen": 0.9594687245951194,
    "understanding-the-north-american-lost-crops": 0.9591764914107545,
    "wicked-problems-and-mental-models": 0.9589167774875615,
    "walk-about-it": 0.9585486807004562,
    "the-great-green-desert": 0.957389841768253,
    "time-and-time-again": 0.9560933808345299,
    "the-stories-we-tell-the-images-we-take": 0.9548202992492507,
    "us-southwest": 0.9521319836699667,
    "transect-walk-cahokia-mounds-to-fairmont-city": 0.9443747773871097,
    "writing-global-histories-in-the-anthropocene": 0.9435445764264615,
    "xaraasi-xanne-crossing-voices": 0.9428463393806066,
    "the-hedge": 0.939275430380416,
    "voice-and-representation": 0.9354352137777006,
    "twin-cities-artist-residency-mississippi-an-anthropocene-story": 0.9343149199539053,
    "typha-the-once-and-future-planty-companion": 0.9323157202033052,
    "the-shape-of-a-practice-online-project-environment": 0.9308634285875685,
    "the-shape-of-a-practice-seminars": 0.9265595224484724,
    "the-rights-of-nature": 0.9065591713372947,
    "the-terrestrial-is-not-the-globe": 0.8744204044131202,
    "the-lena-is-worthy-of-baikal-defining-remoteness-across-the-north-and-the-east": 0.8534558512152349,
    "worshipping-along-the-routes-of-migration": 0.8416919208361302,
    "the-politics-of-modeling": 0.8255057919818406,
    "the-shipworm-and-the-telegraph": 0.8103451889456547,
    "the-free-sea-2": 0.7812696192989904,
    "ve-vm-vt-the-ideal-cosmic-messengers": 0.6158514540679462,
    "the-lichtenberg-case-2": 0.602960781833001,
    "the-lichtenberg-case": 0.4753017519700966,
    "tokens-a-rorschach-test": 0.4554168576924304
}