{
    "the-shape-of-a-practice-seminars": 0.9748272181686038,
    "twin-cities-artist-residency-mississippi-an-anthropocene-story": 0.9707585296811758,
    "times-before-and-after": 0.9599467915838266,
    "voice-and-representation": 0.9588220440092108,
    "the-terrain-of-the-former-veb-elektrokohle-lichtenberg": 0.9584588390889037,
    "the-stories-we-tell-the-images-we-take": 0.9568752132160104,
    "walk-about-it": 0.9568075469698981,
    "wicked-problems-and-mental-models": 0.9476506642388149,
    "xaraasi-xanne-crossing-voices": 0.9474844740654117,
    "writing-global-histories-in-the-anthropocene": 0.9460966419622537,
    "uncalculated-risk": 0.9445249512284563,
    "time-and-time-again": 0.9435788687390491,
    "touring-the-anthropocenery-whos-in-charge-here-2014": 0.9433789807944404,
    "time-out-of-mind": 0.9404135974960413,
    "white-sands": 0.9393438668858137,
    "too-little-water-the-lake-chad-story": 0.9392389549095673,
    "tree-x-office": 0.9343306155988246,
    "timeslips": 0.9333742361570277,
    "this-is-not-about-survival-its-about-bringing-your-coracle": 0.9267899500197156,
    "typha-the-once-and-future-planty-companion": 0.9213685879643573,
    "the-vietnamese-community-in-eastern-new-orleans": 0.9194270466228125,
    "understanding-the-north-american-lost-crops": 0.9077417597046696,
    "us-southwest": 0.9059792020261548,
    "transect-walk-cahokia-mounds-to-fairmont-city": 0.8727237782508921,
    "the-terrestrial-is-not-the-globe": 0.8454397809731256,
    "worshipping-along-the-routes-of-migration": 0.814377452536774,
    "the-shipworm-and-the-telegraph": 0.7596820009988732,
    "ve-vm-vt-the-ideal-cosmic-messengers": 0.5860471022701658,
    "tokens-a-rorschach-test": 0.4872557804498857
}