{
    "uncalculated-risk": 0.9887175944828371,
    "white-sands": 0.9847843938379305,
    "time-out-of-mind": 0.9841429296562183,
    "timeslips": 0.9838007051192755,
    "tree-x-office": 0.9789608557480112,
    "times-before-and-after": 0.9778874922040138,
    "touring-the-anthropocenery-whos-in-charge-here-2014": 0.9773050259548351,
    "wicked-problems-and-mental-models": 0.9737347704877697,
    "the-vietnamese-community-in-eastern-new-orleans": 0.973630797562381,
    "walk-about-it": 0.9720575770826151,
    "this-is-not-about-survival-its-about-bringing-your-coracle": 0.9681342776613918,
    "time-and-time-again": 0.9677841852264869,
    "xaraasi-xanne-crossing-voices": 0.9670747638897889,
    "too-little-water-the-lake-chad-story": 0.9667758229742733,
    "voice-and-representation": 0.9628441044527559,
    "twin-cities-artist-residency-mississippi-an-anthropocene-story": 0.9609639121566755,
    "us-southwest": 0.9605967430479129,
    "understanding-the-north-american-lost-crops": 0.9519300356692907,
    "writing-global-histories-in-the-anthropocene": 0.9498646470232349,
    "typha-the-once-and-future-planty-companion": 0.9441147952563839,
    "transect-walk-cahokia-mounds-to-fairmont-city": 0.9242378931573654,
    "the-terrestrial-is-not-the-globe": 0.8683859681330989,
    "worshipping-along-the-routes-of-migration": 0.8382198742982979,
    "ve-vm-vt-the-ideal-cosmic-messengers": 0.605301062905947,
    "tokens-a-rorschach-test": 0.4769528268266754
}