{
    "the-rights-of-nature": 0.9060689384420352,
    "the-stories-we-tell-the-images-we-take": 0.8739404281754201,
    "writing-global-histories-in-the-anthropocene": 0.8708295049879972,
    "walk-about-it": 0.8690944005347199,
    "voice-and-representation": 0.8640626472288878,
    "the-shape-of-a-practice": 0.8611387438773154,
    "touring-the-anthropocenery-whos-in-charge-here-2014": 0.8596341931179873,
    "xaraasi-xanne-crossing-voices": 0.8583623101942736,
    "typha-the-once-and-future-planty-companion": 0.8501808671024568,
    "the-shape-of-a-practice-online-project-environment": 0.8499106414508201,
    "time-and-time-again": 0.8496656656499469,
    "the-vietnamese-community-in-eastern-new-orleans": 0.8471999662334537,
    "the-shape-of-a-practice-seminars": 0.8466781174423674,
    "times-before-and-after": 0.8457449970484358,
    "twin-cities-artist-residency-mississippi-an-anthropocene-story": 0.8444575198801086,
    "the-terrain-of-the-former-veb-elektrokohle-lichtenberg": 0.8435744886592506,
    "uncalculated-risk": 0.843264953762658,
    "wicked-problems-and-mental-models": 0.8428328377152038,
    "timeslips": 0.84276947009606,
    "white-sands": 0.8427688050240633,
    "time-out-of-mind": 0.8418349199957004,
    "this-is-not-about-survival-its-about-bringing-your-coracle": 0.8400207323481264,
    "too-little-water-the-lake-chad-story": 0.8370169261240377,
    "tree-x-office": 0.8326852208484931,
    "us-southwest": 0.82962434365028,
    "understanding-the-north-american-lost-crops": 0.8048770094350586,
    "transect-walk-cahokia-mounds-to-fairmont-city": 0.801128563501097,
    "the-terrestrial-is-not-the-globe": 0.746666722392966,
    "worshipping-along-the-routes-of-migration": 0.7174216630273609,
    "the-shipworm-and-the-telegraph": 0.7068128333963757,
    "ve-vm-vt-the-ideal-cosmic-messengers": 0.5481217625608827,
    "tokens-a-rorschach-test": 0.46202366160846053
}