{
    "touring-the-anthropocenery-whos-in-charge-here-2014": 0.9834332157014426,
    "timeslips": 0.9815331929675711,
    "times-before-and-after": 0.9784568385897353,
    "uncalculated-risk": 0.9778293926550554,
    "white-sands": 0.9773185423251372,
    "walk-about-it": 0.974241314865712,
    "wicked-problems-and-mental-models": 0.9715218638879923,
    "tree-x-office": 0.9689616572029566,
    "voice-and-representation": 0.9587887005339589,
    "understanding-the-north-american-lost-crops": 0.9561688519422548,
    "us-southwest": 0.9535745237630535,
    "xaraasi-xanne-crossing-voices": 0.9533489517712045,
    "too-little-water-the-lake-chad-story": 0.953261241305976,
    "twin-cities-artist-residency-mississippi-an-anthropocene-story": 0.9497514757455131,
    "typha-the-once-and-future-planty-companion": 0.9481724651086787,
    "writing-global-histories-in-the-anthropocene": 0.9418204537903987,
    "transect-walk-cahokia-mounds-to-fairmont-city": 0.9263068017353578,
    "worshipping-along-the-routes-of-migration": 0.8123087702291898,
    "ve-vm-vt-the-ideal-cosmic-messengers": 0.6274651801517773,
    "tokens-a-rorschach-test": 0.47938609234206003
}