{
    "times-before-and-after": 0.9847992915877382,
    "wicked-problems-and-mental-models": 0.9779331588267455,
    "walk-about-it": 0.9777807291124243,
    "touring-the-anthropocenery-whos-in-charge-here-2014": 0.9771122828959492,
    "voice-and-representation": 0.9736514228699945,
    "time-out-of-mind": 0.9711672814926056,
    "writing-global-histories-in-the-anthropocene": 0.9637591875432976,
    "timeslips": 0.9602507058484282,
    "tree-x-office": 0.9596258898720494,
    "xaraasi-xanne-crossing-voices": 0.957902865042081,
    "white-sands": 0.9571835545400298,
    "uncalculated-risk": 0.9565582902667927,
    "too-little-water-the-lake-chad-story": 0.9560250397069523,
    "twin-cities-artist-residency-mississippi-an-anthropocene-story": 0.955835171910131,
    "understanding-the-north-american-lost-crops": 0.9445555259963374,
    "typha-the-once-and-future-planty-companion": 0.9408827164079853,
    "us-southwest": 0.9388781971765325,
    "transect-walk-cahokia-mounds-to-fairmont-city": 0.9045451445568661,
    "worshipping-along-the-routes-of-migration": 0.8223218837181183,
    "ve-vm-vt-the-ideal-cosmic-messengers": 0.6102807456756101,
    "tokens-a-rorschach-test": 0.48886053360649123
}