{
    "wicked-problems-and-mental-models": 0.986888941921715,
    "touring-the-anthropocenery-whos-in-charge-here-2014": 0.9834035687738697,
    "voice-and-representation": 0.9771928081575334,
    "walk-about-it": 0.9767378310013405,
    "timeslips": 0.9664949248503851,
    "uncalculated-risk": 0.9649988486834988,
    "tree-x-office": 0.9638486006829338,
    "white-sands": 0.9620203574461363,
    "twin-cities-artist-residency-mississippi-an-anthropocene-story": 0.960431455446213,
    "writing-global-histories-in-the-anthropocene": 0.9569009332297848,
    "too-little-water-the-lake-chad-story": 0.9520494325670891,
    "xaraasi-xanne-crossing-voices": 0.9471380623742318,
    "understanding-the-north-american-lost-crops": 0.9441308162627773,
    "us-southwest": 0.9332622405912888,
    "typha-the-once-and-future-planty-companion": 0.9327386505706013,
    "transect-walk-cahokia-mounds-to-fairmont-city": 0.8960732977674168,
    "worshipping-along-the-routes-of-migration": 0.821382263247068,
    "ve-vm-vt-the-ideal-cosmic-messengers": 0.6298169792298068,
    "tokens-a-rorschach-test": 0.5060457289761393
}