{
    "walk-about-it": 0.9776437869270923,
    "wicked-problems-and-mental-models": 0.9741344933782227,
    "uncalculated-risk": 0.9689003689486646,
    "voice-and-representation": 0.9663623646262796,
    "tree-x-office": 0.9652353044622773,
    "white-sands": 0.9632183058518211,
    "twin-cities-artist-residency-mississippi-an-anthropocene-story": 0.9546994518740245,
    "xaraasi-xanne-crossing-voices": 0.9532602921247268,
    "writing-global-histories-in-the-anthropocene": 0.9501742525854944,
    "typha-the-once-and-future-planty-companion": 0.9437329766051843,
    "us-southwest": 0.9423760254018658,
    "understanding-the-north-american-lost-crops": 0.9400357956408074,
    "transect-walk-cahokia-mounds-to-fairmont-city": 0.9150825222214284,
    "worshipping-along-the-routes-of-migration": 0.8145813400127848,
    "ve-vm-vt-the-ideal-cosmic-messengers": 0.6301915593714613
}