{
    "uncalculated-risk": 0.9412614360329037,
    "white-sands": 0.9361458323166459,
    "understanding-the-north-american-lost-crops": 0.9296174701549791,
    "us-southwest": 0.9258627247325294,
    "writing-global-histories-in-the-anthropocene": 0.9212310490656564,
    "walk-about-it": 0.9206446030360338,
    "xaraasi-xanne-crossing-voices": 0.9091107014151916,
    "tree-x-office": 0.9089805996547904,
    "typha-the-once-and-future-planty-companion": 0.9058592956213097,
    "twin-cities-artist-residency-mississippi-an-anthropocene-story": 0.8997002812052054,
    "voice-and-representation": 0.8890312583579417,
    "wicked-problems-and-mental-models": 0.8835775392321278,
    "worshipping-along-the-routes-of-migration": 0.8361021554149243,
    "ve-vm-vt-the-ideal-cosmic-messengers": 0.6026733659411073
}