{
    "uncalculated-risk": 0.9733374986474913,
    "white-sands": 0.9695271751998967,
    "us-southwest": 0.9637941425033234,
    "wicked-problems-and-mental-models": 0.9611908924864644,
    "walk-about-it": 0.9572464899635665,
    "xaraasi-xanne-crossing-voices": 0.9514258353398839,
    "voice-and-representation": 0.9503462643829272,
    "twin-cities-artist-residency-mississippi-an-anthropocene-story": 0.9441297035643669,
    "understanding-the-north-american-lost-crops": 0.9386783682401458,
    "typha-the-once-and-future-planty-companion": 0.9372634647336444,
    "writing-global-histories-in-the-anthropocene": 0.9280496203593464,
    "worshipping-along-the-routes-of-migration": 0.8143885023264166,
    "ve-vm-vt-the-ideal-cosmic-messengers": 0.5980589879492114
}