{
    "walk-about-it": 0.9664249195389899,
    "voice-and-representation": 0.9636719903812853,
    "xaraasi-xanne-crossing-voices": 0.9579784163663203,
    "uncalculated-risk": 0.9529572110284819,
    "writing-global-histories-in-the-anthropocene": 0.9508971223371612,
    "wicked-problems-and-mental-models": 0.945958336464247,
    "white-sands": 0.9428136873120033,
    "typha-the-once-and-future-planty-companion": 0.9313003626961702,
    "understanding-the-north-american-lost-crops": 0.9210843238996625,
    "us-southwest": 0.9191268765904146,
    "worshipping-along-the-routes-of-migration": 0.8263184231923661,
    "ve-vm-vt-the-ideal-cosmic-messengers": 0.588608699485401
}