{
    "walk-about-it": 0.9487709315901647,
    "white-sands": 0.9450210689756636,
    "xaraasi-xanne-crossing-voices": 0.9423329331645677,
    "uncalculated-risk": 0.9404042271043893,
    "voice-and-representation": 0.9306844796475661,
    "writing-global-histories-in-the-anthropocene": 0.9296753499996647,
    "us-southwest": 0.9236518844859024,
    "wicked-problems-and-mental-models": 0.9215934992411141,
    "understanding-the-north-american-lost-crops": 0.9176314498899137,
    "worshipping-along-the-routes-of-migration": 0.7986360430832232,
    "ve-vm-vt-the-ideal-cosmic-messengers": 0.5940656705986642
}