{
    "white-sands": 0.981798819560424,
    "walk-about-it": 0.9645245602581736,
    "wicked-problems-and-mental-models": 0.9622994472397113,
    "us-southwest": 0.9577103955391982,
    "xaraasi-xanne-crossing-voices": 0.9576099874035405,
    "voice-and-representation": 0.950596578985733,
    "writing-global-histories-in-the-anthropocene": 0.9461861957367615,
    "understanding-the-north-american-lost-crops": 0.9452725839027253,
    "worshipping-along-the-routes-of-migration": 0.8442819780022439,
    "ve-vm-vt-the-ideal-cosmic-messengers": 0.608028491651585
}