{
    "white-sands": 0.959071733629126,
    "walk-about-it": 0.9477812312530541,
    "writing-global-histories-in-the-anthropocene": 0.9445194401144059,
    "wicked-problems-and-mental-models": 0.9401813890107618,
    "us-southwest": 0.9392083899411814,
    "xaraasi-xanne-crossing-voices": 0.9315768536788904,
    "voice-and-representation": 0.9266941741941285,
    "worshipping-along-the-routes-of-migration": 0.8326491476521267,
    "ve-vm-vt-the-ideal-cosmic-messengers": 0.5910163635274613
}