{
    "white-sands": 0.9700321209880708,
    "xaraasi-xanne-crossing-voices": 0.9422748351886107,
    "wicked-problems-and-mental-models": 0.9366607242753624,
    "walk-about-it": 0.9344529524398884,
    "voice-and-representation": 0.9257080239351064,
    "writing-global-histories-in-the-anthropocene": 0.9191414193545682,
    "worshipping-along-the-routes-of-migration": 0.8173037020085228,
    "ve-vm-vt-the-ideal-cosmic-messengers": 0.6018990541995648
}