{
    "wicked-problems-and-mental-models": 0.9664723381601885,
    "writing-global-histories-in-the-anthropocene": 0.9652322259305084,
    "white-sands": 0.9634671164939108,
    "xaraasi-xanne-crossing-voices": 0.9567680458158614,
    "worshipping-along-the-routes-of-migration": 0.8348912485113245
}