{
    "xaraasi-xanne-crossing-voices": 0.9585457937544248,
    "wicked-problems-and-mental-models": 0.9553256142499533,
    "writing-global-histories-in-the-anthropocene": 0.945380256605666,
    "worshipping-along-the-routes-of-migration": 0.8305887958113567
}