{
    "writing-global-histories-in-the-anthropocene": 0.8439722377211482,
    "xaraasi-xanne-crossing-voices": 0.8217748529380603
}