{
    "time-and-time-again#content-2": 0.9872257539216658,
    "the-floating-ear#content-1": 0.9865729696789897,
    "the-aerocene-campus#content-9": 0.9834578427953946,
    "times-before-and-after#content-1": 0.9830023649076616,
    "the-floating-ear#content-6": 0.9826131906002321,
    "the-shape-of-a-practice#abstract": 0.982437483749516,
    "the-anthropocene-in-light-of-biological-feedback#content-10": 0.9819871243120617,
    "walk-about-it#content-1": 0.9818107264528478,
    "tactics-for-quotidian-anthropocenes#content-9": 0.9813673813101303,
    "tactics-for-quotidian-anthropocenes#content-1": 0.9808527302006104,
    "the-aerocene-campus#content-7": 0.980317333465751,
    "the-stories-we-tell-the-images-we-take#content-2": 0.9798291147796478,
    "the-floating-ear#content-3": 0.9793360232398983,
    "touring-the-anthropocenery-whos-in-charge-here-2014#content-2": 0.9791214846709717,
    "wicked-problems-and-mental-models#content-1": 0.9787037357751273,
    "voice-and-representation#content-1": 0.9780180046356202,
    "uncalculated-risk#abstract": 0.977682732233045,
    "telling-time-through-lagoons-of-human-waste-at-the-western-treatment-plant#content-5": 0.9774106771283025,
    "the-floating-ear#content-7": 0.9773716063372038,
    "terraforming#content-1": 0.9770492423289221,
    "the-free-sea#content-2": 0.9765364973897457,
    "the-hyphen#content-2": 0.9763061022851355,
    "the-mississippi-basin-an-operational-landscape#content-7": 0.9756743727847874,
    "the-anthropocene-in-light-of-biological-feedback#content-9": 0.9755068276785673,
    "writing-global-histories-in-the-anthropocene#content-1": 0.9751963658770992,
    "time-out-of-mind#abstract": 0.9749433084632245,
    "technosphere-co-evolution-a-seminal-seminar-conversation#content-3": 0.9747966436154559,
    "the-confluence-area#abstract": 0.9746274322045617,
    "telling-time-through-lagoons-of-human-waste-at-the-western-treatment-plant#content-7": 0.9743706890643896,
    "the-anthropocene-in-light-of-biological-feedback#content-3": 0.9739473697522247,
    "the-american-bottom#abstract": 0.9735516116179086,
    "time-out-of-mind#content-3": 0.9734940563245588,
    "telling-time-through-lagoons-of-human-waste-at-the-western-treatment-plant#content-1": 0.9734436427965564,
    "the-terrain-of-the-former-veb-elektrokohle-lichtenberg#content-3": 0.973432006133253,
    "tactics-for-quotidian-anthropocenes#content-3": 0.9730929574132553,
    "the-floating-ear#content-4": 0.9725248836207488,
    "the-aerocene-campus#content-5": 0.9724934712787934,
    "the-aerocene-campus#abstract": 0.9723793088778302,
    "the-terrain-of-the-former-veb-elektrokohle-lichtenberg#content-5": 0.9722502177559621,
    "the-floating-ear#content-2": 0.9719750739002682,
    "uncalculated-risk#content-8": 0.9718146006067012,
    "the-aerocene-campus#content-1": 0.9716325659810519,
    "tree-x-office#content-1": 0.9714414344282689,
    "the-anthropocene-in-light-of-biological-feedback#abstract": 0.9712287745455483,
    "the-lichtenberg-case#abstract": 0.971064453607915,
    "the-anthropocene-and-our-post-natural-future-2#abstract": 0.9709153642475733,
    "the-anthropocene-in-light-of-biological-feedback#content-4": 0.970811694567059,
    "taking-nature-into-account-historical-perspectives-and-paradoxes#abstract": 0.9696911693672438,
    "systems-analysis-and-modeling#content-1": 0.9692495414299913,
    "xaraasi-xanne-crossing-voices#content-2": 0.9687143056756169,
    "too-little-water-the-lake-chad-story#content-1": 0.9682708863290318,
    "white-sands#content-3": 0.9678023700582129,
    "uncalculated-risk#content-4": 0.9676884189460764,
    "the-floating-ear#content-5": 0.966903835398249,
    "tactics-for-quotidian-anthropocenes#content-7": 0.9666885645084339,
    "the-vietnamese-community-in-eastern-new-orleans#content-3": 0.9664009794540169,
    "timeslips#content-2": 0.9662124539808399,
    "twin-cities-artist-residency-mississippi-an-anthropocene-story#abstract": 0.9658929687824459,
    "the-four-dimensional-mississippi#abstract": 0.9656794755583135,
    "technostratigraphy-of-a-technological-object#content-2": 0.9654083427303273,
    "the-aerocene-campus#content-3": 0.9652772472392163,
    "the-four-dimensional-mississippi#content-1": 0.9650104854819024,
    "the-anthropocene-in-light-of-biological-feedback#content-2": 0.9648688747674903,
    "terraforming#abstract": 0.9644516471126409,
    "time-out-of-mind#content-1": 0.9643962689242546,
    "telling-time-through-lagoons-of-human-waste-at-the-western-treatment-plant#content-3": 0.9639950240217885,
    "the-terrain-of-the-former-veb-elektrokohle-lichtenberg#content-1": 0.9633467083053737,
    "tactics-for-quotidian-anthropocenes-2#abstract": 0.9629539668215613,
    "the-mississippi-basin-an-operational-landscape#content-1": 0.9629023971820799,
    "time-out-of-mind#content-5": 0.9626843767488213,
    "the-anthropogenic-influence-onto-the-air-quality-along-the-mississippi-river-findings#abstract": 0.9621674676750113,
    "typha-the-once-and-future-planty-companion#abstract": 0.961506459239812,
    "the-hyphen#abstract": 0.9612155059044494,
    "uncalculated-risk#content-2": 0.9611859577897747,
    "temporary-continent#abstract": 0.9611279489496226,
    "white-sands#content-1": 0.9610097671103212,
    "tactics-for-quotidian-anthropocenes#content-5": 0.9606168940585978,
    "uncalculated-risk#content-6": 0.9588627903469185,
    "timeslips#abstract": 0.9587942813721375,
    "the-shape-of-a-practice-online-project-environment#abstract": 0.9566548820489775,
    "the-mississippi-basin-an-operational-landscape#content-5": 0.9564505805016374,
    "the-current-mississippi-an-anthropocene-river#abstract": 0.9558001328609276,
    "the-shape-of-a-practice-seminars#abstract": 0.9553501866956987,
    "the-vietnamese-community-in-eastern-new-orleans#content-1": 0.9551116293370225,
    "walk-about-it#abstract": 0.9550253762067629,
    "the-hedge#content-2": 0.9549176595501301,
    "the-hyphen#content-1": 0.9544912925213768,
    "terraforming#content-4": 0.9529365673562191,
    "the-danish-text#abstract": 0.9526869470317291,
    "the-mississippi-basin-an-operational-landscape#abstract": 0.9520885455519215,
    "systems-analysis-and-modeling#abstract": 0.952065792011688,
    "the-anthropocene-in-light-of-biological-feedback#content-8": 0.9519844673319336,
    "technosphere-magazine#abstract": 0.9491919665822606,
    "the-maledives-case#abstract": 0.9482124372361532,
    "telling-time-through-lagoons-of-human-waste-at-the-western-treatment-plant#abstract": 0.9476511497266243,
    "this-is-not-about-survival-its-about-bringing-your-coracle#abstract": 0.9476147966370476,
    "understanding-the-north-american-lost-crops#abstract": 0.9457781565424216,
    "the-anthropocene-in-light-of-biological-feedback#content-7": 0.9447024174759957,
    "the-mississippi-basin-an-operational-landscape#content-3": 0.9439374982491772,
    "the-anthropogenic-influence-onto-the-air-quality-along-the-mississippi-river-findings#content-6": 0.9437953181153017,
    "the-stories-we-tell-the-images-we-take#abstract": 0.943391237502374,
    "times-before-and-after#abstract": 0.9431382854498142,
    "the-anthropocene-in-light-of-biological-feedback#content-1": 0.9424128801062215,
    "the-anthropogenic-influence-onto-the-air-quality-along-the-mississippi-river-findings#content-2": 0.9412113631168695,
    "us-southwest#content-1": 0.940258904739859,
    "tree-x-office#abstract": 0.9399920776742863,
    "tactics-for-quotidian-anthropocenes#abstract": 0.9387863603481996,
    "touring-the-anthropocenery-whos-in-charge-here-2014#abstract": 0.9385178352930522,
    "the-great-green-desert#abstract": 0.9382719266985817,
    "the-aerocene-campus#content-8": 0.9368836671068487,
    "the-anthropogenic-influence-onto-the-air-quality-along-the-mississippi-river-findings#content-8": 0.9366079515327635,
    "transect-walk-cahokia-mounds-to-fairmont-city#abstract": 0.9349851338205851,