{
    "wicked-problems-and-mental-models#content-1": 0.9644224664992428,
    "the-anthropocene-in-light-of-biological-feedback#content-10": 0.9642873808282092,
    "the-anthropocene-in-light-of-biological-feedback#abstract": 0.9637054854494599,
    "systems-analysis-and-modeling#content-1": 0.9624513226090827,
    "times-before-and-after#content-1": 0.9622924840950572,
    "technosphere-co-evolution-a-seminal-seminar-conversation#content-3": 0.9608582463014944,
    "the-anthropocene-in-light-of-biological-feedback#content-3": 0.9607555474798242,
    "terraforming#abstract": 0.9589874593122586,
    "voice-and-representation#content-1": 0.9586026352949619,
    "the-shape-of-a-practice#abstract": 0.9582462376198315,
    "the-floating-ear#content-2": 0.9581817936558741,
    "the-floating-ear#content-7": 0.9578169124307118,
    "walk-about-it#content-1": 0.9575863788709366,
    "the-floating-ear#content-3": 0.9570532084986857,
    "the-floating-ear#content-6": 0.9552619363237648,
    "the-free-sea#content-2": 0.9535704949220836,
    "uncalculated-risk#content-4": 0.9535404561388354,
    "the-aerocene-campus#content-9": 0.9534685162131467,
    "touring-the-anthropocenery-whos-in-charge-here-2014#content-2": 0.9534331114941184,
    "the-floating-ear#content-1": 0.9534155060458945,
    "the-hyphen#content-2": 0.9505011889346625,
    "the-floating-ear#content-4": 0.9496321315494411,
    "the-anthropocene-in-light-of-biological-feedback#content-2": 0.9495466368610441,
    "the-terrain-of-the-former-veb-elektrokohle-lichtenberg#content-3": 0.9489404455472278,
    "tactics-for-quotidian-anthropocenes#content-9": 0.9481793326816937,
    "the-aerocene-campus#content-7": 0.9470289253903373,
    "time-and-time-again#content-2": 0.946871876961189,
    "uncalculated-risk#content-8": 0.9459462482431049,
    "twin-cities-artist-residency-mississippi-an-anthropocene-story#abstract": 0.945543204300524,
    "the-anthropocene-in-light-of-biological-feedback#content-8": 0.9444884117615929,
    "time-out-of-mind#content-3": 0.9440905541853877,
    "the-shape-of-a-practice-online-project-environment#abstract": 0.9438908725738978,
    "the-mississippi-basin-an-operational-landscape#content-7": 0.9433731834845029,
    "the-anthropocene-in-light-of-biological-feedback#content-4": 0.9431426223321728,
    "telling-time-through-lagoons-of-human-waste-at-the-western-treatment-plant#content-7": 0.9430247175972488,
    "the-terrain-of-the-former-veb-elektrokohle-lichtenberg#content-5": 0.9427673887775514,
    "typha-the-once-and-future-planty-companion#abstract": 0.9414763590271462,
    "tactics-for-quotidian-anthropocenes#content-1": 0.9406763864945057,
    "the-floating-ear#content-5": 0.9406442595316814,
    "technostratigraphy-of-a-technological-object#content-2": 0.9402337121679354,
    "uncalculated-risk#abstract": 0.9399583308371726,
    "too-little-water-the-lake-chad-story#content-1": 0.9398398941781764,
    "the-hyphen#abstract": 0.9398319971147423,
    "time-out-of-mind#content-5": 0.93878400996735,
    "the-confluence-area#abstract": 0.9382445856706266,
    "terraforming#content-4": 0.9382361073868373,
    "timeslips#content-2": 0.9380378964903705,
    "terraforming#content-1": 0.9378819642918028,
    "uncalculated-risk#content-6": 0.9378450731121792,
    "tactics-for-quotidian-anthropocenes#content-3": 0.9376528391169221,
    "the-four-dimensional-mississippi#abstract": 0.9370095780710022,
    "the-shape-of-a-practice-seminars#abstract": 0.9368370623641359,
    "writing-global-histories-in-the-anthropocene#content-1": 0.9365058827033973,
    "time-out-of-mind#abstract": 0.9362707967328152,
    "the-terrain-of-the-former-veb-elektrokohle-lichtenberg#content-1": 0.9355161279236416,
    "tactics-for-quotidian-anthropocenes#content-7": 0.9353973679477355,
    "taking-nature-into-account-historical-perspectives-and-paradoxes#abstract": 0.935193087209652,
    "the-anthropocene-in-light-of-biological-feedback#content-9": 0.9350683537383229,
    "white-sands#content-3": 0.9348149892676944,
    "the-anthropocene-and-our-post-natural-future-2#abstract": 0.934630980088735,
    "telling-time-through-lagoons-of-human-waste-at-the-western-treatment-plant#abstract": 0.934329793858236,
    "the-hedge#content-2": 0.9332141486519385,
    "the-mississippi-basin-an-operational-landscape#content-5": 0.9330863093250845,
    "the-aerocene-campus#abstract": 0.9322767441072322,
    "the-stories-we-tell-the-images-we-take#content-2": 0.9315637951958657,
    "uncalculated-risk#content-2": 0.9308845734321318,
    "tactics-for-quotidian-anthropocenes-2#abstract": 0.9307951484831423,
    "telling-time-through-lagoons-of-human-waste-at-the-western-treatment-plant#content-1": 0.9302374962714695,
    "telling-time-through-lagoons-of-human-waste-at-the-western-treatment-plant#content-3": 0.9293895786356892,
    "walk-about-it#abstract": 0.9293183345597034,
    "xaraasi-xanne-crossing-voices#content-2": 0.9286690558053218,
    "tree-x-office#content-1": 0.9278781142461725,
    "timeslips#abstract": 0.9273264417171478,
    "the-anthropogenic-influence-onto-the-air-quality-along-the-mississippi-river-findings#abstract": 0.9271752791251184,
    "telling-time-through-lagoons-of-human-waste-at-the-western-treatment-plant#content-5": 0.9271094339992583,
    "times-before-and-after#abstract": 0.9267940995241483,
    "the-aerocene-campus#content-3": 0.9254042448741953,
    "the-lichtenberg-case#abstract": 0.9253833550839712,
    "the-four-dimensional-mississippi#content-1": 0.924518647124202,
    "the-aerocene-campus#content-5": 0.9241184488063615,
    "tactics-for-quotidian-anthropocenes#content-5": 0.9233821941191186,
    "time-out-of-mind#content-1": 0.9230145025910071,
    "the-american-bottom#abstract": 0.92287959615651,
    "the-aerocene-campus#content-1": 0.9201214666391808,
    "the-vietnamese-community-in-eastern-new-orleans#content-3": 0.919718055662706,
    "the-hyphen#content-1": 0.9180754098853021,
    "the-mississippi-basin-an-operational-landscape#content-1": 0.9169759123456608,
    "white-sands#content-1": 0.9147600952744108,
    "the-anthropogenic-influence-onto-the-air-quality-along-the-mississippi-river-findings#content-6": 0.9142445312611487,
    "the-current-mississippi-an-anthropocene-river#abstract": 0.9129540551857412,
    "the-maledives-case#abstract": 0.9109371047087345,
    "tree-x-office#abstract": 0.9100957109168755,
    "the-mississippi-basin-an-operational-landscape#abstract": 0.9094128672041646,
    "technosphere-magazine#abstract": 0.9088494479775394,
    "the-anthropogenic-influence-onto-the-air-quality-along-the-mississippi-river-findings#content-8": 0.9080695523193469,
    "the-danish-text#abstract": 0.9077915936797877,
    "the-anthropogenic-influence-onto-the-air-quality-along-the-mississippi-river-findings#content-2": 0.9069882599645536,
    "touring-the-anthropocenery-whos-in-charge-here-2014#abstract": 0.9064780110464538,
    "the-stories-we-tell-the-images-we-take#abstract": 0.9061033547863084,
    "understanding-the-north-american-lost-crops#abstract": 0.9060268495922914,
    "the-mississippi-basin-an-operational-landscape#content-3": 0.9042231438463513,
    "the-anthropogenic-influence-onto-the-air-quality-along-the-mississippi-river-findings#content-10": 0.9032810086055898,
    "the-vietnamese-community-in-eastern-new-orleans#content-1": 0.9016671424691617,
    "technostratigraphy-of-a-technological-object#abstract": 0.9004383142687185,
    "the-aerocene-campus#content-11": 0.8995693268154503,
    "the-anthropocene-in-light-of-biological-feedback#content-6": 0.8958124284175366,
    "the-anthropocene-in-light-of-biological-feedback#content-7": 0.892826868378252,
    "this-is-not-about-survival-its-about-bringing-your-coracle#abstract": 0.8905836444671157,
    "temporary-continent#abstract": 0.8884000614521144,
    "the-great-green-desert#abstract": 0.8881149262017715,
    "us-southwest#content-1": 0.8881148098344462,