{
    "the-current-mississippi-an-anthropocene-river#content-1": 0.8447076270389173,
    "test-contribution#content-5": 0.7852972830331256,
    "test-contribution#content-6": 0.7852972830331256,
    "typha-the-once-and-future-planty-companion#content-1": 0.7537580643628372,
    "walk-about-it#content-2": 0.744008504915737,
    "voice-and-representation#abstract": 0.7421824990879486,
    "us-southwest#content-3": 0.7197912819303316,
    "the-vietnamese-community-in-eastern-new-orleans#content-4": 0.716940735722152,
    "the-aerocene-campus#content-6": 0.7101895556231003,
    "this-is-not-about-survival-its-about-bringing-your-coracle#content-1": 0.6960231992357104,
    "writing-global-histories-in-the-anthropocene#abstract": 0.6925845161801955,
    "white-sands#content-2": 0.6896143956749995,
    "white-sands#abstract": 0.6757981566707456,
    "test-contribution#content-2": 0.6737282247841297,
    "the-vietnamese-community-in-eastern-new-orleans#content-2": 0.6716706895640076,
    "tactics-for-quotidian-anthropocenes#content-8": 0.6711445505844497,
    "the-aerocene-campus#content-5": 0.6692877441163859,
    "time-and-time-again#content-1": 0.664506239927912,
    "uncalculated-risk#content-7": 0.6633028235167133,
    "technosphere-co-evolution-a-seminal-seminar-conversation#content-1": 0.6614467091252738,
    "tactics-for-quotidian-anthropocenes#content-7": 0.6589092713115572,
    "technosphere-co-evolution-a-seminal-seminar-conversation#abstract": 0.655372266119868,
    "the-stories-we-tell-the-images-we-take#content-2": 0.6539420897440135,
    "timeslips#abstract": 0.6537669451481601,
    "telling-time-through-lagoons-of-human-waste-at-the-western-treatment-plant#content-5": 0.6521346220988427,
    "too-little-water-the-lake-chad-story#title": 0.6482049401510774,
    "the-stories-we-tell-the-images-we-take#abstract": 0.6453827167302071,
    "the-vietnamese-community-in-eastern-new-orleans#content-1": 0.6442878240265065,
    "time-out-of-mind#content-1": 0.643314795280235,
    "the-aerocene-campus#content-8": 0.6428094719482657,
    "the-aerocene-campus#content-7": 0.6408350261136853,
    "time-out-of-mind#content-3": 0.6386023194578329,
    "the-vietnamese-community-in-eastern-new-orleans#content-3": 0.6366548366490759,
    "too-little-water-the-lake-chad-story#abstract": 0.6338776009077369,
    "the-lichtenberg-case-2#content-1": 0.6336015337034014,
    "uncalculated-risk#content-5": 0.6316398010478395,
    "the-anthropocene-in-light-of-biological-feedback#content-1": 0.6309483293840101,
    "time-out-of-mind#content-5": 0.6304970878235947,
    "the-lichtenberg-case#abstract": 0.6296734178983263,
    "the-danish-text#abstract": 0.6296183131755472,
    "uncalculated-risk#content-2": 0.6288208317776862,
    "technosphere-co-evolution-a-seminal-seminar-conversation#content-2": 0.6278557535627768,
    "the-aerocene-campus#content-9": 0.6278210228873496,
    "the-danish-text#content-1": 0.6271642532640478,
    "the-politics-of-modeling#content-1": 0.6271642532640478,
    "the-rights-of-nature#content-1": 0.6271642532640478,
    "understanding-the-north-american-lost-crops#title": 0.6260773869531998,
    "tree-x-office#content-1": 0.6258462586930867,
    "this-is-not-about-survival-its-about-bringing-your-coracle#abstract": 0.6255556089532143,
    "telling-time-through-lagoons-of-human-waste-at-the-western-treatment-plant#content-7": 0.6250103720802523,
    "transect-walk-cahokia-mounds-to-fairmont-city#abstract": 0.6236177064975055,
    "the-aerocene-campus#abstract": 0.6235946776044368,
    "the-aerocene-campus#content-1": 0.6227243522258862,
    "telling-time-through-lagoons-of-human-waste-at-the-western-treatment-plant#content-1": 0.621799653640362,
    "uncalculated-risk#content-8": 0.6190137804049046,
    "the-terrain-of-the-former-veb-elektrokohle-lichtenberg#content-5": 0.6170408516145375,
    "tactics-for-quotidian-anthropocenes#content-9": 0.61634496230342,
    "technostratigraphy-of-a-technological-object#content-2": 0.615626110038279,
    "the-free-sea#content-2": 0.6147416933070995,
    "us-southwest#content-1": 0.6143115888048497,
    "the-anthropogenic-influence-onto-the-air-quality-along-the-mississippi-river-findings#abstract": 0.6126126279771985,
    "telling-time-through-lagoons-of-human-waste-at-the-western-treatment-plant#content-3": 0.611911227586407,
    "white-sands#content-3": 0.6118376898623359,
    "time-out-of-mind#abstract": 0.6112906127159998,
    "too-little-water-the-lake-chad-story#content-2": 0.6107716592596898,
    "the-anthropocene-in-light-of-biological-feedback#content-9": 0.6105454486528566,
    "white-sands#content-1": 0.6078817194656446,
    "technostratigraphy-of-a-technological-object#abstract": 0.6077859734213109,
    "the-american-bottom#content-1": 0.6076898914883775,
    "the-confluence-area#content-1": 0.6076898914883775,
    "the-great-green-desert#content-1": 0.6076898914883775,
    "technostratigraphy-of-a-technological-object#content-1": 0.6076496758306023,
    "uncalculated-risk#abstract": 0.6068161902588995,
    "xaraasi-xanne-crossing-voices#content-2": 0.606247044267494,
    "the-current-mississippi-an-anthropocene-river#abstract": 0.6041728532274874,
    "touring-the-anthropocenery-whos-in-charge-here-2014#abstract": 0.6036176846168642,
    "the-great-green-desert#abstract": 0.6035079234412937,
    "touring-the-anthropocenery-whos-in-charge-here-2014#content-2": 0.6034169174048972,
    "the-anthropocene-and-our-post-natural-future-2#abstract": 0.6032072714363744,
    "timeslips#content-2": 0.6024065982198936,
    "technosphere-co-evolution-a-seminal-seminar-conversation#content-3": 0.6023958199335796,
    "the-american-bottom#abstract": 0.6018296581002175,
    "the-confluence-area#abstract": 0.6011836079161622,
    "the-hyphen#content-2": 0.6010085001385161,
    "the-maledives-case#abstract": 0.6007598634548069,
    "the-four-dimensional-mississippi#content-1": 0.5999223476734971,
    "xaraasi-xanne-crossing-voices#abstract": 0.5997240808155345,
    "uncalculated-risk#content-3": 0.5995673153682117,
    "the-hedge#content-2": 0.597562430075345,
    "the-aerocene-campus#content-3": 0.5973955393230442,
    "typha-the-once-and-future-planty-companion#abstract": 0.5972947269820705,
    "times-before-and-after#abstract": 0.5970304194825905,
    "temporary-continent#abstract": 0.5965186407281706,
    "uncalculated-risk#content-1": 0.5959970287946571,
    "the-terrain-of-the-former-veb-elektrokohle-lichtenberg#content-1": 0.595840086405943,
    "walk-about-it#content-1": 0.5955067993537164,
    "uncalculated-risk#content-4": 0.595388598917609,
    "uncalculated-risk#content-6": 0.5936548803743011,
    "the-vietnamese-community-in-eastern-new-orleans#title": 0.5934150277497746,
    "voice-and-representation#content-1": 0.5932184039241387,
    "terraforming#content-3": 0.5927902415694141,
    "writing-global-histories-in-the-anthropocene#content-1": 0.592284436570781,
    "the-floating-ear#content-6": 0.5917043083988288,
    "time-and-time-again#subtitle": 0.5907672688651785,
    "twin-cities-artist-residency-mississippi-an-anthropocene-story#abstract": 0.5901654366679583,
    "the-rights-of-nature#abstract": 0.5899193523820613,
    "terraforming#content-1": 0.5895612218564169,
    "the-anthropocene-in-light-of-biological-feedback#content-4": 0.5891747187227243,
    "time-and-time-again#content-2": 0.5890526252367171,
    "telling-time-through-lagoons-of-human-waste-at-the-western-treatment-plant#abstract": 0.5890283885187533,
    "transect-walk-cahokia-mounds-to-fairmont-city#content-1": 0.5878040907287851,
    "the-terrain-of-the-former-veb-elektrokohle-lichtenberg#content-3": 0.5870502840361873,
    "the-hedge#content-3": 0.5869090366793646,
    "too-little-water-the-lake-chad-story#content-1": 0.5866150047742732,
    "wicked-problems-and-mental-models#content-1": 0.5865162420433657,
    "the-floating-ear#content-4": 0.5855145615708824,
    "the-floating-ear#content-7": 0.5848840785207355,