{
    "tactics-for-quotidian-anthropocenes-2#title": 0.9495433976374749,
    "tactics-for-quotidian-anthropocenes-2#abstract": 0.8347480009257148,
    "the-shape-of-a-practice-seminars#abstract": 0.8277898802281756,
    "the-shape-of-a-practice-online-project-environment#title": 0.823815591464771,
    "twin-cities-artist-residency-mississippi-an-anthropocene-story#abstract": 0.8197886029354112,
    "the-shape-of-a-practice#abstract": 0.8195436520260744,
    "the-aerocene-campus#abstract": 0.8150245339344558,
    "xaraasi-xanne-crossing-voices#content-2": 0.8148333891161604,
    "walk-about-it#content-1": 0.8131046237314727,
    "voice-and-representation#content-1": 0.8130888639888775,
    "the-aerocene-campus#content-3": 0.8125769001681259,
    "the-aerocene-campus#content-9": 0.8113378920458446,
    "the-shape-of-a-practice-online-project-environment#abstract": 0.8109120200622076,
    "the-floating-ear#content-2": 0.8055855784589292,
    "the-shape-of-a-practice-seminars#title": 0.8053348121957344,
    "the-aerocene-campus#content-7": 0.8047781480282853,
    "the-floating-ear#content-4": 0.8037497952652639,
    "the-aerocene-campus#content-1": 0.8030416610499849,
    "uncalculated-risk#abstract": 0.8022894036402911,
    "the-floating-ear#content-6": 0.802196227962422,
    "writing-global-histories-in-the-anthropocene#content-1": 0.8020259491010535,
    "taking-nature-into-account-historical-perspectives-and-paradoxes#abstract": 0.8013883811748431,
    "terraforming#abstract": 0.8012853168505722,
    "time-and-time-again#content-2": 0.8012592609907091,
    "terraforming#content-1": 0.8011538504064529,
    "white-sands#content-3": 0.8005087232472343,
    "the-terrain-of-the-former-veb-elektrokohle-lichtenberg#content-5": 0.7998858938765494,
    "the-confluence-area#abstract": 0.7998593264763426,
    "walk-about-it#abstract": 0.7996873822258079,
    "the-lichtenberg-case#abstract": 0.7994408236720503,
    "time-out-of-mind#content-3": 0.7990345639079112,
    "the-anthropocene-in-light-of-biological-feedback#content-10": 0.7986896368117883,
    "time-out-of-mind#abstract": 0.7982796883747826,
    "the-aerocene-campus#content-5": 0.7977176531416269,
    "the-floating-ear#content-7": 0.7970787713462981,
    "times-before-and-after#content-1": 0.7963529259093597,
    "telling-time-through-lagoons-of-human-waste-at-the-western-treatment-plant#content-5": 0.7958305088895866,
    "the-anthropocene-and-our-post-natural-future-2#abstract": 0.7949735468948248,
    "uncalculated-risk#content-8": 0.7945727186148006,
    "the-floating-ear#content-1": 0.7932229374720858,
    "the-terrain-of-the-former-veb-elektrokohle-lichtenberg#content-3": 0.7931054638215467,
    "uncalculated-risk#content-4": 0.7925291867036145,
    "the-stories-we-tell-the-images-we-take#content-2": 0.7922968586999674,
    "uncalculated-risk#content-6": 0.791913365418078,
    "the-anthropocene-in-light-of-biological-feedback#content-3": 0.791877468105535,
    "timeslips#abstract": 0.7917863278259407,
    "the-vietnamese-community-in-eastern-new-orleans#content-3": 0.7917007565317385,
    "too-little-water-the-lake-chad-story#content-1": 0.790942702091936,
    "telling-time-through-lagoons-of-human-waste-at-the-western-treatment-plant#abstract": 0.7908806776685349,
    "the-floating-ear#content-3": 0.7905634772476399,
    "touring-the-anthropocenery-whos-in-charge-here-2014#content-2": 0.7889048368501566,
    "the-american-bottom#abstract": 0.7887140892892368,
    "telling-time-through-lagoons-of-human-waste-at-the-western-treatment-plant#content-1": 0.7879094042075471,
    "the-anthropogenic-influence-onto-the-air-quality-along-the-mississippi-river-findings#abstract": 0.7868391046605896,
    "the-free-sea#content-2": 0.7868120329494468,
    "the-current-mississippi-an-anthropocene-river#abstract": 0.7863611718961949,
    "wicked-problems-and-mental-models#content-1": 0.7862805383909885,
    "the-mississippi-basin-an-operational-landscape#content-7": 0.786169466859199,
    "terraforming#content-4": 0.7855146676705008,
    "the-politics-of-modeling#abstract": 0.7854850200837106,
    "xaraasi-xanne-crossing-voices#abstract": 0.7849614890091924,
    "uncalculated-risk#content-2": 0.7847079049027079,
    "the-aerocene-campus#content-11": 0.7835256553194814,
    "timeslips#content-2": 0.7835082060723251,
    "the-hyphen#content-2": 0.7835014669760815,
    "typha-the-once-and-future-planty-companion#abstract": 0.7830925199741028,
    "the-four-dimensional-mississippi#abstract": 0.7817926132352219,
    "the-terrain-of-the-former-veb-elektrokohle-lichtenberg#content-1": 0.7803755238607669,
    "the-anthropocene-in-light-of-biological-feedback#abstract": 0.7798655343146381,
    "the-danish-text#abstract": 0.7789579595857085,
    "telling-time-through-lagoons-of-human-waste-at-the-western-treatment-plant#content-7": 0.778930436525067,
    "the-anthropocene-in-light-of-biological-feedback#content-9": 0.77874404077512,
    "technosphere-co-evolution-a-seminal-seminar-conversation#content-3": 0.7786286249839491,
    "the-anthropocene-in-light-of-biological-feedback#content-4": 0.7772212922167565,
    "the-mississippi-basin-an-operational-landscape#abstract": 0.7765513735364975,
    "the-hedge#content-2": 0.776014783978877,
    "the-stories-we-tell-the-images-we-take#abstract": 0.7756192132358529,
    "the-anthropocene-in-light-of-biological-feedback#content-2": 0.7724616399226605,
    "telling-time-through-lagoons-of-human-waste-at-the-western-treatment-plant#content-3": 0.7724554388193341,
    "tree-x-office#content-1": 0.7724500424785236,
    "tree-x-office#abstract": 0.7720962628987349,
    "the-hyphen#abstract": 0.7708139478815373,
    "the-aerocene-campus#content-8": 0.7697802417926436,
    "the-mississippi-basin-an-operational-landscape#content-5": 0.7682847789344583,
    "time-out-of-mind#content-1": 0.7658918272783234,
    "the-anthropocene-in-light-of-biological-feedback#content-8": 0.765723822793486,
    "white-sands#content-1": 0.7648103053418368,
    "time-out-of-mind#content-5": 0.7643182449505623,
    "the-mississippi-basin-an-operational-landscape#content-1": 0.7637151833662812,
    "the-rights-of-nature#abstract": 0.7624657845704226,
    "us-southwest#content-3": 0.7617705137218642,
    "the-vietnamese-community-in-eastern-new-orleans#content-1": 0.7612752490452067,
    "the-great-green-desert#abstract": 0.7611243101084828,
    "the-floating-ear#content-5": 0.7608583124868862,
    "the-anthropogenic-influence-onto-the-air-quality-along-the-mississippi-river-findings#content-6": 0.7608440225921977,
    "technostratigraphy-of-a-technological-object#content-2": 0.7598778448753075,
    "the-anthropocene-in-light-of-biological-feedback#content-7": 0.7574240307797405,
    "technosphere-co-evolution-a-seminal-seminar-conversation#abstract": 0.7567815964315211,
    "the-four-dimensional-mississippi#content-1": 0.756654936525452,
    "the-anthropogenic-influence-onto-the-air-quality-along-the-mississippi-river-findings#content-2": 0.7556304548185886,
    "touring-the-anthropocenery-whos-in-charge-here-2014#abstract": 0.7555722146242896,
    "the-hyphen#content-1": 0.754362662475591,
    "the-anthropogenic-influence-onto-the-air-quality-along-the-mississippi-river-findings#content-8": 0.7528589671493884,
    "the-anthropocene-in-light-of-biological-feedback#content-1": 0.7523775857021121,
    "us-southwest#content-1": 0.7520479243111138,
    "the-mississippi-basin-an-operational-landscape#content-3": 0.7516055382064484,
    "this-is-not-about-survival-its-about-bringing-your-coracle#abstract": 0.7507349076174934,
    "temporary-continent#abstract": 0.7505143823663435,
    "us-southwest#content-4": 0.7498697447951477,
    "too-little-water-the-lake-chad-story#content-2": 0.7490999968737841,
    "the-shape-of-a-practice#title": 0.7486143292018856,
    "uncalculated-risk#content-5": 0.7483651121718033,
    "technosphere-magazine#abstract": 0.7479475428466804,