{
    "test-contribution#content-2": 0.9250938877160085,
    "test-contribution#content-5": 0.9243231120791225,
    "test-contribution#content-6": 0.9243231120791225,
    "tactics-for-quotidian-anthropocenes#content-5": 0.888247821586265,
    "uncalculated-risk#content-6": 0.8789451240949028,
    "uncalculated-risk#content-7": 0.8732226822233791,
    "uncalculated-risk#content-2": 0.8730394306512503,
    "uncalculated-risk#content-5": 0.8726526330792231,
    "the-aerocene-campus#content-7": 0.8716749280609626,
    "tactics-for-quotidian-anthropocenes#content-8": 0.8701857753806032,
    "uncalculated-risk#content-8": 0.8662221482778287,
    "the-four-dimensional-mississippi#content-1": 0.8661168855940569,
    "timeslips#content-2": 0.8660297473272766,
    "time-out-of-mind#content-1": 0.8658938225095397,
    "timeslips#abstract": 0.8656210029301182,
    "white-sands#content-3": 0.8648192468622202,
    "telling-time-through-lagoons-of-human-waste-at-the-western-treatment-plant#content-5": 0.8643919423396466,
    "telling-time-through-lagoons-of-human-waste-at-the-western-treatment-plant#content-3": 0.8633042384175725,
    "time-out-of-mind#content-3": 0.8626442252073867,
    "uncalculated-risk#content-4": 0.861014411147808,
    "the-terrain-of-the-former-veb-elektrokohle-lichtenberg#content-1": 0.8585656477382323,
    "the-vietnamese-community-in-eastern-new-orleans#content-1": 0.8573291511536826,
    "white-sands#content-1": 0.8572161968690115,
    "telling-time-through-lagoons-of-human-waste-at-the-western-treatment-plant#content-1": 0.8562054946929019,
    "typha-the-once-and-future-planty-companion#abstract": 0.8546388203533525,
    "the-current-mississippi-an-anthropocene-river#abstract": 0.8540178900753952,
    "the-anthropogenic-influence-onto-the-air-quality-along-the-mississippi-river-findings#content-1": 0.8539092996370109,
    "the-aerocene-campus#content-9": 0.8527861774140492,
    "tactics-for-quotidian-anthropocenes#content-7": 0.8520855846745237,
    "tactics-for-quotidian-anthropocenes#content-9": 0.85183155235713,
    "transect-walk-cahokia-mounds-to-fairmont-city#abstract": 0.8505118192372296,
    "the-anthropocene-in-light-of-biological-feedback#content-4": 0.8496183323169719,
    "the-vietnamese-community-in-eastern-new-orleans#content-3": 0.8494261454538073,
    "telling-time-through-lagoons-of-human-waste-at-the-western-treatment-plant#content-7": 0.8493447646123906,
    "the-terrain-of-the-former-veb-elektrokohle-lichtenberg#content-3": 0.8490347696079962,
    "the-aerocene-campus#content-5": 0.8489737241140236,
    "the-great-green-desert#abstract": 0.8473344530068867,
    "the-aerocene-campus#abstract": 0.8463349221670784,
    "time-out-of-mind#abstract": 0.8460319871775339,
    "the-lichtenberg-case#abstract": 0.8454987595614267,
    "the-confluence-area#abstract": 0.8450692260379721,
    "the-four-dimensional-mississippi#abstract": 0.844755710991211,
    "white-sands#content-2": 0.8438548898192098,
    "the-stories-we-tell-the-images-we-take#content-2": 0.843770060366945,
    "the-mississippi-basin-an-operational-landscape#content-1": 0.843677288128363,
    "tactics-for-quotidian-anthropocenes-2#abstract": 0.8428095346511578,
    "tree-x-office#abstract": 0.8423066017924083,
    "the-terrain-of-the-former-veb-elektrokohle-lichtenberg#content-5": 0.8421537654326129,
    "the-danish-text#abstract": 0.841624837295037,
    "the-mississippi-basin-an-operational-landscape#abstract": 0.8406639447801887,
    "walk-about-it#abstract": 0.8404969474614443,
    "tree-x-office#content-1": 0.8400276874821412,
    "xaraasi-xanne-crossing-voices#content-2": 0.8395753020219636,
    "uncalculated-risk#abstract": 0.8385948870115925,
    "the-mississippi-basin-an-operational-landscape#content-3": 0.8382161938137165,
    "the-aerocene-campus#content-6": 0.8375938657474951,
    "the-hyphen#content-2": 0.8372439514087117,
    "the-floating-ear#content-2": 0.8372012387340889,
    "us-southwest#content-3": 0.8370135636084595,
    "touring-the-anthropocenery-whos-in-charge-here-2014#content-2": 0.8364181562133159,
    "the-mississippi-basin-an-operational-landscape#content-5": 0.8363506580650178,
    "walk-about-it#content-1": 0.83617489719067,
    "the-aerocene-campus#content-3": 0.8361027470651036,
    "the-aerocene-campus#content-1": 0.8351205601014358,
    "the-floating-ear#content-1": 0.8344674346992725,
    "twin-cities-artist-residency-mississippi-an-anthropocene-story#abstract": 0.8341723184591282,
    "the-free-sea#content-2": 0.8339217766715254,
    "time-out-of-mind#content-5": 0.8320204916276173,
    "touring-the-anthropocenery-whos-in-charge-here-2014#abstract": 0.8316707091850917,
    "the-maledives-case#abstract": 0.8312925202909464,
    "the-stories-we-tell-the-images-we-take#abstract": 0.8306617172049847,
    "us-southwest#content-1": 0.8306091857455709,
    "the-floating-ear#content-3": 0.82993564105548,
    "the-shape-of-a-practice#abstract": 0.8297595469519149,
    "the-anthropogenic-influence-onto-the-air-quality-along-the-mississippi-river-findings#abstract": 0.8283471220468036,
    "too-little-water-the-lake-chad-story#content-1": 0.8281295386881136,
    "telling-time-through-lagoons-of-human-waste-at-the-western-treatment-plant#content-6": 0.8276776189279814,
    "the-floating-ear#content-7": 0.8267185361751026,
    "the-american-bottom#abstract": 0.8266600339620446,
    "this-is-not-about-survival-its-about-bringing-your-coracle#abstract": 0.8262398248392371,
    "the-anthropogenic-influence-onto-the-air-quality-along-the-mississippi-river-findings#content-6": 0.8255177275177885,
    "the-anthropocene-in-light-of-biological-feedback#content-9": 0.8250165357713348,
    "terraforming#content-4": 0.8249960681458153,
    "the-mississippi-basin-an-operational-landscape#content-7": 0.8249880360056158,
    "telling-time-through-lagoons-of-human-waste-at-the-western-treatment-plant#title": 0.8247510571070167,
    "typha-the-once-and-future-planty-companion#content-1": 0.8244075312597555,
    "the-shape-of-a-practice-seminars#abstract": 0.8243918858399314,
    "the-anthropocene-in-light-of-biological-feedback#content-8": 0.8240958187592607,
    "technostratigraphy-of-a-technological-object#content-2": 0.8240473263260084,
    "the-floating-ear#content-6": 0.8238999768549564,
    "the-anthropocene-in-light-of-biological-feedback#content-3": 0.8231963336045535,
    "uncalculated-risk#content-1": 0.8229936933801661,
    "the-anthropogenic-influence-onto-the-air-quality-along-the-mississippi-river-findings#content-2": 0.82295167758317,
    "the-anthropocene-in-light-of-biological-feedback#content-10": 0.8226960625675245,
    "terraforming#content-1": 0.8223684426746363,
    "times-before-and-after#content-1": 0.8219346105053364,
    "the-hedge#content-2": 0.8214656502586094,
    "technosphere-co-evolution-a-seminal-seminar-conversation#content-3": 0.8211482898410061,
    "the-rights-of-nature#abstract": 0.8208028418549519,
    "the-anthropogenic-influence-onto-the-air-quality-along-the-mississippi-river-findings#content-8": 0.8196326063010725,
    "the-vietnamese-community-in-eastern-new-orleans#content-2": 0.8188342330592644,
    "the-floating-ear#content-5": 0.8188071964011853,
    "the-shape-of-a-practice-online-project-environment#abstract": 0.8183052500354859,
    "technosphere-magazine#abstract": 0.8181112803363338,
    "technosphere-co-evolution-a-seminal-seminar-conversation#abstract": 0.8179398303202943,
    "time-and-time-again#content-2": 0.8176741816914961,
    "writing-global-histories-in-the-anthropocene#content-1": 0.8172164103214574,
    "the-anthropocene-in-light-of-biological-feedback#content-1": 0.8166414625829285,
    "the-floating-ear#content-4": 0.8161891428053506,
    "taking-nature-into-account-historical-perspectives-and-paradoxes#abstract": 0.8151730678798965,
    "wicked-problems-and-mental-models#content-1": 0.814592701921172,
    "the-anthropocene-in-light-of-biological-feedback#abstract": 0.8139936586760491,