{
    "test-contribution#content-5": 0.9800057630296434,
    "test-contribution#content-6": 0.9800057630296434,
    "uncalculated-risk#content-5": 0.9094490988178984,
    "telling-time-through-lagoons-of-human-waste-at-the-western-treatment-plant#content-5": 0.9023754286844257,
    "uncalculated-risk#content-7": 0.9016435763614914,
    "telling-time-through-lagoons-of-human-waste-at-the-western-treatment-plant#content-1": 0.9007381289565242,
    "the-vietnamese-community-in-eastern-new-orleans#content-2": 0.8973285877142103,
    "the-terrain-of-the-former-veb-elektrokohle-lichtenberg#content-1": 0.8972709378368788,
    "the-aerocene-campus#content-5": 0.8966062021931545,
    "the-aerocene-campus#content-1": 0.8954867987282819,
    "the-stories-we-tell-the-images-we-take#abstract": 0.8946655983401519,
    "white-sands#content-2": 0.8938538271039929,
    "uncalculated-risk#content-6": 0.8933736402538178,
    "white-sands#content-3": 0.8929595091906972,
    "tactics-for-quotidian-anthropocenes#content-9": 0.8914314477175228,
    "the-aerocene-campus#content-3": 0.8895638892227052,
    "uncalculated-risk#content-2": 0.8879864122379971,
    "time-out-of-mind#content-1": 0.8872446154491584,
    "uncalculated-risk#content-1": 0.8870422762738766,
    "uncalculated-risk#content-8": 0.8853143294173539,
    "the-vietnamese-community-in-eastern-new-orleans#content-3": 0.8837496793158036,
    "the-aerocene-campus#content-7": 0.8831652479409069,
    "the-lichtenberg-case#abstract": 0.8829733830464355,
    "the-stories-we-tell-the-images-we-take#content-2": 0.8808141632456125,
    "tree-x-office#abstract": 0.880372450709503,
    "the-vietnamese-community-in-eastern-new-orleans#content-1": 0.8802164254047351,
    "time-out-of-mind#content-3": 0.8800238975549239,
    "telling-time-through-lagoons-of-human-waste-at-the-western-treatment-plant#content-3": 0.8794567307384609,
    "us-southwest#content-3": 0.8793316606578918,
    "the-four-dimensional-mississippi#content-1": 0.8786240158799924,
    "us-southwest#content-1": 0.8780638764131621,
    "white-sands#content-1": 0.8779935798658142,
    "the-terrain-of-the-former-veb-elektrokohle-lichtenberg#content-3": 0.8768850398485417,
    "the-anthropogenic-influence-onto-the-air-quality-along-the-mississippi-river-findings#content-1": 0.8767236533207777,
    "this-is-not-about-survival-its-about-bringing-your-coracle#abstract": 0.8766850736811186,
    "the-aerocene-campus#abstract": 0.8764969597829875,
    "timeslips#content-2": 0.876430315218134,
    "the-aerocene-campus#content-9": 0.8728734690752382,
    "touring-the-anthropocenery-whos-in-charge-here-2014#abstract": 0.8728479297358317,
    "the-current-mississippi-an-anthropocene-river#abstract": 0.8727178363540701,
    "uncalculated-risk#content-3": 0.8710968007819169,
    "the-anthropocene-in-light-of-biological-feedback#content-4": 0.8705787310462586,
    "xaraasi-xanne-crossing-voices#abstract": 0.8705333967745142,
    "tree-x-office#content-1": 0.8702803398182432,
    "the-hyphen#content-2": 0.8701015603211467,
    "twin-cities-artist-residency-mississippi-an-anthropocene-story#abstract": 0.8689548169752995,
    "the-mississippi-basin-an-operational-landscape#content-3": 0.8680454874490375,
    "uncalculated-risk#content-4": 0.8678840679651357,
    "the-mississippi-basin-an-operational-landscape#content-1": 0.8673762848165707,
    "uncalculated-risk#abstract": 0.8670793041490068,
    "too-little-water-the-lake-chad-story#abstract": 0.8670311391120608,
    "the-hedge#content-3": 0.8663613462879184,
    "transect-walk-cahokia-mounds-to-fairmont-city#abstract": 0.8646805569130311,
    "the-aerocene-campus#content-6": 0.8638538298836091,
    "xaraasi-xanne-crossing-voices#content-2": 0.8635388105059099,
    "walk-about-it#abstract": 0.863488081203603,
    "telling-time-through-lagoons-of-human-waste-at-the-western-treatment-plant#content-7": 0.863464331254309,
    "the-american-bottom#abstract": 0.862739751602757,
    "the-great-green-desert#abstract": 0.86260472485181,
    "the-confluence-area#abstract": 0.8626046172728817,
    "the-terrain-of-the-former-veb-elektrokohle-lichtenberg#content-5": 0.8612193018362532,
    "technosphere-co-evolution-a-seminal-seminar-conversation#abstract": 0.8594706620719278,
    "time-out-of-mind#abstract": 0.8594109085024676,
    "timeslips#abstract": 0.8589194296457481,
    "telling-time-through-lagoons-of-human-waste-at-the-western-treatment-plant#content-6": 0.8587522728489362,
    "test-contribution#content-2": 0.8586188468667247,
    "tactics-for-quotidian-anthropocenes-2#abstract": 0.8580439893115036,
    "the-anthropocene-in-light-of-biological-feedback#content-9": 0.8579401158970852,
    "the-free-sea#content-2": 0.857931369740077,
    "the-anthropocene-in-light-of-biological-feedback#content-1": 0.8575115336842463,
    "the-danish-text#abstract": 0.857431677386077,
    "terraforming#content-1": 0.8558783339145409,
    "the-shape-of-a-practice#abstract": 0.8554692501977276,
    "terraforming#content-4": 0.8546427480987111,
    "the-shape-of-a-practice-online-project-environment#abstract": 0.854134024989392,
    "the-shape-of-a-practice-seminars#abstract": 0.8532232468409882,
    "the-floating-ear#content-1": 0.8529682431621363,
    "the-mississippi-basin-an-operational-landscape#abstract": 0.8518738913940673,
    "the-floating-ear#content-6": 0.8517913298984097,
    "touring-the-anthropocenery-whos-in-charge-here-2014#content-2": 0.8506338321195402,
    "technostratigraphy-of-a-technological-object#content-2": 0.8506098336020738,
    "typha-the-once-and-future-planty-companion#abstract": 0.8498231649033872,
    "the-anthropogenic-influence-onto-the-air-quality-along-the-mississippi-river-findings#content-2": 0.8496243577439101,
    "time-out-of-mind#content-5": 0.8487382744015493,
    "temporary-continent#abstract": 0.8476932108838884,
    "the-aerocene-campus#content-11": 0.8474354352515642,
    "typha-the-once-and-future-planty-companion#content-1": 0.8474120146512617,
    "walk-about-it#content-1": 0.8473171053760572,
    "time-and-time-again#content-2": 0.8471075770190629,
    "the-anthropogenic-influence-onto-the-air-quality-along-the-mississippi-river-findings#content-6": 0.8462924572292935,
    "white-sands#abstract": 0.8458656150546576,
    "the-floating-ear#content-3": 0.8453759063209042,
    "the-anthropocene-in-light-of-biological-feedback#content-7": 0.8453234225070378,
    "times-before-and-after#content-1": 0.8442679646548826,
    "the-floating-ear#content-5": 0.8437615405585667,
    "the-rights-of-nature#abstract": 0.8432599221461946,
    "the-aerocene-campus#content-8": 0.841418933292403,
    "the-anthropocene-in-light-of-biological-feedback#content-3": 0.8407915063323436,
    "the-hedge#content-2": 0.8406217855649483,
    "the-floating-ear#content-7": 0.839962633777188,
    "the-anthropocene-and-our-post-natural-future-2#abstract": 0.8390990683681286,
    "technosphere-co-evolution-a-seminal-seminar-conversation#content-3": 0.8383135325987325,
    "time-and-time-again#content-1": 0.8375265935778625,
    "the-four-dimensional-mississippi#abstract": 0.8370827533765681,
    "the-vietnamese-community-in-eastern-new-orleans#content-4": 0.8370642011622689,
    "the-mississippi-basin-an-operational-landscape#content-5": 0.8368527903655455,
    "the-floating-ear#content-2": 0.836177405580769,
    "the-anthropocene-in-light-of-biological-feedback#content-10": 0.8354427903787148,
    "the-terrain-of-the-former-veb-elektrokohle-lichtenberg#content-4": 0.8350492685979335,
    "the-anthropogenic-influence-onto-the-air-quality-along-the-mississippi-river-findings#abstract": 0.834634382082944,
    "the-floating-ear#content-4": 0.8344769666428025,
    "too-little-water-the-lake-chad-story#content-1": 0.8332446381874191,
    "wicked-problems-and-mental-models#content-1": 0.8331502872746929,