{
    "tactics-for-quotidian-anthropocenes#content-3": 0.9892873534322169,
    "the-shape-of-a-practice#abstract": 0.9852929385882311,
    "tactics-for-quotidian-anthropocenes#content-9": 0.9829564600255236,
    "the-aerocene-campus#content-9": 0.9801772988839316,
    "voice-and-representation#content-1": 0.9767377932838978,
    "the-aerocene-campus#content-1": 0.9743604525028102,
    "the-aerocene-campus#content-5": 0.9742335788274371,
    "the-anthropocene-in-light-of-biological-feedback#content-10": 0.9740888849293031,
    "terraforming#content-1": 0.9735928681027778,
    "the-floating-ear#content-6": 0.9733107819357004,
    "the-floating-ear#content-1": 0.9732378757281619,
    "the-anthropocene-and-our-post-natural-future-2#abstract": 0.9726480826200142,
    "uncalculated-risk#abstract": 0.9722079736626871,
    "the-aerocene-campus#content-3": 0.9717377873726945,
    "times-before-and-after#content-1": 0.9710748106213547,
    "the-aerocene-campus#abstract": 0.970801001889531,
    "wicked-problems-and-mental-models#content-1": 0.9705209995797843,
    "the-floating-ear#content-4": 0.9705035225369094,
    "tactics-for-quotidian-anthropocenes#content-7": 0.9698025558648912,
    "the-stories-we-tell-the-images-we-take#content-2": 0.969680106148824,
    "the-american-bottom#abstract": 0.9696726722472646,
    "the-floating-ear#content-7": 0.9696100928792291,
    "the-anthropocene-in-light-of-biological-feedback#content-3": 0.9695593801611903,
    "time-and-time-again#content-2": 0.9693900437469757,
    "twin-cities-artist-residency-mississippi-an-anthropocene-story#abstract": 0.9686338306914998,
    "the-anthropocene-in-light-of-biological-feedback#content-9": 0.9682600929315653,
    "the-shape-of-a-practice-seminars#abstract": 0.9682530942302937,
    "terraforming#abstract": 0.9676991595469573,
    "the-floating-ear#content-3": 0.9668494150935827,
    "the-aerocene-campus#content-7": 0.9661910837370301,
    "the-confluence-area#abstract": 0.9661748305439073,
    "technosphere-co-evolution-a-seminal-seminar-conversation#content-3": 0.9656285544925828,
    "the-terrain-of-the-former-veb-elektrokohle-lichtenberg#content-5": 0.9651559317430952,
    "writing-global-histories-in-the-anthropocene#content-1": 0.9649132601274109,
    "the-shape-of-a-practice-online-project-environment#abstract": 0.9647918096281921,
    "telling-time-through-lagoons-of-human-waste-at-the-western-treatment-plant#content-5": 0.9647263939655497,
    "the-anthropocene-in-light-of-biological-feedback#abstract": 0.9644566945048315,
    "the-free-sea#content-2": 0.9643867840036875,
    "telling-time-through-lagoons-of-human-waste-at-the-western-treatment-plant#content-1": 0.963966864115392,
    "the-floating-ear#content-5": 0.9629647471736771,
    "too-little-water-the-lake-chad-story#content-1": 0.9626362150066614,
    "the-lichtenberg-case#abstract": 0.9618217335682195,
    "the-mississippi-basin-an-operational-landscape#content-7": 0.9617143626833177,
    "time-out-of-mind#abstract": 0.9616683821479672,
    "temporary-continent#abstract": 0.9615967104774916,
    "walk-about-it#content-1": 0.9610710247265712,
    "xaraasi-xanne-crossing-voices#content-2": 0.9602905973175574,
    "time-out-of-mind#content-3": 0.9602495802478013,
    "touring-the-anthropocenery-whos-in-charge-here-2014#content-2": 0.9599049796007313,
    "the-anthropocene-in-light-of-biological-feedback#content-2": 0.9596432757851782,
    "the-terrain-of-the-former-veb-elektrokohle-lichtenberg#content-3": 0.9590562936481841,
    "the-vietnamese-community-in-eastern-new-orleans#content-3": 0.958653148127345,
    "uncalculated-risk#content-8": 0.9581775609271639,
    "tactics-for-quotidian-anthropocenes-2#abstract": 0.9577247465325093,
    "the-anthropogenic-influence-onto-the-air-quality-along-the-mississippi-river-findings#abstract": 0.956827852755728,
    "tree-x-office#content-1": 0.9566080081159481,
    "tactics-for-quotidian-anthropocenes#content-5": 0.9565451154958443,
    "the-hyphen#content-2": 0.9564937608021499,
    "white-sands#content-3": 0.9557039531202939,
    "the-anthropocene-in-light-of-biological-feedback#content-4": 0.9555870343289115,
    "telling-time-through-lagoons-of-human-waste-at-the-western-treatment-plant#content-7": 0.9549081254278172,
    "the-floating-ear#content-2": 0.9548079867358436,
    "technostratigraphy-of-a-technological-object#content-2": 0.953753652528872,
    "taking-nature-into-account-historical-perspectives-and-paradoxes#abstract": 0.9531132061792486,
    "uncalculated-risk#content-4": 0.9508112776426825,
    "the-terrain-of-the-former-veb-elektrokohle-lichtenberg#content-1": 0.9496261445371444,
    "the-current-mississippi-an-anthropocene-river#abstract": 0.9493672881324199,
    "telling-time-through-lagoons-of-human-waste-at-the-western-treatment-plant#content-3": 0.9485144187513254,
    "time-out-of-mind#content-5": 0.9467707153087499,
    "time-out-of-mind#content-1": 0.9464781337496054,
    "the-mississippi-basin-an-operational-landscape#content-1": 0.9462711724129867,
    "the-hedge#content-2": 0.946172021323229,
    "the-mississippi-basin-an-operational-landscape#content-5": 0.945854272687891,
    "white-sands#content-1": 0.945845378918614,
    "the-four-dimensional-mississippi#content-1": 0.9451341715567733,
    "uncalculated-risk#content-2": 0.9450968303624468,
    "timeslips#content-2": 0.945054409333584,
    "the-four-dimensional-mississippi#abstract": 0.9449273631219673,
    "the-hyphen#content-1": 0.9447171745806106,
    "walk-about-it#abstract": 0.9439263062755979,
    "the-danish-text#abstract": 0.9436823787502968,
    "the-hyphen#abstract": 0.9434061551191993,
    "the-anthropocene-in-light-of-biological-feedback#content-8": 0.9433187828728379,
    "the-anthropogenic-influence-onto-the-air-quality-along-the-mississippi-river-findings#content-2": 0.9430555396277516,
    "the-anthropogenic-influence-onto-the-air-quality-along-the-mississippi-river-findings#content-6": 0.9409937429338411,
    "uncalculated-risk#content-6": 0.9394916045722461,
    "terraforming#content-4": 0.9392770347498883,
    "the-anthropocene-in-light-of-biological-feedback#content-7": 0.9388440219989134,
    "timeslips#abstract": 0.9373294843334172,
    "the-stories-we-tell-the-images-we-take#abstract": 0.9372268827326841,
    "typha-the-once-and-future-planty-companion#abstract": 0.9371054392758816,
    "the-vietnamese-community-in-eastern-new-orleans#content-1": 0.9370611318074821,
    "the-mississippi-basin-an-operational-landscape#content-3": 0.9367929021565392,
    "telling-time-through-lagoons-of-human-waste-at-the-western-treatment-plant#abstract": 0.9362074179948553,
    "this-is-not-about-survival-its-about-bringing-your-coracle#abstract": 0.9359435156288741,
    "technosphere-magazine#abstract": 0.9349098471781996,
    "the-mississippi-basin-an-operational-landscape#abstract": 0.9340067193338031,
    "the-anthropogenic-influence-onto-the-air-quality-along-the-mississippi-river-findings#content-8": 0.9327454049388627,
    "the-aerocene-campus#content-8": 0.9316815302505899,
    "understanding-the-north-american-lost-crops#abstract": 0.9307099143272862,
    "tree-x-office#abstract": 0.9290795408118492,
    "the-anthropocene-in-light-of-biological-feedback#content-1": 0.9288332133718669,
    "times-before-and-after#abstract": 0.9276883146355074,
    "the-anthropogenic-influence-onto-the-air-quality-along-the-mississippi-river-findings#content-10": 0.9270300130720208,
    "us-southwest#content-1": 0.9266385664226613,
    "xaraasi-xanne-crossing-voices#abstract": 0.9262580055945234,
    "the-aerocene-campus#content-11": 0.9237494107003837,
    "the-great-green-desert#abstract": 0.9201823579469295,
    "touring-the-anthropocenery-whos-in-charge-here-2014#abstract": 0.9173628395848982,
    "too-little-water-the-lake-chad-story#abstract": 0.916777947489997,
    "the-maledives-case#abstract": 0.9160792737291772,
    "the-rights-of-nature#abstract": 0.9134839677759569,