{
    "voice-and-representation#abstract": 0.790461320309359,
    "writing-global-histories-in-the-anthropocene#abstract": 0.7690369284428579,
    "the-current-mississippi-an-anthropocene-river#content-1": 0.6933223386545022,
    "the-vietnamese-community-in-eastern-new-orleans#content-4": 0.5985239873455411,
    "the-danish-text#content-1": 0.5686913779216373,
    "the-politics-of-modeling#content-1": 0.5686913779216373,
    "the-rights-of-nature#content-1": 0.5686913779216373,
    "the-american-bottom#content-1": 0.5598722190317132,
    "the-confluence-area#content-1": 0.5598722190317132,
    "the-great-green-desert#content-1": 0.5598722190317132,
    "xaraasi-xanne-crossing-voices#content-1": 0.544105508594592,
    "time-out-of-mind#content-2": 0.5434830878514123,
    "the-stories-we-tell-the-images-we-take#content-1": 0.54276577518727,
    "walk-about-it#content-2": 0.488329912983257,
    "the-lichtenberg-case-2#content-1": 0.47767766887743424,
    "time-and-time-again#content-1": 0.4761925554460744,
    "typha-the-once-and-future-planty-companion#content-1": 0.47485936442121507,
    "us-southwest#content-3": 0.46816926147703036,
    "white-sands#content-2": 0.46291608490257197,
    "time-out-of-mind#content-4": 0.45768691064444544,
    "white-sands#abstract": 0.45740880776615594,
    "the-vietnamese-community-in-eastern-new-orleans#content-2": 0.45035028403107474,
    "twin-cities-artist-residency-mississippi-an-anthropocene-story#title": 0.44737343264611595,
    "the-aerocene-campus#content-6": 0.44077552732009984,
    "the-hedge#content-3": 0.4282692059342866,
    "too-little-water-the-lake-chad-story#content-2": 0.4272467486141224,
    "transect-walk-cahokia-mounds-to-fairmont-city#content-1": 0.4198788303656016,
    "test-contribution#content-5": 0.4148406749277979,
    "test-contribution#content-6": 0.4148406749277979,
    "test-contribution#content-1": 0.4143898846713998,
    "test-contribution#abstract": 0.4129328643153656,
    "test-contribution#content-3": 0.409617807885697,
    "time-and-time-again#subtitle": 0.39887260042894407,
    "test-contribution#content-7": 0.3979413881975734,
    "the-anthropocene-in-light-of-biological-feedback#content-1": 0.3977641492623859,
    "uncalculated-risk#content-7": 0.3934522115445479,
    "the-lichtenberg-case#content-1": 0.38727426305235146,
    "the-aerocene-campus#content-10": 0.38689986589173514,
    "the-aerocene-campus#content-2": 0.38689986131367277,
    "terraforming#content-2": 0.3839368316487704,
    "the-aerocene-campus#content-5": 0.3825972565015808,
    "the-aerocene-campus#content-8": 0.3819690782669599,
    "temporary-continent#abstract": 0.3774357908217689,
    "too-little-water-the-lake-chad-story#abstract": 0.37263025839582914,
    "understanding-the-north-american-lost-crops#content-1": 0.3707811722220047,
    "terraforming#content-3": 0.36943517716563307,
    "timeslips#content-1": 0.3666932459639907,
    "the-stories-we-tell-the-images-we-take#content-2": 0.35795764749731057,
    "too-little-water-the-lake-chad-story#title": 0.35729123000864865,
    "this-is-not-about-survival-its-about-bringing-your-coracle#content-1": 0.3558465545404559,
    "typha-the-once-and-future-planty-companion#title": 0.3519651929461615,
    "the-anthropogenic-influence-onto-the-air-quality-along-the-mississippi-river-findings#content-7": 0.34796599622134905,
    "the-aerocene-campus#content-1": 0.3422687302996728,
    "this-is-not-about-survival-its-about-bringing-your-coracle#abstract": 0.3397731827043447,
    "technostratigraphy-of-a-technological-object#content-1": 0.3356836535377835,
    "telling-time-through-lagoons-of-human-waste-at-the-western-treatment-plant#content-5": 0.3351683930258237,
    "the-american-bottom#abstract": 0.3340537244466607,
    "the-anthropocene-in-light-of-biological-feedback#content-9": 0.32953313289291275,
    "us-southwest#content-1": 0.3295298976492183,
    "time-out-of-mind#content-1": 0.3252705996567653,
    "the-hyphen#content-1": 0.324999411836456,
    "ve-vm-vt-the-ideal-cosmic-messengers#title": 0.323623033914834,
    "the-anthropocene-and-our-post-natural-future-2#abstract": 0.3218233285029016,
    "the-anthropocene-in-light-of-biological-feedback#content-7": 0.32170825284514776,
    "typha-the-once-and-future-planty-companion#subtitle": 0.3209037830897806,
    "the-danish-text#abstract": 0.3184627837962254,
    "the-vietnamese-community-in-eastern-new-orleans#content-1": 0.31719609430114126,
    "terraforming#content-1": 0.3140356506956456,
    "transect-walk-cahokia-mounds-to-fairmont-city#title": 0.31350888112043385,
    "uncalculated-risk#content-1": 0.3132791563744007,
    "tree-x-office#content-2": 0.31258644901048505,
    "technostratigraphy-of-a-technological-object#content-2": 0.3104546525724062,
    "the-anthropogenic-influence-onto-the-air-quality-along-the-mississippi-river-findings#abstract": 0.3083913606364346,
    "the-aerocene-campus#content-7": 0.30790010370025506,
    "the-aerocene-campus#abstract": 0.3053636163967064,
    "telling-time-through-lagoons-of-human-waste-at-the-western-treatment-plant#content-1": 0.30531460487798784,
    "tree-x-office#content-1": 0.30401242572298864,
    "the-rights-of-nature#abstract": 0.30325741301382547,
    "the-stories-we-tell-the-images-we-take#abstract": 0.30257938390040073,
    "uncalculated-risk#content-5": 0.3021951877087757,
    "the-great-green-desert#abstract": 0.30049707036401985,
    "timeslips#abstract": 0.29877471893236707,
    "the-vietnamese-community-in-eastern-new-orleans#content-3": 0.2985437638046576,
    "uncalculated-risk#content-3": 0.29782546145950944,
    "the-aerocene-campus#content-9": 0.2941989460163686,
    "the-aerocene-campus#content-3": 0.2937752294542215,
    "the-lichtenberg-case#abstract": 0.29322628599024236,
    "the-mississippi-basin-an-operational-landscape#content-4": 0.2911657447593003,
    "time-out-of-mind#content-3": 0.2907550750750603,
    "technostratigraphy-of-a-technological-object#abstract": 0.2907466173681482,
    "understanding-the-north-american-lost-crops#title": 0.29061312138090706,
    "the-anthropocene-in-light-of-biological-feedback#content-4": 0.28891946663940626,
    "telling-time-through-lagoons-of-human-waste-at-the-western-treatment-plant#content-7": 0.28877119752076313,
    "the-vietnamese-community-in-eastern-new-orleans#title": 0.28771571978665095,
    "test-contribution#content-2": 0.28600593528354507,
    "time-out-of-mind#content-5": 0.2854744470036423,
    "white-sands#title": 0.28526072759610416,
    "the-aerocene-campus#content-4": 0.2846184763795235,
    "time-out-of-mind#subtitle": 0.28384285710701845,
    "wicked-problems-and-mental-models#abstract": 0.28338282594574354,
    "the-mississippi-basin-an-operational-landscape#content-6": 0.2809971650559857,
    "touring-the-anthropocenery-whos-in-charge-here-2014#abstract": 0.2809901314230861,
    "transect-walk-cahokia-mounds-to-fairmont-city#abstract": 0.2808685651537024,
    "telling-time-through-lagoons-of-human-waste-at-the-western-treatment-plant#content-3": 0.2802509477751722,
    "technosphere-magazine#abstract": 0.2797939084872871,
    "white-sands#content-1": 0.27964788795796264,
    "the-current-mississippi-an-anthropocene-river#title": 0.27963761933434794,
    "the-floating-ear#content-6": 0.2783754782850222,
    "the-stories-we-tell-the-images-we-take#title": 0.27684913964498264,
    "time-out-of-mind#abstract": 0.27681899678827315,
    "the-free-sea#content-2": 0.2757854450839456,
    "xaraasi-xanne-crossing-voices#abstract": 0.27531110198413783,
    "times-before-and-after#abstract": 0.27510010474665997,
    "the-hyphen#content-2": 0.2731137554205105,
    "the-great-green-desert#title": 0.27139942056480587,
    "touring-the-anthropocenery-whos-in-charge-here-2014#content-1": 0.2693454265658312,
    "technosphere-co-evolution-a-seminal-seminar-conversation#content-3": 0.26915999016567543,