{
    "time-out-of-mind#content-5": 0.7109927721338156,
    "the-terrain-of-the-former-veb-elektrokohle-lichtenberg#content-1": 0.709876369600395,
    "typha-the-once-and-future-planty-companion#abstract": 0.7095782590769175,
    "the-stories-we-tell-the-images-we-take#abstract": 0.7056433889800721,
    "timeslips#content-2": 0.7027750291410584,
    "uncalculated-risk#content-4": 0.6984937845883505,
    "the-aerocene-campus#content-7": 0.6980060034742616,
    "the-terrain-of-the-former-veb-elektrokohle-lichtenberg#content-3": 0.6978981080958075,
    "touring-the-anthropocenery-whos-in-charge-here-2014#abstract": 0.696131274323755,
    "xaraasi-xanne-crossing-voices#content-2": 0.6955714160308352,
    "the-free-sea#content-2": 0.6942644013097944,
    "uncalculated-risk#content-6": 0.6942269526893761,
    "time-out-of-mind#content-3": 0.6941589140848431,
    "the-aerocene-campus#content-9": 0.6923409996235469,
    "the-hyphen#content-2": 0.6914030050750818,
    "telling-time-through-lagoons-of-human-waste-at-the-western-treatment-plant#content-5": 0.6899169293072216,
    "terraforming#content-4": 0.6889573999186096,
    "touring-the-anthropocenery-whos-in-charge-here-2014#content-2": 0.6876008486095931,
    "time-out-of-mind#content-1": 0.6875468767889361,
    "white-sands#content-3": 0.6848293666616095,
    "the-floating-ear#content-1": 0.6846060652301873,
    "the-shipworm-and-the-telegraph#title": 0.6839014396631311,
    "the-shape-of-a-practice#title": 0.6830298098803453,
    "the-maledives-case#title": 0.6820213074578295,
    "uncalculated-risk#content-8": 0.6810669064821414,
    "the-anthropocene-in-light-of-biological-feedback#content-4": 0.6808771229469264,
    "uncalculated-risk#content-2": 0.6802923108360657,
    "the-floating-ear#content-3": 0.6788991091938844,
    "times-before-and-after#content-1": 0.6782063881955674,
    "telling-time-through-lagoons-of-human-waste-at-the-western-treatment-plant#content-7": 0.6775499278571679,
    "time-and-time-again#content-2": 0.6758400859658292,
    "the-floating-ear#content-6": 0.6756870521585939,
    "the-stories-we-tell-the-images-we-take#title": 0.6751105035998213,
    "twin-cities-artist-residency-mississippi-an-anthropocene-story#abstract": 0.6744706601722615,
    "the-floating-ear#content-2": 0.6732169734623598,
    "this-is-not-about-survival-its-about-bringing-your-coracle#subtitle": 0.672726808472728,
    "the-aerocene-campus#content-3": 0.6725105061066377,
    "walk-about-it#content-1": 0.6721147436192731,
    "the-four-dimensional-mississippi#content-1": 0.671727841196934,
    "telling-time-through-lagoons-of-human-waste-at-the-western-treatment-plant#content-3": 0.6715778183199487,
    "tree-x-office#content-1": 0.6711674512544462,
    "uncalculated-risk#abstract": 0.6698757275392324,
    "the-confluence-area#abstract": 0.6695482323834507,
    "telling-time-through-lagoons-of-human-waste-at-the-western-treatment-plant#content-1": 0.6692503950823582,
    "the-aerocene-campus#content-11": 0.6688720442683209,
    "the-aerocene-campus#content-5": 0.6688451120022929,
    "the-danish-text#abstract": 0.6682693427200748,
    "wicked-problems-and-mental-models#content-1": 0.667816492950687,
    "test-contribution#subtitle": 0.6673144729881019,
    "the-four-dimensional-mississippi#abstract": 0.6671374344227541,
    "the-aerocene-campus#content-4": 0.666652954484182,
    "the-mississippi-basin-an-operational-landscape#abstract": 0.6664316948452513,
    "the-hedge#content-2": 0.6660376173461793,
    "the-aerocene-campus#abstract": 0.6646248442710609,
    "the-shape-of-a-practice-seminars#abstract": 0.6645511600329985,
    "the-stories-we-tell-the-images-we-take#content-2": 0.6640598402275272,
    "timeslips#abstract": 0.6634098529035724,
    "voice-and-representation#content-1": 0.6632634771533961,
    "time-out-of-mind#abstract": 0.6631855920849764,
    "the-terrain-of-the-former-veb-elektrokohle-lichtenberg#content-5": 0.6622503948287076,
    "the-vietnamese-community-in-eastern-new-orleans#content-3": 0.6618500400027019,
    "tree-x-office#abstract": 0.6617708102148357,
    "uncalculated-risk#subtitle": 0.6614630139499681,
    "the-anthropocene-in-light-of-biological-feedback#content-10": 0.6614411454283723,
    "white-sands#content-1": 0.6594230372054999,
    "the-floating-ear#content-7": 0.6591861552514824,
    "the-lichtenberg-case#abstract": 0.6572054920152016,
    "time-out-of-mind#title": 0.6567831392009869,
    "the-shape-of-a-practice#abstract": 0.6564828730030834,
    "the-shape-of-a-practice-online-project-environment#abstract": 0.6560069149054749,
    "times-before-and-after#abstract": 0.655853278330491,
    "the-shape-of-a-practice-online-project-environment#title": 0.6551951582206254,
    "uncalculated-risk#content-5": 0.6551200445035391,
    "the-floating-ear#content-5": 0.6550089102367388,
    "the-great-green-desert#abstract": 0.6548496363292708,
    "the-aerocene-campus#content-1": 0.6539367779186778,
    "the-maledives-case#abstract": 0.6537546117366707,
    "us-southwest#content-1": 0.653459184400109,
    "the-anthropocene-in-light-of-biological-feedback#content-3": 0.6527824862360277,
    "the-anthropocene-in-light-of-biological-feedback#content-9": 0.6523538763678216,
    "us-southwest#content-2": 0.6523298731122783,
    "the-terrestrial-is-not-the-globe#title": 0.6514679716592398,
    "the-anthropocene-in-light-of-biological-feedback#abstract": 0.6507888105516839,
    "this-is-not-about-survival-its-about-bringing-your-coracle#content-1": 0.6501229663786653,
    "the-mississippi-basin-an-operational-landscape#content-7": 0.647811562168969,
    "walk-about-it#abstract": 0.647564268320223,
    "the-fight-for-alaskas-arctic-has-just-begun#title": 0.6470701070388771,
    "the-shape-of-a-practice-seminars#title": 0.645774057775095,
    "the-anthropocene-and-our-post-natural-future-2#abstract": 0.6457463758152289,
    "the-vietnamese-community-in-eastern-new-orleans#content-1": 0.6453632205098736,
    "the-mississippi-basin-an-operational-landscape#content-1": 0.6452964875504178,
    "the-politics-of-modeling#abstract": 0.6446112873729006,
    "terraforming#abstract": 0.6442908973443651,
    "terraforming#content-1": 0.6423355124758527,
    "the-anthropocene-in-light-of-biological-feedback#content-8": 0.6418707106029142,
    "the-mississippi-basin-an-operational-landscape#content-5": 0.639410263571289,
    "uncalculated-risk#content-1": 0.6385066118506922,
    "the-hyphen#content-1": 0.637300039741189,
    "the-terrain-of-the-former-veb-elektrokohle-lichtenberg#content-4": 0.6367607884061562,
    "the-mississippi-basin-an-operational-landscape#content-3": 0.6362780198619402,
    "the-anthropocene-in-light-of-biological-feedback#content-2": 0.6360585370033373,
    "the-american-bottom#abstract": 0.6352022886250716,
    "transect-walk-cahokia-mounds-to-fairmont-city#abstract": 0.6349954919518481,
    "the-anthropogenic-influence-onto-the-air-quality-along-the-mississippi-river-findings#content-1": 0.6349952405171749,
    "xaraasi-xanne-crossing-voices#abstract": 0.6347999082478092,
    "writing-global-histories-in-the-anthropocene#content-1": 0.6319392362051008,
    "the-anthropogenic-influence-onto-the-air-quality-along-the-mississippi-river-findings#content-6": 0.6310350647838525,
    "the-floating-ear#content-4": 0.630523963147826,
    "white-sands#content-2": 0.6301435359935668,
    "the-rights-of-nature#abstract": 0.6296118891044362,
    "the-aerocene-campus#content-6": 0.6285430945191504,
    "test-contribution#content-5": 0.6285345894299399,
    "test-contribution#content-6": 0.6285345894299399,
    "the-anthropogenic-influence-onto-the-air-quality-along-the-mississippi-river-findings#abstract": 0.6281701674172832,
    "touring-the-anthropocenery-whos-in-charge-here-2014#title": 0.6279226429569097,
    "understanding-the-north-american-lost-crops#abstract": 0.62724161449533,
    "the-current-mississippi-an-anthropocene-river#abstract": 0.6269373265749772,