{
    "the-vietnamese-community-in-eastern-new-orleans#content-2": 0.841329782457792,
    "test-contribution#content-5": 0.8037014347861904,
    "test-contribution#content-6": 0.8037014347861904,
    "white-sands#content-2": 0.8002278325300397,
    "uncalculated-risk#content-7": 0.7938188267249265,
    "uncalculated-risk#content-1": 0.7845349223285446,
    "uncalculated-risk#content-5": 0.7843238026923246,
    "the-hyphen#content-2": 0.7843083129359495,
    "the-stories-we-tell-the-images-we-take#abstract": 0.7840104237630816,
    "terraforming#content-4": 0.7829092682348856,
    "test-contribution#content-2": 0.7791434772475513,
    "the-aerocene-campus#content-7": 0.7764219071225136,
    "the-anthropocene-in-light-of-biological-feedback#content-4": 0.7746171212115984,
    "the-aerocene-campus#content-6": 0.7739632388087169,
    "the-anthropocene-in-light-of-biological-feedback#content-1": 0.7730345191962295,
    "the-aerocene-campus#content-5": 0.7709550635132292,
    "the-terrain-of-the-former-veb-elektrokohle-lichtenberg#content-3": 0.7703311425082068,
    "timeslips#abstract": 0.7694006013172568,
    "the-floating-ear#content-2": 0.7693826514821034,
    "telling-time-through-lagoons-of-human-waste-at-the-western-treatment-plant#content-1": 0.7690212512525332,
    "timeslips#content-2": 0.7687495840303066,
    "the-stories-we-tell-the-images-we-take#content-2": 0.7679595273425919,
    "uncalculated-risk#content-3": 0.7678584690011938,
    "the-anthropocene-in-light-of-biological-feedback#content-9": 0.7675535185220373,
    "the-floating-ear#content-6": 0.766841515909455,
    "uncalculated-risk#content-6": 0.7666876031668194,
    "time-out-of-mind#content-3": 0.7663763104070231,
    "the-terrain-of-the-former-veb-elektrokohle-lichtenberg#content-1": 0.7661157882474596,
    "telling-time-through-lagoons-of-human-waste-at-the-western-treatment-plant#content-5": 0.7660044082461455,
    "white-sands#content-3": 0.7659928567710681,
    "tree-x-office#abstract": 0.765606191053836,
    "tree-x-office#content-1": 0.7650768394818916,
    "time-out-of-mind#content-1": 0.7648227656522656,
    "the-aerocene-campus#content-1": 0.7643478063535237,
    "uncalculated-risk#content-2": 0.7633742759075113,
    "xaraasi-xanne-crossing-voices#abstract": 0.7628790365871042,
    "touring-the-anthropocenery-whos-in-charge-here-2014#content-2": 0.7621655663683871,
    "times-before-and-after#content-1": 0.7612933621302923,
    "uncalculated-risk#content-8": 0.7608002506105728,
    "xaraasi-xanne-crossing-voices#content-2": 0.7607242820519953,
    "this-is-not-about-survival-its-about-bringing-your-coracle#content-1": 0.7603434516311615,
    "the-floating-ear#content-3": 0.7602752768533135,
    "the-anthropogenic-influence-onto-the-air-quality-along-the-mississippi-river-findings#content-1": 0.7600181845354469,
    "terraforming#content-1": 0.7588960860621881,
    "telling-time-through-lagoons-of-human-waste-at-the-western-treatment-plant#content-7": 0.7588002156518454,
    "the-free-sea#content-2": 0.7581274596323673,
    "typha-the-once-and-future-planty-companion#abstract": 0.7577468811583652,
    "the-floating-ear#content-1": 0.7576504860919402,
    "the-four-dimensional-mississippi#content-1": 0.7574467800635623,
    "technostratigraphy-of-a-technological-object#content-2": 0.7573889668459296,
    "the-anthropocene-in-light-of-biological-feedback#content-7": 0.7565503596761941,
    "the-aerocene-campus#abstract": 0.7559630346639568,
    "touring-the-anthropocenery-whos-in-charge-here-2014#abstract": 0.7551929250874629,
    "us-southwest#content-1": 0.7548140456814331,
    "the-shape-of-a-practice-online-project-environment#title": 0.7539666691697968,
    "the-floating-ear#content-4": 0.753555552089894,
    "the-anthropocene-in-light-of-biological-feedback#content-6": 0.7535488346378613,
    "the-danish-text#abstract": 0.7533450385958117,
    "the-aerocene-campus#content-9": 0.7522849959839596,
    "the-vietnamese-community-in-eastern-new-orleans#content-3": 0.7510528104304934,
    "time-and-time-again#content-2": 0.7504953076096375,
    "uncalculated-risk#content-4": 0.7502655921297396,
    "walk-about-it#content-1": 0.7499267023189115,
    "telling-time-through-lagoons-of-human-waste-at-the-western-treatment-plant#content-3": 0.7485824727152046,
    "the-mississippi-basin-an-operational-landscape#content-1": 0.7485251407417247,
    "the-aerocene-campus#content-11": 0.7478845401676272,
    "the-current-mississippi-an-anthropocene-river#content-1": 0.7474248097518087,
    "the-maledives-case#abstract": 0.7469516497282134,
    "the-four-dimensional-mississippi#abstract": 0.746824170028067,
    "the-anthropocene-and-our-post-natural-future-2#abstract": 0.7465943169490571,
    "time-out-of-mind#content-5": 0.7460582213601262,
    "time-out-of-mind#abstract": 0.7459909727541161,
    "the-vietnamese-community-in-eastern-new-orleans#content-1": 0.7454939620075438,
    "the-anthropogenic-influence-onto-the-air-quality-along-the-mississippi-river-findings#content-6": 0.74523880957635,
    "the-anthropocene-in-light-of-biological-feedback#content-10": 0.7446447227924881,
    "white-sands#content-1": 0.7443958497974957,
    "the-aerocene-campus#content-8": 0.7437025697506914,
    "wicked-problems-and-mental-models#content-1": 0.743471091577227,
    "uncalculated-risk#abstract": 0.7430168800918796,
    "the-lichtenberg-case#abstract": 0.7429915902571944,
    "the-terrain-of-the-former-veb-elektrokohle-lichtenberg#content-2": 0.7421930397372131,
    "us-southwest#content-3": 0.741940137586873,
    "the-great-green-desert#abstract": 0.7405128673222512,
    "the-terrain-of-the-former-veb-elektrokohle-lichtenberg#content-5": 0.739894350889218,
    "the-hedge#content-2": 0.7398282626440983,
    "the-anthropocene-in-light-of-biological-feedback#content-8": 0.7385792621342677,
    "typha-the-once-and-future-planty-companion#content-1": 0.7385350832095204,
    "the-anthropogenic-influence-onto-the-air-quality-along-the-mississippi-river-findings#content-2": 0.7378730650287333,
    "the-aerocene-campus#content-3": 0.7374837314461802,
    "the-mississippi-basin-an-operational-landscape#content-3": 0.7366995532393017,
    "twin-cities-artist-residency-mississippi-an-anthropocene-story#abstract": 0.7365293773505168,
    "the-anthropocene-in-light-of-biological-feedback#content-3": 0.7363828223734233,
    "the-floating-ear#content-7": 0.7362555256855589,
    "the-mississippi-basin-an-operational-landscape#abstract": 0.7358031351056807,
    "the-mississippi-basin-an-operational-landscape#content-5": 0.7344397843105972,
    "the-shape-of-a-practice#abstract": 0.7343665306519969,
    "the-american-bottom#abstract": 0.7341581289129134,
    "the-floating-ear#content-5": 0.7340843615593395,
    "the-confluence-area#abstract": 0.733975495550345,
    "the-anthropocene-in-light-of-biological-feedback#content-2": 0.7337216468346077,
    "this-is-not-about-survival-its-about-bringing-your-coracle#abstract": 0.732962521216609,
    "the-mississippi-basin-an-operational-landscape#content-7": 0.7327790622109412,
    "walk-about-it#abstract": 0.7323919011326135,
    "times-before-and-after#abstract": 0.7317618821680435,
    "terraforming#abstract": 0.731001336547995,
    "transect-walk-cahokia-mounds-to-fairmont-city#abstract": 0.7304276572897616,
    "voice-and-representation#content-1": 0.7289487292326415,
    "the-anthropogenic-influence-onto-the-air-quality-along-the-mississippi-river-findings#content-8": 0.7288592741172053,
    "white-sands#abstract": 0.7280791908581986,
    "the-anthropogenic-influence-onto-the-air-quality-along-the-mississippi-river-findings#abstract": 0.7280515175544943,
    "the-shape-of-a-practice-seminars#abstract": 0.7275020650166688,
    "the-shape-of-a-practice-online-project-environment#abstract": 0.7271907242557789,
    "the-anthropocene-in-light-of-biological-feedback#abstract": 0.7267038986132527,
    "the-rights-of-nature#abstract": 0.7265548936425157,