{
    "the-free-sea#content-2": 0.984773520209154,
    "wicked-problems-and-mental-models#content-1": 0.981463461031752,
    "time-out-of-mind#content-5": 0.9811765653664595,
    "times-before-and-after#content-1": 0.9787283533095054,
    "the-floating-ear#content-3": 0.9781890907216729,
    "the-terrain-of-the-former-veb-elektrokohle-lichtenberg#content-3": 0.9757321228537175,
    "telling-time-through-lagoons-of-human-waste-at-the-western-treatment-plant#content-7": 0.9754222113161749,
    "time-out-of-mind#content-1": 0.9750638430515418,
    "the-hyphen#content-2": 0.9749028019919659,
    "time-out-of-mind#content-3": 0.9747987041640487,
    "the-aerocene-campus#content-9": 0.9737235868997536,
    "the-anthropocene-in-light-of-biological-feedback#content-10": 0.9725255097056023,
    "touring-the-anthropocenery-whos-in-charge-here-2014#content-2": 0.9720821286135045,
    "the-floating-ear#content-6": 0.9703620420499511,
    "telling-time-through-lagoons-of-human-waste-at-the-western-treatment-plant#content-1": 0.9703389724646114,
    "telling-time-through-lagoons-of-human-waste-at-the-western-treatment-plant#content-3": 0.9701858333685085,
    "telling-time-through-lagoons-of-human-waste-at-the-western-treatment-plant#content-5": 0.9699969089425082,
    "time-and-time-again#content-2": 0.9687940427419809,
    "the-anthropocene-in-light-of-biological-feedback#content-9": 0.9678060960178057,
    "uncalculated-risk#content-8": 0.967594672430703,
    "the-floating-ear#content-1": 0.9674393637542679,
    "the-aerocene-campus#content-7": 0.9670689921891914,
    "the-anthropocene-in-light-of-biological-feedback#content-3": 0.9657462014533333,
    "the-floating-ear#content-5": 0.9657103741675669,
    "white-sands#content-3": 0.9655977164566375,
    "terraforming#content-4": 0.9653553191107521,
    "the-terrain-of-the-former-veb-elektrokohle-lichtenberg#content-1": 0.9649252035954862,
    "the-four-dimensional-mississippi#content-1": 0.9644317987580583,
    "the-anthropocene-in-light-of-biological-feedback#content-4": 0.9642608801017926,
    "tree-x-office#content-1": 0.9617276934963399,
    "times-before-and-after#abstract": 0.9610406497622271,
    "the-floating-ear#content-2": 0.9607415157473463,
    "typha-the-once-and-future-planty-companion#abstract": 0.9593684603628359,
    "walk-about-it#content-1": 0.9586293584134001,
    "timeslips#content-2": 0.9586234347834629,
    "the-anthropocene-in-light-of-biological-feedback#content-2": 0.9585611867537639,
    "the-floating-ear#content-7": 0.958426151412351,
    "uncalculated-risk#content-4": 0.9581448183145668,
    "the-shape-of-a-practice#abstract": 0.9579709911364889,
    "the-anthropocene-in-light-of-biological-feedback#abstract": 0.9573037506592788,
    "the-anthropocene-and-our-post-natural-future-2#abstract": 0.9560834013736687,
    "the-hedge#content-2": 0.9553588654450392,
    "the-anthropocene-in-light-of-biological-feedback#content-8": 0.9551059279401656,
    "the-aerocene-campus#content-5": 0.9544657131810907,
    "the-hyphen#content-1": 0.9543782020367519,
    "time-out-of-mind#abstract": 0.9530552935352538,
    "uncalculated-risk#content-2": 0.9529860111648272,
    "the-stories-we-tell-the-images-we-take#content-2": 0.9514471419888876,
    "voice-and-representation#content-1": 0.9513743032403057,
    "the-aerocene-campus#content-1": 0.9509186169567136,
    "the-vietnamese-community-in-eastern-new-orleans#content-3": 0.950799520240412,
    "white-sands#content-1": 0.9505932209524196,
    "the-terrain-of-the-former-veb-elektrokohle-lichtenberg#content-5": 0.9504510731382328,
    "the-floating-ear#content-4": 0.9502386697813467,
    "uncalculated-risk#abstract": 0.9501733463589185,
    "uncalculated-risk#content-6": 0.9500941670964655,
    "terraforming#content-1": 0.9500293905161245,
    "the-aerocene-campus#abstract": 0.9492828101828319,
    "touring-the-anthropocenery-whos-in-charge-here-2014#abstract": 0.9465010668283744,
    "us-southwest#content-1": 0.9460326207498333,
    "the-mississippi-basin-an-operational-landscape#content-5": 0.9457242943319977,
    "the-four-dimensional-mississippi#abstract": 0.9453760841146459,
    "the-maledives-case#abstract": 0.9449132082198912,
    "terraforming#abstract": 0.9445006291582931,
    "the-confluence-area#abstract": 0.9423094240670804,
    "the-anthropogenic-influence-onto-the-air-quality-along-the-mississippi-river-findings#content-6": 0.9422675381323221,
    "the-aerocene-campus#content-3": 0.9418699560303742,
    "timeslips#abstract": 0.9415750952489041,
    "the-danish-text#abstract": 0.9407943413885501,
    "the-anthropogenic-influence-onto-the-air-quality-along-the-mississippi-river-findings#abstract": 0.9402589989767562,
    "understanding-the-north-american-lost-crops#abstract": 0.9397415144427124,
    "the-mississippi-basin-an-operational-landscape#content-7": 0.9397363822826165,
    "the-mississippi-basin-an-operational-landscape#content-1": 0.9392606333367195,
    "the-american-bottom#abstract": 0.9377456721926147,
    "tree-x-office#abstract": 0.9374931962960829,
    "too-little-water-the-lake-chad-story#content-1": 0.9360895794057592,
    "the-shape-of-a-practice-online-project-environment#abstract": 0.935788650072719,
    "the-mississippi-basin-an-operational-landscape#content-3": 0.9355312750201419,
    "xaraasi-xanne-crossing-voices#content-2": 0.9354642244892033,
    "the-hyphen#abstract": 0.9351147725109816,
    "the-lichtenberg-case#abstract": 0.9338446161606768,
    "the-vietnamese-community-in-eastern-new-orleans#content-1": 0.9338368192520813,
    "twin-cities-artist-residency-mississippi-an-anthropocene-story#abstract": 0.932762901671525,
    "this-is-not-about-survival-its-about-bringing-your-coracle#abstract": 0.9326234321944606,
    "telling-time-through-lagoons-of-human-waste-at-the-western-treatment-plant#abstract": 0.9320994014512298,
    "the-anthropogenic-influence-onto-the-air-quality-along-the-mississippi-river-findings#content-2": 0.930811470768375,
    "the-anthropogenic-influence-onto-the-air-quality-along-the-mississippi-river-findings#content-8": 0.9295272992356127,
    "the-stories-we-tell-the-images-we-take#abstract": 0.9286592329287955,
    "temporary-continent#abstract": 0.9275210698357247,
    "writing-global-histories-in-the-anthropocene#content-1": 0.9275112672438904,
    "the-shape-of-a-practice-seminars#abstract": 0.927042174186541,
    "the-anthropocene-in-light-of-biological-feedback#content-7": 0.9243979525005692,
    "the-anthropocene-in-light-of-biological-feedback#content-1": 0.9228492757970209,
    "this-is-not-about-survival-its-about-bringing-your-coracle#content-1": 0.9213253236703893,
    "the-aerocene-campus#content-11": 0.9191257688256863,
    "the-anthropogenic-influence-onto-the-air-quality-along-the-mississippi-river-findings#content-10": 0.9171852462447234,
    "walk-about-it#abstract": 0.9165038221632874,
    "the-anthropocene-in-light-of-biological-feedback#content-6": 0.9163718995593677,
    "the-great-green-desert#abstract": 0.9163422966741128,
    "the-current-mississippi-an-anthropocene-river#abstract": 0.9086881759239389,
    "the-mississippi-basin-an-operational-landscape#abstract": 0.9081653702229375,
    "the-aerocene-campus#content-8": 0.9060185139950101,
    "time-and-time-again#content-1": 0.9047684695546819,
    "too-little-water-the-lake-chad-story#abstract": 0.9008546267363267,
    "xaraasi-xanne-crossing-voices#abstract": 0.8996108923966277,
    "the-stories-we-tell-the-images-we-take#title": 0.8992420205482694,
    "time-out-of-mind#title": 0.8963574152127196,
    "transect-walk-cahokia-mounds-to-fairmont-city#abstract": 0.8945884043501355,
    "the-anthropogenic-influence-onto-the-air-quality-along-the-mississippi-river-findings#content-1": 0.894164468061086,
    "the-anthropogenic-influence-onto-the-air-quality-along-the-mississippi-river-findings#content-4": 0.8929954342276384,
    "the-aerocene-campus#content-4": 0.8909398153151967,