{
    "the-free-sea#content-2": 0.9847308942808538,
    "time-out-of-mind#content-3": 0.982950663901006,
    "time-out-of-mind#content-1": 0.9800822308744376,
    "time-out-of-mind#content-5": 0.9799471203605756,
    "touring-the-anthropocenery-whos-in-charge-here-2014#content-2": 0.9789314579102911,
    "uncalculated-risk#content-8": 0.9784381687463557,
    "the-terrain-of-the-former-veb-elektrokohle-lichtenberg#content-3": 0.9763453623865248,
    "times-before-and-after#content-1": 0.9759971550857524,
    "the-aerocene-campus#content-9": 0.9759167069953143,
    "timeslips#content-2": 0.9748009608421756,
    "the-floating-ear#content-3": 0.9747283543298474,
    "the-aerocene-campus#content-7": 0.9739882382949886,
    "wicked-problems-and-mental-models#content-1": 0.9732070893592216,
    "white-sands#content-3": 0.9727523751490716,
    "the-four-dimensional-mississippi#content-1": 0.9726031995049398,
    "time-and-time-again#content-2": 0.9724218961612584,
    "the-hyphen#content-2": 0.9711371363415077,
    "the-anthropocene-in-light-of-biological-feedback#content-10": 0.9696138179099859,
    "time-out-of-mind#abstract": 0.9693317918714611,
    "typha-the-once-and-future-planty-companion#abstract": 0.9692368437319381,
    "uncalculated-risk#content-4": 0.968552450289192,
    "the-floating-ear#content-6": 0.9685202613290059,
    "the-terrain-of-the-former-veb-elektrokohle-lichtenberg#content-1": 0.9684953126841895,
    "uncalculated-risk#content-2": 0.968357553655899,
    "walk-about-it#content-1": 0.9683278145892773,
    "tree-x-office#content-1": 0.9680993368820634,
    "uncalculated-risk#content-6": 0.9673175724737846,
    "the-floating-ear#content-1": 0.9663895081632737,
    "the-vietnamese-community-in-eastern-new-orleans#content-3": 0.9647339102144931,
    "uncalculated-risk#abstract": 0.9642291725496271,
    "white-sands#content-1": 0.9641784448315195,
    "the-confluence-area#abstract": 0.9638523709574077,
    "the-terrain-of-the-former-veb-elektrokohle-lichtenberg#content-5": 0.9636484616645831,
    "the-shape-of-a-practice#abstract": 0.962108134419396,
    "the-hedge#content-2": 0.9607300273792141,
    "the-anthropocene-in-light-of-biological-feedback#content-9": 0.9601817765571397,
    "the-aerocene-campus#abstract": 0.9601674021617002,
    "timeslips#abstract": 0.9599499627825228,
    "touring-the-anthropocenery-whos-in-charge-here-2014#abstract": 0.9593870603881479,
    "the-floating-ear#content-2": 0.9593682210576745,
    "the-stories-we-tell-the-images-we-take#content-2": 0.9582852858715573,
    "the-floating-ear#content-5": 0.9573473350733731,
    "the-anthropocene-in-light-of-biological-feedback#content-4": 0.9570307304125294,
    "the-anthropocene-in-light-of-biological-feedback#content-3": 0.9566853953702096,
    "the-maledives-case#abstract": 0.9561199917472833,
    "voice-and-representation#content-1": 0.9560718349154803,
    "the-aerocene-campus#content-5": 0.9555430787408491,
    "the-floating-ear#content-7": 0.9551905682285337,
    "the-floating-ear#content-4": 0.9544749932553508,
    "the-anthropocene-in-light-of-biological-feedback#abstract": 0.9540343638499736,
    "times-before-and-after#abstract": 0.9535212053719837,
    "the-anthropocene-and-our-post-natural-future-2#abstract": 0.9531827321719015,
    "the-aerocene-campus#content-3": 0.9530349663491943,
    "the-mississippi-basin-an-operational-landscape#content-1": 0.9528448916999397,
    "the-four-dimensional-mississippi#abstract": 0.9527219158090682,
    "the-vietnamese-community-in-eastern-new-orleans#content-1": 0.9526174768777713,
    "the-aerocene-campus#content-1": 0.9519513215598505,
    "xaraasi-xanne-crossing-voices#content-2": 0.9512907439600305,
    "the-american-bottom#abstract": 0.9506305959413643,
    "us-southwest#content-1": 0.950234252464499,
    "too-little-water-the-lake-chad-story#content-1": 0.9499911951891257,
    "the-lichtenberg-case#abstract": 0.9497647189398153,
    "the-anthropogenic-influence-onto-the-air-quality-along-the-mississippi-river-findings#abstract": 0.9491655155710914,
    "understanding-the-north-american-lost-crops#abstract": 0.9486330699641686,
    "writing-global-histories-in-the-anthropocene#content-1": 0.9485964238003204,
    "the-anthropocene-in-light-of-biological-feedback#content-2": 0.9483353023267918,
    "the-danish-text#abstract": 0.9480539213439926,
    "the-mississippi-basin-an-operational-landscape#content-7": 0.9478644680505457,
    "terraforming#content-1": 0.947536280020031,
    "terraforming#content-4": 0.9468729347764209,
    "terraforming#abstract": 0.9450386810981656,
    "twin-cities-artist-residency-mississippi-an-anthropocene-story#abstract": 0.9444477450094289,
    "the-mississippi-basin-an-operational-landscape#content-5": 0.944391121997213,
    "this-is-not-about-survival-its-about-bringing-your-coracle#abstract": 0.9432619844529665,
    "the-anthropocene-in-light-of-biological-feedback#content-8": 0.9428277541300724,
    "the-mississippi-basin-an-operational-landscape#content-3": 0.9406011014341285,
    "the-hyphen#abstract": 0.9400934205276967,
    "the-anthropogenic-influence-onto-the-air-quality-along-the-mississippi-river-findings#content-6": 0.9387052417594448,
    "the-hyphen#content-1": 0.9370363976436145,
    "the-current-mississippi-an-anthropocene-river#abstract": 0.9359334664322966,
    "the-shape-of-a-practice-online-project-environment#abstract": 0.934766552474063,
    "the-mississippi-basin-an-operational-landscape#abstract": 0.9342460627493698,
    "walk-about-it#abstract": 0.9330828180393477,
    "the-shape-of-a-practice-seminars#abstract": 0.9323435088808611,
    "temporary-continent#abstract": 0.9321232059132445,
    "the-great-green-desert#abstract": 0.9313926282174595,
    "tree-x-office#abstract": 0.9312020962308097,
    "transect-walk-cahokia-mounds-to-fairmont-city#abstract": 0.9310910905414792,
    "the-stories-we-tell-the-images-we-take#abstract": 0.9285089852108183,
    "the-anthropogenic-influence-onto-the-air-quality-along-the-mississippi-river-findings#content-2": 0.9278209102447732,
    "the-anthropogenic-influence-onto-the-air-quality-along-the-mississippi-river-findings#content-8": 0.9265515127531623,
    "the-aerocene-campus#content-11": 0.9244351150684321,
    "the-aerocene-campus#content-8": 0.9183170704482826,
    "the-anthropocene-in-light-of-biological-feedback#content-1": 0.9179578017138322,
    "the-anthropogenic-influence-onto-the-air-quality-along-the-mississippi-river-findings#content-10": 0.9165739592942415,
    "this-is-not-about-survival-its-about-bringing-your-coracle#content-1": 0.9165514326263235,
    "the-stories-we-tell-the-images-we-take#title": 0.9157997096358808,
    "the-anthropocene-in-light-of-biological-feedback#content-7": 0.9150801449408272,
    "too-little-water-the-lake-chad-story#abstract": 0.9110591981308495,
    "uncalculated-risk#content-5": 0.9105385128841065,
    "the-anthropogenic-influence-onto-the-air-quality-along-the-mississippi-river-findings#content-1": 0.9078429468482652,
    "the-anthropocene-in-light-of-biological-feedback#content-6": 0.9069198049713462,
    "us-southwest#content-3": 0.9063490980347055,
    "the-rights-of-nature#abstract": 0.9056271793194149,
    "time-out-of-mind#title": 0.904147466403996,
    "xaraasi-xanne-crossing-voices#abstract": 0.8987143362654221,
    "time-and-time-again#content-1": 0.8900115354845896,
    "uncalculated-risk#content-1": 0.8896636925096386,
    "white-sands#content-2": 0.8895410423544241,
    "the-anthropogenic-influence-onto-the-air-quality-along-the-mississippi-river-findings#content-4": 0.8877975893192883,
    "uncalculated-risk#content-7": 0.8856538151404334,
    "telling-time-through-lagoons-of-human-waste-at-the-western-treatment-plant#title": 0.8853990606851461,
    "the-aerocene-campus#content-6": 0.8821943007566322,
    "test-contribution#content-5": 0.8762701125264493,
    "test-contribution#content-6": 0.8762701125264493,