{
    "the-mississippi-basin-an-operational-landscape#content-3": 0.9044165081283323,
    "uncalculated-risk#content-2": 0.9042183458604697,
    "the-four-dimensional-mississippi#content-1": 0.9004955965374957,
    "uncalculated-risk#content-6": 0.8997772443275592,
    "uncalculated-risk#content-5": 0.8972021687053258,
    "the-anthropogenic-influence-onto-the-air-quality-along-the-mississippi-river-findings#content-1": 0.8969699089327648,
    "timeslips#content-2": 0.8966512855997716,
    "white-sands#content-1": 0.8940651812434548,
    "the-vietnamese-community-in-eastern-new-orleans#content-1": 0.8922565737347646,
    "time-out-of-mind#content-1": 0.891219656379005,
    "the-terrain-of-the-former-veb-elektrokohle-lichtenberg#content-1": 0.8905107499997451,
    "the-mississippi-basin-an-operational-landscape#content-1": 0.8904517255136586,
    "uncalculated-risk#content-8": 0.8897082601650218,
    "white-sands#content-3": 0.8893005768220605,
    "the-vietnamese-community-in-eastern-new-orleans#content-3": 0.8812399578426129,
    "the-great-green-desert#abstract": 0.8800374594451614,
    "transect-walk-cahokia-mounds-to-fairmont-city#abstract": 0.8797999826455337,
    "us-southwest#content-1": 0.879120640563899,
    "uncalculated-risk#content-4": 0.8786959076338114,
    "uncalculated-risk#content-7": 0.8779452253194014,
    "telling-time-through-lagoons-of-human-waste-at-the-western-treatment-plant#content-7": 0.8740285509605427,
    "time-out-of-mind#content-3": 0.8736384245205558,
    "the-aerocene-campus#content-3": 0.8720272877085381,
    "the-mississippi-basin-an-operational-landscape#content-2": 0.8717202617879545,
    "time-out-of-mind#abstract": 0.8711409808432206,
    "the-terrain-of-the-former-veb-elektrokohle-lichtenberg#content-3": 0.870832874859568,
    "the-mississippi-basin-an-operational-landscape#content-5": 0.870466966182232,
    "timeslips#abstract": 0.8701514826983674,
    "the-aerocene-campus#content-7": 0.8700946734018373,
    "the-terrain-of-the-former-veb-elektrokohle-lichtenberg#content-5": 0.8675869568636112,
    "the-current-mississippi-an-anthropocene-river#abstract": 0.8665700600871864,
    "the-anthropogenic-influence-onto-the-air-quality-along-the-mississippi-river-findings#content-2": 0.8648448750070743,
    "uncalculated-risk#content-1": 0.8644877004881696,
    "the-anthropogenic-influence-onto-the-air-quality-along-the-mississippi-river-findings#content-6": 0.864418164451866,
    "this-is-not-about-survival-its-about-bringing-your-coracle#abstract": 0.8642812265331132,
    "the-lichtenberg-case#abstract": 0.8635550032507135,
    "uncalculated-risk#abstract": 0.8622439292523235,
    "the-confluence-area#abstract": 0.8617955233047351,
    "too-little-water-the-lake-chad-story#abstract": 0.8600427992283787,
    "the-anthropogenic-influence-onto-the-air-quality-along-the-mississippi-river-findings#content-8": 0.8600149630632613,
    "telling-time-through-lagoons-of-human-waste-at-the-western-treatment-plant#title": 0.859914658406851,
    "the-free-sea#content-2": 0.8585887463822701,
    "the-maledives-case#abstract": 0.8557066321941048,
    "tree-x-office#content-1": 0.8553281907405664,
    "test-contribution#content-5": 0.8541079670027392,
    "test-contribution#content-6": 0.8541079670027392,
    "the-anthropocene-in-light-of-biological-feedback#content-4": 0.8540352778683279,
    "too-little-water-the-lake-chad-story#content-1": 0.8538847384966258,
    "the-american-bottom#abstract": 0.8538754118811728,
    "typha-the-once-and-future-planty-companion#abstract": 0.8528761862167107,
    "the-stories-we-tell-the-images-we-take#content-2": 0.8524911332972828,
    "xaraasi-xanne-crossing-voices#content-2": 0.8523641561266255,
    "the-aerocene-campus#content-9": 0.8523246539893741,
    "tree-x-office#abstract": 0.8523242953303327,
    "touring-the-anthropocenery-whos-in-charge-here-2014#abstract": 0.8522396616765284,
    "white-sands#content-2": 0.8506423674052213,
    "the-aerocene-campus#content-5": 0.8500798961957253,
    "the-danish-text#abstract": 0.8494533354771787,
    "the-anthropogenic-influence-onto-the-air-quality-along-the-mississippi-river-findings#content-10": 0.8461648842722246,
    "time-out-of-mind#content-5": 0.8455678442739847,
    "the-vietnamese-community-in-eastern-new-orleans#content-2": 0.8446543020385185,
    "the-anthropogenic-influence-onto-the-air-quality-along-the-mississippi-river-findings#abstract": 0.8444501048122237,
    "the-aerocene-campus#content-1": 0.8442191461362676,
    "walk-about-it#abstract": 0.8435582848252942,
    "touring-the-anthropocenery-whos-in-charge-here-2014#content-2": 0.8425535060962364,
    "the-mississippi-basin-an-operational-landscape#content-4": 0.8424722092969339,
    "temporary-continent#abstract": 0.8418122682434528,
    "the-shape-of-a-practice#abstract": 0.8418064257684129,
    "understanding-the-north-american-lost-crops#abstract": 0.8414492436179146,
    "the-mississippi-basin-an-operational-landscape#abstract": 0.8412882284206964,
    "the-aerocene-campus#abstract": 0.8405958756838083,
    "the-four-dimensional-mississippi#abstract": 0.840126812153415,
    "twin-cities-artist-residency-mississippi-an-anthropocene-story#abstract": 0.8394701291594372,
    "the-hyphen#content-2": 0.8392911971707314,
    "the-mississippi-basin-an-operational-landscape#content-7": 0.8385405386288315,
    "the-floating-ear#content-1": 0.8362057547939619,
    "the-floating-ear#content-3": 0.8354342581382926,
    "us-southwest#content-3": 0.835157438519329,
    "the-hedge#content-2": 0.8335961540692169,
    "the-anthropocene-in-light-of-biological-feedback#content-10": 0.8333789454103144,
    "walk-about-it#content-1": 0.8331863472573348,
    "the-anthropogenic-influence-onto-the-air-quality-along-the-mississippi-river-findings#content-4": 0.8324847887651347,
    "times-before-and-after#content-1": 0.8303231770201982,
    "the-anthropocene-in-light-of-biological-feedback#content-9": 0.830007396376098,
    "time-and-time-again#content-2": 0.8298619240120462,
    "transect-walk-cahokia-mounds-to-fairmont-city#content-1": 0.8295626909156079,
    "the-anthropocene-in-light-of-biological-feedback#content-3": 0.8288548159355394,
    "the-floating-ear#content-2": 0.8287918935604481,
    "the-aerocene-campus#content-6": 0.8281820795905999,
    "the-shape-of-a-practice-seminars#abstract": 0.8271907507586582,
    "wicked-problems-and-mental-models#content-1": 0.8264544149490184,
    "the-floating-ear#content-6": 0.8257730630555485,
    "the-floating-ear#content-5": 0.8243552656761601,
    "the-shape-of-a-practice-online-project-environment#abstract": 0.8238501843355003,
    "writing-global-histories-in-the-anthropocene#content-1": 0.8235705859645093,
    "terraforming#content-1": 0.8207031293604178,
    "the-stories-we-tell-the-images-we-take#abstract": 0.8204921439995954,
    "the-lena-is-worthy-of-baikal-defining-remoteness-across-the-north-and-the-east#title": 0.8204393393370147,
    "the-floating-ear#content-4": 0.8173838619870046,
    "the-anthropocene-in-light-of-biological-feedback#content-2": 0.8168410364824376,
    "the-floating-ear#content-7": 0.8166958260357245,
    "the-anthropocene-in-light-of-biological-feedback#content-8": 0.8162263892481901,
    "the-aerocene-campus#content-4": 0.81608516980704,
    "the-aerocene-campus#content-11": 0.8151875573390154,
    "xaraasi-xanne-crossing-voices#abstract": 0.8143246370099716,
    "the-anthropocene-in-light-of-biological-feedback#content-1": 0.8130145815506316,
    "the-anthropocene-in-light-of-biological-feedback#abstract": 0.812951328460678,
    "terraforming#content-4": 0.8128972910358786,
    "the-anthropocene-and-our-post-natural-future-2#abstract": 0.8117762767025956,
    "the-anthropocene-in-light-of-biological-feedback#content-6": 0.8090238812840538,
    "the-anthropogenic-influence-onto-the-air-quality-along-the-mississippi-river-findings#content-5": 0.8084558155790642,