{
    "time-out-of-mind#content-3": 0.987450921258863,
    "the-aerocene-campus#content-9": 0.9831787449714848,
    "the-free-sea#content-2": 0.9822295259947398,
    "time-out-of-mind#content-1": 0.9818385531999321,
    "the-aerocene-campus#content-7": 0.9817759493295748,
    "telling-time-through-lagoons-of-human-waste-at-the-western-treatment-plant#content-7": 0.9816197206604529,
    "time-out-of-mind#content-5": 0.9785935196497861,
    "the-terrain-of-the-former-veb-elektrokohle-lichtenberg#content-3": 0.9784864297418241,
    "uncalculated-risk#content-8": 0.9772298844473483,
    "touring-the-anthropocenery-whos-in-charge-here-2014#content-2": 0.9757674931522461,
    "the-vietnamese-community-in-eastern-new-orleans#content-3": 0.9757670515879326,
    "white-sands#content-3": 0.9753103755667997,
    "the-terrain-of-the-former-veb-elektrokohle-lichtenberg#content-1": 0.9736360813119521,
    "the-aerocene-campus#content-5": 0.9726300234502278,
    "timeslips#content-2": 0.9724598079644733,
    "the-aerocene-campus#abstract": 0.9720526994031107,
    "the-hyphen#content-2": 0.9714173482538822,
    "time-and-time-again#content-2": 0.9709166564234362,
    "time-out-of-mind#abstract": 0.9704792433686672,
    "times-before-and-after#content-1": 0.9703082953522192,
    "uncalculated-risk#content-2": 0.970159424555975,
    "the-floating-ear#content-3": 0.9700466639047617,
    "uncalculated-risk#abstract": 0.9698514353764168,
    "tree-x-office#content-1": 0.9695173972299547,
    "the-stories-we-tell-the-images-we-take#content-2": 0.9691209674231184,
    "the-terrain-of-the-former-veb-elektrokohle-lichtenberg#content-5": 0.9686834338533283,
    "the-floating-ear#content-6": 0.9681973103446853,
    "the-aerocene-campus#content-3": 0.9681682765161609,
    "the-floating-ear#content-1": 0.9677633057831984,
    "the-aerocene-campus#content-1": 0.9674643143984637,
    "the-four-dimensional-mississippi#content-1": 0.9667501098009204,
    "the-shape-of-a-practice#abstract": 0.9665528647407727,
    "walk-about-it#content-1": 0.9661327102250069,
    "white-sands#content-1": 0.9653227963226304,
    "wicked-problems-and-mental-models#content-1": 0.9650776634971305,
    "the-confluence-area#abstract": 0.9649475225162526,
    "typha-the-once-and-future-planty-companion#abstract": 0.964888000632622,
    "uncalculated-risk#content-4": 0.9645374330546619,
    "uncalculated-risk#content-6": 0.9633367786477424,
    "xaraasi-xanne-crossing-voices#content-2": 0.96304134808547,
    "the-anthropocene-in-light-of-biological-feedback#content-10": 0.9626788675915487,
    "touring-the-anthropocenery-whos-in-charge-here-2014#abstract": 0.9619615797800293,
    "the-anthropocene-in-light-of-biological-feedback#content-4": 0.9618649630729028,
    "the-lichtenberg-case#abstract": 0.9618086195134097,
    "the-vietnamese-community-in-eastern-new-orleans#content-1": 0.9608966290591487,
    "the-anthropocene-in-light-of-biological-feedback#content-9": 0.9597351361299614,
    "the-hedge#content-2": 0.9580341409346422,
    "the-floating-ear#content-2": 0.9573977482302782,
    "the-american-bottom#abstract": 0.9573074587845378,
    "the-anthropocene-and-our-post-natural-future-2#abstract": 0.956663149065169,
    "timeslips#abstract": 0.9564832282437408,
    "twin-cities-artist-residency-mississippi-an-anthropocene-story#abstract": 0.9563956336638706,
    "the-floating-ear#content-7": 0.9561141141307734,
    "us-southwest#content-1": 0.955224122929509,
    "the-floating-ear#content-5": 0.954917242165207,
    "voice-and-representation#content-1": 0.953748020175864,
    "the-anthropocene-in-light-of-biological-feedback#content-3": 0.9537234037762392,
    "the-stories-we-tell-the-images-we-take#abstract": 0.9527512197068606,
    "the-floating-ear#content-4": 0.9526359967484457,
    "this-is-not-about-survival-its-about-bringing-your-coracle#abstract": 0.952408105689045,
    "the-danish-text#abstract": 0.9517157444600713,
    "terraforming#content-1": 0.9497633986198785,
    "the-mississippi-basin-an-operational-landscape#content-1": 0.9496663322707124,
    "terraforming#content-4": 0.9495133079064113,
    "the-four-dimensional-mississippi#abstract": 0.9478108501861855,
    "the-shape-of-a-practice-online-project-environment#abstract": 0.9475825095176086,
    "the-anthropocene-in-light-of-biological-feedback#abstract": 0.9463177518204909,
    "tree-x-office#abstract": 0.9460899067223191,
    "writing-global-histories-in-the-anthropocene#content-1": 0.9452470818475944,
    "too-little-water-the-lake-chad-story#content-1": 0.944953117152765,
    "times-before-and-after#abstract": 0.9448199971024729,
    "the-current-mississippi-an-anthropocene-river#abstract": 0.9438401589893066,
    "walk-about-it#abstract": 0.9435315062633541,
    "the-anthropogenic-influence-onto-the-air-quality-along-the-mississippi-river-findings#abstract": 0.9433517501242984,
    "temporary-continent#abstract": 0.9427781332836515,
    "the-maledives-case#abstract": 0.9427512835373548,
    "the-anthropocene-in-light-of-biological-feedback#content-2": 0.9420253379796988,
    "the-mississippi-basin-an-operational-landscape#content-7": 0.9412639706858807,
    "the-shape-of-a-practice-seminars#abstract": 0.9409467154809583,
    "the-hyphen#content-1": 0.9400936687606418,
    "understanding-the-north-american-lost-crops#abstract": 0.9391884699737835,
    "terraforming#abstract": 0.9387394532740446,
    "the-great-green-desert#abstract": 0.9386474222397524,
    "the-mississippi-basin-an-operational-landscape#content-3": 0.9384595241101338,
    "the-mississippi-basin-an-operational-landscape#abstract": 0.9368487763660435,
    "the-mississippi-basin-an-operational-landscape#content-5": 0.9337308213678754,
    "the-anthropogenic-influence-onto-the-air-quality-along-the-mississippi-river-findings#content-6": 0.9324151276576295,
    "transect-walk-cahokia-mounds-to-fairmont-city#abstract": 0.9311319414411479,
    "the-anthropocene-in-light-of-biological-feedback#content-8": 0.9307059557913939,
    "the-aerocene-campus#content-11": 0.930359813228249,
    "us-southwest#content-3": 0.9300469787163056,
    "the-anthropocene-in-light-of-biological-feedback#content-1": 0.9275445226924905,
    "xaraasi-xanne-crossing-voices#abstract": 0.9275053380248945,
    "the-aerocene-campus#content-8": 0.926620309310911,
    "the-hyphen#abstract": 0.9254271771581147,
    "too-little-water-the-lake-chad-story#abstract": 0.9253930990437969,
    "the-anthropogenic-influence-onto-the-air-quality-along-the-mississippi-river-findings#content-2": 0.9243771313329281,
    "uncalculated-risk#content-5": 0.9220443652057816,
    "the-rights-of-nature#abstract": 0.92172172663675,
    "the-anthropogenic-influence-onto-the-air-quality-along-the-mississippi-river-findings#content-8": 0.9195796094331121,
    "the-anthropocene-in-light-of-biological-feedback#content-7": 0.9180368219407017,
    "time-and-time-again#content-1": 0.9162894271379952,
    "this-is-not-about-survival-its-about-bringing-your-coracle#content-1": 0.915704862267788,
    "the-anthropogenic-influence-onto-the-air-quality-along-the-mississippi-river-findings#content-1": 0.910770796906365,
    "test-contribution#content-5": 0.9102370907396973,
    "test-contribution#content-6": 0.9102370907396973,
    "uncalculated-risk#content-1": 0.9095185683164257,
    "white-sands#content-2": 0.9094756725154188,
    "the-anthropogenic-influence-onto-the-air-quality-along-the-mississippi-river-findings#content-10": 0.905356092634994,
    "the-stories-we-tell-the-images-we-take#title": 0.9050420147838344,
    "uncalculated-risk#content-7": 0.9036781319515708,
    "the-anthropocene-in-light-of-biological-feedback#content-6": 0.9017651475015114,
    "the-aerocene-campus#content-6": 0.9017131458696449,
    "time-out-of-mind#title": 0.8913960190612641,
    "white-sands#abstract": 0.8900891384685403,