{
    "time-out-of-mind#content-1": 0.9866839241786685,
    "the-four-dimensional-mississippi#content-1": 0.9851832162694927,
    "telling-time-through-lagoons-of-human-waste-at-the-western-treatment-plant#content-7": 0.9806268062207469,
    "uncalculated-risk#content-8": 0.9786300656784117,
    "time-out-of-mind#content-3": 0.9772914860034352,
    "white-sands#content-1": 0.9765830559330979,
    "the-terrain-of-the-former-veb-elektrokohle-lichtenberg#content-3": 0.9761416225636081,
    "telling-time-through-lagoons-of-human-waste-at-the-western-treatment-plant#content-5": 0.9749705568073865,
    "white-sands#content-3": 0.9749325331805768,
    "timeslips#content-2": 0.9742075180145715,
    "the-free-sea#content-2": 0.9741543575889731,
    "the-terrain-of-the-former-veb-elektrokohle-lichtenberg#content-1": 0.973863047648168,
    "uncalculated-risk#content-6": 0.9726928541952796,
    "uncalculated-risk#content-2": 0.9711196150563317,
    "uncalculated-risk#content-4": 0.9693190722353436,
    "the-aerocene-campus#content-7": 0.9686783733101642,
    "the-aerocene-campus#content-9": 0.9674423229359578,
    "the-mississippi-basin-an-operational-landscape#content-5": 0.9671831599136518,
    "time-out-of-mind#content-5": 0.9666677767652697,
    "typha-the-once-and-future-planty-companion#abstract": 0.9656052875804534,
    "the-mississippi-basin-an-operational-landscape#content-1": 0.9654213825614851,
    "the-floating-ear#content-3": 0.964298194320254,
    "wicked-problems-and-mental-models#content-1": 0.9642141443937088,
    "the-anthropocene-in-light-of-biological-feedback#content-10": 0.9642017646125517,
    "time-out-of-mind#abstract": 0.9638473654496842,
    "the-mississippi-basin-an-operational-landscape#content-3": 0.9637520352156526,
    "the-vietnamese-community-in-eastern-new-orleans#content-3": 0.9636551363355058,
    "times-before-and-after#content-1": 0.9630894718357367,
    "touring-the-anthropocenery-whos-in-charge-here-2014#content-2": 0.9630531805371803,
    "tree-x-office#content-1": 0.9612679635559463,
    "the-shape-of-a-practice#abstract": 0.9605683995004723,
    "the-maledives-case#abstract": 0.960373566158625,
    "this-is-not-about-survival-its-about-bringing-your-coracle#abstract": 0.9601842183605082,
    "uncalculated-risk#abstract": 0.9599796770036675,
    "understanding-the-north-american-lost-crops#abstract": 0.9584776859670966,
    "time-and-time-again#content-2": 0.9581960025076022,
    "the-hedge#content-2": 0.9573901471147627,
    "the-floating-ear#content-1": 0.9571535451874388,
    "the-hyphen#content-2": 0.9568944523963114,
    "too-little-water-the-lake-chad-story#content-1": 0.9562813010526892,
    "the-confluence-area#abstract": 0.9562182429718081,
    "the-floating-ear#content-5": 0.9561858219285497,
    "the-terrain-of-the-former-veb-elektrokohle-lichtenberg#content-5": 0.955453258354584,
    "the-anthropocene-in-light-of-biological-feedback#content-3": 0.9549697400675821,
    "walk-about-it#content-1": 0.9545511776608478,
    "the-four-dimensional-mississippi#abstract": 0.9540684860239389,
    "the-floating-ear#content-6": 0.95400901426794,
    "timeslips#abstract": 0.9538604575170055,
    "the-anthropogenic-influence-onto-the-air-quality-along-the-mississippi-river-findings#content-6": 0.9538100908378176,
    "the-stories-we-tell-the-images-we-take#content-2": 0.9529321039853255,
    "the-anthropocene-in-light-of-biological-feedback#content-4": 0.9527982114175791,
    "the-vietnamese-community-in-eastern-new-orleans#content-1": 0.9526012597085658,
    "the-anthropogenic-influence-onto-the-air-quality-along-the-mississippi-river-findings#abstract": 0.952466285857515,
    "the-anthropocene-in-light-of-biological-feedback#content-9": 0.9521589678596769,
    "the-floating-ear#content-2": 0.952049087150071,
    "the-anthropogenic-influence-onto-the-air-quality-along-the-mississippi-river-findings#content-8": 0.9506189281958825,
    "the-mississippi-basin-an-operational-landscape#content-7": 0.9504299010087852,
    "the-anthropocene-in-light-of-biological-feedback#abstract": 0.9497818391255226,
    "us-southwest#content-1": 0.9494786822679548,
    "the-anthropogenic-influence-onto-the-air-quality-along-the-mississippi-river-findings#content-2": 0.9492381009629077,
    "the-great-green-desert#abstract": 0.9491808657772972,
    "the-floating-ear#content-7": 0.9489429637870508,
    "the-anthropocene-in-light-of-biological-feedback#content-2": 0.9486182157902009,
    "the-lichtenberg-case#abstract": 0.9461619737557259,
    "the-american-bottom#abstract": 0.9454397868419973,
    "the-aerocene-campus#content-5": 0.9453452781294701,
    "the-anthropocene-in-light-of-biological-feedback#content-8": 0.9451083227859508,
    "the-aerocene-campus#content-3": 0.944970081149214,
    "the-floating-ear#content-4": 0.9446209432287824,
    "tree-x-office#abstract": 0.943392892593193,
    "the-aerocene-campus#abstract": 0.9432343996697078,
    "the-anthropocene-and-our-post-natural-future-2#abstract": 0.9422211434591097,
    "xaraasi-xanne-crossing-voices#content-2": 0.9410084663907204,
    "the-current-mississippi-an-anthropocene-river#abstract": 0.9405316121098524,
    "voice-and-representation#content-1": 0.9392666834448677,
    "the-anthropogenic-influence-onto-the-air-quality-along-the-mississippi-river-findings#content-10": 0.9391386675542694,
    "terraforming#content-1": 0.9391340033078067,
    "touring-the-anthropocenery-whos-in-charge-here-2014#abstract": 0.9389940995010897,
    "the-aerocene-campus#content-1": 0.9383722914908723,
    "the-danish-text#abstract": 0.9381756986538796,
    "writing-global-histories-in-the-anthropocene#content-1": 0.9363760355853531,
    "twin-cities-artist-residency-mississippi-an-anthropocene-story#abstract": 0.9354275397486543,
    "the-mississippi-basin-an-operational-landscape#abstract": 0.9353643830626241,
    "terraforming#content-4": 0.9350365204642064,
    "transect-walk-cahokia-mounds-to-fairmont-city#abstract": 0.9329306656509242,
    "terraforming#abstract": 0.9328207754772393,
    "temporary-continent#abstract": 0.9322109735689826,
    "times-before-and-after#abstract": 0.9313454522222319,
    "the-shape-of-a-practice-online-project-environment#abstract": 0.9296469579152927,
    "the-hyphen#content-1": 0.9292772449576229,
    "walk-about-it#abstract": 0.9278360771049929,
    "the-shape-of-a-practice-seminars#abstract": 0.927279131633946,
    "the-hyphen#abstract": 0.9257658990888382,
    "too-little-water-the-lake-chad-story#abstract": 0.9248913074929827,
    "the-anthropogenic-influence-onto-the-air-quality-along-the-mississippi-river-findings#content-1": 0.9236362880188557,
    "the-stories-we-tell-the-images-we-take#abstract": 0.9205825828897867,
    "the-anthropocene-in-light-of-biological-feedback#content-6": 0.9194313659256312,
    "the-anthropogenic-influence-onto-the-air-quality-along-the-mississippi-river-findings#content-4": 0.9147100992921828,
    "telling-time-through-lagoons-of-human-waste-at-the-western-treatment-plant#title": 0.9141361750727947,
    "uncalculated-risk#content-5": 0.9124708534051053,
    "the-anthropocene-in-light-of-biological-feedback#content-1": 0.9092710546589374,
    "the-aerocene-campus#content-11": 0.9090321268799485,
    "the-anthropocene-in-light-of-biological-feedback#content-7": 0.9070608622593013,
    "us-southwest#content-3": 0.9063267749429804,
    "the-aerocene-campus#content-8": 0.904948629453682,
    "white-sands#content-2": 0.9026343768211711,
    "telling-time-through-lagoons-of-human-waste-at-the-western-treatment-plant#content-6": 0.8987124105723189,
    "the-rights-of-nature#abstract": 0.8985203882411484,
    "uncalculated-risk#content-1": 0.8954474882166515,
    "the-terrain-of-the-former-veb-elektrokohle-lichtenberg#content-4": 0.8926539697031296,
    "xaraasi-xanne-crossing-voices#abstract": 0.8922604552913157,