{
    "the-four-dimensional-mississippi#content-1": 0.8992692132131586,
    "white-sands#content-1": 0.8981688446678083,
    "the-mississippi-basin-an-operational-landscape#content-5": 0.8980611082626919,
    "the-mississippi-basin-an-operational-landscape#content-1": 0.8894265048575164,
    "time-out-of-mind#content-1": 0.8894242226563357,
    "time-out-of-mind#abstract": 0.8877238125193867,
    "uncalculated-risk#content-6": 0.8861067930131674,
    "understanding-the-north-american-lost-crops#abstract": 0.8852628753962233,
    "timeslips#content-2": 0.8845360136932667,
    "the-mississippi-basin-an-operational-landscape#content-3": 0.8836244193356333,
    "white-sands#content-3": 0.8829503072964249,
    "the-great-green-desert#abstract": 0.8827078343044973,
    "the-maledives-case#abstract": 0.8823306703291383,
    "typha-the-once-and-future-planty-companion#abstract": 0.8817387028623475,
    "uncalculated-risk#content-2": 0.8814344183760751,
    "the-confluence-area#abstract": 0.8809585207319115,
    "the-anthropogenic-influence-onto-the-air-quality-along-the-mississippi-river-findings#content-8": 0.8809028601181973,
    "too-little-water-the-lake-chad-story#content-1": 0.8802278931906468,
    "time-out-of-mind#content-3": 0.8798442220402789,
    "uncalculated-risk#content-4": 0.8797565900041684,
    "the-anthropogenic-influence-onto-the-air-quality-along-the-mississippi-river-findings#content-10": 0.8789954686364577,
    "uncalculated-risk#content-8": 0.8787359215566534,
    "the-anthropogenic-influence-onto-the-air-quality-along-the-mississippi-river-findings#abstract": 0.8761248007244099,
    "timeslips#abstract": 0.8759028505730286,
    "transect-walk-cahokia-mounds-to-fairmont-city#abstract": 0.875256679434271,
    "the-terrain-of-the-former-veb-elektrokohle-lichtenberg#content-1": 0.8751631724021044,
    "this-is-not-about-survival-its-about-bringing-your-coracle#abstract": 0.8749056679494418,
    "the-aerocene-campus#content-7": 0.8746258342185399,
    "the-anthropogenic-influence-onto-the-air-quality-along-the-mississippi-river-findings#content-2": 0.8732979929741543,
    "the-anthropogenic-influence-onto-the-air-quality-along-the-mississippi-river-findings#content-6": 0.873095970719508,
    "the-four-dimensional-mississippi#abstract": 0.8724965223134272,
    "the-current-mississippi-an-anthropocene-river#abstract": 0.8717676323058519,
    "the-terrain-of-the-former-veb-elektrokohle-lichtenberg#content-3": 0.8710591136940143,
    "the-shape-of-a-practice#abstract": 0.870587928385313,
    "the-vietnamese-community-in-eastern-new-orleans#content-3": 0.8701337497033661,
    "the-vietnamese-community-in-eastern-new-orleans#content-1": 0.8697186138116514,
    "the-mississippi-basin-an-operational-landscape#content-7": 0.8686627786830177,
    "the-terrain-of-the-former-veb-elektrokohle-lichtenberg#content-5": 0.8685961450042127,
    "the-stories-we-tell-the-images-we-take#content-2": 0.8673788572007979,
    "xaraasi-xanne-crossing-voices#content-2": 0.8670267625815157,
    "uncalculated-risk#abstract": 0.8662050642880517,
    "the-free-sea#content-2": 0.865976035993702,
    "the-lichtenberg-case#abstract": 0.8655451465365693,
    "walk-about-it#content-1": 0.8646594081192344,
    "the-anthropocene-in-light-of-biological-feedback#content-10": 0.8633187360339513,
    "time-and-time-again#content-2": 0.8623278842077875,
    "writing-global-histories-in-the-anthropocene#content-1": 0.8618036617950802,
    "the-anthropocene-in-light-of-biological-feedback#content-8": 0.8610351921873004,
    "the-aerocene-campus#content-9": 0.860042343239664,
    "the-mississippi-basin-an-operational-landscape#abstract": 0.8596821408982368,
    "walk-about-it#abstract": 0.8594944195325249,
    "the-anthropocene-in-light-of-biological-feedback#abstract": 0.8594931336867228,
    "touring-the-anthropocenery-whos-in-charge-here-2014#content-2": 0.8592174685388323,
    "the-anthropocene-in-light-of-biological-feedback#content-3": 0.8573740548941029,
    "the-anthropocene-in-light-of-biological-feedback#content-2": 0.8570126586001021,
    "the-floating-ear#content-2": 0.8542595635764899,
    "times-before-and-after#content-1": 0.8539531432666091,
    "the-floating-ear#content-1": 0.8534382220607178,
    "the-floating-ear#content-3": 0.8530785785475691,
    "the-american-bottom#abstract": 0.8524689463669815,
    "tree-x-office#content-1": 0.8524501561336665,
    "the-anthropocene-in-light-of-biological-feedback#content-9": 0.8522352089063301,
    "us-southwest#content-1": 0.8522306003235021,
    "wicked-problems-and-mental-models#content-1": 0.852126746222595,
    "the-anthropogenic-influence-onto-the-air-quality-along-the-mississippi-river-findings#content-4": 0.851735581822366,
    "time-out-of-mind#content-5": 0.8517184303890075,
    "the-anthropocene-in-light-of-biological-feedback#content-4": 0.851183513596868,
    "twin-cities-artist-residency-mississippi-an-anthropocene-story#abstract": 0.8505483048714921,
    "too-little-water-the-lake-chad-story#abstract": 0.8497711462260403,
    "the-floating-ear#content-7": 0.8480726600187244,
    "the-aerocene-campus#abstract": 0.8476833953869894,
    "the-hyphen#content-2": 0.8471695510436181,
    "tree-x-office#abstract": 0.84645413044871,
    "terraforming#content-1": 0.8464294731182016,
    "the-anthropogenic-influence-onto-the-air-quality-along-the-mississippi-river-findings#content-1": 0.8462196869520614,
    "the-danish-text#abstract": 0.8459996196553872,
    "the-floating-ear#content-6": 0.8454446823141427,
    "the-aerocene-campus#content-3": 0.8450721056670453,
    "the-floating-ear#content-5": 0.8445974902912975,
    "the-hedge#content-2": 0.8434759694260705,
    "the-floating-ear#content-4": 0.8432605912245102,
    "the-anthropocene-in-light-of-biological-feedback#content-6": 0.8431352057770062,
    "the-hyphen#abstract": 0.8426084107284063,
    "the-aerocene-campus#content-5": 0.84115525496146,
    "the-mississippi-basin-an-operational-landscape#content-2": 0.8408115424362542,
    "the-shape-of-a-practice-seminars#abstract": 0.8404225403313428,
    "the-anthropocene-and-our-post-natural-future-2#abstract": 0.8399602333484055,
    "the-rights-of-nature#abstract": 0.8372951753486486,
    "the-shape-of-a-practice-online-project-environment#abstract": 0.8358743155541674,
    "the-aerocene-campus#content-1": 0.8347740254953866,
    "temporary-continent#abstract": 0.8343723150203204,
    "uncalculated-risk#content-5": 0.8332195108974902,
    "voice-and-representation#content-1": 0.830750881931679,
    "terraforming#abstract": 0.8291487390166761,
    "white-sands#content-2": 0.8283701018951114,
    "touring-the-anthropocenery-whos-in-charge-here-2014#abstract": 0.8266515119565312,
    "test-contribution#content-5": 0.8246695988748197,
    "test-contribution#content-6": 0.8246695988748197,
    "the-stories-we-tell-the-images-we-take#abstract": 0.8232595185644043,
    "xaraasi-xanne-crossing-voices#abstract": 0.8226449771015136,
    "us-southwest#content-3": 0.8224146803562287,
    "times-before-and-after#abstract": 0.8213994799944606,
    "the-aerocene-campus#content-11": 0.8210486777249819,
    "the-anthropocene-in-light-of-biological-feedback#content-1": 0.8192545083006905,
    "terraforming#content-4": 0.8174629167312967,
    "the-anthropocene-in-light-of-biological-feedback#content-7": 0.8158062425878755,
    "the-hyphen#content-1": 0.8123630995065915,
    "time-out-of-mind#title": 0.8106065142616504,
    "the-anthropogenic-influence-onto-the-air-quality-along-the-mississippi-river-findings#title": 0.8098661195362553,
    "understanding-the-north-american-lost-crops#title": 0.8096723715330177,
    "uncalculated-risk#content-7": 0.804173745022871,
    "uncalculated-risk#content-1": 0.8036633186714246,
    "the-aerocene-campus#content-8": 0.8026211314441865,
    "the-terrain-of-the-former-veb-elektrokohle-lichtenberg#content-4": 0.797057100438772,