{
    "the-anthropocene-in-light-of-biological-feedback#content-10": 0.9582158368484436,
    "times-before-and-after#content-1": 0.9555195836136444,
    "the-anthropocene-in-light-of-biological-feedback#abstract": 0.9554467889040619,
    "walk-about-it#content-1": 0.9540947735309951,
    "telling-time-through-lagoons-of-human-waste-at-the-western-treatment-plant#content-7": 0.9525011981002717,
    "the-floating-ear#content-3": 0.9519670242878533,
    "time-and-time-again#content-2": 0.9508519603307714,
    "wicked-problems-and-mental-models#content-1": 0.9502975794813897,
    "the-floating-ear#content-4": 0.9499351195849277,
    "the-shape-of-a-practice#abstract": 0.9489583109431541,
    "touring-the-anthropocenery-whos-in-charge-here-2014#content-2": 0.9482712897501872,
    "the-free-sea#content-2": 0.9474244057181604,
    "the-floating-ear#content-6": 0.9473617054700648,
    "the-hyphen#abstract": 0.9473133993581065,
    "the-floating-ear#content-7": 0.9454396012912489,
    "telling-time-through-lagoons-of-human-waste-at-the-western-treatment-plant#content-3": 0.9444798229441816,
    "time-out-of-mind#content-3": 0.9442285804097229,
    "voice-and-representation#content-1": 0.9431093471323712,
    "too-little-water-the-lake-chad-story#content-1": 0.9421197555337008,
    "writing-global-histories-in-the-anthropocene#content-1": 0.941297356538817,
    "time-out-of-mind#abstract": 0.9410201368455764,
    "the-floating-ear#content-2": 0.9409729853287163,
    "the-floating-ear#content-1": 0.9407273885356988,
    "the-mississippi-basin-an-operational-landscape#content-7": 0.9406598008685845,
    "the-anthropocene-in-light-of-biological-feedback#content-3": 0.9400967871429049,
    "the-anthropocene-and-our-post-natural-future-2#abstract": 0.9399885552230729,
    "uncalculated-risk#content-8": 0.9399320812095978,
    "the-aerocene-campus#content-9": 0.9395214178052784,
    "the-anthropogenic-influence-onto-the-air-quality-along-the-mississippi-river-findings#abstract": 0.939330781316242,
    "telling-time-through-lagoons-of-human-waste-at-the-western-treatment-plant#content-1": 0.9380852552661525,
    "uncalculated-risk#content-4": 0.9377518473902577,
    "the-terrain-of-the-former-veb-elektrokohle-lichtenberg#content-3": 0.9369163890631297,
    "the-aerocene-campus#content-7": 0.9364722646783907,
    "terraforming#abstract": 0.9360020867285115,
    "uncalculated-risk#abstract": 0.9353117734749631,
    "the-anthropocene-in-light-of-biological-feedback#content-2": 0.935280699396505,
    "the-confluence-area#abstract": 0.9344109916352031,
    "the-four-dimensional-mississippi#abstract": 0.9341684348726037,
    "the-anthropocene-in-light-of-biological-feedback#content-9": 0.9340741787772584,
    "the-mississippi-basin-an-operational-landscape#content-5": 0.9338516616236611,
    "typha-the-once-and-future-planty-companion#abstract": 0.9337934440540431,
    "telling-time-through-lagoons-of-human-waste-at-the-western-treatment-plant#content-5": 0.9330182753249672,
    "time-out-of-mind#content-5": 0.9328073657440341,
    "the-hyphen#content-2": 0.9324631635029287,
    "the-stories-we-tell-the-images-we-take#content-2": 0.9322360417875755,
    "white-sands#content-3": 0.9311542847962879,
    "the-floating-ear#content-5": 0.9310195007933297,
    "terraforming#content-1": 0.9309838860010884,
    "the-terrain-of-the-former-veb-elektrokohle-lichtenberg#content-5": 0.9309508342027343,
    "timeslips#content-2": 0.9303612260678911,
    "understanding-the-north-american-lost-crops#abstract": 0.9291121358397653,
    "twin-cities-artist-residency-mississippi-an-anthropocene-story#abstract": 0.9285702070241202,
    "time-out-of-mind#content-1": 0.9276751836362116,
    "timeslips#abstract": 0.9276270341436356,
    "tree-x-office#content-1": 0.9274692611191915,
    "the-hedge#content-2": 0.9270725938118068,
    "uncalculated-risk#content-6": 0.926849020474181,
    "times-before-and-after#abstract": 0.9263005051371705,
    "the-four-dimensional-mississippi#content-1": 0.9261658004678448,
    "the-aerocene-campus#abstract": 0.9253312168266561,
    "the-maledives-case#abstract": 0.9252724327262677,
    "the-american-bottom#abstract": 0.9251051126459005,
    "the-anthropocene-in-light-of-biological-feedback#content-8": 0.9244522442677826,
    "the-lichtenberg-case#abstract": 0.9244491009151161,
    "uncalculated-risk#content-2": 0.9242731042043142,
    "the-terrain-of-the-former-veb-elektrokohle-lichtenberg#content-1": 0.9238225169170039,
    "the-vietnamese-community-in-eastern-new-orleans#content-3": 0.9225756481333255,
    "the-shape-of-a-practice-online-project-environment#abstract": 0.9192476296137287,
    "the-mississippi-basin-an-operational-landscape#content-1": 0.9190533522803893,
    "white-sands#content-1": 0.9181313170897502,
    "walk-about-it#abstract": 0.9177047106228177,
    "xaraasi-xanne-crossing-voices#content-2": 0.9166144254050127,
    "the-shape-of-a-practice-seminars#abstract": 0.9149915839183229,
    "the-anthropocene-in-light-of-biological-feedback#content-4": 0.9148513219622671,
    "the-anthropogenic-influence-onto-the-air-quality-along-the-mississippi-river-findings#content-8": 0.913895870085703,
    "the-current-mississippi-an-anthropocene-river#abstract": 0.9127868657242739,
    "the-anthropogenic-influence-onto-the-air-quality-along-the-mississippi-river-findings#content-10": 0.9123503390763228,
    "the-aerocene-campus#content-1": 0.909976888304644,
    "the-hyphen#content-1": 0.9097025983435001,
    "the-anthropogenic-influence-onto-the-air-quality-along-the-mississippi-river-findings#content-6": 0.9092879559097516,
    "the-aerocene-campus#content-3": 0.9086055370265744,
    "the-anthropogenic-influence-onto-the-air-quality-along-the-mississippi-river-findings#content-2": 0.9085454725044518,
    "the-aerocene-campus#content-5": 0.9065278735749795,
    "the-mississippi-basin-an-operational-landscape#abstract": 0.9063182297994504,
    "this-is-not-about-survival-its-about-bringing-your-coracle#abstract": 0.9044857123977226,
    "terraforming#content-4": 0.9029371603582138,
    "the-vietnamese-community-in-eastern-new-orleans#content-1": 0.9021693932188218,
    "the-mississippi-basin-an-operational-landscape#content-3": 0.9012763339681362,
    "the-danish-text#abstract": 0.9001750980979601,
    "the-great-green-desert#abstract": 0.8987494082392475,
    "the-aerocene-campus#content-8": 0.8968309433062387,
    "temporary-continent#abstract": 0.8952218951722998,
    "tree-x-office#abstract": 0.8944129955891966,
    "telling-time-through-lagoons-of-human-waste-at-the-western-treatment-plant#title": 0.8937086614129506,
    "touring-the-anthropocenery-whos-in-charge-here-2014#abstract": 0.8934326009015843,
    "us-southwest#content-1": 0.8920476564398898,
    "transect-walk-cahokia-mounds-to-fairmont-city#abstract": 0.8908077767291301,
    "the-stories-we-tell-the-images-we-take#abstract": 0.8837006445171842,
    "the-anthropocene-in-light-of-biological-feedback#content-7": 0.8833983109139781,
    "the-anthropocene-in-light-of-biological-feedback#content-1": 0.8811521338800761,
    "too-little-water-the-lake-chad-story#abstract": 0.8793946015486979,
    "the-anthropocene-in-light-of-biological-feedback#content-6": 0.8788635561308993,
    "the-aerocene-campus#content-11": 0.8767716279167359,
    "the-rights-of-nature#abstract": 0.8759343494367865,
    "the-anthropogenic-influence-onto-the-air-quality-along-the-mississippi-river-findings#content-4": 0.8733784041325314,
    "the-stories-we-tell-the-images-we-take#title": 0.8731814361982054,
    "this-is-not-about-survival-its-about-bringing-your-coracle#content-1": 0.8720167387346894,
    "time-out-of-mind#title": 0.8600811556519093,