{
    "the-american-bottom#abstract": 0.9656463733717431,
    "the-stories-we-tell-the-images-we-take#content-2": 0.958172153051212,
    "the-shape-of-a-practice#abstract": 0.9525597238987181,
    "the-floating-ear#content-1": 0.951898641511328,
    "the-mississippi-basin-an-operational-landscape#content-7": 0.9508916706291272,
    "the-aerocene-campus#content-9": 0.9491730292433876,
    "uncalculated-risk#abstract": 0.9482506541855648,
    "the-confluence-area#abstract": 0.9482382086108264,
    "the-mississippi-basin-an-operational-landscape#content-1": 0.9480248574254425,
    "the-current-mississippi-an-anthropocene-river#abstract": 0.9477066627383485,
    "the-aerocene-campus#content-1": 0.946564500102853,
    "terraforming#content-1": 0.9462650160333866,
    "the-floating-ear#content-5": 0.9454542341549103,
    "the-aerocene-campus#content-5": 0.9453122353158171,
    "too-little-water-the-lake-chad-story#content-1": 0.9446483295061785,
    "time-out-of-mind#abstract": 0.9444956629200564,
    "the-aerocene-campus#content-3": 0.9440333138623671,
    "the-anthropocene-in-light-of-biological-feedback#content-10": 0.9439208568695227,
    "the-four-dimensional-mississippi#content-1": 0.9437599488564983,
    "the-aerocene-campus#content-7": 0.9432541773353809,
    "writing-global-histories-in-the-anthropocene#content-1": 0.9426326631357982,
    "the-anthropocene-in-light-of-biological-feedback#content-9": 0.9424601018868074,
    "time-and-time-again#content-2": 0.941246418629824,
    "the-floating-ear#content-6": 0.9407211473180169,
    "the-floating-ear#content-7": 0.9407164853690968,
    "the-lichtenberg-case#abstract": 0.9405335471545275,
    "the-aerocene-campus#abstract": 0.9396633357693929,
    "the-floating-ear#content-4": 0.93932176391407,
    "the-anthropogenic-influence-onto-the-air-quality-along-the-mississippi-river-findings#abstract": 0.9392567402519753,
    "the-terrain-of-the-former-veb-elektrokohle-lichtenberg#content-5": 0.9386242266565129,
    "the-vietnamese-community-in-eastern-new-orleans#content-3": 0.9383149762716104,
    "times-before-and-after#content-1": 0.9382755524158192,
    "the-floating-ear#content-3": 0.9379956224616323,
    "white-sands#content-1": 0.9377280365351043,
    "wicked-problems-and-mental-models#content-1": 0.9371862090921557,
    "the-anthropocene-in-light-of-biological-feedback#content-3": 0.9370223557867644,
    "tree-x-office#content-1": 0.9367598378715407,
    "the-anthropocene-and-our-post-natural-future-2#abstract": 0.936701716369195,
    "uncalculated-risk#content-8": 0.9362718232330693,
    "white-sands#content-3": 0.9350485636587975,
    "time-out-of-mind#content-1": 0.9345287264737782,
    "xaraasi-xanne-crossing-voices#content-2": 0.93413901185352,
    "the-mississippi-basin-an-operational-landscape#content-5": 0.9337080387828858,
    "the-four-dimensional-mississippi#abstract": 0.9331952492460703,
    "voice-and-representation#content-1": 0.9329227180687967,
    "the-vietnamese-community-in-eastern-new-orleans#content-1": 0.9328570965325076,
    "the-free-sea#content-2": 0.9325333859701672,
    "the-anthropocene-in-light-of-biological-feedback#content-4": 0.932444101099441,
    "terraforming#abstract": 0.9324244088218102,
    "the-anthropocene-in-light-of-biological-feedback#content-2": 0.9316538343797321,
    "this-is-not-about-survival-its-about-bringing-your-coracle#abstract": 0.9315607928595573,
    "uncalculated-risk#content-2": 0.9312824419453305,
    "the-mississippi-basin-an-operational-landscape#content-3": 0.9304231630363724,
    "the-shape-of-a-practice-online-project-environment#abstract": 0.9292531089614675,
    "uncalculated-risk#content-4": 0.9286951676981564,
    "the-hyphen#content-1": 0.9286131425656038,
    "the-anthropocene-in-light-of-biological-feedback#abstract": 0.9282772803992593,
    "timeslips#content-2": 0.9281286276160614,
    "time-out-of-mind#content-3": 0.9279354103721926,
    "the-terrain-of-the-former-veb-elektrokohle-lichtenberg#content-1": 0.9278582826148267,
    "touring-the-anthropocenery-whos-in-charge-here-2014#content-2": 0.9276226884971057,
    "timeslips#abstract": 0.927512980464299,
    "the-anthropogenic-influence-onto-the-air-quality-along-the-mississippi-river-findings#content-2": 0.9274928464491019,
    "the-terrain-of-the-former-veb-elektrokohle-lichtenberg#content-3": 0.9267319590186893,
    "twin-cities-artist-residency-mississippi-an-anthropocene-story#abstract": 0.9263261924189714,
    "walk-about-it#content-1": 0.9258565080441121,
    "the-shape-of-a-practice-seminars#abstract": 0.9246446415936038,
    "the-hyphen#content-2": 0.9240391668869212,
    "the-danish-text#abstract": 0.9230139347442777,
    "the-hyphen#abstract": 0.9225676239191456,
    "the-floating-ear#content-2": 0.9220332923097115,
    "the-anthropogenic-influence-onto-the-air-quality-along-the-mississippi-river-findings#content-6": 0.921885407429379,
    "the-mississippi-basin-an-operational-landscape#abstract": 0.9209566354676146,
    "uncalculated-risk#content-6": 0.920113509169917,
    "the-anthropogenic-influence-onto-the-air-quality-along-the-mississippi-river-findings#content-8": 0.9200860805296587,
    "us-southwest#content-1": 0.9198856745220584,
    "the-aerocene-campus#content-8": 0.9186697364472634,
    "us-southwest#content-3": 0.9185803593342255,
    "too-little-water-the-lake-chad-story#abstract": 0.9179138152979578,
    "the-anthropocene-in-light-of-biological-feedback#content-7": 0.917639026077069,
    "the-maledives-case#abstract": 0.9155175492548696,
    "the-hedge#content-2": 0.9149749850005464,
    "the-anthropocene-in-light-of-biological-feedback#content-1": 0.9143300348347638,
    "transect-walk-cahokia-mounds-to-fairmont-city#abstract": 0.9134523281829582,
    "typha-the-once-and-future-planty-companion#abstract": 0.9132527633289294,
    "the-anthropocene-in-light-of-biological-feedback#content-8": 0.9130613303693215,
    "the-great-green-desert#abstract": 0.9117492976767835,
    "time-out-of-mind#content-5": 0.9117050228962613,
    "walk-about-it#abstract": 0.9106798280981541,
    "terraforming#content-4": 0.9099312930365899,
    "the-anthropogenic-influence-onto-the-air-quality-along-the-mississippi-river-findings#content-10": 0.9093560651223045,
    "understanding-the-north-american-lost-crops#abstract": 0.9072539317138688,
    "tree-x-office#abstract": 0.9062728177119318,
    "the-stories-we-tell-the-images-we-take#abstract": 0.9059992491178142,
    "time-and-time-again#content-1": 0.8972643056084076,
    "the-rights-of-nature#abstract": 0.8933003735359668,
    "white-sands#content-2": 0.8907774052173019,
    "xaraasi-xanne-crossing-voices#abstract": 0.8902601250464737,
    "the-anthropocene-in-light-of-biological-feedback#content-6": 0.8898208690039473,
    "times-before-and-after#abstract": 0.8897754060314548,
    "too-little-water-the-lake-chad-story#content-2": 0.8896173131024967,
    "uncalculated-risk#content-5": 0.8834851803163528,
    "touring-the-anthropocenery-whos-in-charge-here-2014#abstract": 0.8827906482397616,
    "uncalculated-risk#content-1": 0.8767832590851533,
    "the-anthropogenic-influence-onto-the-air-quality-along-the-mississippi-river-findings#content-1": 0.8761535207906899,
    "uncalculated-risk#content-7": 0.8735489372519721,
    "the-aerocene-campus#content-11": 0.8732126403520855,
    "the-anthropogenic-influence-onto-the-air-quality-along-the-mississippi-river-findings#content-4": 0.8678073099246298,
    "time-and-time-again#subtitle": 0.8636585953442039,
    "white-sands#abstract": 0.8550882816043309,
    "the-hedge#content-3": 0.8549872801072614,
    "the-aerocene-campus#content-4": 0.8507812086328669,
    "test-contribution#content-5": 0.8497328028343506,
    "test-contribution#content-6": 0.8497328028343506,
    "the-anthropogenic-influence-onto-the-air-quality-along-the-mississippi-river-findings#content-5": 0.8492623789525108,
    "the-aerocene-campus#content-6": 0.8431059636585915,