{
    "us-southwest#content-1": 0.7462848409030046,
    "the-mississippi-basin-an-operational-landscape#content-1": 0.7421228740094403,
    "too-little-water-the-lake-chad-story#abstract": 0.7396745624910555,
    "white-sands#content-1": 0.7393047915465769,
    "the-maledives-case#abstract": 0.7369696926697542,
    "the-vietnamese-community-in-eastern-new-orleans#content-1": 0.7359505475254662,
    "time-out-of-mind#abstract": 0.7343314316196818,
    "the-vietnamese-community-in-eastern-new-orleans#content-3": 0.7330028726881178,
    "uncalculated-risk#content-2": 0.7321057860561927,
    "this-is-not-about-survival-its-about-bringing-your-coracle#abstract": 0.72964528831935,
    "too-little-water-the-lake-chad-story#content-1": 0.7278451544304113,
    "the-terrain-of-the-former-veb-elektrokohle-lichtenberg#content-5": 0.7268452594260987,
    "timeslips#abstract": 0.7258044112965849,
    "the-four-dimensional-mississippi#content-1": 0.7241022435844752,
    "uncalculated-risk#content-8": 0.722439791415343,
    "white-sands#content-3": 0.7207747653612506,
    "the-lichtenberg-case#abstract": 0.7207654269569785,
    "timeslips#content-2": 0.7195077436621945,
    "transect-walk-cahokia-mounds-to-fairmont-city#abstract": 0.7193263899932469,
    "uncalculated-risk#content-4": 0.7192343377599824,
    "uncalculated-risk#content-6": 0.715760750348902,
    "the-terrain-of-the-former-veb-elektrokohle-lichtenberg#content-1": 0.7147280152271108,
    "us-southwest#content-3": 0.713402222291092,
    "time-out-of-mind#content-1": 0.7131957175038961,
    "uncalculated-risk#abstract": 0.7112056074104471,
    "the-great-green-desert#abstract": 0.71066282956833,
    "the-american-bottom#abstract": 0.7105386636483445,
    "writing-global-histories-in-the-anthropocene#content-1": 0.709679419684763,
    "the-anthropocene-in-light-of-biological-feedback#content-10": 0.709514662022273,
    "the-anthropocene-in-light-of-biological-feedback#content-9": 0.7094064660845466,
    "the-mississippi-basin-an-operational-landscape#content-3": 0.709197558492534,
    "the-mississippi-basin-an-operational-landscape#content-2": 0.7090229303175352,
    "tree-x-office#content-1": 0.706373989115709,
    "the-free-sea#content-2": 0.7061246894180185,
    "the-terrain-of-the-former-veb-elektrokohle-lichtenberg#content-3": 0.705273802056402,
    "time-and-time-again#content-2": 0.7052242565692198,
    "the-mississippi-basin-an-operational-landscape#content-7": 0.7049253816534806,
    "the-danish-text#abstract": 0.7041106867528637,
    "time-out-of-mind#content-3": 0.7039285702543685,
    "times-before-and-after#content-1": 0.7036400188052634,
    "the-mississippi-basin-an-operational-landscape#content-5": 0.7035880619829279,
    "wicked-problems-and-mental-models#content-1": 0.7017279378487418,
    "the-current-mississippi-an-anthropocene-river#abstract": 0.7011635513935719,
    "the-floating-ear#content-3": 0.7003071751559454,
    "the-stories-we-tell-the-images-we-take#content-2": 0.6989150317303714,
    "the-mississippi-basin-an-operational-landscape#abstract": 0.697578410695141,
    "the-anthropocene-in-light-of-biological-feedback#content-4": 0.6968040688755168,
    "the-hedge#content-2": 0.696660458551324,
    "the-anthropocene-in-light-of-biological-feedback#content-1": 0.6964124410223106,
    "walk-about-it#content-1": 0.69638339900522,
    "the-anthropocene-in-light-of-biological-feedback#content-2": 0.6960379927048473,
    "the-floating-ear#content-6": 0.695733302280437,
    "the-shape-of-a-practice#abstract": 0.6953078488497119,
    "understanding-the-north-american-lost-crops#abstract": 0.6950934573424429,
    "the-aerocene-campus#content-3": 0.6949194448542968,
    "the-floating-ear#content-4": 0.6948768150727641,
    "touring-the-anthropocenery-whos-in-charge-here-2014#content-2": 0.6944856490867212,
    "the-four-dimensional-mississippi#abstract": 0.6944517380779787,
    "the-aerocene-campus#content-1": 0.6935277525046836,
    "the-aerocene-campus#content-9": 0.6931988106088898,
    "the-aerocene-campus#content-7": 0.6931910544469059,
    "the-anthropogenic-influence-onto-the-air-quality-along-the-mississippi-river-findings#content-2": 0.693057984736173,
    "white-sands#content-2": 0.6925321496839358,
    "uncalculated-risk#content-5": 0.6924680938744242,
    "terraforming#content-1": 0.6921428920496273,
    "the-mississippi-basin-an-operational-landscape#content-4": 0.6907494735310843,
    "the-hyphen#abstract": 0.689881660656059,
    "the-confluence-area#abstract": 0.6895435994504764,
    "the-floating-ear#content-2": 0.6894646721101377,
    "the-anthropogenic-influence-onto-the-air-quality-along-the-mississippi-river-findings#content-8": 0.6892591678708303,
    "the-floating-ear#content-1": 0.6888747893190436,
    "the-floating-ear#content-7": 0.6875938486381389,
    "the-anthropogenic-influence-onto-the-air-quality-along-the-mississippi-river-findings#content-6": 0.6860163276300231,
    "the-floating-ear#content-5": 0.6858620211767751,
    "typha-the-once-and-future-planty-companion#abstract": 0.6852231131643881,
    "uncalculated-risk#content-1": 0.6850221609333832,
    "xaraasi-xanne-crossing-voices#content-2": 0.6842323874918168,
    "voice-and-representation#content-1": 0.6835697290240113,
    "time-out-of-mind#content-5": 0.6831881197876819,
    "times-before-and-after#abstract": 0.6828501674832587,
    "the-hyphen#content-2": 0.6826490136152333,
    "the-anthropogenic-influence-onto-the-air-quality-along-the-mississippi-river-findings#content-1": 0.6820068395448033,
    "the-anthropocene-and-our-post-natural-future-2#abstract": 0.6818054498705362,
    "the-anthropocene-in-light-of-biological-feedback#abstract": 0.6817751236630936,
    "too-little-water-the-lake-chad-story#content-2": 0.6817269163067827,
    "the-aerocene-campus#abstract": 0.681430959373657,
    "the-shape-of-a-practice-online-project-environment#abstract": 0.6805995079560132,
    "the-aerocene-campus#content-5": 0.6805181871318317,
    "the-anthropocene-in-light-of-biological-feedback#content-3": 0.677444258730235,
    "the-anthropogenic-influence-onto-the-air-quality-along-the-mississippi-river-findings#abstract": 0.6767160672383364,
    "the-terrain-of-the-former-veb-elektrokohle-lichtenberg#content-4": 0.6766719603513903,
    "the-anthropogenic-influence-onto-the-air-quality-along-the-mississippi-river-findings#content-10": 0.6755689669829567,
    "tree-x-office#abstract": 0.6753060858399085,
    "the-hyphen#content-1": 0.6750907332809464,
    "the-anthropocene-in-light-of-biological-feedback#content-6": 0.6743954413027049,
    "walk-about-it#abstract": 0.6736189810393799,
    "touring-the-anthropocenery-whos-in-charge-here-2014#abstract": 0.6701104315724925,
    "uncalculated-risk#content-7": 0.6698640607582028,
    "terraforming#content-4": 0.6682967456330597,
    "the-aerocene-campus#content-6": 0.6679810071138194,
    "the-anthropocene-in-light-of-biological-feedback#content-8": 0.6675570403449511,
    "terraforming#abstract": 0.6671592821077709,
    "the-anthropocene-in-light-of-biological-feedback#content-7": 0.6670505173236517,
    "twin-cities-artist-residency-mississippi-an-anthropocene-story#abstract": 0.6662336506497821,
    "the-aerocene-campus#content-8": 0.6660297082005863,
    "the-shape-of-a-practice-seminars#abstract": 0.664334699733902,
    "the-rights-of-nature#abstract": 0.6643286784588974,
    "the-terrestrial-is-not-the-globe#title": 0.6615016844194407,
    "the-stories-we-tell-the-images-we-take#abstract": 0.6595636867431812,
    "test-contribution#content-5": 0.6584893489347367,
    "test-contribution#content-6": 0.6584893489347367,
    "understanding-the-north-american-lost-crops#title": 0.6583409902128394,
    "us-southwest#content-4": 0.6575372398836773,
    "the-mississippi-basin-an-operational-landscape#content-6": 0.6538154148027174,
    "the-hedge#content-3": 0.6535821641266552,
    "uncalculated-risk#content-3": 0.6531754438651528,