{
    "the-hyphen#content-2": 0.9716037928167275,
    "the-floating-ear#content-6": 0.969007366355228,
    "times-before-and-after#content-1": 0.9672764539517914,
    "the-floating-ear#content-1": 0.9658346416970273,
    "the-floating-ear#content-3": 0.9654709912399537,
    "the-aerocene-campus#content-7": 0.9608452428520923,
    "the-anthropocene-in-light-of-biological-feedback#content-4": 0.960719644303233,
    "the-terrain-of-the-former-veb-elektrokohle-lichtenberg#content-3": 0.9607140072828788,
    "wicked-problems-and-mental-models#content-1": 0.9605465816459469,
    "the-aerocene-campus#content-9": 0.9588167925697447,
    "the-free-sea#content-2": 0.9579147423629377,
    "the-floating-ear#content-2": 0.9572912162150036,
    "the-anthropocene-in-light-of-biological-feedback#content-9": 0.9571829956319815,
    "the-anthropocene-in-light-of-biological-feedback#content-3": 0.956903807848266,
    "the-floating-ear#content-5": 0.956737009572953,
    "the-floating-ear#content-7": 0.954568512186096,
    "touring-the-anthropocenery-whos-in-charge-here-2014#content-2": 0.9536543634001454,
    "the-anthropocene-in-light-of-biological-feedback#content-10": 0.9535913127549587,
    "time-and-time-again#content-2": 0.953313470776074,
    "time-out-of-mind#content-3": 0.9510519199138171,
    "time-out-of-mind#content-5": 0.9504528859289062,
    "walk-about-it#content-1": 0.9498380576371406,
    "the-shape-of-a-practice#abstract": 0.9484644253341372,
    "the-anthropocene-in-light-of-biological-feedback#content-2": 0.9477342455252104,
    "the-aerocene-campus#content-1": 0.947045157194753,
    "the-anthropocene-in-light-of-biological-feedback#content-8": 0.9468758188574057,
    "the-aerocene-campus#content-5": 0.9467832651893537,
    "the-floating-ear#content-4": 0.9460484799979063,
    "uncalculated-risk#content-8": 0.9449583811893348,
    "white-sands#content-3": 0.9447175066983503,
    "the-hyphen#content-1": 0.9438784521463401,
    "the-anthropocene-in-light-of-biological-feedback#abstract": 0.9437779116159721,
    "the-stories-we-tell-the-images-we-take#content-2": 0.9433073097562573,
    "time-out-of-mind#content-1": 0.9432566090417489,
    "the-terrain-of-the-former-veb-elektrokohle-lichtenberg#content-1": 0.9430386774996785,
    "tree-x-office#content-1": 0.9414801554261826,
    "typha-the-once-and-future-planty-companion#abstract": 0.9412865089105019,
    "the-aerocene-campus#abstract": 0.940172886499843,
    "the-anthropocene-and-our-post-natural-future-2#abstract": 0.9401499047727169,
    "uncalculated-risk#content-4": 0.9393066561611386,
    "timeslips#content-2": 0.9389518834802373,
    "voice-and-representation#content-1": 0.9387074113193935,
    "twin-cities-artist-residency-mississippi-an-anthropocene-story#abstract": 0.9385008120892555,
    "the-shape-of-a-practice-online-project-environment#abstract": 0.937967767533014,
    "the-four-dimensional-mississippi#content-1": 0.936523660419636,
    "uncalculated-risk#content-6": 0.9357423720879637,
    "times-before-and-after#abstract": 0.9349637984530904,
    "xaraasi-xanne-crossing-voices#content-2": 0.9349157466577444,
    "the-confluence-area#abstract": 0.9344222081882683,
    "the-stories-we-tell-the-images-we-take#abstract": 0.9340208464110271,
    "the-four-dimensional-mississippi#abstract": 0.9334127391446553,
    "tree-x-office#abstract": 0.9332576769116021,
    "the-shape-of-a-practice-seminars#abstract": 0.9331092741545293,
    "the-anthropocene-in-light-of-biological-feedback#content-7": 0.9325664862056934,
    "the-terrain-of-the-former-veb-elektrokohle-lichtenberg#content-5": 0.9322528490293028,
    "time-out-of-mind#abstract": 0.9318944836555754,
    "the-hyphen#abstract": 0.9309572149343084,
    "the-hedge#content-2": 0.9309116128755976,
    "the-aerocene-campus#content-3": 0.9303915943366147,
    "touring-the-anthropocenery-whos-in-charge-here-2014#abstract": 0.9303887073245697,
    "uncalculated-risk#content-2": 0.9301033593379323,
    "the-mississippi-basin-an-operational-landscape#content-7": 0.9278809242832274,
    "uncalculated-risk#abstract": 0.9271919852617427,
    "the-anthropocene-in-light-of-biological-feedback#content-1": 0.9259150018460203,
    "timeslips#abstract": 0.9255091933891819,
    "the-vietnamese-community-in-eastern-new-orleans#content-3": 0.9250958327204144,
    "the-american-bottom#abstract": 0.923795840097744,
    "the-danish-text#abstract": 0.9223753300035781,
    "white-sands#content-1": 0.9208395188713872,
    "walk-about-it#abstract": 0.9196296942920719,
    "the-lichtenberg-case#abstract": 0.9193492244687882,
    "the-mississippi-basin-an-operational-landscape#content-5": 0.9193156953690081,
    "the-aerocene-campus#content-11": 0.9185662421932743,
    "us-southwest#content-1": 0.9179668131559161,
    "the-anthropogenic-influence-onto-the-air-quality-along-the-mississippi-river-findings#content-6": 0.9176068239748799,
    "the-mississippi-basin-an-operational-landscape#content-1": 0.9168192348287496,
    "writing-global-histories-in-the-anthropocene#content-1": 0.9133158699114706,
    "the-anthropocene-in-light-of-biological-feedback#content-6": 0.9130969087685926,
    "the-mississippi-basin-an-operational-landscape#content-3": 0.9110837589003679,
    "the-anthropogenic-influence-onto-the-air-quality-along-the-mississippi-river-findings#content-2": 0.9097438686885037,
    "the-vietnamese-community-in-eastern-new-orleans#content-1": 0.9084802129416643,
    "too-little-water-the-lake-chad-story#content-1": 0.9083527963728338,
    "the-anthropogenic-influence-onto-the-air-quality-along-the-mississippi-river-findings#abstract": 0.9078809630152759,
    "xaraasi-xanne-crossing-voices#abstract": 0.9075046723826341,
    "the-maledives-case#abstract": 0.906211923920317,
    "this-is-not-about-survival-its-about-bringing-your-coracle#abstract": 0.904652448811947,
    "the-current-mississippi-an-anthropocene-river#abstract": 0.9041298903864748,
    "the-anthropogenic-influence-onto-the-air-quality-along-the-mississippi-river-findings#content-8": 0.8999790216120004,
    "the-mississippi-basin-an-operational-landscape#abstract": 0.8989484572194596,
    "understanding-the-north-american-lost-crops#abstract": 0.8950378650177829,
    "time-and-time-again#content-1": 0.8935013969314054,
    "the-great-green-desert#abstract": 0.8919326986789551,
    "the-anthropogenic-influence-onto-the-air-quality-along-the-mississippi-river-findings#content-10": 0.8917404569271599,
    "the-aerocene-campus#content-8": 0.891659532244934,
    "this-is-not-about-survival-its-about-bringing-your-coracle#content-1": 0.8916389533430925,
    "the-anthropogenic-influence-onto-the-air-quality-along-the-mississippi-river-findings#content-1": 0.8916157146866597,
    "uncalculated-risk#content-1": 0.8891386395297138,
    "the-aerocene-campus#content-4": 0.8874906113806414,
    "the-rights-of-nature#abstract": 0.886563323240267,
    "the-shape-of-a-practice-online-project-environment#title": 0.8864584332252925,
    "uncalculated-risk#content-5": 0.884209464011946,
    "the-shape-of-a-practice#title": 0.8809723499240981,
    "too-little-water-the-lake-chad-story#abstract": 0.8772458642332681,
    "transect-walk-cahokia-mounds-to-fairmont-city#abstract": 0.8753934058182813,
    "uncalculated-risk#content-3": 0.8748868490065637,
    "the-stories-we-tell-the-images-we-take#title": 0.8743087591278355,
    "the-anthropogenic-influence-onto-the-air-quality-along-the-mississippi-river-findings#content-4": 0.872292419636583,
    "time-out-of-mind#title": 0.8719350806250172,
    "white-sands#abstract": 0.8705084713178424,
    "white-sands#content-2": 0.8663497324420394,
    "uncalculated-risk#content-7": 0.8648406681416049,
    "test-contribution#content-5": 0.859390094819319,
    "test-contribution#content-6": 0.859390094819319,
    "too-little-water-the-lake-chad-story#content-2": 0.8581712982361284,
    "us-southwest#content-3": 0.8565405679204401,