{
    "the-anthropocene-in-light-of-biological-feedback#content-10": 0.9740152366682506,
    "voice-and-representation#content-1": 0.9730419103275367,
    "times-before-and-after#content-1": 0.9717096854045718,
    "the-shape-of-a-practice#abstract": 0.9713957833899632,
    "wicked-problems-and-mental-models#content-1": 0.9704809862392729,
    "the-aerocene-campus#content-9": 0.9687591081730005,
    "the-anthropocene-in-light-of-biological-feedback#content-3": 0.9685956262617297,
    "the-floating-ear#content-3": 0.9682772016368474,
    "the-floating-ear#content-6": 0.9661424988840696,
    "the-anthropocene-in-light-of-biological-feedback#abstract": 0.9658451434169502,
    "the-floating-ear#content-1": 0.9643662359297397,
    "the-floating-ear#content-4": 0.9643534317936988,
    "the-floating-ear#content-7": 0.9629776077617735,
    "time-and-time-again#content-2": 0.9600947967506583,
    "the-mississippi-basin-an-operational-landscape#content-7": 0.9596651159300512,
    "the-floating-ear#content-5": 0.9582618900486866,
    "uncalculated-risk#abstract": 0.9581087995407209,
    "the-free-sea#content-2": 0.9579343357374163,
    "touring-the-anthropocenery-whos-in-charge-here-2014#content-2": 0.9567907742439299,
    "walk-about-it#content-1": 0.9564519630456454,
    "the-floating-ear#content-2": 0.9560066286565178,
    "the-anthropocene-in-light-of-biological-feedback#content-2": 0.9557013131853723,
    "the-aerocene-campus#abstract": 0.9556206912952803,
    "the-anthropocene-and-our-post-natural-future-2#abstract": 0.9546023291566981,
    "the-shape-of-a-practice-seminars#abstract": 0.9545802863341962,
    "terraforming#content-1": 0.9537561045420729,
    "twin-cities-artist-residency-mississippi-an-anthropocene-story#abstract": 0.953369427729601,
    "the-aerocene-campus#content-7": 0.9527631524378593,
    "uncalculated-risk#content-4": 0.951865628420103,
    "the-terrain-of-the-former-veb-elektrokohle-lichtenberg#content-3": 0.9518403330048717,
    "too-little-water-the-lake-chad-story#content-1": 0.9518104577246512,
    "uncalculated-risk#content-8": 0.9517665846304353,
    "the-terrain-of-the-former-veb-elektrokohle-lichtenberg#content-5": 0.9500428638353428,
    "the-shape-of-a-practice-online-project-environment#abstract": 0.949468048153824,
    "the-anthropocene-in-light-of-biological-feedback#content-9": 0.9493264457904603,
    "writing-global-histories-in-the-anthropocene#content-1": 0.9490799590351368,
    "the-hyphen#content-2": 0.9490440334368175,
    "tree-x-office#content-1": 0.9480844300218625,
    "the-confluence-area#abstract": 0.9476442957593991,
    "the-anthropocene-in-light-of-biological-feedback#content-8": 0.9467311180314775,
    "the-anthropocene-in-light-of-biological-feedback#content-4": 0.9463410163307753,
    "time-out-of-mind#content-3": 0.9438744557630665,
    "white-sands#content-3": 0.9437170210570012,
    "the-aerocene-campus#content-1": 0.9434812933822146,
    "the-anthropogenic-influence-onto-the-air-quality-along-the-mississippi-river-findings#abstract": 0.9433618012116223,
    "the-stories-we-tell-the-images-we-take#content-2": 0.9432487378197665,
    "timeslips#content-2": 0.9430784268287512,
    "the-hyphen#abstract": 0.9429899379560582,
    "the-aerocene-campus#content-3": 0.9429051209447732,
    "the-aerocene-campus#content-5": 0.9426600648301241,
    "time-out-of-mind#abstract": 0.9425035817172722,
    "the-american-bottom#abstract": 0.9415834689415081,
    "xaraasi-xanne-crossing-voices#content-2": 0.9415445927585481,
    "the-hyphen#content-1": 0.9411780983048486,
    "the-terrain-of-the-former-veb-elektrokohle-lichtenberg#content-1": 0.9402631551276681,
    "the-lichtenberg-case#abstract": 0.9398471431195572,
    "terraforming#content-4": 0.9397861729359143,
    "the-four-dimensional-mississippi#abstract": 0.9389966672518318,
    "times-before-and-after#abstract": 0.9385451422685622,
    "time-out-of-mind#content-5": 0.9385274427750617,
    "uncalculated-risk#content-6": 0.9384742355716774,
    "the-vietnamese-community-in-eastern-new-orleans#content-3": 0.9381087015042212,
    "the-mississippi-basin-an-operational-landscape#content-5": 0.9380391504864981,
    "timeslips#abstract": 0.9377335189225191,
    "the-hedge#content-2": 0.9359151385346809,
    "uncalculated-risk#content-2": 0.9348454592302542,
    "typha-the-once-and-future-planty-companion#abstract": 0.9345321019933994,
    "the-danish-text#abstract": 0.9296507188135521,
    "the-four-dimensional-mississippi#content-1": 0.9289138051531796,
    "walk-about-it#abstract": 0.9277116756320475,
    "the-current-mississippi-an-anthropocene-river#abstract": 0.9270394720967134,
    "the-anthropogenic-influence-onto-the-air-quality-along-the-mississippi-river-findings#content-6": 0.9267086759900339,
    "the-mississippi-basin-an-operational-landscape#content-1": 0.9262071252065858,
    "the-anthropogenic-influence-onto-the-air-quality-along-the-mississippi-river-findings#content-2": 0.9249249070455642,
    "time-out-of-mind#content-1": 0.9242829141132585,
    "tree-x-office#abstract": 0.9240767462537031,
    "white-sands#content-1": 0.9227746317790992,
    "the-anthropogenic-influence-onto-the-air-quality-along-the-mississippi-river-findings#content-8": 0.9207188019952446,
    "the-mississippi-basin-an-operational-landscape#abstract": 0.9198006905201725,
    "the-anthropogenic-influence-onto-the-air-quality-along-the-mississippi-river-findings#content-10": 0.9180922021194876,
    "the-aerocene-campus#content-8": 0.9176477518240701,
    "the-aerocene-campus#content-11": 0.916042523341045,
    "the-stories-we-tell-the-images-we-take#abstract": 0.9158936094123431,
    "the-anthropocene-in-light-of-biological-feedback#content-7": 0.9139004595454208,
    "the-mississippi-basin-an-operational-landscape#content-3": 0.9136513033434043,
    "the-vietnamese-community-in-eastern-new-orleans#content-1": 0.9096552364155122,
    "the-maledives-case#abstract": 0.9095468209403424,
    "understanding-the-north-american-lost-crops#abstract": 0.9091357302970312,
    "us-southwest#content-1": 0.9018392082930582,
    "touring-the-anthropocenery-whos-in-charge-here-2014#abstract": 0.9016765529719705,
    "the-anthropocene-in-light-of-biological-feedback#content-1": 0.9012504960463807,
    "this-is-not-about-survival-its-about-bringing-your-coracle#abstract": 0.8988313049677038,
    "the-anthropocene-in-light-of-biological-feedback#content-6": 0.8987660004159703,
    "xaraasi-xanne-crossing-voices#abstract": 0.8981328131558128,
    "the-rights-of-nature#abstract": 0.8914776171226582,
    "the-great-green-desert#abstract": 0.8852445893277116,
    "the-anthropogenic-influence-onto-the-air-quality-along-the-mississippi-river-findings#content-4": 0.880017815870493,
    "this-is-not-about-survival-its-about-bringing-your-coracle#content-1": 0.8774150059290879,
    "transect-walk-cahokia-mounds-to-fairmont-city#abstract": 0.8770396274454049,
    "the-stories-we-tell-the-images-we-take#title": 0.8752279583970385,
    "the-shape-of-a-practice-online-project-environment#title": 0.871640708469844,
    "the-anthropogenic-influence-onto-the-air-quality-along-the-mississippi-river-findings#content-1": 0.8668370692063646,
    "too-little-water-the-lake-chad-story#abstract": 0.866769534446444,
    "time-and-time-again#content-1": 0.8641513214571599,
    "us-southwest#content-3": 0.8616198288498514,
    "wicked-problems-and-mental-models#abstract": 0.8590180447296455,
    "uncalculated-risk#content-1": 0.85689570273439,
    "uncalculated-risk#content-5": 0.856674346110966,
    "too-little-water-the-lake-chad-story#content-2": 0.8543223249873824,
    "the-politics-of-modeling#abstract": 0.853507221940344,
    "time-out-of-mind#title": 0.8524132126295978,
    "the-aerocene-campus#content-4": 0.8508513408043351,
    "the-shape-of-a-practice#title": 0.8432364713669362,
    "white-sands#content-2": 0.8423800660346539,
    "the-shape-of-a-practice-seminars#title": 0.8393359604756664,