{
    "white-sands#abstract": 0.6612112556539085,
    "test-contribution#content-5": 0.6592794529814994,
    "test-contribution#content-6": 0.6592794529814994,
    "the-current-mississippi-an-anthropocene-river#content-1": 0.6585089312373945,
    "the-vietnamese-community-in-eastern-new-orleans#content-2": 0.6551800348949063,
    "the-aerocene-campus#content-1": 0.6499882043821423,
    "the-aerocene-campus#content-5": 0.6425888676438212,
    "the-aerocene-campus#content-6": 0.639924414357027,
    "the-stories-we-tell-the-images-we-take#content-2": 0.6396178082004458,
    "uncalculated-risk#content-1": 0.6337702294748285,
    "the-anthropocene-in-light-of-biological-feedback#content-1": 0.6330205585915724,
    "uncalculated-risk#content-3": 0.6321780899248413,
    "this-is-not-about-survival-its-about-bringing-your-coracle#content-1": 0.6308861194702484,
    "terraforming#content-4": 0.6293847049463216,
    "white-sands#content-2": 0.6292783885107434,
    "the-aerocene-campus#content-7": 0.6291775906556711,
    "uncalculated-risk#content-5": 0.6276768787017666,
    "uncalculated-risk#content-7": 0.6274690886996194,
    "the-vietnamese-community-in-eastern-new-orleans#content-4": 0.6271827237382078,
    "the-stories-we-tell-the-images-we-take#abstract": 0.6255070429018252,
    "the-aerocene-campus#content-4": 0.6243020153700382,
    "touring-the-anthropocenery-whos-in-charge-here-2014#abstract": 0.6225866645918343,
    "the-hyphen#content-2": 0.6221017434412941,
    "time-and-time-again#content-1": 0.6195164311097285,
    "typha-the-once-and-future-planty-companion#content-1": 0.6188263013070966,
    "white-sands#content-3": 0.616326041972073,
    "the-anthropocene-in-light-of-biological-feedback#content-9": 0.6149934860844215,
    "us-southwest#content-3": 0.6127089917048187,
    "the-aerocene-campus#content-8": 0.6116117892620702,
    "the-anthropocene-in-light-of-biological-feedback#content-4": 0.6115049919591321,
    "the-anthropocene-and-our-post-natural-future-2#abstract": 0.6113929812044635,
    "the-floating-ear#content-6": 0.608576677194974,
    "the-aerocene-campus#content-3": 0.6078268177781386,
    "time-out-of-mind#content-1": 0.6072035790034362,
    "too-little-water-the-lake-chad-story#content-2": 0.6068461304076772,
    "the-floating-ear#content-7": 0.6067447667537442,
    "the-aerocene-campus#content-9": 0.6064423610237003,
    "this-is-not-about-survival-its-about-bringing-your-coracle#abstract": 0.6049261201429827,
    "us-southwest#content-1": 0.6041451581003162,
    "the-vietnamese-community-in-eastern-new-orleans#content-1": 0.6037392885893376,
    "uncalculated-risk#content-2": 0.6035442561967937,
    "the-anthropocene-in-light-of-biological-feedback#content-7": 0.6033655660668749,
    "time-out-of-mind#content-3": 0.6032173554455208,
    "timeslips#abstract": 0.6028346075008199,
    "the-aerocene-campus#abstract": 0.6018814861623832,
    "tree-x-office#content-1": 0.601186848432602,
    "time-out-of-mind#content-5": 0.6011151764401599,
    "uncalculated-risk#content-8": 0.597411883252218,
    "the-terrain-of-the-former-veb-elektrokohle-lichtenberg#content-1": 0.5970386954354283,
    "the-floating-ear#content-5": 0.5967913104193611,
    "tree-x-office#abstract": 0.5958519630467637,
    "white-sands#content-1": 0.5953380826867513,
    "the-four-dimensional-mississippi#content-1": 0.5940459873844246,
    "the-free-sea#content-2": 0.5934791209806891,
    "uncalculated-risk#content-6": 0.5933891654205999,
    "the-vietnamese-community-in-eastern-new-orleans#content-3": 0.593141419462289,
    "the-confluence-area#abstract": 0.5924639374587232,
    "walk-about-it#content-1": 0.5922878961158996,
    "the-floating-ear#content-1": 0.5915921789520107,
    "uncalculated-risk#content-4": 0.5909837130980521,
    "the-lichtenberg-case#abstract": 0.5909046353380021,
    "xaraasi-xanne-crossing-voices#abstract": 0.5905851227461656,
    "the-floating-ear#content-4": 0.5900802385736446,
    "touring-the-anthropocenery-whos-in-charge-here-2014#content-2": 0.5895242689120245,
    "the-current-mississippi-an-anthropocene-river#abstract": 0.5894942823620545,
    "xaraasi-xanne-crossing-voices#content-2": 0.5892116144547817,
    "times-before-and-after#abstract": 0.5886950804410367,
    "the-terrain-of-the-former-veb-elektrokohle-lichtenberg#content-3": 0.5882806501746558,
    "timeslips#content-2": 0.5867698855012141,
    "the-floating-ear#content-3": 0.5864145962880392,
    "the-anthropogenic-influence-onto-the-air-quality-along-the-mississippi-river-findings#content-1": 0.584242515655482,
    "the-shape-of-a-practice-online-project-environment#abstract": 0.5837448449590303,
    "time-and-time-again#content-2": 0.5835350883903782,
    "the-shape-of-a-practice#abstract": 0.5830394841298502,
    "walk-about-it#content-2": 0.5825281907547152,
    "times-before-and-after#content-1": 0.5818811933857023,
    "too-little-water-the-lake-chad-story#abstract": 0.5814902803471779,
    "wicked-problems-and-mental-models#content-1": 0.5813190306231061,
    "twin-cities-artist-residency-mississippi-an-anthropocene-story#abstract": 0.5813122971901518,
    "the-great-green-desert#abstract": 0.5811105725042773,
    "the-terrain-of-the-former-veb-elektrokohle-lichtenberg#content-5": 0.581000308356926,
    "the-danish-text#abstract": 0.5800178696444918,
    "the-hedge#content-2": 0.5793185703464317,
    "the-aerocene-campus#content-11": 0.5790076260734824,
    "transect-walk-cahokia-mounds-to-fairmont-city#abstract": 0.5787713346702608,
    "the-maledives-case#abstract": 0.578204838492085,
    "typha-the-once-and-future-planty-companion#abstract": 0.5777082960048245,
    "time-out-of-mind#abstract": 0.5772292953024118,
    "the-shape-of-a-practice-seminars#abstract": 0.5769498751946616,
    "the-anthropocene-in-light-of-biological-feedback#content-10": 0.5767536219480989,
    "the-floating-ear#content-2": 0.5765346685358834,
    "the-rights-of-nature#abstract": 0.5758072677397676,
    "walk-about-it#abstract": 0.5746865236353895,
    "the-american-bottom#abstract": 0.5744516235264462,
    "the-anthropocene-in-light-of-biological-feedback#content-3": 0.573866652757372,
    "the-hyphen#abstract": 0.5731309630905218,
    "the-fight-for-alaskas-arctic-has-just-begun#title": 0.572950988583469,
    "the-hedge#content-3": 0.5727738088748511,
    "test-contribution#content-2": 0.5727611515772005,
    "the-mississippi-basin-an-operational-landscape#content-1": 0.5721776104841101,
    "the-anthropocene-in-light-of-biological-feedback#content-2": 0.5710358922169122,
    "uncalculated-risk#abstract": 0.5710228498065313,
    "voice-and-representation#content-1": 0.5708868150361807,
    "the-mississippi-basin-an-operational-landscape#content-3": 0.5701558244574009,
    "writing-global-histories-in-the-anthropocene#content-1": 0.5699067040797116,
    "the-anthropocene-in-light-of-biological-feedback#abstract": 0.5692971954230965,
    "the-anthropocene-in-light-of-biological-feedback#content-8": 0.5690501874006321,
    "the-four-dimensional-mississippi#abstract": 0.5683008334154103,
    "the-anthropogenic-influence-onto-the-air-quality-along-the-mississippi-river-findings#abstract": 0.5676509007603276,
    "the-mississippi-basin-an-operational-landscape#content-5": 0.5670271777207525,
    "too-little-water-the-lake-chad-story#title": 0.5667086713955389,
    "the-anthropogenic-influence-onto-the-air-quality-along-the-mississippi-river-findings#content-2": 0.5662594781349575,
    "understanding-the-north-american-lost-crops#abstract": 0.5633910211775055,
    "the-danish-text#content-1": 0.5633042331294684,
    "the-politics-of-modeling#content-1": 0.5633042331294684,
    "the-rights-of-nature#content-1": 0.5633042331294684,
    "too-little-water-the-lake-chad-story#content-1": 0.5611029889305492,
    "the-mississippi-basin-an-operational-landscape#content-4": 0.5602072135483266,
    "the-anthropocene-in-light-of-biological-feedback#content-6": 0.5601844496791494,