{
    "the-anthropocene-in-light-of-biological-feedback#content-9": 0.9830574535166676,
    "the-floating-ear#content-1": 0.9789057732767132,
    "the-floating-ear#content-6": 0.9772840737390407,
    "the-anthropocene-in-light-of-biological-feedback#content-3": 0.9726161589242237,
    "the-anthropocene-in-light-of-biological-feedback#content-10": 0.9726108075974772,
    "the-aerocene-campus#content-1": 0.9724091852243419,
    "the-anthropocene-and-our-post-natural-future-2#abstract": 0.972128066113142,
    "the-anthropocene-in-light-of-biological-feedback#content-4": 0.9709381168386203,
    "the-shape-of-a-practice#abstract": 0.9700609397099245,
    "time-and-time-again#content-2": 0.9690741728577895,
    "the-anthropocene-in-light-of-biological-feedback#content-2": 0.9681572669208038,
    "times-before-and-after#content-1": 0.9677857650851374,
    "the-floating-ear#content-7": 0.9676412436083601,
    "the-floating-ear#content-3": 0.9675984820325252,
    "the-aerocene-campus#content-5": 0.9672721632787322,
    "the-anthropocene-in-light-of-biological-feedback#abstract": 0.9671433079417411,
    "the-floating-ear#content-4": 0.9669788962030129,
    "wicked-problems-and-mental-models#content-1": 0.966195678991663,
    "the-stories-we-tell-the-images-we-take#content-2": 0.9658907907025028,
    "the-anthropocene-in-light-of-biological-feedback#content-7": 0.9642671141149952,
    "the-mississippi-basin-an-operational-landscape#content-7": 0.9629117845034595,
    "the-aerocene-campus#content-9": 0.9629061918686622,
    "voice-and-representation#content-1": 0.9629017016521456,
    "walk-about-it#content-1": 0.9612250347152819,
    "the-floating-ear#content-2": 0.9598417570196796,
    "the-anthropocene-in-light-of-biological-feedback#content-1": 0.9593601351992301,
    "the-aerocene-campus#content-7": 0.9584539398850486,
    "the-hyphen#content-2": 0.9572611557136318,
    "touring-the-anthropocenery-whos-in-charge-here-2014#content-2": 0.9559490816983967,
    "the-aerocene-campus#abstract": 0.9545215792093634,
    "the-american-bottom#abstract": 0.9540469236743954,
    "the-shape-of-a-practice-seminars#abstract": 0.9528929343495156,
    "the-confluence-area#abstract": 0.9528325469502845,
    "writing-global-histories-in-the-anthropocene#content-1": 0.9523867658652043,
    "uncalculated-risk#abstract": 0.9517025453279326,
    "the-floating-ear#content-5": 0.9515411134802345,
    "the-hyphen#abstract": 0.9515291506392843,
    "the-terrain-of-the-former-veb-elektrokohle-lichtenberg#content-3": 0.9514644741219789,
    "terraforming#content-4": 0.9514385332929026,
    "the-free-sea#content-2": 0.9511626297266703,
    "the-four-dimensional-mississippi#abstract": 0.9502061560982484,
    "the-anthropocene-in-light-of-biological-feedback#content-8": 0.9499972228834456,
    "tree-x-office#content-1": 0.9495725950561297,
    "the-aerocene-campus#content-3": 0.9494824217390829,
    "xaraasi-xanne-crossing-voices#content-2": 0.949450977928627,
    "too-little-water-the-lake-chad-story#content-1": 0.9492933177003472,
    "the-lichtenberg-case#abstract": 0.9484036807620094,
    "twin-cities-artist-residency-mississippi-an-anthropocene-story#abstract": 0.9478958131281857,
    "the-hyphen#content-1": 0.9472248925931592,
    "time-out-of-mind#abstract": 0.9469299601166734,
    "the-shape-of-a-practice-online-project-environment#abstract": 0.9466432010246159,
    "the-terrain-of-the-former-veb-elektrokohle-lichtenberg#content-5": 0.9461371530573706,
    "time-out-of-mind#content-3": 0.9448771350126807,
    "the-mississippi-basin-an-operational-landscape#content-1": 0.9447918148181419,
    "uncalculated-risk#content-8": 0.9444931403870642,
    "white-sands#content-3": 0.9442823463565936,
    "the-mississippi-basin-an-operational-landscape#content-5": 0.9441852638143491,
    "uncalculated-risk#content-4": 0.9434351454186111,
    "the-anthropogenic-influence-onto-the-air-quality-along-the-mississippi-river-findings#content-2": 0.9419000307118652,
    "the-four-dimensional-mississippi#content-1": 0.9416813972168031,
    "the-terrain-of-the-former-veb-elektrokohle-lichtenberg#content-1": 0.940736536050569,
    "the-danish-text#abstract": 0.939968213662547,
    "the-anthropogenic-influence-onto-the-air-quality-along-the-mississippi-river-findings#abstract": 0.9381463699552296,
    "the-anthropocene-in-light-of-biological-feedback#content-6": 0.9370763673778603,
    "the-current-mississippi-an-anthropocene-river#abstract": 0.9370355844047411,
    "the-vietnamese-community-in-eastern-new-orleans#content-3": 0.9365995777521999,
    "typha-the-once-and-future-planty-companion#abstract": 0.9364399640952377,
    "time-out-of-mind#content-1": 0.9361892232093819,
    "timeslips#content-2": 0.9348828935936889,
    "the-anthropogenic-influence-onto-the-air-quality-along-the-mississippi-river-findings#content-6": 0.9348718196627968,
    "the-mississippi-basin-an-operational-landscape#content-3": 0.9325236181411946,
    "uncalculated-risk#content-6": 0.9321755725681445,
    "uncalculated-risk#content-2": 0.9321318276817928,
    "white-sands#content-1": 0.9320648783498043,
    "time-out-of-mind#content-5": 0.9315776369292995,
    "tree-x-office#abstract": 0.9295394039827122,
    "the-mississippi-basin-an-operational-landscape#abstract": 0.9289942148904361,
    "the-anthropogenic-influence-onto-the-air-quality-along-the-mississippi-river-findings#content-8": 0.9282039854195968,
    "the-stories-we-tell-the-images-we-take#abstract": 0.9273512049233561,
    "walk-about-it#abstract": 0.927086752618317,
    "the-hedge#content-2": 0.9268023120681912,
    "timeslips#abstract": 0.9255962995750715,
    "the-maledives-case#abstract": 0.9255757824705627,
    "times-before-and-after#abstract": 0.9252357106102106,
    "the-anthropogenic-influence-onto-the-air-quality-along-the-mississippi-river-findings#content-10": 0.9244648472415271,
    "the-vietnamese-community-in-eastern-new-orleans#content-1": 0.9240660251571226,
    "the-aerocene-campus#content-11": 0.9235497873863515,
    "the-rights-of-nature#abstract": 0.9232464771473277,
    "time-and-time-again#content-1": 0.9230735976640954,
    "us-southwest#content-1": 0.9221001745257574,
    "too-little-water-the-lake-chad-story#content-2": 0.9198178997917673,
    "the-aerocene-campus#content-8": 0.919032543239939,
    "this-is-not-about-survival-its-about-bringing-your-coracle#abstract": 0.9187864845700551,
    "xaraasi-xanne-crossing-voices#abstract": 0.9155970343448444,
    "understanding-the-north-american-lost-crops#abstract": 0.9129722515933887,
    "the-great-green-desert#abstract": 0.9121132165083607,
    "too-little-water-the-lake-chad-story#abstract": 0.9113432690478523,
    "touring-the-anthropocenery-whos-in-charge-here-2014#abstract": 0.9080973586286915,
    "transect-walk-cahokia-mounds-to-fairmont-city#abstract": 0.9005017046450153,
    "us-southwest#content-3": 0.8996016396460764,
    "uncalculated-risk#content-1": 0.8959789572477315,
    "the-shape-of-a-practice-online-project-environment#title": 0.8920696627466844,
    "the-anthropogenic-influence-onto-the-air-quality-along-the-mississippi-river-findings#content-4": 0.8890441838866646,
    "uncalculated-risk#content-5": 0.8874021730758994,
    "the-anthropogenic-influence-onto-the-air-quality-along-the-mississippi-river-findings#content-1": 0.8848041548560431,
    "white-sands#abstract": 0.879597765588617,
    "time-and-time-again#subtitle": 0.8760666354534541,
    "the-aerocene-campus#content-4": 0.8755361141161997,
    "white-sands#content-2": 0.8740231709516579,
    "uncalculated-risk#content-3": 0.8691311606378734,
    "the-anthropogenic-influence-onto-the-air-quality-along-the-mississippi-river-findings#content-5": 0.8688137905587932,
    "this-is-not-about-survival-its-about-bringing-your-coracle#content-1": 0.864696615099079,
    "the-anthropogenic-influence-onto-the-air-quality-along-the-mississippi-river-findings#content-3": 0.8624114969616513,