{
    "the-lichtenberg-case-2#content-1": 0.7715729412025593,
    "time-out-of-mind#content-4": 0.7420765680934696,
    "the-lichtenberg-case#title": 0.686714584902355,
    "the-lichtenberg-case-2#title": 0.612595842461646,
    "walk-about-it#content-2": 0.603107428715936,
    "the-terrain-of-the-former-veb-elektrokohle-lichtenberg#title": 0.5846269152652024,
    "touring-the-anthropocenery-whos-in-charge-here-2014#content-1": 0.5718505288279991,
    "typha-the-once-and-future-planty-companion#content-1": 0.543923346255926,
    "white-sands#content-2": 0.5313634197161029,
    "uncalculated-risk#content-7": 0.5165374783243658,
    "the-vietnamese-community-in-eastern-new-orleans#content-2": 0.5113895632750981,
    "this-is-not-about-survival-its-about-bringing-your-coracle#content-1": 0.5014605962893226,
    "typha-the-once-and-future-planty-companion#subtitle": 0.4994360626724079,
    "timeslips#abstract": 0.4984904650179013,
    "uncalculated-risk#content-5": 0.4983581292232958,
    "the-terrain-of-the-former-veb-elektrokohle-lichtenberg#content-2": 0.4935296130051539,
    "voice-and-representation#abstract": 0.4900080353574893,
    "the-maledives-case#title": 0.48936335845390627,
    "writing-global-histories-in-the-anthropocene#abstract": 0.47910642815625654,
    "the-mississippi-basin-an-operational-landscape#abstract": 0.4768517279757829,
    "typha-the-once-and-future-planty-companion#abstract": 0.47129406125806056,
    "the-stories-we-tell-the-images-we-take#abstract": 0.468841359507981,
    "the-rights-of-nature#abstract": 0.46858756228966025,
    "touring-the-anthropocenery-whos-in-charge-here-2014#content-2": 0.4683357070006511,
    "the-mississippi-basin-an-operational-landscape#content-6": 0.4676070339007862,
    "time-out-of-mind#abstract": 0.46540336143338673,
    "the-stories-we-tell-the-images-we-take#content-2": 0.4650682042696881,
    "walk-about-it#content-1": 0.4637820671127665,
    "uncalculated-risk#content-3": 0.46267506934237307,
    "timeslips#content-2": 0.4622126988495953,
    "white-sands#abstract": 0.46110054060289485,
    "time-out-of-mind#content-1": 0.45710644965670355,
    "uncalculated-risk#content-6": 0.4570729802697986,
    "time-out-of-mind#content-3": 0.4564689587762315,
    "too-little-water-the-lake-chad-story#title": 0.45509457115154756,
    "the-terrain-of-the-former-veb-elektrokohle-lichtenberg#content-1": 0.4546754408231349,
    "tree-x-office#content-1": 0.45365291528871987,
    "uncalculated-risk#content-2": 0.45342202955456723,
    "tree-x-office#abstract": 0.45261599933873975,
    "xaraasi-xanne-crossing-voices#content-2": 0.45238540639183944,
    "uncalculated-risk#subtitle": 0.45189539559919234,
    "the-vietnamese-community-in-eastern-new-orleans#content-1": 0.4515910842808086,
    "time-out-of-mind#content-5": 0.45085637899641157,
    "white-sands#content-3": 0.450174215480639,
    "the-maledives-case#abstract": 0.45005542507216667,
    "the-politics-of-modeling#content-1": 0.449827286814149,
    "the-rights-of-nature#content-1": 0.449827286814149,
    "transect-walk-cahokia-mounds-to-fairmont-city#abstract": 0.4494280632912539,
    "us-southwest#content-3": 0.4491719558457668,
    "the-terrain-of-the-former-veb-elektrokohle-lichtenberg#content-3": 0.4490562415035297,
    "the-rights-of-nature#title": 0.44726275655305986,
    "the-vietnamese-community-in-eastern-new-orleans#content-4": 0.44611213186915727,
    "uncalculated-risk#content-1": 0.4461048493039613,
    "times-before-and-after#content-1": 0.4454979184804728,
    "the-vietnamese-community-in-eastern-new-orleans#content-3": 0.4447511061721456,
    "uncalculated-risk#content-8": 0.4437472727258915,
    "uncalculated-risk#content-4": 0.44254539603326287,
    "times-before-and-after#abstract": 0.4413045818535571,
    "writing-global-histories-in-the-anthropocene#content-1": 0.4401297428894955,
    "time-and-time-again#subtitle": 0.43906509317907816,
    "walk-about-it#abstract": 0.4389921123655173,
    "the-terrain-of-the-former-veb-elektrokohle-lichtenberg#content-5": 0.43895356981317496,
    "time-and-time-again#content-2": 0.43855261975313947,
    "uncalculated-risk#abstract": 0.4374741425157169,
    "understanding-the-north-american-lost-crops#title": 0.4362402958213403,
    "twin-cities-artist-residency-mississippi-an-anthropocene-story#abstract": 0.4345166511789673,
    "the-mississippi-basin-an-operational-landscape#content-7": 0.43370812446203366,
    "touring-the-anthropocenery-whos-in-charge-here-2014#abstract": 0.43350426880376475,
    "the-shape-of-a-practice#title": 0.43255673016152135,
    "the-politics-of-modeling#abstract": 0.4324071380011644,
    "the-mississippi-basin-an-operational-landscape#content-2": 0.4322998149644318,
    "tree-x-office#content-2": 0.43228243373274594,
    "time-and-time-again#content-1": 0.4311364617148433,
    "xaraasi-xanne-crossing-voices#abstract": 0.430757404634312,
    "the-mississippi-basin-an-operational-landscape#content-1": 0.4304650650687022,
    "the-stories-we-tell-the-images-we-take#title": 0.42993348531805997,
    "white-sands#content-1": 0.42936267275445505,
    "the-terrestrial-is-not-the-globe#title": 0.42908505070480385,
    "voice-and-representation#content-1": 0.4288050100853178,
    "us-southwest#content-1": 0.42557661414342157,
    "this-is-not-about-survival-its-about-bringing-your-coracle#abstract": 0.4230019957599502,
    "too-little-water-the-lake-chad-story#content-1": 0.422706681433275,
    "the-shape-of-a-practice#abstract": 0.42118125389731553,
    "the-shape-of-a-practice-online-project-environment#abstract": 0.4209011660333385,
    "wicked-problems-and-mental-models#content-1": 0.42047480843076834,
    "the-mississippi-basin-an-operational-landscape#content-4": 0.4203020471574738,
    "the-mississippi-basin-an-operational-landscape#content-5": 0.4191960718894543,
    "the-shape-of-a-practice#subtitle": 0.4176457316028134,
    "the-vietnamese-community-in-eastern-new-orleans#title": 0.4156888027157713,
    "ve-vm-vt-the-ideal-cosmic-messengers#title": 0.41539582769380806,
    "understanding-the-north-american-lost-crops#abstract": 0.40979739051189007,
    "transect-walk-cahokia-mounds-to-fairmont-city#content-1": 0.4067171621894236,
    "writing-global-histories-in-the-anthropocene#title": 0.4035816781693755,
    "too-little-water-the-lake-chad-story#abstract": 0.40319966007996133,
    "the-shape-of-a-practice-seminars#abstract": 0.40079415057600165,
    "the-mississippi-basin-an-operational-landscape#title": 0.400129951411114,
    "the-politics-of-modeling#title": 0.3987155449971155,
    "the-shape-of-a-practice-online-project-environment#title": 0.3985080279702388,
    "the-mississippi-basin-an-operational-landscape#content-3": 0.3961987935162452,
    "the-shipworm-and-the-telegraph#title": 0.3909485924334805,
    "timeslips#content-1": 0.39017898848941696,
    "us-southwest#content-2": 0.38997954119457295,
    "understanding-the-north-american-lost-crops#content-1": 0.38706036468310356,
    "typha-the-once-and-future-planty-companion#title": 0.3761594659413798,
    "this-is-not-about-survival-its-about-bringing-your-coracle#title": 0.37613931504284615,
    "us-southwest#content-4": 0.37608783021934855,
    "the-shape-of-a-practice-seminars#title": 0.37460463304639846,
    "the-terrain-of-the-former-veb-elektrokohle-lichtenberg#content-4": 0.3697473503363513,
    "twin-cities-artist-residency-mississippi-an-anthropocene-story#title": 0.368569000597812,
    "time-out-of-mind#title": 0.36247312677298754,
    "time-out-of-mind#content-2": 0.3579970772428283,
    "voice-and-representation#title": 0.34653090675063364,
    "wicked-problems-and-mental-models#title": 0.34586454480378176,
    "too-little-water-the-lake-chad-story#content-2": 0.34312131266090107,
    "wicked-problems-and-mental-models#abstract": 0.3400795678758055,
    "worshipping-along-the-routes-of-migration#title": 0.33575799031330544,