{
    "times-before-and-after#content-1": 0.9892603341196896,
    "the-floating-ear#content-7": 0.9855217207900941,
    "time-and-time-again#content-2": 0.9827365522596425,
    "wicked-problems-and-mental-models#content-1": 0.9827079175133848,
    "walk-about-it#content-1": 0.9794528597532647,
    "touring-the-anthropocenery-whos-in-charge-here-2014#content-2": 0.9789271104531831,
    "the-hyphen#content-2": 0.9784191998803352,
    "the-free-sea#content-2": 0.9770986375827037,
    "voice-and-representation#content-1": 0.9763725487216321,
    "the-shape-of-a-practice#abstract": 0.9760464099970815,
    "the-terrain-of-the-former-veb-elektrokohle-lichtenberg#content-3": 0.9728294372607049,
    "time-out-of-mind#content-3": 0.9710902483633852,
    "time-out-of-mind#content-5": 0.9653737526521013,
    "the-stories-we-tell-the-images-we-take#content-2": 0.9647459918381522,
    "time-out-of-mind#abstract": 0.9635734538452584,
    "uncalculated-risk#content-8": 0.9630955810506933,
    "twin-cities-artist-residency-mississippi-an-anthropocene-story#abstract": 0.9628943509865008,
    "the-mississippi-basin-an-operational-landscape#content-7": 0.9621145398148989,
    "uncalculated-risk#abstract": 0.9616520971378754,
    "the-shape-of-a-practice-online-project-environment#abstract": 0.9614392331433067,
    "tree-x-office#content-1": 0.9611331994242668,
    "the-hyphen#content-1": 0.9604780991823766,
    "the-four-dimensional-mississippi#abstract": 0.9598444398577187,
    "the-hyphen#abstract": 0.9597516493701063,
    "white-sands#content-3": 0.9584036285519931,
    "uncalculated-risk#content-4": 0.9576963679534896,
    "timeslips#content-2": 0.9567504781407786,
    "time-out-of-mind#content-1": 0.9559729058112535,
    "the-terrain-of-the-former-veb-elektrokohle-lichtenberg#content-5": 0.9556107811800186,
    "the-terrain-of-the-former-veb-elektrokohle-lichtenberg#content-1": 0.9552536531155856,
    "typha-the-once-and-future-planty-companion#abstract": 0.9551178622637494,
    "writing-global-histories-in-the-anthropocene#content-1": 0.955039511686757,
    "xaraasi-xanne-crossing-voices#content-2": 0.9536432387581887,
    "the-shape-of-a-practice-seminars#abstract": 0.95282220592008,
    "the-four-dimensional-mississippi#content-1": 0.9516040734862069,
    "the-hedge#content-2": 0.9514508677802155,
    "times-before-and-after#abstract": 0.9507449357032652,
    "too-little-water-the-lake-chad-story#content-1": 0.9501017296164719,
    "the-lichtenberg-case#abstract": 0.9490688537263794,
    "the-vietnamese-community-in-eastern-new-orleans#content-3": 0.9482971565141955,
    "uncalculated-risk#content-6": 0.9479580848158268,
    "timeslips#abstract": 0.9477231436333192,
    "the-mississippi-basin-an-operational-landscape#content-1": 0.9466003050773604,
    "uncalculated-risk#content-2": 0.9459701085001123,
    "walk-about-it#abstract": 0.9454495171371073,
    "the-mississippi-basin-an-operational-landscape#content-5": 0.9434017001765642,
    "the-stories-we-tell-the-images-we-take#abstract": 0.9433634797130105,
    "white-sands#content-1": 0.9401852979272126,
    "the-mississippi-basin-an-operational-landscape#abstract": 0.9364529310262604,
    "the-maledives-case#abstract": 0.9360334386992002,
    "touring-the-anthropocenery-whos-in-charge-here-2014#abstract": 0.9356951737662278,
    "tree-x-office#abstract": 0.9348360643129828,
    "us-southwest#content-1": 0.9315358468445722,
    "understanding-the-north-american-lost-crops#abstract": 0.9296617224483723,
    "the-vietnamese-community-in-eastern-new-orleans#content-1": 0.928892113037971,
    "the-mississippi-basin-an-operational-landscape#content-3": 0.9274387574802966,
    "this-is-not-about-survival-its-about-bringing-your-coracle#abstract": 0.9265295606506011,
    "the-great-green-desert#abstract": 0.9163857543440449,
    "the-rights-of-nature#abstract": 0.910513661651708,
    "time-and-time-again#content-1": 0.9104780434091035,
    "xaraasi-xanne-crossing-voices#abstract": 0.9093987959819487,
    "transect-walk-cahokia-mounds-to-fairmont-city#abstract": 0.9056603498081898,
    "this-is-not-about-survival-its-about-bringing-your-coracle#content-1": 0.9015117095790868,
    "too-little-water-the-lake-chad-story#abstract": 0.9001372053746777,
    "the-stories-we-tell-the-images-we-take#title": 0.8942501016153644,
    "the-shape-of-a-practice-online-project-environment#title": 0.89399504296542,
    "us-southwest#content-3": 0.8917736134928802,
    "uncalculated-risk#content-1": 0.8906043619590931,
    "uncalculated-risk#content-5": 0.8901111596116343,
    "too-little-water-the-lake-chad-story#content-2": 0.8870205358850135,
    "time-out-of-mind#title": 0.8813481553702016,
    "white-sands#content-2": 0.8703182034569017,
    "time-and-time-again#subtitle": 0.8651122603020311,
    "white-sands#abstract": 0.8648386740100569,
    "the-shape-of-a-practice#title": 0.8642481364156239,
    "uncalculated-risk#content-7": 0.862809074867008,
    "wicked-problems-and-mental-models#abstract": 0.8579768426278449,
    "this-is-not-about-survival-its-about-bringing-your-coracle#title": 0.8578749811271409,
    "the-politics-of-modeling#abstract": 0.8560384660975359,
    "uncalculated-risk#content-3": 0.8558725747482135,
    "the-terrestrial-is-not-the-globe#title": 0.8551215859013512,
    "the-shape-of-a-practice-seminars#title": 0.8530656096928845,
    "the-hedge#content-3": 0.847890235293714,
    "typha-the-once-and-future-planty-companion#title": 0.8462902031577457,
    "the-terrain-of-the-former-veb-elektrokohle-lichtenberg#content-4": 0.8454621149240744,
    "us-southwest#content-2": 0.8413220218887918,
    "the-vietnamese-community-in-eastern-new-orleans#content-2": 0.833693632614093,
    "us-southwest#content-4": 0.8269149188372621,
    "this-is-not-about-survival-its-about-bringing-your-coracle#subtitle": 0.8259227724929091,
    "touring-the-anthropocenery-whos-in-charge-here-2014#title": 0.8254404648505488,
    "the-vietnamese-community-in-eastern-new-orleans#content-4": 0.8198067216217695,
    "the-rights-of-nature#title": 0.8164383995366079,
    "typha-the-once-and-future-planty-companion#content-1": 0.8133954118026214,
    "the-mississippi-basin-an-operational-landscape#content-2": 0.8131173715163484,
    "the-lena-is-worthy-of-baikal-defining-remoteness-across-the-north-and-the-east#title": 0.8066155151686458,
    "the-politics-of-modeling#title": 0.8023985974459877,
    "uncalculated-risk#subtitle": 0.7930760226685877,
    "times-before-and-after#title": 0.7797752198393122,
    "walk-about-it#title": 0.7795654920276708,
    "the-shipworm-and-the-telegraph#title": 0.7703263604449565,
    "understanding-the-north-american-lost-crops#title": 0.7696338648672297,
    "too-little-water-the-lake-chad-story#title": 0.769484474933187,
    "time-and-time-again#title": 0.7687913748585599,
    "wicked-problems-and-mental-models#title": 0.7610102087387449,
    "the-maledives-case#title": 0.754604868404139,
    "the-mississippi-basin-an-operational-landscape#content-4": 0.7544380699865043,
    "the-mississippi-basin-an-operational-landscape#content-6": 0.7531539912166176,
    "worshipping-along-the-routes-of-migration#subtitle": 0.7481832262728138,
    "worshipping-along-the-routes-of-migration#title": 0.7477595996740816,
    "transect-walk-cahokia-mounds-to-fairmont-city#content-1": 0.7456468664224679,
    "the-great-green-desert#title": 0.7362482793057431,
    "the-mississippi-basin-an-operational-landscape#title": 0.7258974980563074,
    "the-free-sea#title": 0.7192654679260492,
    "the-free-sea-2#title": 0.7192654679260492,
    "understanding-the-north-american-lost-crops#content-1": 0.717048469906633,
    "the-terrain-of-the-former-veb-elektrokohle-lichtenberg#content-2": 0.7158579585144288,
    "the-great-green-desert#content-1": 0.712088956003497,
    "voice-and-representation#title": 0.708658013881147,
    "the-four-dimensional-mississippi#title": 0.6893576995676203,