{
    "transect-walk-cahokia-mounds-to-fairmont-city#abstract": 0.6161502001745471,
    "uncalculated-risk#content-6": 0.6160917985933013,
    "timeslips#content-2": 0.6114036272023979,
    "uncalculated-risk#content-5": 0.6086274022831945,
    "time-out-of-mind#abstract": 0.6075805690701689,
    "typha-the-once-and-future-planty-companion#abstract": 0.6066800033449246,
    "the-vietnamese-community-in-eastern-new-orleans#content-1": 0.6003801169448665,
    "timeslips#abstract": 0.6001355635920678,
    "uncalculated-risk#content-2": 0.5981327840673485,
    "uncalculated-risk#content-4": 0.5966822301739618,
    "worshipping-along-the-routes-of-migration#title": 0.5952513927284859,
    "uncalculated-risk#subtitle": 0.5941724403264459,
    "white-sands#content-1": 0.5939875979510226,
    "the-terrestrial-is-not-the-globe#title": 0.5926470172267063,
    "white-sands#content-3": 0.5900956136672861,
    "writing-global-histories-in-the-anthropocene#content-1": 0.5859465395647898,
    "walk-about-it#content-1": 0.5840289657562199,
    "touring-the-anthropocenery-whos-in-charge-here-2014#content-2": 0.5839900261513586,
    "uncalculated-risk#abstract": 0.5833817412146813,
    "uncalculated-risk#content-8": 0.5826151122106795,
    "too-little-water-the-lake-chad-story#content-1": 0.5807252337205888,
    "walk-about-it#abstract": 0.5794552260993525,
    "xaraasi-xanne-crossing-voices#content-2": 0.5790024130598649,
    "time-out-of-mind#content-1": 0.5789028787906578,
    "time-out-of-mind#content-3": 0.5766900284862543,
    "the-vietnamese-community-in-eastern-new-orleans#content-3": 0.5754682245545041,
    "uncalculated-risk#content-7": 0.5708435100890478,
    "understanding-the-north-american-lost-crops#title": 0.5636105509492113,
    "twin-cities-artist-residency-mississippi-an-anthropocene-story#abstract": 0.5626256403269297,
    "understanding-the-north-american-lost-crops#abstract": 0.5624266566030957,
    "time-and-time-again#content-2": 0.5591853185458188,
    "touring-the-anthropocenery-whos-in-charge-here-2014#abstract": 0.5559261034673124,
    "tree-x-office#content-1": 0.5557305561192135,
    "white-sands#content-2": 0.5552265511041252,
    "time-out-of-mind#content-5": 0.5531180451660761,
    "times-before-and-after#content-1": 0.5512771703757905,
    "uncalculated-risk#content-1": 0.5443530459153983,
    "this-is-not-about-survival-its-about-bringing-your-coracle#abstract": 0.5423160360957968,
    "tree-x-office#abstract": 0.5419739084233507,
    "time-and-time-again#subtitle": 0.5370271871991473,
    "voice-and-representation#content-1": 0.5339493234277009,
    "typha-the-once-and-future-planty-companion#title": 0.5332478428635055,
    "us-southwest#content-1": 0.5317802568797287,
    "us-southwest#content-3": 0.5317718925559135,
    "too-little-water-the-lake-chad-story#abstract": 0.5300819433523503,
    "typha-the-once-and-future-planty-companion#content-1": 0.5280009402420422,
    "the-vietnamese-community-in-eastern-new-orleans#title": 0.5247617310121561,
    "times-before-and-after#abstract": 0.5233641605489736,
    "wicked-problems-and-mental-models#content-1": 0.521507008225964,
    "writing-global-histories-in-the-anthropocene#title": 0.5184600005344837,
    "understanding-the-north-american-lost-crops#content-1": 0.5094984928633186,
    "transect-walk-cahokia-mounds-to-fairmont-city#content-1": 0.5071414559102206,
    "us-southwest#content-4": 0.5043179261958786,
    "us-southwest#content-2": 0.5041915652882796,
    "time-out-of-mind#title": 0.5040491772698666,
    "xaraasi-xanne-crossing-voices#abstract": 0.5010420426833329,
    "uncalculated-risk#content-3": 0.4954053436456497,
    "the-vietnamese-community-in-eastern-new-orleans#content-2": 0.4952656367300612,
    "white-sands#abstract": 0.4948495759230018,
    "tree-x-office#content-2": 0.4819536898657913,
    "too-little-water-the-lake-chad-story#title": 0.48136158441135884,
    "walk-about-it#content-2": 0.47812872280985774,
    "touring-the-anthropocenery-whos-in-charge-here-2014#title": 0.46435555730022954,
    "time-and-time-again#content-1": 0.4626113663521882,
    "this-is-not-about-survival-its-about-bringing-your-coracle#content-1": 0.45543726447012867,
    "this-is-not-about-survival-its-about-bringing-your-coracle#title": 0.4423122136507259,
    "wicked-problems-and-mental-models#abstract": 0.4307157830803317,
    "time-out-of-mind#subtitle": 0.43065802779718787,
    "us-southwest#title": 0.4272810937360277,
    "walk-about-it#title": 0.424341499722956,
    "the-vietnamese-community-in-eastern-new-orleans#content-4": 0.42248420272774667,
    "worshipping-along-the-routes-of-migration#subtitle": 0.4214908645735655,
    "ve-vm-vt-the-ideal-cosmic-messengers#title": 0.4190365154192528,
    "twin-cities-artist-residency-mississippi-an-anthropocene-story#subtitle": 0.41086443857887445,
    "times-before-and-after#title": 0.40498650997835256,
    "wicked-problems-and-mental-models#title": 0.4048568918658038,
    "transect-walk-cahokia-mounds-to-fairmont-city#title": 0.4001464623098645,
    "typha-the-once-and-future-planty-companion#subtitle": 0.3962953999453821,
    "transect-walk-cahokia-mounds-to-fairmont-city#subtitle": 0.3930608315082596,
    "walk-about-it#subtitle": 0.3930608315082596,
    "too-little-water-the-lake-chad-story#content-2": 0.3924448857263512,
    "xaraasi-xanne-crossing-voices#title": 0.3821106357190055,
    "voice-and-representation#title": 0.37707705919097,
    "this-is-not-about-survival-its-about-bringing-your-coracle#subtitle": 0.36431377453026687,
    "twin-cities-artist-residency-mississippi-an-anthropocene-story#title": 0.3475132845497023,
    "white-sands#title": 0.3038840088050362,
    "time-and-time-again#title": 0.2961425620049924,
    "time-out-of-mind#content-2": 0.28138380155724213,
    "xaraasi-xanne-crossing-voices#content-1": 0.2678987406959007,
    "writing-global-histories-in-the-anthropocene#abstract": 0.262693873019238,
    "tokens-a-rorschach-test#title": 0.2507710644283997,
    "voice-and-representation#abstract": 0.22749398543078714,
    "tree-x-office#title": 0.21976828858010922,
    "touring-the-anthropocenery-whos-in-charge-here-2014#content-1": 0.20546185396630398,
    "time-out-of-mind#content-4": 0.20457864400295464,
    "understanding-the-north-american-lost-crops#subtitle": 0.18993722092144985,
    "uncalculated-risk#title": 0.18876952815414946,
    "voice-and-representation#subtitle": 0.17658081102077644,
    "writing-global-histories-in-the-anthropocene#subtitle": 0.17658081102077644,
    "timeslips#content-1": 0.07218814512577047,
    "timeslips#title": 0
}