{
    "time-out-of-mind#content-1": 0.72248461587675,
    "typha-the-once-and-future-planty-companion#abstract": 0.7180991940347426,
    "the-four-dimensional-mississippi#content-1": 0.715099857909453,
    "uncalculated-risk#content-6": 0.7065898710748081,
    "time-out-of-mind#content-5": 0.7005697957137792,
    "time-out-of-mind#content-3": 0.6998389855003938,
    "the-terrain-of-the-former-veb-elektrokohle-lichtenberg#content-3": 0.6985882166612123,
    "uncalculated-risk#content-4": 0.6966276164806268,
    "timeslips#content-2": 0.694888518811429,
    "uncalculated-risk#content-2": 0.6922926134987266,
    "the-terrain-of-the-former-veb-elektrokohle-lichtenberg#content-1": 0.6918770976995183,
    "the-hyphen#content-2": 0.6910504339451116,
    "the-maledives-case#abstract": 0.6889333361298713,
    "uncalculated-risk#content-8": 0.6881062256291283,
    "the-four-dimensional-mississippi#abstract": 0.6867253839831589,
    "the-shape-of-a-practice#title": 0.6865879930888443,
    "touring-the-anthropocenery-whos-in-charge-here-2014#content-2": 0.6862330324250925,
    "uncalculated-risk#content-7": 0.6847444543834375,
    "the-hedge#content-2": 0.6844779605420642,
    "white-sands#content-1": 0.6841771578243696,
    "the-mississippi-basin-an-operational-landscape#content-5": 0.6831874955787485,
    "time-out-of-mind#abstract": 0.6819055311715525,
    "times-before-and-after#content-1": 0.681842455791705,
    "the-great-green-desert#abstract": 0.6805681120141397,
    "the-free-sea#content-2": 0.6795586955364631,
    "white-sands#content-3": 0.6785751972253975,
    "the-mississippi-basin-an-operational-landscape#content-1": 0.6773922811439785,
    "the-mississippi-basin-an-operational-landscape#abstract": 0.677008356923813,
    "the-hyphen#abstract": 0.6743277601531986,
    "wicked-problems-and-mental-models#content-1": 0.6723386036113115,
    "touring-the-anthropocenery-whos-in-charge-here-2014#abstract": 0.6720043583848203,
    "this-is-not-about-survival-its-about-bringing-your-coracle#abstract": 0.6719251379044691,
    "transect-walk-cahokia-mounds-to-fairmont-city#abstract": 0.6716514984052036,
    "the-mississippi-basin-an-operational-landscape#content-3": 0.6713709173694967,
    "uncalculated-risk#content-5": 0.6706211982958121,
    "walk-about-it#content-1": 0.6706203091185435,
    "the-terrestrial-is-not-the-globe#title": 0.6697769795277813,
    "timeslips#abstract": 0.669298964961847,
    "the-mississippi-basin-an-operational-landscape#content-7": 0.6688670087292901,
    "the-stories-we-tell-the-images-we-take#content-2": 0.6659806067290344,
    "the-vietnamese-community-in-eastern-new-orleans#content-1": 0.6657236180737869,
    "uncalculated-risk#content-1": 0.6657079032711605,
    "us-southwest#content-1": 0.6644222665737528,
    "time-and-time-again#content-2": 0.6620575710570209,
    "understanding-the-north-american-lost-crops#abstract": 0.6618896694161706,
    "the-terrain-of-the-former-veb-elektrokohle-lichtenberg#content-4": 0.6595954566506373,
    "tree-x-office#abstract": 0.6583989242523426,
    "tree-x-office#content-1": 0.6577376930495297,
    "the-vietnamese-community-in-eastern-new-orleans#content-3": 0.6570983513275213,
    "the-stories-we-tell-the-images-we-take#abstract": 0.6542408176559619,
    "the-terrain-of-the-former-veb-elektrokohle-lichtenberg#content-5": 0.6531081780271044,
    "the-hyphen#content-1": 0.6528534210532908,
    "the-shipworm-and-the-telegraph#title": 0.6525602480588139,
    "the-shape-of-a-practice#abstract": 0.6525222009225166,
    "times-before-and-after#abstract": 0.6523370043825246,
    "time-out-of-mind#title": 0.651992308732473,
    "uncalculated-risk#abstract": 0.6503720419321927,
    "white-sands#content-2": 0.6491626217370307,
    "twin-cities-artist-residency-mississippi-an-anthropocene-story#abstract": 0.6482963099561418,
    "walk-about-it#abstract": 0.6468065516592059,
    "xaraasi-xanne-crossing-voices#content-2": 0.6452811984356035,
    "the-shape-of-a-practice-online-project-environment#abstract": 0.645188135411548,
    "us-southwest#content-2": 0.6428466575119387,
    "the-lichtenberg-case#abstract": 0.6419769387579102,
    "too-little-water-the-lake-chad-story#title": 0.6414248424810656,
    "too-little-water-the-lake-chad-story#content-1": 0.6396435079102212,
    "voice-and-representation#content-1": 0.6381470141477045,
    "writing-global-histories-in-the-anthropocene#content-1": 0.6329028464739012,
    "uncalculated-risk#subtitle": 0.6328605224413194,
    "the-shape-of-a-practice-seminars#abstract": 0.6313210119393033,
    "the-free-sea#title": 0.6299253496689963,
    "the-free-sea-2#title": 0.6299253496689963,
    "the-maledives-case#title": 0.6191219680083935,
    "the-lena-is-worthy-of-baikal-defining-remoteness-across-the-north-and-the-east#title": 0.6141246003761306,
    "the-rights-of-nature#abstract": 0.6137574395388464,
    "the-stories-we-tell-the-images-we-take#title": 0.6132998198774755,
    "the-shape-of-a-practice-online-project-environment#title": 0.6122644225043709,
    "too-little-water-the-lake-chad-story#abstract": 0.6114350094530163,
    "this-is-not-about-survival-its-about-bringing-your-coracle#content-1": 0.6086346654857009,
    "the-vietnamese-community-in-eastern-new-orleans#content-2": 0.6048855703466229,
    "the-shape-of-a-practice-seminars#title": 0.6040381858562078,
    "the-great-green-desert#title": 0.6018629721417729,
    "typha-the-once-and-future-planty-companion#title": 0.5922381683071075,
    "us-southwest#content-3": 0.5886762680465087,
    "xaraasi-xanne-crossing-voices#abstract": 0.5867173956755315,
    "wicked-problems-and-mental-models#abstract": 0.5853843750307616,
    "uncalculated-risk#content-3": 0.5795993734244056,
    "the-mississippi-basin-an-operational-landscape#content-2": 0.5790608444316108,
    "the-mississippi-basin-an-operational-landscape#content-6": 0.5788231036509982,
    "worshipping-along-the-routes-of-migration#title": 0.5779232101028757,
    "the-four-dimensional-mississippi#title": 0.5775137289536048,
    "time-and-time-again#content-1": 0.5768700035115223,
    "walk-about-it#title": 0.5757612194629435,
    "white-sands#abstract": 0.5714872254138265,
    "understanding-the-north-american-lost-crops#title": 0.5704356427489292,
    "the-politics-of-modeling#abstract": 0.5703953157249851,
    "the-rights-of-nature#title": 0.5629451940444178,
    "the-mississippi-basin-an-operational-landscape#title": 0.5590427303997348,
    "the-mississippi-basin-an-operational-landscape#content-4": 0.5544740272517314,
    "this-is-not-about-survival-its-about-bringing-your-coracle#subtitle": 0.5528127746070229,
    "this-is-not-about-survival-its-about-bringing-your-coracle#title": 0.5516733634445641,
    "walk-about-it#content-2": 0.5492891760906727,
    "typha-the-once-and-future-planty-companion#content-1": 0.545909682202386,
    "the-politics-of-modeling#title": 0.5447310764552112,
    "times-before-and-after#title": 0.5349989206287002,
    "time-and-time-again#subtitle": 0.5336218775509062,
    "transect-walk-cahokia-mounds-to-fairmont-city#content-1": 0.5314594237052872,
    "the-hedge#content-3": 0.5309055457692045,
    "wicked-problems-and-mental-models#title": 0.5251797614860572,
    "xaraasi-xanne-crossing-voices#title": 0.5230975119267182,
    "touring-the-anthropocenery-whos-in-charge-here-2014#title": 0.5230960840481536,
    "too-little-water-the-lake-chad-story#content-2": 0.5229304485487317,
    "understanding-the-north-american-lost-crops#content-1": 0.5176223326986539,
    "voice-and-representation#title": 0.5133578837244192,
    "the-vietnamese-community-in-eastern-new-orleans#title": 0.5087945521956757,
    "us-southwest#content-4": 0.5059013726522724,
    "the-hedge#title": 0.503831368105913,
    "ve-vm-vt-the-ideal-cosmic-messengers#title": 0.5011558455953785,
    "tree-x-office#content-2": 0.4940172532951322,