{
    "the-anthropocene-in-light-of-biological-feedback#content-9": 0.9799865777709609,
    "the-floating-ear#content-1": 0.9726974646352876,
    "the-floating-ear#content-3": 0.9713533677585845,
    "the-terrain-of-the-former-veb-elektrokohle-lichtenberg#content-3": 0.9685601877099963,
    "times-before-and-after#content-1": 0.9683813648334558,
    "wicked-problems-and-mental-models#content-1": 0.9682377599263164,
    "the-floating-ear#content-6": 0.9681023918808158,
    "the-hyphen#content-2": 0.9660315954250431,
    "the-free-sea#content-2": 0.9650735833011104,
    "white-sands#content-3": 0.9645303046460689,
    "the-shape-of-a-practice#abstract": 0.9641711950145839,
    "the-floating-ear#content-2": 0.9637153605172731,
    "uncalculated-risk#content-8": 0.9627524742993745,
    "the-terrain-of-the-former-veb-elektrokohle-lichtenberg#content-1": 0.9626298699625212,
    "time-and-time-again#content-2": 0.962303258824956,
    "uncalculated-risk#content-4": 0.9616092537240268,
    "the-anthropocene-in-light-of-biological-feedback#content-8": 0.9615494884083503,
    "the-four-dimensional-mississippi#content-1": 0.960488634362234,
    "the-floating-ear#content-7": 0.9601409518157729,
    "touring-the-anthropocenery-whos-in-charge-here-2014#content-2": 0.959640050528957,
    "tree-x-office#content-1": 0.9585020534955258,
    "timeslips#content-2": 0.9579208526214494,
    "the-mississippi-basin-an-operational-landscape#content-7": 0.957836898982184,
    "walk-about-it#content-1": 0.9577981596714535,
    "the-terrain-of-the-former-veb-elektrokohle-lichtenberg#content-5": 0.9575784162970022,
    "the-stories-we-tell-the-images-we-take#content-2": 0.95736828006374,
    "the-anthropocene-in-light-of-biological-feedback#content-7": 0.9573622734477077,
    "time-out-of-mind#content-3": 0.9564809820650093,
    "uncalculated-risk#content-2": 0.9560043252558322,
    "uncalculated-risk#abstract": 0.9555171474452502,
    "the-floating-ear#content-5": 0.9550926252646036,
    "time-out-of-mind#content-1": 0.9547819511447965,
    "the-danish-text#abstract": 0.953739698818586,
    "uncalculated-risk#content-6": 0.9533784185306209,
    "the-mississippi-basin-an-operational-landscape#content-5": 0.9528213609794841,
    "the-vietnamese-community-in-eastern-new-orleans#content-3": 0.9524443310110545,
    "the-mississippi-basin-an-operational-landscape#content-1": 0.9519944782409502,
    "time-out-of-mind#content-5": 0.9519041330679853,
    "the-lichtenberg-case#abstract": 0.9518558688651082,
    "the-four-dimensional-mississippi#abstract": 0.9517735996661677,
    "white-sands#content-1": 0.951058532482446,
    "the-floating-ear#content-4": 0.9509730070060457,
    "the-hyphen#content-1": 0.950322986363018,
    "voice-and-representation#content-1": 0.9501684679766077,
    "xaraasi-xanne-crossing-voices#content-2": 0.9496493169670692,
    "time-out-of-mind#abstract": 0.9492500029665186,
    "the-anthropogenic-influence-onto-the-air-quality-along-the-mississippi-river-findings#content-6": 0.9487003012444034,
    "typha-the-once-and-future-planty-companion#abstract": 0.9482677755108603,
    "the-anthropogenic-influence-onto-the-air-quality-along-the-mississippi-river-findings#content-2": 0.9475377960676713,
    "the-mississippi-basin-an-operational-landscape#content-3": 0.9473545625391556,
    "the-anthropocene-in-light-of-biological-feedback#content-6": 0.9457854246054257,
    "us-southwest#content-1": 0.9441115299266661,
    "the-confluence-area#abstract": 0.9437401304083434,
    "too-little-water-the-lake-chad-story#content-1": 0.9436482173192847,
    "tree-x-office#abstract": 0.9431501173578575,
    "the-vietnamese-community-in-eastern-new-orleans#content-1": 0.9425003462149167,
    "timeslips#abstract": 0.9420147940319511,
    "twin-cities-artist-residency-mississippi-an-anthropocene-story#abstract": 0.9401258268327939,
    "the-shape-of-a-practice-online-project-environment#abstract": 0.9399447544265539,
    "the-shape-of-a-practice-seminars#abstract": 0.9395394968191233,
    "times-before-and-after#abstract": 0.9392694296357085,
    "the-anthropogenic-influence-onto-the-air-quality-along-the-mississippi-river-findings#content-8": 0.9380869159870348,
    "writing-global-histories-in-the-anthropocene#content-1": 0.936455864687861,
    "the-anthropogenic-influence-onto-the-air-quality-along-the-mississippi-river-findings#abstract": 0.9354025899823328,
    "the-hyphen#abstract": 0.935260797053556,
    "the-stories-we-tell-the-images-we-take#abstract": 0.9344657001371448,
    "the-hedge#content-2": 0.9340696086475435,
    "the-current-mississippi-an-anthropocene-river#abstract": 0.9325046411255572,
    "the-mississippi-basin-an-operational-landscape#abstract": 0.9315104250537007,
    "the-maledives-case#abstract": 0.9304441263475542,
    "the-anthropogenic-influence-onto-the-air-quality-along-the-mississippi-river-findings#content-10": 0.9291710842431541,
    "walk-about-it#abstract": 0.9291214124427558,
    "this-is-not-about-survival-its-about-bringing-your-coracle#abstract": 0.9283757095696021,
    "touring-the-anthropocenery-whos-in-charge-here-2014#abstract": 0.92585398316903,
    "the-rights-of-nature#abstract": 0.9211634614188339,
    "the-great-green-desert#abstract": 0.9211191861302579,
    "xaraasi-xanne-crossing-voices#abstract": 0.9207355560476472,
    "understanding-the-north-american-lost-crops#abstract": 0.9176889672755418,
    "uncalculated-risk#content-1": 0.9156857197113681,
    "the-anthropogenic-influence-onto-the-air-quality-along-the-mississippi-river-findings#content-4": 0.9096647144916206,
    "uncalculated-risk#content-5": 0.9074803573328314,
    "transect-walk-cahokia-mounds-to-fairmont-city#abstract": 0.9061965293199339,
    "too-little-water-the-lake-chad-story#abstract": 0.9061333087115002,
    "the-anthropogenic-influence-onto-the-air-quality-along-the-mississippi-river-findings#content-1": 0.904527422418712,
    "time-and-time-again#content-1": 0.9026352180693251,
    "white-sands#abstract": 0.8939778225156636,
    "too-little-water-the-lake-chad-story#content-2": 0.8900663989505477,
    "uncalculated-risk#content-3": 0.888060326362269,
    "white-sands#content-2": 0.8879829639319323,
    "us-southwest#content-3": 0.8875541087665978,
    "uncalculated-risk#content-7": 0.885681896615492,
    "the-shape-of-a-practice-online-project-environment#title": 0.8792979408419598,
    "this-is-not-about-survival-its-about-bringing-your-coracle#content-1": 0.8782030228398395,
    "the-anthropogenic-influence-onto-the-air-quality-along-the-mississippi-river-findings#content-5": 0.8692431427751566,
    "the-anthropogenic-influence-onto-the-air-quality-along-the-mississippi-river-findings#content-3": 0.8662859020420667,
    "the-shape-of-a-practice#title": 0.8654311897679066,
    "the-terrain-of-the-former-veb-elektrokohle-lichtenberg#content-4": 0.8647580634587912,
    "time-out-of-mind#title": 0.8603177580213913,
    "the-politics-of-modeling#abstract": 0.8585364957170172,
    "the-stories-we-tell-the-images-we-take#title": 0.8581177009128865,
    "the-vietnamese-community-in-eastern-new-orleans#content-2": 0.8532699668023279,
    "the-terrestrial-is-not-the-globe#title": 0.8485700406627302,
    "the-fight-for-alaskas-arctic-has-just-begun#title": 0.8431788127672437,
    "us-southwest#content-4": 0.8419012080166483,
    "the-mississippi-basin-an-operational-landscape#content-2": 0.8396719893704746,
    "time-and-time-again#subtitle": 0.8395066543917223,
    "the-hedge#content-3": 0.8372347749801046,
    "the-shape-of-a-practice-seminars#title": 0.8367272076303286,
    "us-southwest#content-2": 0.835778432535471,
    "the-anthropogenic-influence-onto-the-air-quality-along-the-mississippi-river-findings#content-7": 0.8355220703719348,
    "this-is-not-about-survival-its-about-bringing-your-coracle#title": 0.8285908002054259,