{
    "the-maledives-case#title": 0.5995679009895417,
    "the-terrain-of-the-former-veb-elektrokohle-lichtenberg#title": 0.5572189779162787,
    "the-terrain-of-the-former-veb-elektrokohle-lichtenberg#content-2": 0.5492637569366288,
    "the-vietnamese-community-in-eastern-new-orleans#content-4": 0.5218054052434978,
    "the-mississippi-basin-an-operational-landscape#title": 0.503119602737941,
    "uncalculated-risk#content-6": 0.5015000541825849,
    "uncalculated-risk#content-5": 0.49915517196706144,
    "too-little-water-the-lake-chad-story#content-2": 0.49893884329231303,
    "the-rights-of-nature#abstract": 0.49704455863937713,
    "walk-about-it#content-1": 0.4932936345233224,
    "uncalculated-risk#content-7": 0.49231020457664154,
    "tree-x-office#content-1": 0.49146863090282983,
    "touring-the-anthropocenery-whos-in-charge-here-2014#content-2": 0.48948045554076114,
    "timeslips#abstract": 0.48882613944541686,
    "time-and-time-again#content-2": 0.4878484980784679,
    "uncalculated-risk#content-2": 0.48738944679238383,
    "uncalculated-risk#content-8": 0.48679480044713275,
    "white-sands#content-3": 0.4866276687525174,
    "timeslips#content-2": 0.4857918205351711,
    "time-out-of-mind#abstract": 0.48466401088784183,
    "us-southwest#content-3": 0.4838513748598267,
    "uncalculated-risk#subtitle": 0.4829102819994001,
    "the-terrain-of-the-former-veb-elektrokohle-lichtenberg#content-5": 0.48261472207310274,
    "uncalculated-risk#content-4": 0.48160842468073134,
    "the-vietnamese-community-in-eastern-new-orleans#content-1": 0.4812122222359981,
    "the-terrain-of-the-former-veb-elektrokohle-lichtenberg#content-3": 0.4808504602727921,
    "the-mississippi-basin-an-operational-landscape#content-1": 0.48073034623755045,
    "times-before-and-after#abstract": 0.4806941719286646,
    "tree-x-office#abstract": 0.4799855275756124,
    "times-before-and-after#content-1": 0.4784530430962611,
    "the-stories-we-tell-the-images-we-take#content-2": 0.47812208372231213,
    "white-sands#abstract": 0.47772970375951257,
    "the-mississippi-basin-an-operational-landscape#content-7": 0.47759492670836845,
    "xaraasi-xanne-crossing-voices#content-2": 0.4775430860531237,
    "the-vietnamese-community-in-eastern-new-orleans#content-2": 0.47620505373315314,
    "writing-global-histories-in-the-anthropocene#content-1": 0.4756051732820744,
    "voice-and-representation#content-1": 0.47551422364676077,
    "the-mississippi-basin-an-operational-landscape#abstract": 0.4745625147513369,
    "the-shape-of-a-practice-online-project-environment#title": 0.47447713592331775,
    "wicked-problems-and-mental-models#content-1": 0.4744460920445233,
    "us-southwest#content-1": 0.4743591375422358,
    "white-sands#content-2": 0.4741833209036105,
    "the-vietnamese-community-in-eastern-new-orleans#content-3": 0.4739669694392976,
    "the-shape-of-a-practice-seminars#title": 0.47389043444075823,
    "the-terrain-of-the-former-veb-elektrokohle-lichtenberg#content-1": 0.47361267788347183,
    "typha-the-once-and-future-planty-companion#abstract": 0.473393040201248,
    "uncalculated-risk#abstract": 0.47316040817185206,
    "touring-the-anthropocenery-whos-in-charge-here-2014#abstract": 0.47205329792871553,
    "time-and-time-again#subtitle": 0.47088971589290257,
    "time-out-of-mind#content-3": 0.47043757666803093,
    "the-maledives-case#abstract": 0.46924747170698416,
    "too-little-water-the-lake-chad-story#content-1": 0.4682490700499177,
    "uncalculated-risk#content-3": 0.4660257908850307,
    "time-and-time-again#content-1": 0.46584682715510195,
    "the-shape-of-a-practice#abstract": 0.4647491760614135,
    "us-southwest#content-4": 0.46309533530254315,
    "time-out-of-mind#content-1": 0.4610813910587443,
    "typha-the-once-and-future-planty-companion#content-1": 0.46088924419121446,
    "time-out-of-mind#content-5": 0.4592326552844353,
    "too-little-water-the-lake-chad-story#title": 0.4579138633908133,
    "white-sands#content-1": 0.45718219854603215,
    "the-stories-we-tell-the-images-we-take#abstract": 0.45714457286514565,
    "uncalculated-risk#content-1": 0.45595295434805455,
    "transect-walk-cahokia-mounds-to-fairmont-city#abstract": 0.455192112172191,
    "the-mississippi-basin-an-operational-landscape#content-3": 0.4549525394819693,
    "the-mississippi-basin-an-operational-landscape#content-5": 0.4543862488988509,
    "this-is-not-about-survival-its-about-bringing-your-coracle#title": 0.45337450520382994,
    "the-shape-of-a-practice-seminars#abstract": 0.45153174027495874,
    "the-rights-of-nature#title": 0.45097425882687003,
    "twin-cities-artist-residency-mississippi-an-anthropocene-story#abstract": 0.45097021027182616,
    "the-terrestrial-is-not-the-globe#title": 0.4509333632718726,
    "the-mississippi-basin-an-operational-landscape#content-2": 0.44838210405209356,
    "this-is-not-about-survival-its-about-bringing-your-coracle#content-1": 0.4435748603474912,
    "too-little-water-the-lake-chad-story#abstract": 0.4434873039143623,
    "the-shape-of-a-practice-online-project-environment#abstract": 0.44322160945308386,
    "the-mississippi-basin-an-operational-landscape#content-4": 0.44226347740627314,
    "tree-x-office#content-2": 0.4419336409620131,
    "the-mississippi-basin-an-operational-landscape#content-6": 0.44105360359660606,
    "the-politics-of-modeling#abstract": 0.4396245396954573,
    "writing-global-histories-in-the-anthropocene#title": 0.43941069635935964,
    "the-shape-of-a-practice#title": 0.43889425908510904,
    "walk-about-it#abstract": 0.4377982487992727,
    "the-politics-of-modeling#title": 0.43295351468589177,
    "touring-the-anthropocenery-whos-in-charge-here-2014#title": 0.4292356026020009,
    "xaraasi-xanne-crossing-voices#abstract": 0.4292185766687564,
    "this-is-not-about-survival-its-about-bringing-your-coracle#abstract": 0.42848964921532784,
    "understanding-the-north-american-lost-crops#title": 0.4275045413096835,
    "understanding-the-north-american-lost-crops#abstract": 0.42324467017188,
    "the-terrain-of-the-former-veb-elektrokohle-lichtenberg#content-4": 0.4167558909077736,
    "the-shipworm-and-the-telegraph#title": 0.41518677912572816,
    "the-stories-we-tell-the-images-we-take#title": 0.41510844713367906,
    "the-shape-of-a-practice#subtitle": 0.414805798269712,
    "us-southwest#content-2": 0.4049368731112835,
    "wicked-problems-and-mental-models#abstract": 0.40193219384805595,
    "wicked-problems-and-mental-models#title": 0.39701023698020094,
    "ve-vm-vt-the-ideal-cosmic-messengers#title": 0.39421677760762114,
    "transect-walk-cahokia-mounds-to-fairmont-city#content-1": 0.3934284834548093,
    "tokens-a-rorschach-test#title": 0.38921849300860256,
    "understanding-the-north-american-lost-crops#subtitle": 0.3883680225910156,
    "walk-about-it#content-2": 0.3863970994046697,
    "the-vietnamese-community-in-eastern-new-orleans#title": 0.38490594748801316,
    "time-out-of-mind#title": 0.3841496912188525,
    "the-stories-we-tell-the-images-we-take#content-1": 0.38300038933946756,
    "xaraasi-xanne-crossing-voices#content-1": 0.38183224806013044,
    "understanding-the-north-american-lost-crops#content-1": 0.3797378614229842,
    "typha-the-once-and-future-planty-companion#title": 0.37196585255164877,
    "times-before-and-after#title": 0.3590138354302368,
    "worshipping-along-the-routes-of-migration#subtitle": 0.3581058319029998,
    "this-is-not-about-survival-its-about-bringing-your-coracle#subtitle": 0.3559451839415454,
    "transect-walk-cahokia-mounds-to-fairmont-city#title": 0.3481987615611687,
    "time-and-time-again#title": 0.334185043234463,
    "twin-cities-artist-residency-mississippi-an-anthropocene-story#title": 0.3331365464299867,
    "walk-about-it#title": 0.3292935265035153,
    "voice-and-representation#title": 0.32874701281588137,
    "tree-x-office#title": 0.32734030859175706,