{
    "white-sands#content-2": 0.6913595421622268,
    "the-vietnamese-community-in-eastern-new-orleans#content-2": 0.6870781322206748,
    "uncalculated-risk#content-7": 0.676506287785877,
    "typha-the-once-and-future-planty-companion#content-1": 0.6742459786944771,
    "uncalculated-risk#content-5": 0.65057941450579,
    "uncalculated-risk#content-1": 0.6366563845965577,
    "walk-about-it#content-2": 0.6345207846780212,
    "touring-the-anthropocenery-whos-in-charge-here-2014#content-1": 0.6328694078596908,
    "timeslips#abstract": 0.6267126729768202,
    "uncalculated-risk#content-3": 0.6220903655963091,
    "the-terrain-of-the-former-veb-elektrokohle-lichtenberg#content-2": 0.6209031848727302,
    "the-stories-we-tell-the-images-we-take#abstract": 0.6188558036290601,
    "white-sands#abstract": 0.6154052254326802,
    "the-stories-we-tell-the-images-we-take#content-2": 0.6151203979000114,
    "this-is-not-about-survival-its-about-bringing-your-coracle#content-1": 0.6125438988742619,
    "the-terrain-of-the-former-veb-elektrokohle-lichtenberg#content-1": 0.6108989032549903,
    "time-out-of-mind#content-1": 0.6072904675292286,
    "us-southwest#content-3": 0.60690281617689,
    "the-vietnamese-community-in-eastern-new-orleans#content-1": 0.6066421201406946,
    "transect-walk-cahokia-mounds-to-fairmont-city#abstract": 0.6064479778285979,
    "the-vietnamese-community-in-eastern-new-orleans#content-4": 0.6062721654055409,
    "time-and-time-again#content-1": 0.6058644576749616,
    "time-out-of-mind#content-3": 0.6024021242708906,
    "the-mississippi-basin-an-operational-landscape#abstract": 0.5989826722069034,
    "the-mississippi-basin-an-operational-landscape#content-6": 0.5981568402910099,
    "the-vietnamese-community-in-eastern-new-orleans#content-3": 0.5972498683964995,
    "time-out-of-mind#content-4": 0.5966544026898168,
    "the-terrain-of-the-former-veb-elektrokohle-lichtenberg#title": 0.5965673939709412,
    "uncalculated-risk#content-2": 0.5957719954807253,
    "white-sands#content-3": 0.5952656322000465,
    "touring-the-anthropocenery-whos-in-charge-here-2014#content-2": 0.5947809327504958,
    "time-out-of-mind#abstract": 0.5936795207651467,
    "timeslips#content-2": 0.5934248189215787,
    "typha-the-once-and-future-planty-companion#abstract": 0.5928996910525623,
    "the-rights-of-nature#abstract": 0.5928538883682618,
    "the-terrain-of-the-former-veb-elektrokohle-lichtenberg#content-3": 0.5919354398940139,
    "touring-the-anthropocenery-whos-in-charge-here-2014#abstract": 0.5914681950341839,
    "uncalculated-risk#content-6": 0.5907346491336638,
    "the-terrain-of-the-former-veb-elektrokohle-lichtenberg#content-5": 0.5895771092598275,
    "typha-the-once-and-future-planty-companion#subtitle": 0.5886485253748227,
    "tree-x-office#content-1": 0.5873010762660338,
    "xaraasi-xanne-crossing-voices#content-2": 0.5871405467841725,
    "voice-and-representation#abstract": 0.5860948010067195,
    "time-out-of-mind#content-5": 0.5860921688982559,
    "uncalculated-risk#content-8": 0.5860049666034178,
    "tree-x-office#abstract": 0.5848354961092063,
    "walk-about-it#content-1": 0.5837615561784019,
    "twin-cities-artist-residency-mississippi-an-anthropocene-story#abstract": 0.5832166355452387,
    "transect-walk-cahokia-mounds-to-fairmont-city#content-1": 0.5819484502783245,
    "times-before-and-after#content-1": 0.5800917706792112,
    "walk-about-it#abstract": 0.5789533246583737,
    "xaraasi-xanne-crossing-voices#abstract": 0.5788053615480253,
    "us-southwest#content-1": 0.5780946244441925,
    "uncalculated-risk#content-4": 0.577952357639269,
    "times-before-and-after#abstract": 0.5778546083131507,
    "uncalculated-risk#abstract": 0.5775001772085888,
    "this-is-not-about-survival-its-about-bringing-your-coracle#abstract": 0.5769109584469934,
    "white-sands#content-1": 0.5749258416901636,
    "the-mississippi-basin-an-operational-landscape#content-4": 0.5737132768864576,
    "writing-global-histories-in-the-anthropocene#abstract": 0.5736819406819542,
    "time-and-time-again#content-2": 0.5733507179840536,
    "the-maledives-case#abstract": 0.5733400793604067,
    "tree-x-office#content-2": 0.5716910722639643,
    "the-mississippi-basin-an-operational-landscape#content-1": 0.571610330857641,
    "the-shape-of-a-practice-online-project-environment#abstract": 0.5703509061119822,
    "time-and-time-again#subtitle": 0.566519302541587,
    "writing-global-histories-in-the-anthropocene#content-1": 0.5657749053162628,
    "the-stories-we-tell-the-images-we-take#title": 0.5651312664354778,
    "the-mississippi-basin-an-operational-landscape#content-2": 0.565108566184778,
    "too-little-water-the-lake-chad-story#abstract": 0.5633664515107776,
    "understanding-the-north-american-lost-crops#content-1": 0.5629335044989082,
    "the-shape-of-a-practice#abstract": 0.5625584343022648,
    "the-mississippi-basin-an-operational-landscape#content-7": 0.5618164946403372,
    "too-little-water-the-lake-chad-story#title": 0.5606842639373872,
    "the-shape-of-a-practice-seminars#abstract": 0.5549442840573114,
    "voice-and-representation#content-1": 0.5547444655483099,
    "the-vietnamese-community-in-eastern-new-orleans#title": 0.5538396057697323,
    "too-little-water-the-lake-chad-story#content-1": 0.5519871074878712,
    "the-mississippi-basin-an-operational-landscape#content-5": 0.5519499584727192,
    "the-mississippi-basin-an-operational-landscape#content-3": 0.54999966227474,
    "wicked-problems-and-mental-models#content-1": 0.5498424459271699,
    "uncalculated-risk#subtitle": 0.543852040534905,
    "understanding-the-north-american-lost-crops#abstract": 0.540760867635268,
    "the-politics-of-modeling#content-1": 0.5308625374841657,
    "the-rights-of-nature#content-1": 0.5308625374841657,
    "us-southwest#content-2": 0.5255772066374083,
    "the-shape-of-a-practice#title": 0.5244573954120535,
    "the-terrain-of-the-former-veb-elektrokohle-lichtenberg#content-4": 0.5202438085201164,
    "the-shape-of-a-practice-online-project-environment#title": 0.5200738975511513,
    "too-little-water-the-lake-chad-story#content-2": 0.5167221549045873,
    "the-mississippi-basin-an-operational-landscape#title": 0.5165257271449943,
    "understanding-the-north-american-lost-crops#title": 0.5121521071834537,
    "us-southwest#content-4": 0.5084245121387958,
    "typha-the-once-and-future-planty-companion#title": 0.5061046061539626,
    "xaraasi-xanne-crossing-voices#content-1": 0.5040913585187378,
    "the-politics-of-modeling#abstract": 0.5038977911115106,
    "the-terrestrial-is-not-the-globe#title": 0.5032968111027623,
    "the-stories-we-tell-the-images-we-take#content-1": 0.5030576397580863,
    "time-out-of-mind#title": 0.4934540365079097,
    "the-rights-of-nature#title": 0.49323403362937357,
    "ve-vm-vt-the-ideal-cosmic-messengers#title": 0.49142383565120606,
    "the-shipworm-and-the-telegraph#title": 0.4853103287318853,
    "the-lichtenberg-case-2#title": 0.4811796122207257,
    "time-out-of-mind#content-2": 0.4760812984929015,
    "the-politics-of-modeling#title": 0.47356331268085156,
    "the-shape-of-a-practice-seminars#title": 0.4730331093099396,
    "walk-about-it#title": 0.47109066240070224,
    "this-is-not-about-survival-its-about-bringing-your-coracle#title": 0.4626907343453037,
    "worshipping-along-the-routes-of-migration#title": 0.46261157984314255,
    "twin-cities-artist-residency-mississippi-an-anthropocene-story#title": 0.45965946603318664,
    "wicked-problems-and-mental-models#abstract": 0.45646884760758727,
    "times-before-and-after#title": 0.4554242095281595,
    "transect-walk-cahokia-mounds-to-fairmont-city#title": 0.4531234093121458,
    "worshipping-along-the-routes-of-migration#subtitle": 0.44371217491329157,
    "writing-global-histories-in-the-anthropocene#title": 0.44332581548761596,
    "voice-and-representation#title": 0.4309853560419225,