{
    "xaraasi-xanne-crossing-voices#content-1": 0.9994472400954196,
    "too-little-water-the-lake-chad-story#content-2": 0.8019265724667569,
    "the-vietnamese-community-in-eastern-new-orleans#content-4": 0.7901596414547629,
    "understanding-the-north-american-lost-crops#content-1": 0.7482851139693062,
    "the-vietnamese-community-in-eastern-new-orleans#content-2": 0.747275583912509,
    "transect-walk-cahokia-mounds-to-fairmont-city#content-1": 0.7338398750705051,
    "time-and-time-again#content-1": 0.7327251022103415,
    "us-southwest#content-3": 0.7163838564708902,
    "white-sands#abstract": 0.7135309909645166,
    "us-southwest#content-1": 0.7046352960457889,
    "white-sands#content-2": 0.7034742464324861,
    "uncalculated-risk#content-7": 0.6875741153331861,
    "tree-x-office#content-2": 0.686039237534761,
    "too-little-water-the-lake-chad-story#abstract": 0.6845308304603407,
    "uncalculated-risk#content-1": 0.6790135574833213,
    "uncalculated-risk#content-3": 0.6781892021157537,
    "xaraasi-xanne-crossing-voices#abstract": 0.6770170688848991,
    "touring-the-anthropocenery-whos-in-charge-here-2014#abstract": 0.668255892074156,
    "typha-the-once-and-future-planty-companion#content-1": 0.6666248192098213,
    "the-vietnamese-community-in-eastern-new-orleans#content-3": 0.6640066940950168,
    "the-vietnamese-community-in-eastern-new-orleans#content-1": 0.6615247265868537,
    "the-stories-we-tell-the-images-we-take#content-2": 0.6614478139977136,
    "white-sands#content-3": 0.6611787602397284,
    "tree-x-office#content-1": 0.6603646248819779,
    "time-out-of-mind#content-1": 0.6596413529098389,
    "uncalculated-risk#content-5": 0.6546948056322652,
    "this-is-not-about-survival-its-about-bringing-your-coracle#content-1": 0.6481546121080936,
    "time-out-of-mind#content-3": 0.6467451140331298,
    "this-is-not-about-survival-its-about-bringing-your-coracle#abstract": 0.6465762881409862,
    "white-sands#content-1": 0.6465424043346913,
    "uncalculated-risk#content-2": 0.6450195180191296,
    "the-terrain-of-the-former-veb-elektrokohle-lichtenberg#content-5": 0.6449069239889239,
    "touring-the-anthropocenery-whos-in-charge-here-2014#title": 0.6415586904819292,
    "uncalculated-risk#content-8": 0.6406666124597403,
    "time-and-time-again#title": 0.639495278793361,
    "tree-x-office#abstract": 0.6381342029834549,
    "time-and-time-again#content-2": 0.6379440169919052,
    "times-before-and-after#abstract": 0.637742966814552,
    "xaraasi-xanne-crossing-voices#content-2": 0.6334911993980517,
    "wicked-problems-and-mental-models#content-1": 0.6333221014435427,
    "the-terrain-of-the-former-veb-elektrokohle-lichtenberg#content-1": 0.6320752728792202,
    "time-out-of-mind#content-5": 0.6319683998016653,
    "timeslips#content-2": 0.6299407547195357,
    "the-terrain-of-the-former-veb-elektrokohle-lichtenberg#content-3": 0.6274457700168214,
    "time-out-of-mind#abstract": 0.6272953959994653,
    "uncalculated-risk#abstract": 0.6260570098687122,
    "times-before-and-after#content-1": 0.6238752259113463,
    "touring-the-anthropocenery-whos-in-charge-here-2014#content-2": 0.6218762419718,
    "timeslips#abstract": 0.6209574257548545,
    "times-before-and-after#title": 0.6130326815777755,
    "uncalculated-risk#content-6": 0.612022746915583,
    "transect-walk-cahokia-mounds-to-fairmont-city#abstract": 0.6111067624401624,
    "too-little-water-the-lake-chad-story#content-1": 0.6087657894571302,
    "walk-about-it#content-1": 0.6075309173797651,
    "writing-global-histories-in-the-anthropocene#content-1": 0.6046212773954674,
    "voice-and-representation#content-1": 0.6011287971434816,
    "walk-about-it#abstract": 0.5997970376578489,
    "uncalculated-risk#content-4": 0.5994316874023593,
    "twin-cities-artist-residency-mississippi-an-anthropocene-story#abstract": 0.5958611332751614,
    "us-southwest#content-4": 0.5943355531594675,
    "time-and-time-again#subtitle": 0.5930378678352175,
    "the-stories-we-tell-the-images-we-take#title": 0.592191195177594,
    "typha-the-once-and-future-planty-companion#abstract": 0.5891584652656192,
    "time-out-of-mind#content-2": 0.5809140753248274,
    "understanding-the-north-american-lost-crops#abstract": 0.5802818079327252,
    "the-terrain-of-the-former-veb-elektrokohle-lichtenberg#content-4": 0.5655220021728865,
    "us-southwest#content-2": 0.5584992957161311,
    "time-out-of-mind#title": 0.5504107115834683,
    "this-is-not-about-survival-its-about-bringing-your-coracle#subtitle": 0.5491732881170444,
    "typha-the-once-and-future-planty-companion#title": 0.5465271010638288,
    "too-little-water-the-lake-chad-story#title": 0.5361313044496084,
    "the-terrain-of-the-former-veb-elektrokohle-lichtenberg#content-2": 0.5346936521043161,
    "walk-about-it#content-2": 0.5315850029692557,
    "understanding-the-north-american-lost-crops#title": 0.5282862817792466,
    "wicked-problems-and-mental-models#abstract": 0.5193893915713675,
    "voice-and-representation#abstract": 0.5142410608655525,
    "walk-about-it#title": 0.509984112665394,
    "this-is-not-about-survival-its-about-bringing-your-coracle#title": 0.5030107971020827,
    "the-vietnamese-community-in-eastern-new-orleans#title": 0.4926284879251397,
    "the-terrestrial-is-not-the-globe#title": 0.4866962545437365,
    "typha-the-once-and-future-planty-companion#subtitle": 0.4746503528627812,
    "transect-walk-cahokia-mounds-to-fairmont-city#subtitle": 0.4671868024701352,
    "walk-about-it#subtitle": 0.4671868024701352,
    "uncalculated-risk#subtitle": 0.46652839658733675,
    "us-southwest#title": 0.4643295791185872,
    "twin-cities-artist-residency-mississippi-an-anthropocene-story#title": 0.4506912612563999,
    "tree-x-office#title": 0.4465061911714425,
    "worshipping-along-the-routes-of-migration#subtitle": 0.44062032690956554,
    "wicked-problems-and-mental-models#title": 0.438904364478397,
    "ve-vm-vt-the-ideal-cosmic-messengers#title": 0.4319414475966062,
    "writing-global-histories-in-the-anthropocene#abstract": 0.4313406716043356,
    "twin-cities-artist-residency-mississippi-an-anthropocene-story#subtitle": 0.42727739728341324,
    "understanding-the-north-american-lost-crops#subtitle": 0.41493401268833624,
    "worshipping-along-the-routes-of-migration#title": 0.406382074645194,
    "writing-global-histories-in-the-anthropocene#title": 0.40307369660302395,
    "xaraasi-xanne-crossing-voices#title": 0.3957616150089718,
    "voice-and-representation#title": 0.3889610697279681,
    "time-out-of-mind#subtitle": 0.36184101145197406,
    "transect-walk-cahokia-mounds-to-fairmont-city#title": 0.3280129919647645,
    "voice-and-representation#subtitle": 0.3053045468684801,
    "writing-global-histories-in-the-anthropocene#subtitle": 0.3053045468684801,
    "touring-the-anthropocenery-whos-in-charge-here-2014#content-1": 0.3036329908735488,
    "tokens-a-rorschach-test#title": 0.3022022533745617,
    "white-sands#title": 0.28813306217769186,
    "time-out-of-mind#content-4": 0.2707902334615089,
    "the-terrain-of-the-former-veb-elektrokohle-lichtenberg#title": 0.27002753848303795,
    "uncalculated-risk#title": 0.06339533454866947,
    "timeslips#content-1": 0.051225110956592,
    "timeslips#title": 0
}