{
    "the-anthropogenic-influence-onto-the-air-quality-along-the-mississippi-river-findings#content-8": 0.9924031136134774,
    "the-anthropogenic-influence-onto-the-air-quality-along-the-mississippi-river-findings#content-2": 0.9892275385264596,
    "the-anthropogenic-influence-onto-the-air-quality-along-the-mississippi-river-findings#content-6": 0.9807817957014011,
    "the-anthropogenic-influence-onto-the-air-quality-along-the-mississippi-river-findings#content-4": 0.9710495350885705,
    "the-mississippi-basin-an-operational-landscape#content-5": 0.962435484735143,
    "the-mississippi-basin-an-operational-landscape#content-3": 0.9490457584394606,
    "too-little-water-the-lake-chad-story#content-1": 0.9458965572732898,
    "the-four-dimensional-mississippi#content-1": 0.9455468805030572,
    "the-mississippi-basin-an-operational-landscape#content-7": 0.9448547375364406,
    "the-mississippi-basin-an-operational-landscape#content-1": 0.9433270733348225,
    "the-shape-of-a-practice#abstract": 0.9380963790349068,
    "the-floating-ear#content-5": 0.9380380199116167,
    "white-sands#content-1": 0.9349135156702734,
    "uncalculated-risk#content-8": 0.9344134745784055,
    "wicked-problems-and-mental-models#content-1": 0.9343845935737418,
    "the-floating-ear#content-3": 0.9314251646425198,
    "uncalculated-risk#content-6": 0.9311441937180107,
    "the-floating-ear#content-4": 0.9300515085193587,
    "white-sands#content-3": 0.9295174935616205,
    "the-anthropogenic-influence-onto-the-air-quality-along-the-mississippi-river-findings#content-9": 0.9288932920489714,
    "the-floating-ear#content-1": 0.9281409846215203,
    "the-four-dimensional-mississippi#abstract": 0.9272436347222706,
    "the-floating-ear#content-2": 0.9264486301642441,
    "uncalculated-risk#content-4": 0.9251084993539825,
    "the-terrain-of-the-former-veb-elektrokohle-lichtenberg#content-1": 0.9251028468745935,
    "uncalculated-risk#content-2": 0.9243728651324932,
    "the-floating-ear#content-7": 0.9229689992347562,
    "the-terrain-of-the-former-veb-elektrokohle-lichtenberg#content-3": 0.9229169460714493,
    "uncalculated-risk#abstract": 0.9221455131744265,
    "times-before-and-after#content-1": 0.9219836700388714,
    "timeslips#content-2": 0.9217886865839102,
    "time-out-of-mind#abstract": 0.9208869270539808,
    "the-terrain-of-the-former-veb-elektrokohle-lichtenberg#content-5": 0.9203820017045479,
    "the-free-sea#content-2": 0.9190688753014208,
    "the-floating-ear#content-6": 0.9163646387897195,
    "the-anthropogenic-influence-onto-the-air-quality-along-the-mississippi-river-findings#content-3": 0.9162681745174278,
    "time-out-of-mind#content-1": 0.9160095081027669,
    "the-confluence-area#abstract": 0.9151164443255441,
    "time-and-time-again#content-2": 0.9145117749204681,
    "the-stories-we-tell-the-images-we-take#content-2": 0.9143045607608051,
    "the-maledives-case#abstract": 0.9135894982877354,
    "the-vietnamese-community-in-eastern-new-orleans#content-3": 0.9133483727120034,
    "writing-global-histories-in-the-anthropocene#content-1": 0.9125487335552875,
    "the-lichtenberg-case#abstract": 0.911119087981695,
    "the-danish-text#abstract": 0.9107179776787296,
    "the-anthropogenic-influence-onto-the-air-quality-along-the-mississippi-river-findings#content-5": 0.9100599291702173,
    "time-out-of-mind#content-3": 0.9099744459276761,
    "voice-and-representation#content-1": 0.9097854965202627,
    "the-shape-of-a-practice-seminars#abstract": 0.9090989518378791,
    "walk-about-it#content-1": 0.9088080464752752,
    "touring-the-anthropocenery-whos-in-charge-here-2014#content-2": 0.9088057968484372,
    "timeslips#abstract": 0.9077407986814027,
    "the-current-mississippi-an-anthropocene-river#abstract": 0.9071650606805242,
    "the-hyphen#content-2": 0.9064316906489065,
    "tree-x-office#content-1": 0.9059866220628476,
    "the-shape-of-a-practice-online-project-environment#abstract": 0.9057324220850735,
    "the-vietnamese-community-in-eastern-new-orleans#content-1": 0.9055088218777426,
    "the-hyphen#abstract": 0.9048825592133567,
    "typha-the-once-and-future-planty-companion#abstract": 0.904796069018128,
    "this-is-not-about-survival-its-about-bringing-your-coracle#abstract": 0.9039028337352714,
    "xaraasi-xanne-crossing-voices#content-2": 0.9028197645876516,
    "understanding-the-north-american-lost-crops#abstract": 0.9027778383453999,
    "the-anthropogenic-influence-onto-the-air-quality-along-the-mississippi-river-findings#content-7": 0.9026948984908811,
    "twin-cities-artist-residency-mississippi-an-anthropocene-story#abstract": 0.9013112237011516,
    "tree-x-office#abstract": 0.9005581002285988,
    "the-hedge#content-2": 0.8991828804153695,
    "walk-about-it#abstract": 0.8985430464286858,
    "the-great-green-desert#abstract": 0.8969416956346128,
    "the-mississippi-basin-an-operational-landscape#abstract": 0.8913316803397636,
    "us-southwest#content-1": 0.8913062611574118,
    "time-out-of-mind#content-5": 0.890641482285227,
    "times-before-and-after#abstract": 0.8858976303058425,
    "too-little-water-the-lake-chad-story#abstract": 0.8852116105021102,
    "the-hyphen#content-1": 0.8827547687291598,
    "the-stories-we-tell-the-images-we-take#abstract": 0.8769234309946077,
    "transect-walk-cahokia-mounds-to-fairmont-city#abstract": 0.8724689547767157,
    "the-anthropogenic-influence-onto-the-air-quality-along-the-mississippi-river-findings#title": 0.8621038583489934,
    "uncalculated-risk#content-1": 0.861875105237236,
    "touring-the-anthropocenery-whos-in-charge-here-2014#abstract": 0.8613787674180454,
    "the-mississippi-basin-an-operational-landscape#content-2": 0.861370805642198,
    "xaraasi-xanne-crossing-voices#abstract": 0.8609121379271971,
    "the-rights-of-nature#abstract": 0.8593294719521734,
    "uncalculated-risk#content-5": 0.8533231366878347,
    "us-southwest#content-3": 0.8524809300204795,
    "too-little-water-the-lake-chad-story#content-2": 0.8496695482659397,
    "white-sands#content-2": 0.8483033613162897,
    "us-southwest#content-4": 0.8472140629935893,
    "uncalculated-risk#content-7": 0.8373147051771818,
    "the-terrain-of-the-former-veb-elektrokohle-lichtenberg#content-4": 0.8367637475052392,
    "the-terrestrial-is-not-the-globe#title": 0.8341773372196883,
    "the-shape-of-a-practice-online-project-environment#title": 0.83173790204866,
    "wicked-problems-and-mental-models#abstract": 0.8257919399963691,
    "time-and-time-again#content-1": 0.8153689723865907,
    "this-is-not-about-survival-its-about-bringing-your-coracle#content-1": 0.8094251479699103,
    "the-politics-of-modeling#abstract": 0.808960118800096,
    "uncalculated-risk#content-3": 0.8083510977186044,
    "the-stories-we-tell-the-images-we-take#title": 0.8062074854742721,
    "white-sands#abstract": 0.8060029347243334,
    "the-fight-for-alaskas-arctic-has-just-begun#title": 0.8036207973266637,
    "the-mississippi-basin-an-operational-landscape#content-4": 0.8036191418014818,
    "time-out-of-mind#title": 0.8021832881474743,
    "this-is-not-about-survival-its-about-bringing-your-coracle#title": 0.8008686614405404,
    "the-vietnamese-community-in-eastern-new-orleans#content-2": 0.7957720824579749,
    "the-hedge#content-3": 0.792617088725194,
    "the-shape-of-a-practice#title": 0.7917737895115824,
    "the-mississippi-basin-an-operational-landscape#content-6": 0.791453101797468,
    "typha-the-once-and-future-planty-companion#title": 0.7780784164651022,
    "the-shape-of-a-practice-seminars#title": 0.7738214194508055,
    "time-and-time-again#subtitle": 0.7651548788344993,
    "us-southwest#content-2": 0.7632837381998072,
    "understanding-the-north-american-lost-crops#title": 0.7625415953049831,
    "worshipping-along-the-routes-of-migration#title": 0.7599883714934459,
    "times-before-and-after#title": 0.7596287615391614,
    "the-rights-of-nature#title": 0.7593819875909611,