{
    "the-vietnamese-community-in-eastern-new-orleans#content-4": 0.8739787786562028,
    "us-southwest#content-3": 0.8638446390448272,
    "white-sands#content-2": 0.8579696613198731,
    "the-vietnamese-community-in-eastern-new-orleans#content-2": 0.8473161190393894,
    "the-stories-we-tell-the-images-we-take#content-2": 0.8404027068758458,
    "typha-the-once-and-future-planty-companion#content-1": 0.8321504424592497,
    "uncalculated-risk#content-7": 0.8312876719721793,
    "time-and-time-again#content-1": 0.827837475551792,
    "walk-about-it#content-2": 0.8206462036453871,
    "time-out-of-mind#content-1": 0.8153061316913186,
    "too-little-water-the-lake-chad-story#abstract": 0.8149351696731494,
    "timeslips#abstract": 0.8147768203221355,
    "the-vietnamese-community-in-eastern-new-orleans#content-1": 0.813243033516447,
    "this-is-not-about-survival-its-about-bringing-your-coracle#abstract": 0.8094107988880315,
    "white-sands#abstract": 0.8074120872629659,
    "the-great-green-desert#abstract": 0.8071196639048843,
    "time-out-of-mind#content-3": 0.8041275359204964,
    "the-stories-we-tell-the-images-we-take#abstract": 0.800742637641789,
    "transect-walk-cahokia-mounds-to-fairmont-city#abstract": 0.8002914168826503,
    "uncalculated-risk#content-5": 0.7978090710636455,
    "the-vietnamese-community-in-eastern-new-orleans#content-3": 0.7963387701722321,
    "time-out-of-mind#abstract": 0.7927221763216482,
    "uncalculated-risk#content-2": 0.7924512360622137,
    "this-is-not-about-survival-its-about-bringing-your-coracle#content-1": 0.791955787786394,
    "us-southwest#content-1": 0.7905804829036895,
    "the-lichtenberg-case#abstract": 0.7894098540803889,
    "the-danish-text#abstract": 0.7884163160688661,
    "tree-x-office#content-1": 0.7880897497487106,
    "too-little-water-the-lake-chad-story#title": 0.7861701984773496,
    "uncalculated-risk#content-8": 0.7836475844008609,
    "the-four-dimensional-mississippi#content-1": 0.7835802091064339,
    "white-sands#content-1": 0.7817354321860059,
    "the-hyphen#content-2": 0.7802602571981799,
    "white-sands#content-3": 0.7793545226627682,
    "the-maledives-case#abstract": 0.7787242280452101,
    "too-little-water-the-lake-chad-story#content-2": 0.7780236531612238,
    "the-floating-ear#content-6": 0.7769319012211827,
    "the-terrain-of-the-former-veb-elektrokohle-lichtenberg#content-5": 0.7768832619798033,
    "the-free-sea#content-2": 0.7768286871839511,
    "timeslips#content-2": 0.7763274127913243,
    "time-out-of-mind#content-5": 0.7763113436705127,
    "the-rights-of-nature#abstract": 0.7761418092013065,
    "uncalculated-risk#content-1": 0.7756551704549465,
    "touring-the-anthropocenery-whos-in-charge-here-2014#content-2": 0.775348526613936,
    "understanding-the-north-american-lost-crops#title": 0.7731383716350898,
    "xaraasi-xanne-crossing-voices#content-2": 0.7730164959759162,
    "the-mississippi-basin-an-operational-landscape#content-1": 0.7724523234644205,
    "touring-the-anthropocenery-whos-in-charge-here-2014#abstract": 0.7720290547577232,
    "writing-global-histories-in-the-anthropocene#content-1": 0.7720181567927594,
    "walk-about-it#content-1": 0.7713305110575266,
    "voice-and-representation#abstract": 0.7713215259140258,
    "uncalculated-risk#abstract": 0.7712314218223962,
    "the-four-dimensional-mississippi#abstract": 0.771048330548828,
    "the-hedge#content-3": 0.7707333038180013,
    "the-great-green-desert#content-1": 0.7673063845181032,
    "the-floating-ear#content-4": 0.7671077130736754,
    "the-floating-ear#content-7": 0.766277063728733,
    "time-and-time-again#content-2": 0.765459067649316,
    "uncalculated-risk#content-6": 0.7654421019865765,
    "the-floating-ear#content-1": 0.7649035071889625,
    "the-floating-ear#content-3": 0.7627932858835194,
    "the-terrain-of-the-former-veb-elektrokohle-lichtenberg#content-1": 0.7609295470389491,
    "too-little-water-the-lake-chad-story#content-1": 0.7606435092150557,
    "the-mississippi-basin-an-operational-landscape#abstract": 0.7605306537839054,
    "typha-the-once-and-future-planty-companion#abstract": 0.7600950062131536,
    "the-terrain-of-the-former-veb-elektrokohle-lichtenberg#content-3": 0.7596679020913006,
    "uncalculated-risk#content-4": 0.7593249483740706,
    "the-shape-of-a-practice#abstract": 0.7589384865238402,
    "times-before-and-after#content-1": 0.7585291128770106,
    "time-and-time-again#subtitle": 0.7576268414007487,
    "the-hedge#content-2": 0.7558619892746045,
    "understanding-the-north-american-lost-crops#abstract": 0.7541015802853077,
    "the-floating-ear#content-2": 0.7537496488644374,
    "xaraasi-xanne-crossing-voices#abstract": 0.752820607244252,
    "voice-and-representation#content-1": 0.7525739008991332,
    "wicked-problems-and-mental-models#content-1": 0.7524963905987853,
    "twin-cities-artist-residency-mississippi-an-anthropocene-story#abstract": 0.7505838342918754,
    "the-mississippi-basin-an-operational-landscape#content-3": 0.7503549747797288,
    "tree-x-office#abstract": 0.7500938803426854,
    "the-hyphen#abstract": 0.7498454597625226,
    "the-lena-is-worthy-of-baikal-defining-remoteness-across-the-north-and-the-east#title": 0.7479899473996945,
    "times-before-and-after#abstract": 0.7479299193578319,
    "the-mississippi-basin-an-operational-landscape#content-5": 0.7474802575287023,
    "the-floating-ear#content-5": 0.7465515153127892,
    "walk-about-it#abstract": 0.7456573256233769,
    "the-hyphen#content-1": 0.7440720704006306,
    "the-mississippi-basin-an-operational-landscape#content-7": 0.7436232555514383,
    "the-vietnamese-community-in-eastern-new-orleans#title": 0.7367307729344817,
    "transect-walk-cahokia-mounds-to-fairmont-city#content-1": 0.7350086824677079,
    "the-shape-of-a-practice-online-project-environment#abstract": 0.7343417661182596,
    "uncalculated-risk#content-3": 0.728391884733831,
    "the-shape-of-a-practice-seminars#abstract": 0.7273880537570804,
    "the-mississippi-basin-an-operational-landscape#content-2": 0.7170484515773411,
    "the-mississippi-basin-an-operational-landscape#content-4": 0.7164314032978786,
    "writing-global-histories-in-the-anthropocene#abstract": 0.7124115939001959,
    "the-stories-we-tell-the-images-we-take#title": 0.7114196486273141,
    "the-mississippi-basin-an-operational-landscape#content-6": 0.7099176396363819,
    "typha-the-once-and-future-planty-companion#title": 0.707647561999796,
    "the-current-mississippi-an-anthropocene-river#title": 0.7017220361617579,
    "uncalculated-risk#subtitle": 0.7008778666931974,
    "the-fight-for-alaskas-arctic-has-just-begun#title": 0.6988878751082593,
    "us-southwest#content-4": 0.692026756712534,
    "the-great-green-desert#title": 0.6910215165197473,
    "the-shape-of-a-practice-online-project-environment#title": 0.6909626841640862,
    "the-mississippi-basin-an-operational-landscape#title": 0.6903461358035704,
    "the-lichtenberg-case-2#content-1": 0.6897640702616193,
    "time-out-of-mind#content-2": 0.6877048086505854,
    "understanding-the-north-american-lost-crops#content-1": 0.687145876750634,
    "the-free-sea#title": 0.6849752984001423,
    "the-free-sea-2#title": 0.6849752984001423,
    "the-politics-of-modeling#abstract": 0.6835723521275329,
    "the-danish-text#content-1": 0.6796220911038754,
    "the-politics-of-modeling#content-1": 0.6796220911038754,
    "the-rights-of-nature#content-1": 0.6796220911038754,
    "us-southwest#content-2": 0.6782313742897971,
    "the-terrain-of-the-former-veb-elektrokohle-lichtenberg#content-4": 0.6756179118605673,
    "wicked-problems-and-mental-models#abstract": 0.6743682047991234,
    "time-out-of-mind#title": 0.6734315732920056,
    "the-politics-of-modeling#title": 0.6655596112717614,
    "the-four-dimensional-mississippi#title": 0.6646334240147024,
    "xaraasi-xanne-crossing-voices#content-1": 0.6596702198198452,