{
    "the-terrain-of-the-former-veb-elektrokohle-lichtenberg#content-5": 0.9646681689655462,
    "the-vietnamese-community-in-eastern-new-orleans#content-3": 0.9616910382648205,
    "white-sands#content-3": 0.9608424412819261,
    "the-free-sea#content-2": 0.9604173421075052,
    "uncalculated-risk#abstract": 0.9594093900052113,
    "the-vietnamese-community-in-eastern-new-orleans#content-1": 0.9583080263305032,
    "uncalculated-risk#content-8": 0.9579153375223528,
    "uncalculated-risk#content-2": 0.9576297677484792,
    "timeslips#content-2": 0.9550540884669158,
    "uncalculated-risk#content-4": 0.953635661786223,
    "the-terrain-of-the-former-veb-elektrokohle-lichtenberg#content-3": 0.9516644138543706,
    "tree-x-office#content-1": 0.9516244011624865,
    "the-lichtenberg-case#abstract": 0.9513289380626055,
    "xaraasi-xanne-crossing-voices#content-2": 0.9512438630413411,
    "white-sands#content-1": 0.9508895727740153,
    "the-terrain-of-the-former-veb-elektrokohle-lichtenberg#content-1": 0.9506658852916665,
    "the-four-dimensional-mississippi#content-1": 0.9497042977636145,
    "time-out-of-mind#abstract": 0.9486993111269368,
    "time-out-of-mind#content-3": 0.9482889594894237,
    "wicked-problems-and-mental-models#content-1": 0.9469725389173761,
    "time-and-time-again#content-2": 0.9463829476242616,
    "the-stories-we-tell-the-images-we-take#content-2": 0.9456008327151094,
    "the-shape-of-a-practice#abstract": 0.9455045668283395,
    "uncalculated-risk#content-6": 0.945178909552872,
    "the-floating-ear#content-3": 0.9439743268019707,
    "touring-the-anthropocenery-whos-in-charge-here-2014#content-2": 0.9432733766109372,
    "walk-about-it#content-1": 0.9424836296197335,
    "the-floating-ear#content-1": 0.942335653860558,
    "time-out-of-mind#content-5": 0.9416381648635846,
    "times-before-and-after#content-1": 0.9415924134866787,
    "time-out-of-mind#content-1": 0.9415691715531781,
    "too-little-water-the-lake-chad-story#content-1": 0.9408632242382741,
    "the-mississippi-basin-an-operational-landscape#content-1": 0.9406362217579404,
    "the-floating-ear#content-6": 0.9401280634646644,
    "us-southwest#content-1": 0.938408743254227,
    "the-maledives-case#abstract": 0.9381814741199949,
    "the-floating-ear#content-2": 0.9368501248664705,
    "writing-global-histories-in-the-anthropocene#content-1": 0.936491626037218,
    "timeslips#abstract": 0.9362872977867772,
    "the-hyphen#content-2": 0.9359758185589578,
    "the-four-dimensional-mississippi#abstract": 0.9354248040505218,
    "the-rights-of-nature#abstract": 0.934555618202389,
    "voice-and-representation#content-1": 0.9335638915809632,
    "the-mississippi-basin-an-operational-landscape#content-3": 0.9313157501833577,
    "the-mississippi-basin-an-operational-landscape#content-7": 0.9310526127801528,
    "typha-the-once-and-future-planty-companion#abstract": 0.9304099664194789,
    "the-mississippi-basin-an-operational-landscape#content-5": 0.9280566410403674,
    "the-shape-of-a-practice-seminars#abstract": 0.9278868112467921,
    "xaraasi-xanne-crossing-voices#abstract": 0.9257161266410316,
    "the-great-green-desert#abstract": 0.9244845414174673,
    "the-floating-ear#content-7": 0.9241112821245351,
    "times-before-and-after#abstract": 0.9238809770590083,
    "the-hyphen#content-1": 0.9231999962017426,
    "the-stories-we-tell-the-images-we-take#abstract": 0.9225081046874541,
    "twin-cities-artist-residency-mississippi-an-anthropocene-story#abstract": 0.9214369680593798,
    "the-hedge#content-2": 0.9209109706802967,
    "tree-x-office#abstract": 0.9180933146533994,
    "the-floating-ear#content-4": 0.9170747048011281,
    "too-little-water-the-lake-chad-story#abstract": 0.9169500653140272,
    "the-floating-ear#content-5": 0.9169462916100783,
    "the-mississippi-basin-an-operational-landscape#abstract": 0.9158195224514666,
    "this-is-not-about-survival-its-about-bringing-your-coracle#abstract": 0.9154451970282719,
    "touring-the-anthropocenery-whos-in-charge-here-2014#abstract": 0.9149301234055289,
    "the-shape-of-a-practice-online-project-environment#abstract": 0.9135607717569054,
    "understanding-the-north-american-lost-crops#abstract": 0.9116931530603101,
    "walk-about-it#abstract": 0.9090485243753458,
    "the-hyphen#abstract": 0.9057866923992338,
    "us-southwest#content-3": 0.9052169929465853,
    "transect-walk-cahokia-mounds-to-fairmont-city#abstract": 0.8992086086586708,
    "uncalculated-risk#content-5": 0.8981761107960744,
    "white-sands#content-2": 0.8899337401073687,
    "uncalculated-risk#content-1": 0.887604791755471,
    "too-little-water-the-lake-chad-story#content-2": 0.8863939691094502,
    "white-sands#abstract": 0.8861737713095104,
    "uncalculated-risk#content-7": 0.8818580588776034,
    "time-and-time-again#content-1": 0.8805321911457448,
    "the-fight-for-alaskas-arctic-has-just-begun#title": 0.8748940893942185,
    "this-is-not-about-survival-its-about-bringing-your-coracle#content-1": 0.8690929298486727,
    "uncalculated-risk#content-3": 0.855258029128344,
    "the-stories-we-tell-the-images-we-take#title": 0.8497651798745944,
    "us-southwest#content-4": 0.8487346724967486,
    "the-vietnamese-community-in-eastern-new-orleans#content-2": 0.848084412074713,
    "the-politics-of-modeling#abstract": 0.8460421119945762,
    "the-shape-of-a-practice-online-project-environment#title": 0.8427988460023269,
    "the-terrestrial-is-not-the-globe#title": 0.8412617389579735,
    "typha-the-once-and-future-planty-companion#content-1": 0.8403821862184723,
    "us-southwest#content-2": 0.8377905378268226,
    "the-mississippi-basin-an-operational-landscape#content-2": 0.8369693734505288,
    "the-shape-of-a-practice#title": 0.8367524962323345,
    "touring-the-anthropocenery-whos-in-charge-here-2014#title": 0.8365792913507388,
    "time-out-of-mind#title": 0.8359487530027716,
    "the-terrain-of-the-former-veb-elektrokohle-lichtenberg#content-4": 0.8326460605155033,
    "the-hedge#content-3": 0.8310941432583544,
    "this-is-not-about-survival-its-about-bringing-your-coracle#title": 0.8251108959275844,
    "time-and-time-again#subtitle": 0.8245524733672589,
    "the-vietnamese-community-in-eastern-new-orleans#content-4": 0.824060522974856,
    "typha-the-once-and-future-planty-companion#title": 0.8230347852433946,
    "the-lena-is-worthy-of-baikal-defining-remoteness-across-the-north-and-the-east#title": 0.8196730247249281,
    "the-shape-of-a-practice-seminars#title": 0.8172876703859073,
    "times-before-and-after#title": 0.8082972230425963,
    "wicked-problems-and-mental-models#abstract": 0.8061195161813818,
    "understanding-the-north-american-lost-crops#title": 0.8055029661806954,
    "the-rights-of-nature#title": 0.8014117630860139,
    "the-politics-of-modeling#title": 0.7922434126389619,
    "uncalculated-risk#subtitle": 0.7913019377861001,
    "the-shipworm-and-the-telegraph#title": 0.7908528482438547,
    "transect-walk-cahokia-mounds-to-fairmont-city#content-1": 0.7885309093179084,
    "this-is-not-about-survival-its-about-bringing-your-coracle#subtitle": 0.784694148355843,
    "the-maledives-case#title": 0.7729042501746208,
    "the-mississippi-basin-an-operational-landscape#content-4": 0.7713701520386183,
    "understanding-the-north-american-lost-crops#content-1": 0.7663874034054161,
    "too-little-water-the-lake-chad-story#title": 0.7591121701391562,
    "the-mississippi-basin-an-operational-landscape#content-6": 0.7569738746904504,
    "walk-about-it#title": 0.752132144034483,
    "time-and-time-again#title": 0.7494932743773871,
    "the-great-green-desert#content-1": 0.7481459218537768,
    "worshipping-along-the-routes-of-migration#title": 0.7457907946006295,
    "the-great-green-desert#title": 0.7340703061806219,
    "the-vietnamese-community-in-eastern-new-orleans#title": 0.7289583727172082,
    "the-free-sea#title": 0.7271033452309731,
    "the-free-sea-2#title": 0.7271033452309731,