{
    "the-shape-of-a-practice-seminars#title": 0.9220376844584685,
    "the-shape-of-a-practice-seminars#abstract": 0.9206133379672985,
    "twin-cities-artist-residency-mississippi-an-anthropocene-story#abstract": 0.9022198785084073,
    "walk-about-it#abstract": 0.8919444380681698,
    "xaraasi-xanne-crossing-voices#content-2": 0.888980355855574,
    "walk-about-it#content-1": 0.8881487348484753,
    "the-terrain-of-the-former-veb-elektrokohle-lichtenberg#content-3": 0.8868662514181359,
    "times-before-and-after#content-1": 0.8846257230388378,
    "uncalculated-risk#content-4": 0.8828421283620888,
    "uncalculated-risk#content-6": 0.8818008605977681,
    "the-stories-we-tell-the-images-we-take#abstract": 0.8805462698056178,
    "the-terrain-of-the-former-veb-elektrokohle-lichtenberg#content-1": 0.8800157481984243,
    "voice-and-representation#content-1": 0.8798604625528236,
    "time-out-of-mind#content-3": 0.8784142034876323,
    "the-stories-we-tell-the-images-we-take#content-2": 0.8778909909171588,
    "white-sands#content-3": 0.8771663962580858,
    "uncalculated-risk#abstract": 0.8767595205358383,
    "time-and-time-again#content-2": 0.8765005196087544,
    "uncalculated-risk#content-8": 0.876016376913287,
    "the-terrain-of-the-former-veb-elektrokohle-lichtenberg#content-5": 0.875172839920266,
    "wicked-problems-and-mental-models#content-1": 0.8749959828122496,
    "touring-the-anthropocenery-whos-in-charge-here-2014#content-2": 0.872691194987781,
    "writing-global-histories-in-the-anthropocene#content-1": 0.8706527834213077,
    "tree-x-office#abstract": 0.8700946205405823,
    "xaraasi-xanne-crossing-voices#abstract": 0.8689935034916759,
    "too-little-water-the-lake-chad-story#content-1": 0.8677936245022555,
    "typha-the-once-and-future-planty-companion#abstract": 0.8675434926923502,
    "timeslips#content-2": 0.8649314921485267,
    "time-out-of-mind#abstract": 0.8634691999537596,
    "uncalculated-risk#content-2": 0.8631219495086231,
    "tree-x-office#content-1": 0.8593703560053574,
    "the-vietnamese-community-in-eastern-new-orleans#content-3": 0.8588346843080777,
    "touring-the-anthropocenery-whos-in-charge-here-2014#abstract": 0.8571103825342412,
    "timeslips#abstract": 0.8552839255605142,
    "time-out-of-mind#content-1": 0.851722207948854,
    "white-sands#content-1": 0.8500663774724277,
    "time-out-of-mind#content-5": 0.8478663498421452,
    "this-is-not-about-survival-its-about-bringing-your-coracle#abstract": 0.8392470507967483,
    "the-vietnamese-community-in-eastern-new-orleans#content-1": 0.8376756734440032,
    "times-before-and-after#abstract": 0.8327257072338222,
    "us-southwest#content-1": 0.8314056935314543,
    "understanding-the-north-american-lost-crops#abstract": 0.8296506577899031,
    "transect-walk-cahokia-mounds-to-fairmont-city#abstract": 0.8289886334645913,
    "uncalculated-risk#content-5": 0.8262554971526787,
    "uncalculated-risk#content-1": 0.8229634352998558,
    "too-little-water-the-lake-chad-story#abstract": 0.8187331545406679,
    "too-little-water-the-lake-chad-story#content-2": 0.8135549148150728,
    "uncalculated-risk#content-3": 0.8132849230280351,
    "us-southwest#content-3": 0.8067186634507924,
    "this-is-not-about-survival-its-about-bringing-your-coracle#content-1": 0.7978754804633275,
    "time-out-of-mind#title": 0.7937219405788836,
    "the-terrestrial-is-not-the-globe#title": 0.7893500186720214,
    "time-and-time-again#content-1": 0.7888687841342814,
    "white-sands#content-2": 0.787349718943131,
    "uncalculated-risk#content-7": 0.7872938103609073,
    "the-terrain-of-the-former-veb-elektrokohle-lichtenberg#content-4": 0.7852578379655891,
    "us-southwest#content-4": 0.7840870395686298,
    "this-is-not-about-survival-its-about-bringing-your-coracle#title": 0.7832642354822328,
    "the-stories-we-tell-the-images-we-take#title": 0.7785424391319962,
    "uncalculated-risk#subtitle": 0.7754074119304452,
    "the-vietnamese-community-in-eastern-new-orleans#content-2": 0.7753465308650536,
    "touring-the-anthropocenery-whos-in-charge-here-2014#title": 0.7681847347355808,
    "time-and-time-again#subtitle": 0.7681013362853836,
    "white-sands#abstract": 0.7564015478046932,
    "the-vietnamese-community-in-eastern-new-orleans#content-4": 0.7542320927646526,
    "typha-the-once-and-future-planty-companion#content-1": 0.7465913750995516,
    "this-is-not-about-survival-its-about-bringing-your-coracle#subtitle": 0.7436326465064664,
    "us-southwest#content-2": 0.7301088601783307,
    "wicked-problems-and-mental-models#abstract": 0.728652930501207,
    "typha-the-once-and-future-planty-companion#title": 0.726510386074757,
    "the-terrain-of-the-former-veb-elektrokohle-lichtenberg#content-2": 0.7239159205876349,
    "too-little-water-the-lake-chad-story#title": 0.7140107314938163,
    "understanding-the-north-american-lost-crops#title": 0.7063074016317004,
    "the-shipworm-and-the-telegraph#title": 0.7007241259282563,
    "worshipping-along-the-routes-of-migration#title": 0.6994425160503183,
    "worshipping-along-the-routes-of-migration#subtitle": 0.6891686383579351,
    "walk-about-it#title": 0.6879984318924449,
    "the-vietnamese-community-in-eastern-new-orleans#title": 0.6859598897703307,
    "wicked-problems-and-mental-models#title": 0.6830976732628989,
    "times-before-and-after#title": 0.6626165072504354,
    "writing-global-histories-in-the-anthropocene#title": 0.6625130267002515,
    "time-and-time-again#title": 0.6559523345078967,
    "transect-walk-cahokia-mounds-to-fairmont-city#content-1": 0.6473033194736241,
    "tree-x-office#content-2": 0.6465448101023906,
    "understanding-the-north-american-lost-crops#content-1": 0.6401363707334695,
    "voice-and-representation#title": 0.6078209618553501,
    "transect-walk-cahokia-mounds-to-fairmont-city#subtitle": 0.5985152846961613,
    "walk-about-it#subtitle": 0.5985152846961613,
    "walk-about-it#content-2": 0.5847010305104439,
    "tokens-a-rorschach-test#title": 0.5554861657776209,
    "understanding-the-north-american-lost-crops#subtitle": 0.5342380034934506,
    "the-stories-we-tell-the-images-we-take#content-1": 0.531033510647834,
    "xaraasi-xanne-crossing-voices#content-1": 0.5303842529297719,
    "us-southwest#title": 0.5279792686347405,
    "ve-vm-vt-the-ideal-cosmic-messengers#title": 0.5278664363209699,
    "twin-cities-artist-residency-mississippi-an-anthropocene-story#subtitle": 0.5121707140552085,
    "the-terrain-of-the-former-veb-elektrokohle-lichtenberg#title": 0.5084187496354675,
    "typha-the-once-and-future-planty-companion#subtitle": 0.5072928043708899,
    "tree-x-office#title": 0.5040872316851059,
    "twin-cities-artist-residency-mississippi-an-anthropocene-story#title": 0.4498023452304172,
    "time-out-of-mind#subtitle": 0.44821761530045023,
    "xaraasi-xanne-crossing-voices#title": 0.42996383988151554,
    "time-out-of-mind#content-2": 0.42903474069252096,
    "voice-and-representation#subtitle": 0.41230476696084956,
    "writing-global-histories-in-the-anthropocene#subtitle": 0.41230476696084956,
    "transect-walk-cahokia-mounds-to-fairmont-city#title": 0.38094979859399475,
    "white-sands#title": 0.3708013340290057,
    "voice-and-representation#abstract": 0.3691720097290099,
    "touring-the-anthropocenery-whos-in-charge-here-2014#content-1": 0.36282797497472513,
    "writing-global-histories-in-the-anthropocene#abstract": 0.29538531127596157,
    "time-out-of-mind#content-4": 0.18595538163392536,
    "uncalculated-risk#title": 0.17594299451388978,
    "timeslips#title": 0,
    "timeslips#content-1": -0.06778994594015365
}