{
    "the-politics-of-modeling#content-1": 1.0,
    "the-rights-of-nature#content-1": 1.0,
    "voice-and-representation#abstract": 0.710274900448425,
    "writing-global-histories-in-the-anthropocene#abstract": 0.6955725906949675,
    "this-is-not-about-survival-its-about-bringing-your-coracle#content-1": 0.6276640332281143,
    "white-sands#content-2": 0.61562956497225,
    "the-vietnamese-community-in-eastern-new-orleans#content-4": 0.5991083510157014,
    "the-vietnamese-community-in-eastern-new-orleans#content-2": 0.5990934752659958,
    "us-southwest#content-3": 0.5928842995892167,
    "uncalculated-risk#content-7": 0.5800874366387426,
    "the-stories-we-tell-the-images-we-take#abstract": 0.5748297991600065,
    "white-sands#abstract": 0.5743830508487338,
    "walk-about-it#content-2": 0.5714455812036084,
    "the-stories-we-tell-the-images-we-take#content-2": 0.5703676701373633,
    "touring-the-anthropocenery-whos-in-charge-here-2014#abstract": 0.5645214809801185,
    "typha-the-once-and-future-planty-companion#content-1": 0.5624466261167268,
    "timeslips#abstract": 0.56183869937829,
    "uncalculated-risk#content-1": 0.5617033515279836,
    "the-stories-we-tell-the-images-we-take#title": 0.5614469155989893,
    "the-hyphen#content-2": 0.5540726120197471,
    "time-and-time-again#content-1": 0.5537767522117378,
    "time-out-of-mind#content-3": 0.5522271557127741,
    "the-free-sea#content-2": 0.5518794341897025,
    "uncalculated-risk#content-5": 0.5509027420484726,
    "the-floating-ear#content-4": 0.5498617869826391,
    "this-is-not-about-survival-its-about-bringing-your-coracle#abstract": 0.5498559571407264,
    "time-out-of-mind#content-1": 0.5466084186615019,
    "the-floating-ear#content-6": 0.54535023465123,
    "tree-x-office#content-1": 0.5440040849035084,
    "touring-the-anthropocenery-whos-in-charge-here-2014#content-2": 0.5439903068193221,
    "time-out-of-mind#content-5": 0.5437999730827708,
    "walk-about-it#content-1": 0.5421907598856834,
    "the-floating-ear#content-7": 0.5407283321052536,
    "the-hedge#content-2": 0.5390174825726222,
    "too-little-water-the-lake-chad-story#content-2": 0.5380900272632518,
    "the-great-green-desert#content-1": 0.5364545492822456,
    "uncalculated-risk#content-8": 0.5363605554815666,
    "the-hedge#content-3": 0.5358227456564367,
    "the-vietnamese-community-in-eastern-new-orleans#content-1": 0.5326533217295696,
    "the-vietnamese-community-in-eastern-new-orleans#content-3": 0.5323910241536961,
    "xaraasi-xanne-crossing-voices#content-2": 0.5316882291569124,
    "the-floating-ear#content-3": 0.5311911692519433,
    "white-sands#content-3": 0.5310519985655296,
    "uncalculated-risk#content-2": 0.5309854139667103,
    "the-lichtenberg-case-2#content-1": 0.5308625374841657,
    "the-lichtenberg-case#abstract": 0.5305162883259074,
    "voice-and-representation#content-1": 0.530081195522065,
    "wicked-problems-and-mental-models#content-1": 0.5298639919236742,
    "us-southwest#content-1": 0.529849029097131,
    "too-little-water-the-lake-chad-story#abstract": 0.5296097908685313,
    "the-terrain-of-the-former-veb-elektrokohle-lichtenberg#content-5": 0.5284606959679901,
    "time-out-of-mind#abstract": 0.5282926371876424,
    "the-floating-ear#content-5": 0.5278567199167589,
    "uncalculated-risk#abstract": 0.527358971059872,
    "times-before-and-after#content-1": 0.5262836789850972,
    "the-shape-of-a-practice#abstract": 0.5256972398297522,
    "writing-global-histories-in-the-anthropocene#content-1": 0.5240892341963866,
    "uncalculated-risk#content-3": 0.5240635930327755,
    "walk-about-it#abstract": 0.5227274955191767,
    "times-before-and-after#abstract": 0.5219969946831041,
    "time-and-time-again#content-2": 0.521445294326502,
    "timeslips#content-2": 0.5212103626359749,
    "the-rights-of-nature#abstract": 0.5211410352560552,
    "the-terrain-of-the-former-veb-elektrokohle-lichtenberg#content-1": 0.5211393522974985,
    "the-floating-ear#content-1": 0.52039126865189,
    "white-sands#content-1": 0.5198136048357346,
    "too-little-water-the-lake-chad-story#title": 0.5180044674438271,
    "the-floating-ear#content-2": 0.5179684150744768,
    "the-terrain-of-the-former-veb-elektrokohle-lichtenberg#content-3": 0.5169386679533812,
    "tree-x-office#abstract": 0.5162843398268103,
    "xaraasi-xanne-crossing-voices#abstract": 0.5161644954116051,
    "twin-cities-artist-residency-mississippi-an-anthropocene-story#abstract": 0.5158976358598618,
    "the-shape-of-a-practice-online-project-environment#abstract": 0.5152916146069706,
    "uncalculated-risk#content-4": 0.5150971748850379,
    "the-four-dimensional-mississippi#content-1": 0.5121464521047084,
    "the-maledives-case#abstract": 0.5121111963359755,
    "transect-walk-cahokia-mounds-to-fairmont-city#content-1": 0.5107553793100297,
    "uncalculated-risk#content-6": 0.5104842558510004,
    "typha-the-once-and-future-planty-companion#abstract": 0.5102491320483672,
    "the-shape-of-a-practice-seminars#abstract": 0.5086753911335816,
    "the-fight-for-alaskas-arctic-has-just-begun#title": 0.5086366205867469,
    "the-great-green-desert#abstract": 0.5078756301543025,
    "the-mississippi-basin-an-operational-landscape#content-4": 0.5073701487210519,
    "transect-walk-cahokia-mounds-to-fairmont-city#abstract": 0.5070318076885465,
    "the-mississippi-basin-an-operational-landscape#content-1": 0.5049366657268041,
    "the-four-dimensional-mississippi#abstract": 0.5038611462390306,
    "the-hyphen#abstract": 0.5029680026887631,
    "touring-the-anthropocenery-whos-in-charge-here-2014#content-1": 0.5025490014467636,
    "typha-the-once-and-future-planty-companion#title": 0.5016965260565265,
    "too-little-water-the-lake-chad-story#content-1": 0.4994812307292792,
    "time-and-time-again#subtitle": 0.49723932423139916,
    "the-hyphen#content-1": 0.49547408013253796,
    "understanding-the-north-american-lost-crops#abstract": 0.49541792010140434,
    "time-out-of-mind#title": 0.4942186047515142,
    "wicked-problems-and-mental-models#abstract": 0.49332904607949335,
    "the-mississippi-basin-an-operational-landscape#content-7": 0.4928060719261739,
    "this-is-not-about-survival-its-about-bringing-your-coracle#title": 0.4904037923328825,
    "the-mississippi-basin-an-operational-landscape#content-3": 0.4887634527486564,
    "time-out-of-mind#content-4": 0.48807433752053997,
    "the-free-sea#title": 0.4854096023375819,
    "the-free-sea-2#title": 0.4854096023375819,
    "the-mississippi-basin-an-operational-landscape#content-5": 0.48478042056464044,
    "xaraasi-xanne-crossing-voices#content-1": 0.4820677193344502,
    "the-stories-we-tell-the-images-we-take#content-1": 0.48140629214677516,
    "us-southwest#content-4": 0.48092864698619053,
    "the-mississippi-basin-an-operational-landscape#abstract": 0.47875955848218044,
    "the-mississippi-basin-an-operational-landscape#content-2": 0.4779366666190044,
    "understanding-the-north-american-lost-crops#title": 0.47060221452548057,
    "uncalculated-risk#subtitle": 0.4703781765243206,
    "walk-about-it#title": 0.47013158787523673,
    "the-terrain-of-the-former-veb-elektrokohle-lichtenberg#content-2": 0.4692800018945486,
    "the-mississippi-basin-an-operational-landscape#content-6": 0.46844263072373127,
    "the-lena-is-worthy-of-baikal-defining-remoteness-across-the-north-and-the-east#title": 0.4658306704635017,
    "the-vietnamese-community-in-eastern-new-orleans#title": 0.46050470073696215,
    "understanding-the-north-american-lost-crops#content-1": 0.4571026568965085,
    "wicked-problems-and-mental-models#title": 0.4537026411113211,
    "the-shape-of-a-practice-online-project-environment#title": 0.4514134583575333,
    "the-politics-of-modeling#abstract": 0.4512593367875995,
    "the-lichtenberg-case#content-1": 0.449827286814149,
    "the-great-green-desert#title": 0.44472706951546426,
    "us-southwest#content-2": 0.43967819440913486,