{
    "twin-cities-artist-residency-mississippi-an-anthropocene-story#abstract": 0.970656897836415,
    "voice-and-representation#content-1": 0.9606950959707474,
    "uncalculated-risk#abstract": 0.9553106532179556,
    "xaraasi-xanne-crossing-voices#content-2": 0.9530465725240719,
    "times-before-and-after#content-1": 0.9521229568299517,
    "the-stories-we-tell-the-images-we-take#content-2": 0.9517973174402546,
    "the-terrain-of-the-former-veb-elektrokohle-lichtenberg#content-5": 0.9516799475490237,
    "writing-global-histories-in-the-anthropocene#content-1": 0.951110395217625,
    "walk-about-it#abstract": 0.9500207327417106,
    "uncalculated-risk#content-4": 0.9497102645703799,
    "walk-about-it#content-1": 0.948235489214154,
    "time-and-time-again#content-2": 0.9472326142141647,
    "uncalculated-risk#content-8": 0.9466975378413284,
    "the-terrain-of-the-former-veb-elektrokohle-lichtenberg#content-3": 0.9463148308968615,
    "white-sands#content-3": 0.9456263881963389,
    "too-little-water-the-lake-chad-story#content-1": 0.9444203984258139,
    "wicked-problems-and-mental-models#content-1": 0.9432862387669109,
    "time-out-of-mind#content-3": 0.9419415905714298,
    "the-terrain-of-the-former-veb-elektrokohle-lichtenberg#content-1": 0.9417429181723492,
    "the-stories-we-tell-the-images-we-take#abstract": 0.9407530308496457,
    "uncalculated-risk#content-6": 0.9398788465751687,
    "time-out-of-mind#abstract": 0.9393676349843691,
    "touring-the-anthropocenery-whos-in-charge-here-2014#content-2": 0.9369961342718596,
    "the-vietnamese-community-in-eastern-new-orleans#content-3": 0.9355072792659911,
    "tree-x-office#content-1": 0.9344434859670826,
    "timeslips#content-2": 0.9331254201406378,
    "uncalculated-risk#content-2": 0.9328904341442729,
    "typha-the-once-and-future-planty-companion#abstract": 0.9304907890415276,
    "tree-x-office#abstract": 0.9277229062249273,
    "timeslips#abstract": 0.9245136260595321,
    "white-sands#content-1": 0.9230903384707337,
    "time-out-of-mind#content-5": 0.9207318370791363,
    "xaraasi-xanne-crossing-voices#abstract": 0.9203650433779615,
    "time-out-of-mind#content-1": 0.9187114420304828,
    "the-vietnamese-community-in-eastern-new-orleans#content-1": 0.912476664169745,
    "times-before-and-after#abstract": 0.9118522775345559,
    "touring-the-anthropocenery-whos-in-charge-here-2014#abstract": 0.9081587400640301,
    "this-is-not-about-survival-its-about-bringing-your-coracle#abstract": 0.9034847308638608,
    "understanding-the-north-american-lost-crops#abstract": 0.9019985163426921,
    "us-southwest#content-1": 0.8916723312611741,
    "the-shape-of-a-practice-seminars#title": 0.8870842605220065,
    "transect-walk-cahokia-mounds-to-fairmont-city#abstract": 0.8860378888957591,
    "too-little-water-the-lake-chad-story#abstract": 0.8853332099033439,
    "uncalculated-risk#content-5": 0.8714315025100183,
    "too-little-water-the-lake-chad-story#content-2": 0.8698255774711143,
    "uncalculated-risk#content-1": 0.867033929465148,
    "time-and-time-again#content-1": 0.866272237391741,
    "us-southwest#content-3": 0.8657256566827308,
    "this-is-not-about-survival-its-about-bringing-your-coracle#content-1": 0.8533893335665188,
    "the-stories-we-tell-the-images-we-take#title": 0.8512849372880344,
    "uncalculated-risk#content-3": 0.8469123689365908,
    "time-out-of-mind#title": 0.8453245425779422,
    "white-sands#content-2": 0.8424048118282188,
    "us-southwest#content-4": 0.8415101700720918,
    "uncalculated-risk#content-7": 0.8398450153435121,
    "time-and-time-again#subtitle": 0.8367324757760589,
    "white-sands#abstract": 0.8346988098463818,
    "the-terrain-of-the-former-veb-elektrokohle-lichtenberg#content-4": 0.8311559580657496,
    "typha-the-once-and-future-planty-companion#title": 0.8241079104350366,
    "touring-the-anthropocenery-whos-in-charge-here-2014#title": 0.819097436729591,
    "the-terrestrial-is-not-the-globe#title": 0.8178256594211247,
    "typha-the-once-and-future-planty-companion#content-1": 0.8169693552317207,
    "this-is-not-about-survival-its-about-bringing-your-coracle#title": 0.8106342070192055,
    "wicked-problems-and-mental-models#abstract": 0.8016030626340654,
    "the-vietnamese-community-in-eastern-new-orleans#content-2": 0.7951627781835007,
    "us-southwest#content-2": 0.7930847185910456,
    "the-vietnamese-community-in-eastern-new-orleans#content-4": 0.7911551027868536,
    "this-is-not-about-survival-its-about-bringing-your-coracle#subtitle": 0.7894992955753125,
    "uncalculated-risk#subtitle": 0.7868296492383284,
    "times-before-and-after#title": 0.7718216802852393,
    "the-shipworm-and-the-telegraph#title": 0.7643293114928836,
    "worshipping-along-the-routes-of-migration#title": 0.7533431922747067,
    "understanding-the-north-american-lost-crops#title": 0.7482264437261799,
    "worshipping-along-the-routes-of-migration#subtitle": 0.7404987343564191,
    "time-and-time-again#title": 0.7397259923552539,
    "walk-about-it#title": 0.7315561980397761,
    "transect-walk-cahokia-mounds-to-fairmont-city#content-1": 0.728540841880634,
    "understanding-the-north-american-lost-crops#content-1": 0.7224918886899876,
    "wicked-problems-and-mental-models#title": 0.7224882902393258,
    "writing-global-histories-in-the-anthropocene#title": 0.7186605502776499,
    "too-little-water-the-lake-chad-story#title": 0.7014967285121423,
    "the-terrain-of-the-former-veb-elektrokohle-lichtenberg#content-2": 0.6940906887836586,
    "the-vietnamese-community-in-eastern-new-orleans#title": 0.6902249927908912,
    "tree-x-office#content-2": 0.6774678213277108,
    "voice-and-representation#title": 0.6653193662679842,
    "transect-walk-cahokia-mounds-to-fairmont-city#subtitle": 0.6396563091785032,
    "walk-about-it#subtitle": 0.6396563091785032,
    "xaraasi-xanne-crossing-voices#content-1": 0.6258418218456646,
    "the-stories-we-tell-the-images-we-take#content-1": 0.6257735177548881,
    "walk-about-it#content-2": 0.6196494793065943,
    "us-southwest#title": 0.5678948573937794,
    "typha-the-once-and-future-planty-companion#subtitle": 0.5643656086707051,
    "twin-cities-artist-residency-mississippi-an-anthropocene-story#subtitle": 0.5567088041423449,
    "ve-vm-vt-the-ideal-cosmic-messengers#title": 0.5510514895246945,
    "the-terrain-of-the-former-veb-elektrokohle-lichtenberg#title": 0.5337309497213428,
    "understanding-the-north-american-lost-crops#subtitle": 0.5221502786901965,
    "xaraasi-xanne-crossing-voices#title": 0.5124912745519679,
    "twin-cities-artist-residency-mississippi-an-anthropocene-story#title": 0.49719371250827427,
    "time-out-of-mind#subtitle": 0.490991547084981,
    "tree-x-office#title": 0.47685697507231595,
    "tokens-a-rorschach-test#title": 0.4697748160827997,
    "voice-and-representation#subtitle": 0.4639426623616295,
    "writing-global-histories-in-the-anthropocene#subtitle": 0.4639426623616295,
    "time-out-of-mind#content-2": 0.45620416666627694,
    "voice-and-representation#abstract": 0.4219312125997979,
    "transect-walk-cahokia-mounds-to-fairmont-city#title": 0.3698577166046127,
    "white-sands#title": 0.3655682726233929,
    "writing-global-histories-in-the-anthropocene#abstract": 0.3650515071947519,
    "touring-the-anthropocenery-whos-in-charge-here-2014#content-1": 0.36106553479402037,
    "uncalculated-risk#title": 0.2041796096849188,
    "time-out-of-mind#content-4": 0.17784523959660878,
    "timeslips#title": 0,
    "timeslips#content-1": -0.05406070633332913
}