{
    "writing-global-histories-in-the-anthropocene#title": 0.8389504135960693,
    "writing-global-histories-in-the-anthropocene#content-1": 0.7039571985922518,
    "voice-and-representation#content-1": 0.673170798013889,
    "time-out-of-mind#abstract": 0.6648806816074391,
    "touring-the-anthropocenery-whos-in-charge-here-2014#content-2": 0.6633922511765354,
    "times-before-and-after#abstract": 0.6623183792540286,
    "too-little-water-the-lake-chad-story#content-1": 0.6530606289007679,
    "time-and-time-again#content-2": 0.6515317946863765,
    "the-shape-of-a-practice-seminars#abstract": 0.650776670667437,
    "the-shape-of-a-practice-online-project-environment#abstract": 0.6500979336392413,
    "uncalculated-risk#abstract": 0.6499603077488512,
    "the-terrain-of-the-former-veb-elektrokohle-lichtenberg#content-5": 0.647781392870157,
    "walk-about-it#content-1": 0.645644659749514,
    "xaraasi-xanne-crossing-voices#content-2": 0.6450127938051442,
    "times-before-and-after#content-1": 0.6415381898407594,
    "uncalculated-risk#content-4": 0.6387761452933333,
    "the-stories-we-tell-the-images-we-take#content-2": 0.6369600896967395,
    "twin-cities-artist-residency-mississippi-an-anthropocene-story#abstract": 0.633381510068538,
    "transect-walk-cahokia-mounds-to-fairmont-city#abstract": 0.6312809571935343,
    "timeslips#abstract": 0.6271298209221406,
    "the-vietnamese-community-in-eastern-new-orleans#content-1": 0.6269404305839622,
    "twin-cities-artist-residency-mississippi-an-anthropocene-story#title": 0.6241075125401084,
    "timeslips#content-2": 0.62262194081589,
    "uncalculated-risk#content-6": 0.6225179322956378,
    "walk-about-it#abstract": 0.6215416856511337,
    "white-sands#content-3": 0.6194440021970511,
    "the-vietnamese-community-in-eastern-new-orleans#content-3": 0.617577479856497,
    "uncalculated-risk#content-2": 0.616746787188078,
    "typha-the-once-and-future-planty-companion#abstract": 0.6162501973531981,
    "time-out-of-mind#content-3": 0.6158377151528662,
    "uncalculated-risk#content-8": 0.6148485338609508,
    "the-terrain-of-the-former-veb-elektrokohle-lichtenberg#content-3": 0.6126436428610622,
    "xaraasi-xanne-crossing-voices#abstract": 0.6074649908248703,
    "the-terrestrial-is-not-the-globe#title": 0.6069846554969687,
    "the-terrain-of-the-former-veb-elektrokohle-lichtenberg#content-1": 0.6067929599731153,
    "tree-x-office#content-1": 0.6037529527775795,
    "white-sands#content-1": 0.6035316247117086,
    "wicked-problems-and-mental-models#content-1": 0.6024846262724683,
    "the-shape-of-a-practice-online-project-environment#title": 0.60106349671509,
    "the-shape-of-a-practice#title": 0.5996844628654967,
    "understanding-the-north-american-lost-crops#abstract": 0.5905933081802521,
    "time-out-of-mind#content-1": 0.5885724731493908,
    "the-stories-we-tell-the-images-we-take#abstract": 0.5880960847635828,
    "tree-x-office#abstract": 0.5856463248813542,
    "time-out-of-mind#content-5": 0.5851723198858179,
    "this-is-not-about-survival-its-about-bringing-your-coracle#abstract": 0.580769803109947,
    "the-shipworm-and-the-telegraph#title": 0.5784856109141276,
    "time-and-time-again#subtitle": 0.5736504800536177,
    "us-southwest#content-1": 0.5728721485095399,
    "uncalculated-risk#subtitle": 0.5726172513346862,
    "us-southwest#content-4": 0.5656284895806497,
    "too-little-water-the-lake-chad-story#abstract": 0.5639892161415085,
    "typha-the-once-and-future-planty-companion#content-1": 0.5639569747152856,
    "the-shape-of-a-practice-seminars#title": 0.5638258810667072,
    "uncalculated-risk#content-5": 0.5597200408081566,
    "touring-the-anthropocenery-whos-in-charge-here-2014#abstract": 0.5595464873965562,
    "tree-x-office#content-2": 0.5568378198927695,
    "us-southwest#content-3": 0.5535380318194822,
    "the-vietnamese-community-in-eastern-new-orleans#title": 0.5468506963939649,
    "time-and-time-again#content-1": 0.5444949779815967,
    "understanding-the-north-american-lost-crops#title": 0.5443873688810664,
    "worshipping-along-the-routes-of-migration#title": 0.5417846031076768,
    "us-southwest#content-2": 0.5390609502437159,
    "worshipping-along-the-routes-of-migration#subtitle": 0.5364760561638163,
    "uncalculated-risk#content-7": 0.5357231819240424,
    "white-sands#abstract": 0.5348840801988372,
    "the-terrain-of-the-former-veb-elektrokohle-lichtenberg#title": 0.5341472118569298,
    "this-is-not-about-survival-its-about-bringing-your-coracle#content-1": 0.5327472805471909,
    "uncalculated-risk#content-1": 0.5308963690086167,
    "time-out-of-mind#title": 0.5280503028357422,
    "white-sands#content-2": 0.5274124227696346,
    "this-is-not-about-survival-its-about-bringing-your-coracle#title": 0.5258836869785907,
    "the-terrain-of-the-former-veb-elektrokohle-lichtenberg#content-4": 0.5256415624589966,
    "touring-the-anthropocenery-whos-in-charge-here-2014#title": 0.5188160809284555,
    "typha-the-once-and-future-planty-companion#title": 0.515373097181484,
    "too-little-water-the-lake-chad-story#content-2": 0.5147618138827841,
    "the-stories-we-tell-the-images-we-take#title": 0.513146258154199,
    "uncalculated-risk#content-3": 0.5121858732951856,
    "wicked-problems-and-mental-models#abstract": 0.4932035424256266,
    "the-vietnamese-community-in-eastern-new-orleans#content-4": 0.48680729144463164,
    "times-before-and-after#title": 0.4653307793615711,
    "time-out-of-mind#subtitle": 0.4633277166453225,
    "wicked-problems-and-mental-models#title": 0.46142765366412386,
    "the-vietnamese-community-in-eastern-new-orleans#content-2": 0.45876540832991075,
    "understanding-the-north-american-lost-crops#content-1": 0.45708935238856957,
    "transect-walk-cahokia-mounds-to-fairmont-city#content-1": 0.45447162012999026,
    "too-little-water-the-lake-chad-story#title": 0.4400400300417513,
    "walk-about-it#title": 0.4381839311687889,
    "voice-and-representation#title": 0.43701017527118274,
    "this-is-not-about-survival-its-about-bringing-your-coracle#subtitle": 0.43458705449537055,
    "the-terrain-of-the-former-veb-elektrokohle-lichtenberg#content-2": 0.4321123925725345,
    "walk-about-it#content-2": 0.4176858054144566,
    "transect-walk-cahokia-mounds-to-fairmont-city#subtitle": 0.4151777637881516,
    "walk-about-it#subtitle": 0.4151777637881516,
    "ve-vm-vt-the-ideal-cosmic-messengers#title": 0.4096514943140981,
    "time-and-time-again#title": 0.3890360696582426,
    "twin-cities-artist-residency-mississippi-an-anthropocene-story#subtitle": 0.3700717658779967,
    "xaraasi-xanne-crossing-voices#title": 0.3639990748204383,
    "typha-the-once-and-future-planty-companion#subtitle": 0.3377756285325067,
    "us-southwest#title": 0.33019465652061813,
    "the-stories-we-tell-the-images-we-take#content-1": 0.3243775481089148,
    "xaraasi-xanne-crossing-voices#content-1": 0.32244965820219434,
    "understanding-the-north-american-lost-crops#subtitle": 0.3106173798290425,
    "tokens-a-rorschach-test#title": 0.309229449700181,
    "voice-and-representation#subtitle": 0.27785120556137605,
    "writing-global-histories-in-the-anthropocene#subtitle": 0.27785120556137605,
    "uncalculated-risk#title": 0.26617272870823844,
    "transect-walk-cahokia-mounds-to-fairmont-city#title": 0.26397909789442736,
    "white-sands#title": 0.23540187509170934,
    "time-out-of-mind#content-2": 0.2343292448191273,
    "touring-the-anthropocenery-whos-in-charge-here-2014#content-1": 0.22869692923123855,
    "writing-global-histories-in-the-anthropocene#abstract": 0.22789240849443507,
    "voice-and-representation#abstract": 0.2278677518402543,
    "tree-x-office#title": 0.2126288272141319,
    "time-out-of-mind#content-4": 0.1537190329056716,
    "timeslips#title": 0,
    "timeslips#content-1": -0.015246307509392237
}