{
    "xaraasi-xanne-crossing-voices#content-2": 0.8480408865891645,
    "walk-about-it#content-1": 0.8472926557023063,
    "time-and-time-again#content-2": 0.8388919818324321,
    "tree-x-office#content-1": 0.8387092764058455,
    "touring-the-anthropocenery-whos-in-charge-here-2014#content-2": 0.8288973053974646,
    "uncalculated-risk#abstract": 0.8284132346478802,
    "too-little-water-the-lake-chad-story#content-1": 0.8279018388038083,
    "uncalculated-risk#content-4": 0.8275037087068152,
    "walk-about-it#abstract": 0.8265672191953303,
    "timeslips#content-2": 0.8259033816876721,
    "the-shape-of-a-practice#abstract": 0.8239749998633131,
    "writing-global-histories-in-the-anthropocene#content-1": 0.8235521150793368,
    "voice-and-representation#content-1": 0.8227395102852523,
    "time-out-of-mind#abstract": 0.8212919908067855,
    "timeslips#abstract": 0.8204517652058888,
    "the-stories-we-tell-the-images-we-take#content-2": 0.8185415267931682,
    "twin-cities-artist-residency-mississippi-an-anthropocene-story#abstract": 0.8163052912978318,
    "the-terrain-of-the-former-veb-elektrokohle-lichtenberg#content-3": 0.8144535891197631,
    "typha-the-once-and-future-planty-companion#abstract": 0.8143583163384784,
    "times-before-and-after#content-1": 0.8143400525972846,
    "uncalculated-risk#content-6": 0.8134576217833512,
    "the-terrain-of-the-former-veb-elektrokohle-lichtenberg#content-5": 0.8132058570049884,
    "white-sands#content-3": 0.8088921579604267,
    "uncalculated-risk#content-8": 0.8078461145927052,
    "transect-walk-cahokia-mounds-to-fairmont-city#abstract": 0.8076672934854728,
    "wicked-problems-and-mental-models#content-1": 0.8070279672350659,
    "white-sands#content-1": 0.8066315730007033,
    "the-terrain-of-the-former-veb-elektrokohle-lichtenberg#content-1": 0.8058620324049529,
    "the-vietnamese-community-in-eastern-new-orleans#content-3": 0.805459187435656,
    "uncalculated-risk#content-2": 0.8044815307127025,
    "the-vietnamese-community-in-eastern-new-orleans#content-1": 0.8020156061783201,
    "tree-x-office#abstract": 0.8018390507784608,
    "time-out-of-mind#content-3": 0.8010555804689227,
    "understanding-the-north-american-lost-crops#abstract": 0.7950921093250564,
    "the-shape-of-a-practice-seminars#abstract": 0.7943670404295706,
    "the-stories-we-tell-the-images-we-take#abstract": 0.7893535932633914,
    "time-out-of-mind#content-1": 0.78466286683163,
    "uncalculated-risk#content-5": 0.7838933163067032,
    "this-is-not-about-survival-its-about-bringing-your-coracle#abstract": 0.7832203593306023,
    "time-out-of-mind#content-5": 0.7814320224676898,
    "the-terrestrial-is-not-the-globe#title": 0.7811298382061552,
    "the-shape-of-a-practice-online-project-environment#abstract": 0.7808314926712445,
    "the-shape-of-a-practice#title": 0.7794853265831304,
    "us-southwest#content-1": 0.7766741819850255,
    "xaraasi-xanne-crossing-voices#abstract": 0.7711122137161286,
    "touring-the-anthropocenery-whos-in-charge-here-2014#abstract": 0.7710723500342174,
    "the-shape-of-a-practice-online-project-environment#title": 0.7676597834158854,
    "us-southwest#content-3": 0.7665188012027843,
    "us-southwest#content-4": 0.7606659365055548,
    "too-little-water-the-lake-chad-story#abstract": 0.7572557824201722,
    "time-out-of-mind#title": 0.7504410784160376,
    "times-before-and-after#abstract": 0.7503957506615465,
    "white-sands#content-2": 0.7477648313027933,
    "the-shape-of-a-practice-seminars#title": 0.739259631658583,
    "time-and-time-again#subtitle": 0.737651330891942,
    "uncalculated-risk#content-1": 0.7369058533650849,
    "the-stories-we-tell-the-images-we-take#title": 0.7361214946252963,
    "the-shipworm-and-the-telegraph#title": 0.7331631969612998,
    "this-is-not-about-survival-its-about-bringing-your-coracle#title": 0.7296077433923878,
    "uncalculated-risk#content-7": 0.7225637862209228,
    "worshipping-along-the-routes-of-migration#title": 0.7214108569817825,
    "time-and-time-again#content-1": 0.71623676244337,
    "understanding-the-north-american-lost-crops#title": 0.7107875887836194,
    "the-terrain-of-the-former-veb-elektrokohle-lichtenberg#content-4": 0.7083888778771845,
    "us-southwest#content-2": 0.7060321096927945,
    "uncalculated-risk#subtitle": 0.7003222592751674,
    "this-is-not-about-survival-its-about-bringing-your-coracle#content-1": 0.6994241495755879,
    "too-little-water-the-lake-chad-story#content-2": 0.698411446487705,
    "typha-the-once-and-future-planty-companion#title": 0.6969419118584554,
    "wicked-problems-and-mental-models#abstract": 0.6966650260467371,
    "uncalculated-risk#content-3": 0.6915587511119001,
    "typha-the-once-and-future-planty-companion#content-1": 0.6886912765087373,
    "the-vietnamese-community-in-eastern-new-orleans#content-2": 0.6879526159040685,
    "white-sands#abstract": 0.6799296523814978,
    "worshipping-along-the-routes-of-migration#subtitle": 0.6787816527316075,
    "touring-the-anthropocenery-whos-in-charge-here-2014#title": 0.6718243201387539,
    "this-is-not-about-survival-its-about-bringing-your-coracle#subtitle": 0.6508367415380836,
    "writing-global-histories-in-the-anthropocene#title": 0.6344965114753305,
    "wicked-problems-and-mental-models#title": 0.6307512403620856,
    "the-vietnamese-community-in-eastern-new-orleans#content-4": 0.6297425350223643,
    "voice-and-representation#title": 0.6264135833420365,
    "too-little-water-the-lake-chad-story#title": 0.6260985416891014,
    "the-terrain-of-the-former-veb-elektrokohle-lichtenberg#content-2": 0.6231619151361312,
    "walk-about-it#title": 0.6208941399189021,
    "the-vietnamese-community-in-eastern-new-orleans#title": 0.6193466084047767,
    "the-shape-of-a-practice#subtitle": 0.6188371378842407,
    "the-terrain-of-the-former-veb-elektrokohle-lichtenberg#title": 0.6052427083179822,
    "times-before-and-after#title": 0.5979744950045389,
    "understanding-the-north-american-lost-crops#content-1": 0.5979623362496947,
    "transect-walk-cahokia-mounds-to-fairmont-city#content-1": 0.5933123252215747,
    "walk-about-it#content-2": 0.5709996725747282,
    "time-and-time-again#title": 0.5587998774575114,
    "tree-x-office#content-2": 0.5398932506590536,
    "us-southwest#title": 0.49537747202507615,
    "transect-walk-cahokia-mounds-to-fairmont-city#subtitle": 0.4844127533859265,
    "walk-about-it#subtitle": 0.4844127533859265,
    "ve-vm-vt-the-ideal-cosmic-messengers#title": 0.48420106531232965,
    "xaraasi-xanne-crossing-voices#title": 0.4795268744172886,
    "time-out-of-mind#subtitle": 0.47167050466801225,
    "twin-cities-artist-residency-mississippi-an-anthropocene-story#subtitle": 0.46389953306382276,
    "the-stories-we-tell-the-images-we-take#content-1": 0.42276392742985414,
    "xaraasi-xanne-crossing-voices#content-1": 0.42159388365872313,
    "twin-cities-artist-residency-mississippi-an-anthropocene-story#title": 0.41805424323536566,
    "typha-the-once-and-future-planty-companion#subtitle": 0.41382493780511675,
    "white-sands#title": 0.3921149959058378,
    "time-out-of-mind#content-2": 0.3827522329895722,
    "understanding-the-north-american-lost-crops#subtitle": 0.36535998478163845,
    "tokens-a-rorschach-test#title": 0.3633362273483171,
    "tree-x-office#title": 0.3574440850261818,
    "touring-the-anthropocenery-whos-in-charge-here-2014#content-1": 0.34967260955309937,
    "transect-walk-cahokia-mounds-to-fairmont-city#title": 0.3160258120234175,
    "voice-and-representation#abstract": 0.3050984409079396,
    "writing-global-histories-in-the-anthropocene#abstract": 0.27332422473284473,
    "voice-and-representation#subtitle": 0.26853002735666653,
    "writing-global-histories-in-the-anthropocene#subtitle": 0.26853002735666653,
    "time-out-of-mind#content-4": 0.20553785900793367,
    "uncalculated-risk#title": 0.1945704361233944,
    "timeslips#title": 0,