{
    "uncalculated-risk#content-7": 0.9277687883234179,
    "uncalculated-risk#content-5": 0.9221504848271282,
    "uncalculated-risk#content-1": 0.9160562363158523,
    "white-sands#content-2": 0.9137201951047326,
    "us-southwest#content-3": 0.8936867869697485,
    "the-vietnamese-community-in-eastern-new-orleans#content-4": 0.8842648865119956,
    "us-southwest#content-1": 0.8840477659658509,
    "uncalculated-risk#content-3": 0.8753904648634293,
    "time-out-of-mind#content-1": 0.870456637458862,
    "touring-the-anthropocenery-whos-in-charge-here-2014#abstract": 0.8676676673959516,
    "uncalculated-risk#content-2": 0.8665827726692165,
    "too-little-water-the-lake-chad-story#abstract": 0.8652479104301496,
    "the-vietnamese-community-in-eastern-new-orleans#content-3": 0.8641263073740368,
    "tree-x-office#content-1": 0.8615940172280602,
    "white-sands#content-3": 0.8590733919558309,
    "timeslips#content-2": 0.8569084437179955,
    "uncalculated-risk#content-8": 0.8559717834816538,
    "time-out-of-mind#content-3": 0.8558751490729576,
    "tree-x-office#abstract": 0.8555444334215949,
    "this-is-not-about-survival-its-about-bringing-your-coracle#abstract": 0.8548340049856111,
    "uncalculated-risk#content-6": 0.854255384451683,
    "white-sands#content-1": 0.8528741370882189,
    "too-little-water-the-lake-chad-story#content-2": 0.8484543004635083,
    "transect-walk-cahokia-mounds-to-fairmont-city#abstract": 0.8447619045292065,
    "time-and-time-again#content-1": 0.843927340410929,
    "xaraasi-xanne-crossing-voices#abstract": 0.8414076030391772,
    "white-sands#abstract": 0.8405268641084126,
    "xaraasi-xanne-crossing-voices#content-2": 0.8387555055718857,
    "timeslips#abstract": 0.8360723920011667,
    "touring-the-anthropocenery-whos-in-charge-here-2014#content-2": 0.834258542756511,
    "uncalculated-risk#content-4": 0.8317578613815625,
    "time-out-of-mind#abstract": 0.8306944511022295,
    "uncalculated-risk#abstract": 0.8304490741923976,
    "time-out-of-mind#content-5": 0.8295822339236735,
    "typha-the-once-and-future-planty-companion#abstract": 0.8223588091232386,
    "time-and-time-again#content-2": 0.8220467437016103,
    "typha-the-once-and-future-planty-companion#content-1": 0.8209219328273811,
    "times-before-and-after#content-1": 0.8193913244775777,
    "wicked-problems-and-mental-models#content-1": 0.8180371727399354,
    "this-is-not-about-survival-its-about-bringing-your-coracle#content-1": 0.8128239213905878,
    "transect-walk-cahokia-mounds-to-fairmont-city#content-1": 0.8125052209585653,
    "walk-about-it#content-1": 0.8113568521542206,
    "twin-cities-artist-residency-mississippi-an-anthropocene-story#abstract": 0.8080169028460426,
    "walk-about-it#abstract": 0.806251318096644,
    "too-little-water-the-lake-chad-story#content-1": 0.8052009882489074,
    "times-before-and-after#abstract": 0.79689091051118,
    "too-little-water-the-lake-chad-story#title": 0.7931904551523692,
    "voice-and-representation#content-1": 0.791268442104661,
    "understanding-the-north-american-lost-crops#abstract": 0.7901807658025485,
    "writing-global-histories-in-the-anthropocene#content-1": 0.7899434969993547,
    "us-southwest#content-4": 0.786617842811793,
    "understanding-the-north-american-lost-crops#content-1": 0.7839314171375319,
    "understanding-the-north-american-lost-crops#title": 0.7704045034041077,
    "us-southwest#content-2": 0.7615280722929273,
    "the-vietnamese-community-in-eastern-new-orleans#title": 0.7520769835645711,
    "walk-about-it#content-2": 0.7520246692086883,
    "time-and-time-again#subtitle": 0.7490173752205282,
    "xaraasi-xanne-crossing-voices#content-1": 0.747181832001883,
    "uncalculated-risk#subtitle": 0.7433543446570264,
    "time-out-of-mind#title": 0.7393029398001234,
    "touring-the-anthropocenery-whos-in-charge-here-2014#title": 0.7384161790331507,
    "this-is-not-about-survival-its-about-bringing-your-coracle#subtitle": 0.7327096279976999,
    "time-and-time-again#title": 0.7306514004660125,
    "tree-x-office#content-2": 0.729249463190742,
    "walk-about-it#title": 0.6986057148299899,
    "typha-the-once-and-future-planty-companion#title": 0.6944884774181426,
    "wicked-problems-and-mental-models#abstract": 0.6914268321108741,
    "this-is-not-about-survival-its-about-bringing-your-coracle#title": 0.6910059692234005,
    "times-before-and-after#title": 0.6837099020739354,
    "worshipping-along-the-routes-of-migration#title": 0.665546879642247,
    "time-out-of-mind#content-2": 0.6537581377080732,
    "us-southwest#title": 0.6447219268139803,
    "tree-x-office#title": 0.6395523921289429,
    "wicked-problems-and-mental-models#title": 0.6186161993850363,
    "worshipping-along-the-routes-of-migration#subtitle": 0.6022117365823739,
    "transect-walk-cahokia-mounds-to-fairmont-city#subtitle": 0.5860523055831124,
    "walk-about-it#subtitle": 0.5860523055831124,
    "ve-vm-vt-the-ideal-cosmic-messengers#title": 0.5849082269920548,
    "voice-and-representation#abstract": 0.5745131618423999,
    "typha-the-once-and-future-planty-companion#subtitle": 0.553902649930898,
    "voice-and-representation#title": 0.5506143048829619,
    "time-out-of-mind#subtitle": 0.5463373546899055,
    "twin-cities-artist-residency-mississippi-an-anthropocene-story#title": 0.5344264778787259,
    "twin-cities-artist-residency-mississippi-an-anthropocene-story#subtitle": 0.5319584662006783,
    "transect-walk-cahokia-mounds-to-fairmont-city#title": 0.5300471109526319,
    "writing-global-histories-in-the-anthropocene#title": 0.522380660879703,
    "touring-the-anthropocenery-whos-in-charge-here-2014#content-1": 0.5211318166709638,
    "white-sands#title": 0.5182236416249302,
    "writing-global-histories-in-the-anthropocene#abstract": 0.4931300220793259,
    "xaraasi-xanne-crossing-voices#title": 0.4892818137594381,
    "tokens-a-rorschach-test#title": 0.47740953567760663,
    "time-out-of-mind#content-4": 0.3883394455315553,
    "understanding-the-north-american-lost-crops#subtitle": 0.38374596813120865,
    "voice-and-representation#subtitle": 0.24197650974746834,
    "writing-global-histories-in-the-anthropocene#subtitle": 0.24197650974746834,
    "uncalculated-risk#title": 0.09107278278674802,
    "timeslips#content-1": 0.08893634286535924,
    "timeslips#title": 0
}