{
    "times-before-and-after#content-1": 0.9915104828517294,
    "the-floating-ear#content-6": 0.9897461076305496,
    "wicked-problems-and-mental-models#content-1": 0.9880019120830588,
    "the-free-sea#content-2": 0.9829434945958803,
    "touring-the-anthropocenery-whos-in-charge-here-2014#content-2": 0.9822675767503612,
    "the-floating-ear#content-4": 0.9813751926308732,
    "the-floating-ear#content-7": 0.9811013470883018,
    "time-and-time-again#content-2": 0.9801516961077167,
    "the-floating-ear#content-5": 0.9801025152758563,
    "the-terrain-of-the-former-veb-elektrokohle-lichtenberg#content-3": 0.9796192578274356,
    "the-hyphen#content-2": 0.9776363324960604,
    "time-out-of-mind#content-3": 0.9755354655919611,
    "the-shape-of-a-practice#abstract": 0.9748077050831659,
    "walk-about-it#content-1": 0.9734297479257914,
    "voice-and-representation#content-1": 0.9727821642442861,
    "uncalculated-risk#content-8": 0.9727249670643174,
    "time-out-of-mind#content-5": 0.9721544467329395,
    "timeslips#content-2": 0.9659366471987151,
    "the-mississippi-basin-an-operational-landscape#content-7": 0.9656242099789248,
    "uncalculated-risk#content-4": 0.9653764543908131,
    "white-sands#content-3": 0.9649014767105578,
    "time-out-of-mind#content-1": 0.9646657558486555,
    "time-out-of-mind#abstract": 0.9645820358943088,
    "tree-x-office#content-1": 0.9641902219704905,
    "uncalculated-risk#abstract": 0.9637681885498335,
    "the-four-dimensional-mississippi#abstract": 0.9633836187709987,
    "the-terrain-of-the-former-veb-elektrokohle-lichtenberg#content-1": 0.9632952952158432,
    "typha-the-once-and-future-planty-companion#abstract": 0.9631620687475628,
    "the-four-dimensional-mississippi#content-1": 0.9625426574678385,
    "the-hyphen#content-1": 0.9611112518491437,
    "the-hedge#content-2": 0.9605216094915603,
    "the-hyphen#abstract": 0.9601004781261825,
    "times-before-and-after#abstract": 0.959793188246565,
    "the-terrain-of-the-former-veb-elektrokohle-lichtenberg#content-5": 0.9597027932282517,
    "uncalculated-risk#content-6": 0.9574398338945872,
    "the-stories-we-tell-the-images-we-take#content-2": 0.9569566223576238,
    "uncalculated-risk#content-2": 0.9555892847145302,
    "too-little-water-the-lake-chad-story#content-1": 0.9548476267036432,
    "the-vietnamese-community-in-eastern-new-orleans#content-3": 0.9541898476583182,
    "twin-cities-artist-residency-mississippi-an-anthropocene-story#abstract": 0.9537124365271297,
    "the-shape-of-a-practice-online-project-environment#abstract": 0.9530745581522752,
    "the-mississippi-basin-an-operational-landscape#content-1": 0.9523306015122535,
    "the-mississippi-basin-an-operational-landscape#content-5": 0.9515924564381077,
    "timeslips#abstract": 0.9512275731312219,
    "writing-global-histories-in-the-anthropocene#content-1": 0.9503603385936668,
    "white-sands#content-1": 0.9486734921257174,
    "the-maledives-case#abstract": 0.9464398291791248,
    "xaraasi-xanne-crossing-voices#content-2": 0.9462152525173799,
    "the-lichtenberg-case#abstract": 0.946098099453678,
    "the-shape-of-a-practice-seminars#abstract": 0.9453935490267145,
    "touring-the-anthropocenery-whos-in-charge-here-2014#abstract": 0.9417441441910924,
    "tree-x-office#abstract": 0.9391161546359608,
    "walk-about-it#abstract": 0.9388375035083473,
    "us-southwest#content-1": 0.9383620307893021,
    "the-mississippi-basin-an-operational-landscape#content-3": 0.9380298440485737,
    "understanding-the-north-american-lost-crops#abstract": 0.934108688582208,
    "the-vietnamese-community-in-eastern-new-orleans#content-1": 0.9334869853254684,
    "the-mississippi-basin-an-operational-landscape#abstract": 0.9325389455252239,
    "the-stories-we-tell-the-images-we-take#abstract": 0.9324404855627787,
    "this-is-not-about-survival-its-about-bringing-your-coracle#abstract": 0.9299275784933205,
    "the-great-green-desert#abstract": 0.915512534944655,
    "transect-walk-cahokia-mounds-to-fairmont-city#abstract": 0.904826068319474,
    "too-little-water-the-lake-chad-story#abstract": 0.9024575872469078,
    "this-is-not-about-survival-its-about-bringing-your-coracle#content-1": 0.9011196686454673,
    "the-rights-of-nature#abstract": 0.9001588429461188,
    "xaraasi-xanne-crossing-voices#abstract": 0.8999227688496506,
    "the-stories-we-tell-the-images-we-take#title": 0.8982549534834534,
    "time-and-time-again#content-1": 0.8931154234802806,
    "uncalculated-risk#content-1": 0.8894600784782545,
    "uncalculated-risk#content-5": 0.888928836092378,
    "us-southwest#content-3": 0.8887439633731871,
    "time-out-of-mind#title": 0.8885363506294436,
    "the-shape-of-a-practice-online-project-environment#title": 0.8835266716011428,
    "white-sands#content-2": 0.8728109206729173,
    "too-little-water-the-lake-chad-story#content-2": 0.8712805218995402,
    "the-terrestrial-is-not-the-globe#title": 0.8685851622842635,
    "wicked-problems-and-mental-models#abstract": 0.8669804436555311,
    "uncalculated-risk#content-7": 0.8664757500663285,
    "the-shape-of-a-practice#title": 0.8660132954847518,
    "this-is-not-about-survival-its-about-bringing-your-coracle#title": 0.8638946041409878,
    "the-terrain-of-the-former-veb-elektrokohle-lichtenberg#content-4": 0.8625160826746241,
    "white-sands#abstract": 0.8552007957503157,
    "us-southwest#content-2": 0.8551798074754563,
    "the-politics-of-modeling#abstract": 0.8521215384001528,
    "uncalculated-risk#content-3": 0.8491807303492508,
    "typha-the-once-and-future-planty-companion#title": 0.846115315317055,
    "the-shape-of-a-practice-seminars#title": 0.8434279380807614,
    "time-and-time-again#subtitle": 0.8396965853905032,
    "us-southwest#content-4": 0.8348991626847118,
    "touring-the-anthropocenery-whos-in-charge-here-2014#title": 0.833295055105955,
    "the-hedge#content-3": 0.832419811410702,
    "the-vietnamese-community-in-eastern-new-orleans#content-2": 0.8310336709587068,
    "this-is-not-about-survival-its-about-bringing-your-coracle#subtitle": 0.8273953087395842,
    "the-mississippi-basin-an-operational-landscape#content-2": 0.8111561649366663,
    "the-rights-of-nature#title": 0.8102727070682969,
    "the-lena-is-worthy-of-baikal-defining-remoteness-across-the-north-and-the-east#title": 0.8063411117520463,
    "typha-the-once-and-future-planty-companion#content-1": 0.7960228807585917,
    "the-vietnamese-community-in-eastern-new-orleans#content-4": 0.7944860839478908,
    "walk-about-it#title": 0.7936535886213562,
    "times-before-and-after#title": 0.793546602930148,
    "uncalculated-risk#subtitle": 0.791848723323977,
    "the-politics-of-modeling#title": 0.7894871627150989,
    "understanding-the-north-american-lost-crops#title": 0.7780202359180225,
    "the-shipworm-and-the-telegraph#title": 0.776717070325504,
    "time-and-time-again#title": 0.7740304288636994,
    "too-little-water-the-lake-chad-story#title": 0.7708518125657875,
    "wicked-problems-and-mental-models#title": 0.7612441882041839,
    "the-maledives-case#title": 0.7583946480227894,
    "the-mississippi-basin-an-operational-landscape#content-4": 0.7571538948262274,
    "worshipping-along-the-routes-of-migration#title": 0.7547280685709133,
    "transect-walk-cahokia-mounds-to-fairmont-city#content-1": 0.7542049380583242,
    "the-mississippi-basin-an-operational-landscape#content-6": 0.7414725657365827,
    "worshipping-along-the-routes-of-migration#subtitle": 0.739695446124207,
    "the-great-green-desert#title": 0.7343507081937007,
    "understanding-the-north-american-lost-crops#content-1": 0.7255018391060966,
    "the-free-sea#title": 0.7253765409593751,
    "the-free-sea-2#title": 0.7253765409593751,
    "the-mississippi-basin-an-operational-landscape#title": 0.7214652185893718,
    "the-great-green-desert#content-1": 0.7093616369306059,
    "the-terrain-of-the-former-veb-elektrokohle-lichtenberg#content-2": 0.7059431504708087,