{
    "the-current-mississippi-an-anthropocene-river#abstract": 0.8709460516681815,
    "transect-walk-cahokia-mounds-to-fairmont-city#abstract": 0.8695998511293461,
    "the-mississippi-basin-an-operational-landscape#content-1": 0.8683360022974176,
    "the-four-dimensional-mississippi#content-1": 0.8669428945095027,
    "the-four-dimensional-mississippi#abstract": 0.8631229910740942,
    "uncalculated-risk#content-6": 0.8586245694781512,
    "the-great-green-desert#abstract": 0.8549365170322913,
    "uncalculated-risk#content-2": 0.8545800739594281,
    "the-mississippi-basin-an-operational-landscape#content-3": 0.8542909761725197,
    "timeslips#content-2": 0.8539164481082957,
    "the-mississippi-basin-an-operational-landscape#content-5": 0.8502074327179375,
    "too-little-water-the-lake-chad-story#content-1": 0.847979564994912,
    "white-sands#content-1": 0.8470256576477828,
    "uncalculated-risk#content-8": 0.8465694596288568,
    "the-maledives-case#abstract": 0.845528914244238,
    "time-out-of-mind#abstract": 0.8437861195106126,
    "uncalculated-risk#content-4": 0.841933232182416,
    "writing-global-histories-in-the-anthropocene#content-1": 0.84192263287386,
    "the-mississippi-basin-an-operational-landscape#content-2": 0.8410465829973766,
    "the-vietnamese-community-in-eastern-new-orleans#content-1": 0.8410321941943052,
    "time-out-of-mind#content-1": 0.8404486627765565,
    "the-mississippi-basin-an-operational-landscape#content-7": 0.8391542025912463,
    "the-mississippi-basin-an-operational-landscape#abstract": 0.8381221700508945,
    "the-stories-we-tell-the-images-we-take#content-2": 0.8372963650604438,
    "timeslips#abstract": 0.8371874883801229,
    "the-confluence-area#abstract": 0.8365079718518984,
    "white-sands#content-3": 0.8362473259072922,
    "this-is-not-about-survival-its-about-bringing-your-coracle#abstract": 0.8328829501808929,
    "uncalculated-risk#abstract": 0.8316585483001787,
    "the-terrain-of-the-former-veb-elektrokohle-lichtenberg#content-1": 0.8314019812078425,
    "the-floating-ear#content-2": 0.8303937505144167,
    "time-out-of-mind#content-3": 0.829833895843295,
    "uncalculated-risk#content-5": 0.8266326951801078,
    "the-vietnamese-community-in-eastern-new-orleans#content-3": 0.8265963210871978,
    "walk-about-it#abstract": 0.8264538616708255,
    "the-shape-of-a-practice#abstract": 0.8247536459434166,
    "touring-the-anthropocenery-whos-in-charge-here-2014#content-2": 0.8244752746102613,
    "the-floating-ear#content-1": 0.8241324890753227,
    "xaraasi-xanne-crossing-voices#content-2": 0.8238878478531442,
    "the-terrain-of-the-former-veb-elektrokohle-lichtenberg#content-5": 0.8227731917916693,
    "the-lichtenberg-case#abstract": 0.8223122470772573,
    "walk-about-it#content-1": 0.8190892147111033,
    "the-mississippi-basin-an-operational-landscape#title": 0.8171939882111557,
    "the-danish-text#abstract": 0.8167221703437169,
    "the-floating-ear#content-3": 0.8163364368548092,
    "the-floating-ear#content-4": 0.8159239439670936,
    "the-terrain-of-the-former-veb-elektrokohle-lichtenberg#content-3": 0.8156496427965201,
    "uncalculated-risk#content-7": 0.8152551543399525,
    "typha-the-once-and-future-planty-companion#abstract": 0.8141399280958306,
    "time-and-time-again#content-2": 0.8138381000650605,
    "the-free-sea#content-2": 0.8134051193813278,
    "us-southwest#content-3": 0.813023249596833,
    "too-little-water-the-lake-chad-story#abstract": 0.8118496563256008,
    "tree-x-office#content-1": 0.8113856990416404,
    "the-floating-ear#content-7": 0.8089710211852302,
    "understanding-the-north-american-lost-crops#abstract": 0.8080551543333727,
    "the-floating-ear#content-6": 0.8069810195509978,
    "white-sands#content-2": 0.8069201233631917,
    "voice-and-representation#content-1": 0.8059707971784196,
    "the-hyphen#content-2": 0.8053508810206041,
    "us-southwest#content-1": 0.8044934256326839,
    "the-lena-is-worthy-of-baikal-defining-remoteness-across-the-north-and-the-east#title": 0.8043922643879337,
    "wicked-problems-and-mental-models#content-1": 0.8035687610732912,
    "times-before-and-after#content-1": 0.8034794035675002,
    "touring-the-anthropocenery-whos-in-charge-here-2014#abstract": 0.8001034421765717,
    "twin-cities-artist-residency-mississippi-an-anthropocene-story#abstract": 0.7998812137422324,
    "the-floating-ear#content-5": 0.7998537721099468,
    "the-mississippi-basin-an-operational-landscape#content-4": 0.798611547862937,
    "uncalculated-risk#content-1": 0.7984469856649993,
    "the-rights-of-nature#abstract": 0.7950376145073428,
    "time-out-of-mind#content-5": 0.7950136832670616,
    "the-shape-of-a-practice-seminars#abstract": 0.7921313040818869,
    "the-mississippi-basin-an-operational-landscape#content-6": 0.7919059813141378,
    "the-stories-we-tell-the-images-we-take#abstract": 0.7888280031984638,
    "understanding-the-north-american-lost-crops#title": 0.787760817282081,
    "tree-x-office#abstract": 0.7853062157905201,
    "the-shape-of-a-practice-online-project-environment#abstract": 0.784681592849694,
    "the-hedge#content-2": 0.7843538587350515,
    "the-hyphen#abstract": 0.7818350692987939,
    "the-terrestrial-is-not-the-globe#title": 0.7783997378011496,
    "the-shape-of-a-practice-online-project-environment#title": 0.7743617372206276,
    "the-vietnamese-community-in-eastern-new-orleans#content-2": 0.771611792059489,
    "too-little-water-the-lake-chad-story#title": 0.7658285596755141,
    "times-before-and-after#abstract": 0.7645658499468558,
    "the-politics-of-modeling#abstract": 0.7627836342570065,
    "xaraasi-xanne-crossing-voices#abstract": 0.7619845539646145,
    "the-current-mississippi-an-anthropocene-river#title": 0.7609567049113185,
    "us-southwest#content-4": 0.758481801668107,
    "too-little-water-the-lake-chad-story#content-2": 0.7557366340660143,
    "the-hyphen#content-1": 0.7549967711851181,
    "the-terrain-of-the-former-veb-elektrokohle-lichtenberg#content-4": 0.7546290894597796,
    "uncalculated-risk#subtitle": 0.7481696903102699,
    "the-free-sea#title": 0.7468774548839228,
    "the-free-sea-2#title": 0.7468774548839228,
    "the-fight-for-alaskas-arctic-has-just-begun#title": 0.7462325941637629,
    "the-shipworm-and-the-telegraph#title": 0.7435458204392749,
    "worshipping-along-the-routes-of-migration#title": 0.7418791481735229,
    "time-and-time-again#content-1": 0.7415226248384335,
    "the-politics-of-modeling#title": 0.7403222846956817,
    "time-and-time-again#subtitle": 0.7402820192404936,
    "the-stories-we-tell-the-images-we-take#title": 0.7383767879511192,
    "the-rights-of-nature#title": 0.7346090438862475,
    "the-current-mississippi-an-anthropocene-river#content-1": 0.7316651555911544,
    "us-southwest#content-2": 0.7297942777807117,
    "the-shape-of-a-practice#title": 0.7282037122258161,
    "white-sands#abstract": 0.7267414814814325,
    "the-vietnamese-community-in-eastern-new-orleans#content-4": 0.7231720322544943,
    "uncalculated-risk#content-3": 0.7193387240110455,
    "this-is-not-about-survival-its-about-bringing-your-coracle#content-1": 0.7181875806654828,
    "the-shape-of-a-practice-seminars#title": 0.7159068810209627,
    "transect-walk-cahokia-mounds-to-fairmont-city#content-1": 0.7158779554430311,
    "the-great-green-desert#title": 0.7112357405844856,
    "the-vietnamese-community-in-eastern-new-orleans#title": 0.7100940942819962,
    "time-out-of-mind#title": 0.7095203669416659,
    "the-confluence-area#title": 0.7068155322993669,
    "typha-the-once-and-future-planty-companion#content-1": 0.7061571159333863,
    "this-is-not-about-survival-its-about-bringing-your-coracle#title": 0.7039629708151788,
    "understanding-the-north-american-lost-crops#content-1": 0.7029398119561149,
    "typha-the-once-and-future-planty-companion#title": 0.6946109223851996,
    "the-maledives-case#title": 0.6867805438021459,