{
    "transect-walk-cahokia-mounds-to-fairmont-city#abstract": 0.8151045223740101,
    "uncalculated-risk#content-5": 0.7908094137798686,
    "uncalculated-risk#content-6": 0.7852557982228536,
    "too-little-water-the-lake-chad-story#abstract": 0.7790684973912998,
    "uncalculated-risk#content-2": 0.7790107710995517,
    "timeslips#content-2": 0.7696669248140744,
    "too-little-water-the-lake-chad-story#content-1": 0.7679827376722672,
    "the-vietnamese-community-in-eastern-new-orleans#content-1": 0.7671163925154942,
    "white-sands#content-1": 0.7666161207331187,
    "white-sands#content-2": 0.7665984478383854,
    "uncalculated-risk#content-4": 0.7651483471680066,
    "this-is-not-about-survival-its-about-bringing-your-coracle#abstract": 0.7642915582236532,
    "uncalculated-risk#content-7": 0.7634070402042232,
    "uncalculated-risk#content-8": 0.7634042971173332,
    "white-sands#content-3": 0.7609676515020176,
    "time-out-of-mind#abstract": 0.7600864762375,
    "us-southwest#content-3": 0.7558754476602854,
    "uncalculated-risk#content-1": 0.7553544413084229,
    "the-shape-of-a-practice-online-project-environment#title": 0.755162689177189,
    "time-out-of-mind#content-1": 0.7549614578985138,
    "the-stories-we-tell-the-images-we-take#content-2": 0.7547295261026454,
    "the-terrain-of-the-former-veb-elektrokohle-lichtenberg#content-1": 0.7514338340935903,
    "writing-global-histories-in-the-anthropocene#content-1": 0.7509635958163489,
    "timeslips#abstract": 0.74839211341508,
    "the-vietnamese-community-in-eastern-new-orleans#content-3": 0.7478698792362383,
    "uncalculated-risk#abstract": 0.7477070641597977,
    "understanding-the-north-american-lost-crops#title": 0.7440058952135151,
    "the-vietnamese-community-in-eastern-new-orleans#content-2": 0.7428125071302328,
    "walk-about-it#abstract": 0.742694462119479,
    "the-shape-of-a-practice#abstract": 0.742472541589872,
    "time-out-of-mind#content-3": 0.739803836408148,
    "tree-x-office#abstract": 0.7394492709911396,
    "the-terrain-of-the-former-veb-elektrokohle-lichtenberg#content-5": 0.7364536571371946,
    "us-southwest#content-1": 0.7360913307536588,
    "us-southwest#content-4": 0.7353284384882035,
    "the-terrain-of-the-former-veb-elektrokohle-lichtenberg#content-3": 0.735018662619607,
    "the-rights-of-nature#abstract": 0.7333748934262044,
    "xaraasi-xanne-crossing-voices#content-2": 0.7316535763468833,
    "walk-about-it#content-1": 0.7301897736433057,
    "the-shape-of-a-practice-online-project-environment#abstract": 0.7288912575717484,
    "twin-cities-artist-residency-mississippi-an-anthropocene-story#abstract": 0.7287943671781519,
    "the-shape-of-a-practice-seminars#abstract": 0.7286445024349271,
    "uncalculated-risk#subtitle": 0.7268542275101166,
    "tree-x-office#content-1": 0.72652140541026,
    "typha-the-once-and-future-planty-companion#abstract": 0.7257972812646953,
    "the-terrestrial-is-not-the-globe#title": 0.7238114227508816,
    "time-and-time-again#content-2": 0.7223767252658362,
    "touring-the-anthropocenery-whos-in-charge-here-2014#content-2": 0.7200107769334388,
    "times-before-and-after#content-1": 0.7142542293212482,
    "the-vietnamese-community-in-eastern-new-orleans#content-4": 0.7138186610334984,
    "uncalculated-risk#content-3": 0.7129526474532331,
    "the-terrain-of-the-former-veb-elektrokohle-lichtenberg#content-2": 0.7096783212070349,
    "the-stories-we-tell-the-images-we-take#abstract": 0.7094668196360875,
    "voice-and-representation#content-1": 0.7079364700238107,
    "understanding-the-north-american-lost-crops#abstract": 0.7055992260842517,
    "touring-the-anthropocenery-whos-in-charge-here-2014#abstract": 0.7052714513509536,
    "too-little-water-the-lake-chad-story#title": 0.7009781985645382,
    "the-terrain-of-the-former-veb-elektrokohle-lichtenberg#content-4": 0.7000959527891553,
    "wicked-problems-and-mental-models#content-1": 0.6970173897935427,
    "too-little-water-the-lake-chad-story#content-2": 0.6936723627421184,
    "xaraasi-xanne-crossing-voices#abstract": 0.6878850099386139,
    "the-shape-of-a-practice-seminars#title": 0.6874198385455009,
    "time-out-of-mind#content-5": 0.6866107865657801,
    "the-vietnamese-community-in-eastern-new-orleans#title": 0.6833549615984411,
    "times-before-and-after#abstract": 0.6810620098096146,
    "the-shape-of-a-practice#title": 0.6775977498863187,
    "the-politics-of-modeling#title": 0.6761942710868292,
    "the-politics-of-modeling#abstract": 0.6683506631233562,
    "white-sands#abstract": 0.6646712735534938,
    "the-shipworm-and-the-telegraph#title": 0.6618545492645791,
    "time-and-time-again#content-1": 0.6609225480797906,
    "time-and-time-again#subtitle": 0.6600496550074239,
    "typha-the-once-and-future-planty-companion#content-1": 0.6590891507035775,
    "the-rights-of-nature#title": 0.6578335638132912,
    "worshipping-along-the-routes-of-migration#title": 0.6501783710660213,
    "us-southwest#content-2": 0.645215680643288,
    "transect-walk-cahokia-mounds-to-fairmont-city#content-1": 0.6403642649042613,
    "understanding-the-north-american-lost-crops#content-1": 0.6400462156149992,
    "this-is-not-about-survival-its-about-bringing-your-coracle#content-1": 0.6310964557504521,
    "writing-global-histories-in-the-anthropocene#title": 0.6125339058237221,
    "touring-the-anthropocenery-whos-in-charge-here-2014#title": 0.6124278062215535,
    "the-stories-we-tell-the-images-we-take#title": 0.6089506951593995,
    "time-out-of-mind#subtitle": 0.6070411708486108,
    "tree-x-office#content-2": 0.6063078000002293,
    "this-is-not-about-survival-its-about-bringing-your-coracle#title": 0.6015175980208768,
    "walk-about-it#content-2": 0.597476958747447,
    "us-southwest#title": 0.5973858882104218,
    "typha-the-once-and-future-planty-companion#title": 0.5936776886912071,
    "time-out-of-mind#title": 0.5927772955841223,
    "worshipping-along-the-routes-of-migration#subtitle": 0.5925182184728438,
    "the-shape-of-a-practice#subtitle": 0.5831602087291289,
    "twin-cities-artist-residency-mississippi-an-anthropocene-story#title": 0.5724572574241009,
    "transect-walk-cahokia-mounds-to-fairmont-city#subtitle": 0.5664916363757031,
    "walk-about-it#subtitle": 0.5664916363757031,
    "the-terrain-of-the-former-veb-elektrokohle-lichtenberg#title": 0.5636662914875029,
    "wicked-problems-and-mental-models#abstract": 0.5568758634748703,
    "this-is-not-about-survival-its-about-bringing-your-coracle#subtitle": 0.5411085828823842,
    "wicked-problems-and-mental-models#title": 0.5337171586805983,
    "walk-about-it#title": 0.5307348833558191,
    "time-out-of-mind#content-2": 0.5297215556209423,
    "times-before-and-after#title": 0.5041410531814248,
    "transect-walk-cahokia-mounds-to-fairmont-city#title": 0.49761641532756623,
    "ve-vm-vt-the-ideal-cosmic-messengers#title": 0.49740125545905445,
    "twin-cities-artist-residency-mississippi-an-anthropocene-story#subtitle": 0.48854320960170095,
    "xaraasi-xanne-crossing-voices#content-1": 0.48568664998311456,
    "the-stories-we-tell-the-images-we-take#content-1": 0.4855398336178565,
    "voice-and-representation#title": 0.485119125597429,
    "time-and-time-again#title": 0.48068178457653804,
    "white-sands#title": 0.46617974753139607,
    "tree-x-office#title": 0.46143898144997497,
    "understanding-the-north-american-lost-crops#subtitle": 0.43333416761205656,
    "typha-the-once-and-future-planty-companion#subtitle": 0.4191066243030843,
    "xaraasi-xanne-crossing-voices#title": 0.41386767993419643,
    "tokens-a-rorschach-test#title": 0.41381302483511445,
    "voice-and-representation#abstract": 0.3818550989556055,
    "the-politics-of-modeling#content-1": 0.38027297703831175,
    "the-rights-of-nature#content-1": 0.38027297703831175,
    "touring-the-anthropocenery-whos-in-charge-here-2014#content-1": 0.31823857825526064,