{
    "uncalculated-risk#content-6": 0.9370446585164572,
    "the-four-dimensional-mississippi#content-1": 0.936224405154836,
    "the-mississippi-basin-an-operational-landscape#content-3": 0.9349024731269089,
    "the-mississippi-basin-an-operational-landscape#content-1": 0.9309464523477988,
    "the-anthropogenic-influence-onto-the-air-quality-along-the-mississippi-river-findings#content-2": 0.9301126797021562,
    "uncalculated-risk#content-8": 0.9296710600573268,
    "the-anthropogenic-influence-onto-the-air-quality-along-the-mississippi-river-findings#content-6": 0.9287801898162622,
    "uncalculated-risk#content-2": 0.928606838021954,
    "the-terrain-of-the-former-veb-elektrokohle-lichtenberg#content-1": 0.9282646517451714,
    "white-sands#content-1": 0.9262567006465823,
    "timeslips#content-2": 0.9255661709056543,
    "white-sands#content-3": 0.9244713443416179,
    "the-terrain-of-the-former-veb-elektrokohle-lichtenberg#content-3": 0.9196528369015321,
    "time-out-of-mind#content-1": 0.9194963551768488,
    "uncalculated-risk#content-5": 0.9175994489765493,
    "the-anthropogenic-influence-onto-the-air-quality-along-the-mississippi-river-findings#content-8": 0.9175539221147924,
    "uncalculated-risk#content-4": 0.91718856207767,
    "time-out-of-mind#content-3": 0.914105948103074,
    "the-anthropogenic-influence-onto-the-air-quality-along-the-mississippi-river-findings#content-10": 0.9103489598054394,
    "the-vietnamese-community-in-eastern-new-orleans#content-1": 0.9099497757295291,
    "the-confluence-area#abstract": 0.9094967620963919,
    "the-vietnamese-community-in-eastern-new-orleans#content-3": 0.9085026432363571,
    "time-out-of-mind#abstract": 0.9083104295480544,
    "us-southwest#content-1": 0.9078763601877441,
    "uncalculated-risk#content-1": 0.906725587509724,
    "the-terrain-of-the-former-veb-elektrokohle-lichtenberg#content-5": 0.9064047003416553,
    "the-current-mississippi-an-anthropocene-river#abstract": 0.9057171729676723,
    "the-free-sea#content-2": 0.9057085921836783,
    "the-mississippi-basin-an-operational-landscape#content-5": 0.904773293900492,
    "the-floating-ear#content-3": 0.9041501213845926,
    "the-floating-ear#content-5": 0.9034270745762213,
    "the-shape-of-a-practice#abstract": 0.9024256014696441,
    "touring-the-anthropocenery-whos-in-charge-here-2014#abstract": 0.9012217340547268,
    "the-floating-ear#content-2": 0.9010658328424452,
    "the-hyphen#content-2": 0.90094968370014,
    "uncalculated-risk#abstract": 0.9007901460059301,
    "uncalculated-risk#content-7": 0.9005976441985444,
    "tree-x-office#content-1": 0.900331250087568,
    "touring-the-anthropocenery-whos-in-charge-here-2014#content-2": 0.9000996990802107,
    "the-floating-ear#content-1": 0.899198916754706,
    "transect-walk-cahokia-mounds-to-fairmont-city#abstract": 0.8991098175179326,
    "this-is-not-about-survival-its-about-bringing-your-coracle#abstract": 0.8989810105614072,
    "too-little-water-the-lake-chad-story#content-1": 0.8981505958547877,
    "the-floating-ear#content-4": 0.8977356677025773,
    "the-four-dimensional-mississippi#abstract": 0.8971323766236051,
    "typha-the-once-and-future-planty-companion#abstract": 0.8966019082832322,
    "twin-cities-artist-residency-mississippi-an-anthropocene-story#abstract": 0.8959053478595996,
    "timeslips#abstract": 0.8955155870776281,
    "the-hedge#content-2": 0.8951837518640235,
    "the-stories-we-tell-the-images-we-take#content-2": 0.8950026704363879,
    "times-before-and-after#content-1": 0.8948397023624722,
    "wicked-problems-and-mental-models#content-1": 0.8948309361753369,
    "the-floating-ear#content-6": 0.8942513978842813,
    "tree-x-office#abstract": 0.8936264600921134,
    "xaraasi-xanne-crossing-voices#content-2": 0.892880122480275,
    "the-lichtenberg-case#abstract": 0.8914911444925337,
    "walk-about-it#abstract": 0.8912899119316116,
    "the-mississippi-basin-an-operational-landscape#content-7": 0.8903276828712612,
    "the-floating-ear#content-7": 0.8903077099200166,
    "the-great-green-desert#abstract": 0.8896583175200138,
    "time-out-of-mind#content-5": 0.8889587779264608,
    "the-anthropogenic-influence-onto-the-air-quality-along-the-mississippi-river-findings#content-4": 0.8883407062603592,
    "walk-about-it#content-1": 0.8877992960397854,
    "too-little-water-the-lake-chad-story#abstract": 0.8867176546679382,
    "the-maledives-case#abstract": 0.8858989832796508,
    "the-danish-text#abstract": 0.885270594799342,
    "the-shape-of-a-practice-online-project-environment#abstract": 0.8851127781808964,
    "the-shape-of-a-practice-seminars#abstract": 0.8848942482418501,
    "time-and-time-again#content-2": 0.8843879767189646,
    "the-anthropogenic-influence-onto-the-air-quality-along-the-mississippi-river-findings#content-5": 0.8819838837127357,
    "the-stories-we-tell-the-images-we-take#abstract": 0.879006801298797,
    "the-mississippi-basin-an-operational-landscape#content-2": 0.8784284525378616,
    "the-anthropogenic-influence-onto-the-air-quality-along-the-mississippi-river-findings#content-3": 0.8776602789011986,
    "the-mississippi-basin-an-operational-landscape#abstract": 0.8751138261168262,
    "white-sands#content-2": 0.8746790786067631,
    "writing-global-histories-in-the-anthropocene#content-1": 0.8733517264258848,
    "voice-and-representation#content-1": 0.8723843378168978,
    "the-vietnamese-community-in-eastern-new-orleans#content-2": 0.8706661497337841,
    "us-southwest#content-3": 0.869248956360053,
    "understanding-the-north-american-lost-crops#abstract": 0.867783576858797,
    "the-mississippi-basin-an-operational-landscape#content-4": 0.856698812941113,
    "times-before-and-after#abstract": 0.854888513515549,
    "the-anthropogenic-influence-onto-the-air-quality-along-the-mississippi-river-findings#title": 0.8533359843023879,
    "xaraasi-xanne-crossing-voices#abstract": 0.8515283701174787,
    "the-hyphen#abstract": 0.8481126082827513,
    "uncalculated-risk#content-3": 0.846936130378382,
    "the-hyphen#content-1": 0.843622436000262,
    "the-terrain-of-the-former-veb-elektrokohle-lichtenberg#content-4": 0.8430962025240445,
    "the-rights-of-nature#abstract": 0.8391262089655466,
    "the-shape-of-a-practice-online-project-environment#title": 0.8365127225621135,
    "the-anthropogenic-influence-onto-the-air-quality-along-the-mississippi-river-findings#content-9": 0.8319519139042187,
    "too-little-water-the-lake-chad-story#content-2": 0.8296519910440099,
    "the-lena-is-worthy-of-baikal-defining-remoteness-across-the-north-and-the-east#title": 0.8276003195038635,
    "the-terrestrial-is-not-the-globe#title": 0.8273813010183941,
    "the-mississippi-basin-an-operational-landscape#content-6": 0.8247664913201754,
    "the-anthropogenic-influence-onto-the-air-quality-along-the-mississippi-river-findings#content-7": 0.8247028168156081,
    "us-southwest#content-4": 0.8240513156248553,
    "the-stories-we-tell-the-images-we-take#title": 0.8214694833229992,
    "us-southwest#content-2": 0.8179201044246249,
    "this-is-not-about-survival-its-about-bringing-your-coracle#content-1": 0.8149525709620362,
    "the-shape-of-a-practice#title": 0.8040114058680048,
    "time-and-time-again#content-1": 0.8024575271288583,
    "the-hedge#content-3": 0.7983792901349416,
    "the-fight-for-alaskas-arctic-has-just-begun#title": 0.7982155036641025,
    "time-out-of-mind#title": 0.7956842988042521,
    "white-sands#abstract": 0.793120161158161,
    "the-politics-of-modeling#abstract": 0.7903515692038096,
    "the-shape-of-a-practice-seminars#title": 0.7895195573101818,
    "understanding-the-north-american-lost-crops#title": 0.7875670212746492,
    "uncalculated-risk#subtitle": 0.7841196253769314,
    "the-mississippi-basin-an-operational-landscape#title": 0.7833186253976389,
    "too-little-water-the-lake-chad-story#title": 0.7768473933000302,
    "worshipping-along-the-routes-of-migration#title": 0.7745208795746023,