{
    "times-before-and-after#content-1": 0.9652682286138128,
    "wicked-problems-and-mental-models#content-1": 0.9633407471242383,
    "time-and-time-again#content-2": 0.9561638143224082,
    "the-terrain-of-the-former-veb-elektrokohle-lichtenberg#content-3": 0.9536242217016455,
    "touring-the-anthropocenery-whos-in-charge-here-2014#content-2": 0.9469526196843783,
    "the-shape-of-a-practice#abstract": 0.9453350478996988,
    "time-out-of-mind#content-5": 0.9427347837552946,
    "walk-about-it#content-1": 0.9425574936263668,
    "tree-x-office#content-1": 0.9425479274346855,
    "the-hyphen#content-2": 0.9425071871948494,
    "voice-and-representation#content-1": 0.9421261130737778,
    "time-out-of-mind#content-3": 0.9372310099143754,
    "time-out-of-mind#content-1": 0.9350932461585116,
    "the-stories-we-tell-the-images-we-take#content-2": 0.9332844093634581,
    "white-sands#content-3": 0.932963173655265,
    "the-terrain-of-the-former-veb-elektrokohle-lichtenberg#content-1": 0.9329439857779263,
    "the-mississippi-basin-an-operational-landscape#content-7": 0.9325458060200266,
    "uncalculated-risk#abstract": 0.9307413910531959,
    "uncalculated-risk#content-8": 0.9306082362008887,
    "the-terrain-of-the-former-veb-elektrokohle-lichtenberg#content-5": 0.9295099496713648,
    "times-before-and-after#abstract": 0.9293240063167624,
    "time-out-of-mind#abstract": 0.9282089884960388,
    "the-vietnamese-community-in-eastern-new-orleans#content-3": 0.9272991097642287,
    "timeslips#content-2": 0.9267752705899943,
    "us-southwest#content-1": 0.9253218742379651,
    "typha-the-once-and-future-planty-companion#abstract": 0.9239515448009317,
    "uncalculated-risk#content-4": 0.922721714435993,
    "tree-x-office#abstract": 0.92118490990439,
    "the-mississippi-basin-an-operational-landscape#content-5": 0.9195983822576764,
    "the-shape-of-a-practice-online-project-environment#abstract": 0.9195541655304846,
    "white-sands#content-1": 0.9192396056642617,
    "the-lichtenberg-case#abstract": 0.918711054221543,
    "the-mississippi-basin-an-operational-landscape#content-1": 0.918126950327196,
    "xaraasi-xanne-crossing-voices#content-2": 0.9162692195484166,
    "twin-cities-artist-residency-mississippi-an-anthropocene-story#abstract": 0.9160147116889417,
    "too-little-water-the-lake-chad-story#content-1": 0.9150141124297471,
    "this-is-not-about-survival-its-about-bringing-your-coracle#abstract": 0.9137325392540577,
    "uncalculated-risk#content-2": 0.9136683607165252,
    "writing-global-histories-in-the-anthropocene#content-1": 0.9134148621946493,
    "timeslips#abstract": 0.9111451170663623,
    "understanding-the-north-american-lost-crops#abstract": 0.911089685463858,
    "uncalculated-risk#content-6": 0.9082758754895588,
    "the-maledives-case#abstract": 0.9062864848595064,
    "the-vietnamese-community-in-eastern-new-orleans#content-1": 0.9059108869644344,
    "the-shape-of-a-practice-seminars#abstract": 0.9053798507310986,
    "the-mississippi-basin-an-operational-landscape#content-3": 0.90504235628698,
    "time-and-time-again#content-1": 0.9000270780640989,
    "the-mississippi-basin-an-operational-landscape#abstract": 0.8980996896296771,
    "touring-the-anthropocenery-whos-in-charge-here-2014#abstract": 0.8949924595580996,
    "the-stories-we-tell-the-images-we-take#abstract": 0.8948048957526744,
    "walk-about-it#abstract": 0.8934159877648423,
    "xaraasi-xanne-crossing-voices#abstract": 0.8867219736141347,
    "the-rights-of-nature#abstract": 0.8802029591724905,
    "too-little-water-the-lake-chad-story#abstract": 0.875992739597361,
    "transect-walk-cahokia-mounds-to-fairmont-city#abstract": 0.8690907303162712,
    "us-southwest#content-3": 0.8687374187923677,
    "the-stories-we-tell-the-images-we-take#title": 0.8611067063254644,
    "this-is-not-about-survival-its-about-bringing-your-coracle#content-1": 0.8603562342142952,
    "uncalculated-risk#content-1": 0.857990755079528,
    "white-sands#abstract": 0.8544351687156516,
    "too-little-water-the-lake-chad-story#content-2": 0.8537568079372045,
    "time-and-time-again#subtitle": 0.8537329952806023,
    "white-sands#content-2": 0.8527545707276464,
    "us-southwest#content-2": 0.8439379878141545,
    "this-is-not-about-survival-its-about-bringing-your-coracle#title": 0.8429155687974229,
    "uncalculated-risk#content-5": 0.8427551035061754,
    "typha-the-once-and-future-planty-companion#title": 0.8413821687628167,
    "wicked-problems-and-mental-models#abstract": 0.8399597981560208,
    "the-terrestrial-is-not-the-globe#title": 0.8325016209659124,
    "the-shape-of-a-practice-online-project-environment#title": 0.8312565056894194,
    "the-shape-of-a-practice#title": 0.8303007421539406,
    "uncalculated-risk#content-7": 0.8292143456103518,
    "the-terrain-of-the-former-veb-elektrokohle-lichtenberg#content-4": 0.8253882927065409,
    "time-out-of-mind#title": 0.8245458010745846,
    "uncalculated-risk#content-3": 0.8223581009867806,
    "the-politics-of-modeling#abstract": 0.8124722569649903,
    "us-southwest#content-4": 0.806616954076318,
    "the-shape-of-a-practice-seminars#title": 0.8000387138616464,
    "the-vietnamese-community-in-eastern-new-orleans#content-2": 0.7965645426108291,
    "touring-the-anthropocenery-whos-in-charge-here-2014#title": 0.7942852997983131,
    "the-vietnamese-community-in-eastern-new-orleans#content-4": 0.7924860184455322,
    "this-is-not-about-survival-its-about-bringing-your-coracle#subtitle": 0.7887446457872361,
    "the-rights-of-nature#title": 0.7828149092963671,
    "typha-the-once-and-future-planty-companion#content-1": 0.7743997527360944,
    "the-lena-is-worthy-of-baikal-defining-remoteness-across-the-north-and-the-east#title": 0.7675561545437423,
    "times-before-and-after#title": 0.7649930146534362,
    "the-mississippi-basin-an-operational-landscape#content-2": 0.7527634556220817,
    "time-and-time-again#title": 0.7503538709421225,
    "the-maledives-case#title": 0.748352397152918,
    "walk-about-it#title": 0.7476677761692595,
    "the-shipworm-and-the-telegraph#title": 0.7460383197728233,
    "uncalculated-risk#subtitle": 0.7425701877209536,
    "the-politics-of-modeling#title": 0.7411533093793308,
    "worshipping-along-the-routes-of-migration#subtitle": 0.7371234988868741,
    "understanding-the-north-american-lost-crops#title": 0.7356533397994625,
    "transect-walk-cahokia-mounds-to-fairmont-city#content-1": 0.7312375113738776,
    "too-little-water-the-lake-chad-story#title": 0.7248424836568268,
    "wicked-problems-and-mental-models#title": 0.7172026482171494,
    "worshipping-along-the-routes-of-migration#title": 0.71408509455438,
    "understanding-the-north-american-lost-crops#content-1": 0.7081401984169431,
    "the-mississippi-basin-an-operational-landscape#content-4": 0.6922587808524339,
    "voice-and-representation#title": 0.686448242694872,
    "the-mississippi-basin-an-operational-landscape#content-6": 0.6857505453801225,
    "the-mississippi-basin-an-operational-landscape#title": 0.6655451451421532,
    "the-terrain-of-the-former-veb-elektrokohle-lichtenberg#content-2": 0.6491529446383294,
    "the-stories-we-tell-the-images-we-take#content-1": 0.6389013295189929,
    "xaraasi-xanne-crossing-voices#content-1": 0.6387820444268738,
    "writing-global-histories-in-the-anthropocene#title": 0.6339780811121425,
    "the-vietnamese-community-in-eastern-new-orleans#title": 0.6309808780917012,
    "tree-x-office#content-2": 0.6263314101610145,
    "walk-about-it#content-2": 0.6096353196828167,
    "the-shape-of-a-practice#subtitle": 0.5912098473367838,
    "ve-vm-vt-the-ideal-cosmic-messengers#title": 0.5882723145397996,
    "transect-walk-cahokia-mounds-to-fairmont-city#subtitle": 0.5774829736548728,
    "walk-about-it#subtitle": 0.5774829736548728,
    "xaraasi-xanne-crossing-voices#title": 0.5528099306174284,
    "us-southwest#title": 0.5461643471074634,