{
    "the-floating-ear#content-6": 0.9779973075751218,
    "wicked-problems-and-mental-models#content-1": 0.977375856559592,
    "the-floating-ear#content-3": 0.9751724195664944,
    "the-floating-ear#content-1": 0.9742147479930104,
    "times-before-and-after#content-1": 0.9741443800021272,
    "time-and-time-again#content-2": 0.9737870860341803,
    "the-shape-of-a-practice#abstract": 0.9671963013129031,
    "the-free-sea#content-2": 0.9666126658719816,
    "the-hyphen#content-2": 0.9665536052580435,
    "the-floating-ear#content-4": 0.965604987405797,
    "the-terrain-of-the-former-veb-elektrokohle-lichtenberg#content-3": 0.963907861429968,
    "touring-the-anthropocenery-whos-in-charge-here-2014#content-2": 0.9630511365429044,
    "walk-about-it#content-1": 0.9628938024171075,
    "the-floating-ear#content-7": 0.9620817115061829,
    "the-floating-ear#content-2": 0.9611671066334978,
    "the-stories-we-tell-the-images-we-take#content-2": 0.959993170031143,
    "voice-and-representation#content-1": 0.9599898653131451,
    "tree-x-office#content-1": 0.9588523396696984,
    "white-sands#content-3": 0.9579354960510826,
    "time-out-of-mind#content-3": 0.9572781067619993,
    "the-floating-ear#content-5": 0.9565392124102862,
    "the-hyphen#content-1": 0.9563983310779689,
    "the-mississippi-basin-an-operational-landscape#content-7": 0.9556513633191448,
    "uncalculated-risk#content-8": 0.9552919825770311,
    "time-out-of-mind#content-1": 0.9537077834605275,
    "the-four-dimensional-mississippi#content-1": 0.9536911918302617,
    "uncalculated-risk#abstract": 0.9533830117908695,
    "the-terrain-of-the-former-veb-elektrokohle-lichtenberg#content-5": 0.9519817607738387,
    "the-four-dimensional-mississippi#abstract": 0.951892908051725,
    "time-out-of-mind#content-5": 0.9518046953132798,
    "time-out-of-mind#abstract": 0.9515192897779444,
    "the-danish-text#abstract": 0.9512533762634151,
    "the-terrain-of-the-former-veb-elektrokohle-lichtenberg#content-1": 0.9506876025527631,
    "the-vietnamese-community-in-eastern-new-orleans#content-3": 0.9501844064639935,
    "the-anthropogenic-influence-onto-the-air-quality-along-the-mississippi-river-findings#content-6": 0.9495941679069283,
    "the-mississippi-basin-an-operational-landscape#content-5": 0.9482679728502291,
    "timeslips#content-2": 0.9480474749617047,
    "the-anthropogenic-influence-onto-the-air-quality-along-the-mississippi-river-findings#content-2": 0.9479862432491862,
    "too-little-water-the-lake-chad-story#content-1": 0.9478859619661301,
    "the-hyphen#abstract": 0.9475113486355026,
    "white-sands#content-1": 0.9472084789601932,
    "the-anthropogenic-influence-onto-the-air-quality-along-the-mississippi-river-findings#abstract": 0.9468559563113701,
    "uncalculated-risk#content-4": 0.9463881226600471,
    "the-lichtenberg-case#abstract": 0.9461502565957435,
    "xaraasi-xanne-crossing-voices#content-2": 0.9461179118876615,
    "the-mississippi-basin-an-operational-landscape#content-1": 0.9459089274127566,
    "writing-global-histories-in-the-anthropocene#content-1": 0.9457281888262977,
    "us-southwest#content-1": 0.9454803360996576,
    "the-confluence-area#abstract": 0.9451201358221655,
    "times-before-and-after#abstract": 0.9432619925054366,
    "uncalculated-risk#content-2": 0.9432373090522416,
    "the-anthropogenic-influence-onto-the-air-quality-along-the-mississippi-river-findings#content-8": 0.9423722036268392,
    "typha-the-once-and-future-planty-companion#abstract": 0.9408829256924109,
    "timeslips#abstract": 0.939091435271683,
    "the-shape-of-a-practice-seminars#abstract": 0.9383184014108442,
    "the-shape-of-a-practice-online-project-environment#abstract": 0.938150577800104,
    "uncalculated-risk#content-6": 0.9380245059941643,
    "the-hedge#content-2": 0.9374924199187011,
    "twin-cities-artist-residency-mississippi-an-anthropocene-story#abstract": 0.9361398936477752,
    "the-maledives-case#abstract": 0.9358242973482077,
    "the-mississippi-basin-an-operational-landscape#content-3": 0.9355678285863082,
    "tree-x-office#abstract": 0.9353231175729938,
    "the-anthropogenic-influence-onto-the-air-quality-along-the-mississippi-river-findings#content-10": 0.9349532285158032,
    "this-is-not-about-survival-its-about-bringing-your-coracle#abstract": 0.93449024278745,
    "the-vietnamese-community-in-eastern-new-orleans#content-1": 0.9343633702704508,
    "the-stories-we-tell-the-images-we-take#abstract": 0.929537055900441,
    "the-current-mississippi-an-anthropocene-river#abstract": 0.9292809148432374,
    "understanding-the-north-american-lost-crops#abstract": 0.9291195081578326,
    "walk-about-it#abstract": 0.9268003033370247,
    "time-and-time-again#content-1": 0.9250120110065274,
    "too-little-water-the-lake-chad-story#content-2": 0.9228443229115375,
    "the-mississippi-basin-an-operational-landscape#abstract": 0.9226507216806935,
    "touring-the-anthropocenery-whos-in-charge-here-2014#abstract": 0.9212863631505006,
    "xaraasi-xanne-crossing-voices#abstract": 0.9200689937833084,
    "the-rights-of-nature#abstract": 0.916261094758727,
    "too-little-water-the-lake-chad-story#abstract": 0.9155489502955878,
    "the-great-green-desert#abstract": 0.9154579383652022,
    "us-southwest#content-3": 0.9044704856646802,
    "uncalculated-risk#content-1": 0.9009596217859667,
    "the-anthropogenic-influence-onto-the-air-quality-along-the-mississippi-river-findings#content-4": 0.8989715595217688,
    "transect-walk-cahokia-mounds-to-fairmont-city#abstract": 0.8975159202532055,
    "this-is-not-about-survival-its-about-bringing-your-coracle#content-1": 0.8926103968158484,
    "the-anthropogenic-influence-onto-the-air-quality-along-the-mississippi-river-findings#content-1": 0.891676511253715,
    "white-sands#abstract": 0.8914882352826878,
    "uncalculated-risk#content-5": 0.889425015722742,
    "white-sands#content-2": 0.8877235726389323,
    "the-shape-of-a-practice-online-project-environment#title": 0.8756740487117406,
    "the-anthropogenic-influence-onto-the-air-quality-along-the-mississippi-river-findings#content-5": 0.8735549937399755,
    "the-stories-we-tell-the-images-we-take#title": 0.8723505797349136,
    "the-anthropogenic-influence-onto-the-air-quality-along-the-mississippi-river-findings#content-3": 0.8704804238870342,
    "uncalculated-risk#content-7": 0.8696771614307961,
    "uncalculated-risk#content-3": 0.8694437161704385,
    "time-and-time-again#subtitle": 0.8570631123176319,
    "the-vietnamese-community-in-eastern-new-orleans#content-2": 0.8566272877183666,
    "the-anthropogenic-influence-onto-the-air-quality-along-the-mississippi-river-findings#content-7": 0.8564128943929085,
    "time-out-of-mind#title": 0.8559573393621047,
    "the-hedge#content-3": 0.8542641703812549,
    "the-politics-of-modeling#abstract": 0.8509555709718496,
    "the-terrain-of-the-former-veb-elektrokohle-lichtenberg#content-4": 0.8509088457465674,
    "this-is-not-about-survival-its-about-bringing-your-coracle#title": 0.8495955979529929,
    "the-vietnamese-community-in-eastern-new-orleans#content-4": 0.8483365626198034,
    "wicked-problems-and-mental-models#abstract": 0.8461993028966112,
    "the-terrestrial-is-not-the-globe#title": 0.845175600093962,
    "the-anthropogenic-influence-onto-the-air-quality-along-the-mississippi-river-findings#content-9": 0.8438805639834581,
    "us-southwest#content-4": 0.8408541827199244,
    "the-fight-for-alaskas-arctic-has-just-begun#title": 0.8407198555855216,
    "typha-the-once-and-future-planty-companion#title": 0.8370345825994375,
    "the-shape-of-a-practice#title": 0.8361810397684194,
    "us-southwest#content-2": 0.8351426926322844,
    "the-mississippi-basin-an-operational-landscape#content-2": 0.8285717962341379,
    "the-shape-of-a-practice-seminars#title": 0.824346768654724,