{
    "transect-walk-cahokia-mounds-to-fairmont-city#abstract": 0.7656615612764374,
    "the-lena-is-worthy-of-baikal-defining-remoteness-across-the-north-and-the-east#title": 0.7604875121130477,
    "the-mississippi-basin-an-operational-landscape#content-1": 0.7329070919177021,
    "the-mississippi-basin-an-operational-landscape#content-2": 0.7302118988770678,
    "the-current-mississippi-an-anthropocene-river#abstract": 0.7285411578928028,
    "uncalculated-risk#content-5": 0.7232404333045995,
    "uncalculated-risk#content-6": 0.7149040567241101,
    "the-four-dimensional-mississippi#content-1": 0.7138384667767224,
    "worshipping-along-the-routes-of-migration#title": 0.7137343672092434,
    "timeslips#content-2": 0.7120086645970595,
    "the-mississippi-basin-an-operational-landscape#content-3": 0.706697315608666,
    "the-mississippi-basin-an-operational-landscape#abstract": 0.7050379721757415,
    "uncalculated-risk#content-2": 0.7044431526944009,
    "the-great-green-desert#abstract": 0.7026633919231594,
    "the-mississippi-basin-an-operational-landscape#title": 0.7018337134408781,
    "the-four-dimensional-mississippi#abstract": 0.6999754044137814,
    "time-out-of-mind#abstract": 0.6987012010579575,
    "the-vietnamese-community-in-eastern-new-orleans#content-1": 0.6950586207756986,
    "uncalculated-risk#content-7": 0.694782935304367,
    "the-terrain-of-the-former-veb-elektrokohle-lichtenberg#content-1": 0.6915240521465923,
    "white-sands#content-1": 0.6888982092318625,
    "uncalculated-risk#content-8": 0.6880124539993059,
    "uncalculated-risk#content-4": 0.6858961258566377,
    "time-out-of-mind#content-1": 0.6847062376885001,
    "too-little-water-the-lake-chad-story#content-1": 0.6816059427284572,
    "the-mississippi-basin-an-operational-landscape#content-6": 0.6801123649385439,
    "white-sands#content-3": 0.678095082203313,
    "uncalculated-risk#abstract": 0.6771429777792303,
    "time-out-of-mind#content-3": 0.674243559444867,
    "walk-about-it#abstract": 0.6738434067382775,
    "the-terrain-of-the-former-veb-elektrokohle-lichtenberg#content-3": 0.6721054186293925,
    "the-maledives-case#abstract": 0.6716862551682314,
    "this-is-not-about-survival-its-about-bringing-your-coracle#abstract": 0.6698635681103228,
    "the-vietnamese-community-in-eastern-new-orleans#content-3": 0.669548239418945,
    "the-mississippi-basin-an-operational-landscape#content-7": 0.6679768218970131,
    "timeslips#abstract": 0.6663673990412079,
    "the-mississippi-basin-an-operational-landscape#content-5": 0.665872580728013,
    "the-lichtenberg-case#abstract": 0.6632129743403705,
    "the-terrain-of-the-former-veb-elektrokohle-lichtenberg#content-5": 0.6626396834335864,
    "uncalculated-risk#content-1": 0.6614035607440671,
    "touring-the-anthropocenery-whos-in-charge-here-2014#content-2": 0.6593242173649949,
    "the-mississippi-basin-an-operational-landscape#content-4": 0.6585201840284811,
    "writing-global-histories-in-the-anthropocene#content-1": 0.6571121019805775,
    "twin-cities-artist-residency-mississippi-an-anthropocene-story#abstract": 0.6556428824695645,
    "xaraasi-xanne-crossing-voices#content-2": 0.6547382721805951,
    "typha-the-once-and-future-planty-companion#abstract": 0.6546287175990405,
    "too-little-water-the-lake-chad-story#abstract": 0.6542085707018082,
    "us-southwest#content-1": 0.6538410058768096,
    "walk-about-it#content-1": 0.6495544264322619,
    "the-shape-of-a-practice#abstract": 0.6493910847307253,
    "the-floating-ear#content-2": 0.6489720292060658,
    "the-floating-ear#content-1": 0.6481200010125143,
    "the-stories-we-tell-the-images-we-take#content-2": 0.6475229988653242,
    "the-rights-of-nature#abstract": 0.6449327881457163,
    "tree-x-office#content-1": 0.6447478675943441,
    "touring-the-anthropocenery-whos-in-charge-here-2014#abstract": 0.6443175759810964,
    "the-free-sea#content-2": 0.6433359235050247,
    "us-southwest#content-2": 0.6405413268668323,
    "time-and-time-again#content-2": 0.6378508193971139,
    "the-terrestrial-is-not-the-globe#title": 0.6364221433004222,
    "white-sands#content-2": 0.6363277396928171,
    "understanding-the-north-american-lost-crops#title": 0.6352527043870487,
    "understanding-the-north-american-lost-crops#abstract": 0.6349889549123013,
    "tree-x-office#abstract": 0.632676398308986,
    "the-shape-of-a-practice-online-project-environment#abstract": 0.6326433283217974,
    "the-floating-ear#content-4": 0.632073348359579,
    "times-before-and-after#content-1": 0.6319295465505552,
    "the-floating-ear#content-3": 0.6308835074797959,
    "uncalculated-risk#subtitle": 0.6308660766371822,
    "the-hedge#content-2": 0.6304674604125656,
    "the-danish-text#abstract": 0.6298595908063593,
    "the-shape-of-a-practice-seminars#abstract": 0.6297435721502354,
    "the-floating-ear#content-6": 0.6275912177784948,
    "understanding-the-north-american-lost-crops#content-1": 0.6263636342361207,
    "the-shipworm-and-the-telegraph#title": 0.6261859750120419,
    "the-floating-ear#content-7": 0.6256868281837109,
    "the-hyphen#content-2": 0.6252411084384527,
    "time-out-of-mind#content-5": 0.624945684365386,
    "us-southwest#content-3": 0.6228486078612157,
    "the-vietnamese-community-in-eastern-new-orleans#title": 0.6224798772976171,
    "the-shape-of-a-practice#title": 0.6173911962337064,
    "voice-and-representation#content-1": 0.6171980084460027,
    "the-current-mississippi-an-anthropocene-river#title": 0.6153888057951795,
    "us-southwest#content-4": 0.6134208117563532,
    "wicked-problems-and-mental-models#content-1": 0.61341564998217,
    "the-vietnamese-community-in-eastern-new-orleans#content-2": 0.6115965241829556,
    "the-floating-ear#content-5": 0.6103449597336966,
    "the-terrain-of-the-former-veb-elektrokohle-lichtenberg#content-4": 0.6098937029058679,
    "the-rights-of-nature#title": 0.6071762330774237,
    "the-terrain-of-the-former-veb-elektrokohle-lichtenberg#content-2": 0.6035751931317319,
    "transect-walk-cahokia-mounds-to-fairmont-city#content-1": 0.602494780768194,
    "time-out-of-mind#subtitle": 0.6021268629242451,
    "the-shape-of-a-practice-online-project-environment#title": 0.6001424316803485,
    "the-hyphen#content-1": 0.6000988622234517,
    "us-southwest#title": 0.5991917135439508,
    "the-hyphen#abstract": 0.5983057761079281,
    "the-stories-we-tell-the-images-we-take#abstract": 0.597350742819443,
    "the-great-green-desert#title": 0.5970294825743244,
    "xaraasi-xanne-crossing-voices#abstract": 0.5944635095996557,
    "too-little-water-the-lake-chad-story#title": 0.5921804698307667,
    "times-before-and-after#abstract": 0.5908945515914656,
    "time-and-time-again#subtitle": 0.5825358865627607,
    "the-fight-for-alaskas-arctic-has-just-begun#title": 0.5772458720820507,
    "the-terrain-of-the-former-veb-elektrokohle-lichtenberg#title": 0.5748461257948729,
    "the-stories-we-tell-the-images-we-take#title": 0.5747137379846566,
    "the-politics-of-modeling#title": 0.5737205335366637,
    "the-maledives-case#title": 0.5735378448527424,
    "uncalculated-risk#content-3": 0.5687312296789871,
    "the-politics-of-modeling#abstract": 0.5641205926917691,
    "the-shape-of-a-practice-seminars#title": 0.5628965668758441,
    "the-free-sea#title": 0.5597390042456675,
    "the-free-sea-2#title": 0.5597390042456675,
    "time-and-time-again#content-1": 0.5483112651198364,
    "typha-the-once-and-future-planty-companion#title": 0.5459720893264118,
    "time-out-of-mind#title": 0.5420164451684607,
    "the-hedge#content-3": 0.5413059753786171,
    "typha-the-once-and-future-planty-companion#content-1": 0.5404347339780743,
    "walk-about-it#title": 0.5396756242953056,
    "the-floating-ear#title": 0.5376070148893073,
    "this-is-not-about-survival-its-about-bringing-your-coracle#title": 0.5354734886458562,
    "too-little-water-the-lake-chad-story#content-2": 0.5333177963002024,