{
    "the-stories-we-tell-the-images-we-take#content-2": 0.9362905016700661,
    "the-aerocene-campus#content-9": 0.9344154123799804,
    "the-anthropocene-and-our-post-natural-future-2#abstract": 0.926830006777264,
    "voice-and-representation#content-1": 0.9260520413226822,
    "uncalculated-risk#abstract": 0.925220360322819,
    "the-shape-of-a-practice#abstract": 0.9235703847284542,
    "the-american-bottom#abstract": 0.9233751009052119,
    "the-floating-ear#content-1": 0.9229111020737756,
    "the-lichtenberg-case#abstract": 0.9225132931473254,
    "time-and-time-again#content-2": 0.9219971477488459,
    "the-floating-ear#content-6": 0.9219926367326557,
    "the-confluence-area#abstract": 0.9209816152109562,
    "tree-x-office#content-1": 0.9207524904206797,
    "writing-global-histories-in-the-anthropocene#content-1": 0.9203236011519844,
    "the-anthropocene-in-light-of-biological-feedback#content-10": 0.9199420611080175,
    "the-free-sea#content-2": 0.9182556502656745,
    "times-before-and-after#content-1": 0.9182518807645432,
    "the-floating-ear#content-7": 0.9179713302741881,
    "walk-about-it#content-1": 0.9167615736276358,
    "the-vietnamese-community-in-eastern-new-orleans#content-3": 0.9165733343681444,
    "xaraasi-xanne-crossing-voices#content-2": 0.9164991624853353,
    "touring-the-anthropocenery-whos-in-charge-here-2014#content-2": 0.9164491706545247,
    "uncalculated-risk#content-8": 0.9159001315949709,
    "the-floating-ear#content-3": 0.9155864891861356,
    "time-out-of-mind#content-3": 0.9155763454054527,
    "the-mississippi-basin-an-operational-landscape#content-7": 0.9152104326232333,
    "the-floating-ear#content-4": 0.914626736281996,
    "the-terrain-of-the-former-veb-elektrokohle-lichtenberg#content-5": 0.9135946984374683,
    "the-anthropocene-in-light-of-biological-feedback#content-9": 0.9133646520807903,
    "wicked-problems-and-mental-models#content-1": 0.9130102841920166,
    "time-out-of-mind#abstract": 0.9129910940497211,
    "white-sands#content-3": 0.9127211275049067,
    "uncalculated-risk#content-4": 0.9120300174426166,
    "the-hyphen#content-2": 0.9106429594347557,
    "the-shape-of-a-practice-seminars#abstract": 0.9083578461368267,
    "the-danish-text#abstract": 0.908293239924295,
    "too-little-water-the-lake-chad-story#content-1": 0.9082056171384082,
    "the-terrain-of-the-former-veb-elektrokohle-lichtenberg#content-3": 0.9076410667141933,
    "twin-cities-artist-residency-mississippi-an-anthropocene-story#abstract": 0.9071634380493614,
    "uncalculated-risk#content-2": 0.9070904350379689,
    "the-hedge#content-2": 0.9063154140705699,
    "time-out-of-mind#content-1": 0.906224563643168,
    "the-floating-ear#content-5": 0.906099354895909,
    "timeslips#abstract": 0.9049770626345717,
    "the-anthropocene-in-light-of-biological-feedback#content-4": 0.904086810671261,
    "the-anthropocene-in-light-of-biological-feedback#content-3": 0.9038815619129795,
    "time-out-of-mind#content-5": 0.903019481289443,
    "the-current-mississippi-an-anthropocene-river#abstract": 0.9027377589190568,
    "the-anthropocene-in-light-of-biological-feedback#abstract": 0.9023530601084744,
    "the-stories-we-tell-the-images-we-take#abstract": 0.9022898738828573,
    "the-terrain-of-the-former-veb-elektrokohle-lichtenberg#content-1": 0.901203938929341,
    "timeslips#content-2": 0.9012012372877862,
    "the-vietnamese-community-in-eastern-new-orleans#content-1": 0.899861836579319,
    "the-shape-of-a-practice-online-project-environment#abstract": 0.8997732180403147,
    "the-hyphen#abstract": 0.8988057997287829,
    "us-southwest#content-3": 0.8986676364894949,
    "the-floating-ear#content-2": 0.8981838460674776,
    "typha-the-once-and-future-planty-companion#abstract": 0.897872926664566,
    "the-four-dimensional-mississippi#content-1": 0.8975110355806138,
    "the-anthropogenic-influence-onto-the-air-quality-along-the-mississippi-river-findings#abstract": 0.8973845254621134,
    "uncalculated-risk#content-6": 0.8972880486775492,
    "white-sands#content-1": 0.8969371980725211,
    "this-is-not-about-survival-its-about-bringing-your-coracle#abstract": 0.8960321228461886,
    "the-four-dimensional-mississippi#abstract": 0.8958444099546595,
    "the-mississippi-basin-an-operational-landscape#content-1": 0.8947876330720097,
    "the-mississippi-basin-an-operational-landscape#abstract": 0.8933339457554906,
    "us-southwest#content-1": 0.8929658444328804,
    "the-mississippi-basin-an-operational-landscape#content-5": 0.8921878916859687,
    "the-anthropocene-in-light-of-biological-feedback#content-2": 0.891113168253901,
    "the-maledives-case#abstract": 0.8895186733226051,
    "walk-about-it#abstract": 0.8894130242102526,
    "tree-x-office#abstract": 0.8886182745963848,
    "times-before-and-after#abstract": 0.8867339534814049,
    "the-anthropocene-in-light-of-biological-feedback#content-1": 0.8856615471471435,
    "the-hyphen#content-1": 0.8847909196175072,
    "too-little-water-the-lake-chad-story#abstract": 0.8846197344897528,
    "the-anthropocene-in-light-of-biological-feedback#content-7": 0.884517508505638,
    "the-mississippi-basin-an-operational-landscape#content-3": 0.8834074284790325,
    "time-and-time-again#content-1": 0.8833762860329498,
    "touring-the-anthropocenery-whos-in-charge-here-2014#abstract": 0.8828078960956894,
    "transect-walk-cahokia-mounds-to-fairmont-city#abstract": 0.8820631325665411,
    "understanding-the-north-american-lost-crops#abstract": 0.8811672980925779,
    "the-rights-of-nature#abstract": 0.878628331884622,
    "the-great-green-desert#abstract": 0.8772511104328549,
    "white-sands#content-2": 0.8737985199196083,
    "uncalculated-risk#content-5": 0.8734463070555939,
    "xaraasi-xanne-crossing-voices#abstract": 0.8726284135563749,
    "the-anthropogenic-influence-onto-the-air-quality-along-the-mississippi-river-findings#content-2": 0.8718573643217301,
    "the-anthropocene-in-light-of-biological-feedback#content-8": 0.870534460837642,
    "the-anthropogenic-influence-onto-the-air-quality-along-the-mississippi-river-findings#content-6": 0.8698187874352166,
    "the-anthropogenic-influence-onto-the-air-quality-along-the-mississippi-river-findings#content-8": 0.8623392975471444,
    "too-little-water-the-lake-chad-story#content-2": 0.8611494464231477,
    "the-hedge#content-3": 0.8597108642275717,
    "the-anthropogenic-influence-onto-the-air-quality-along-the-mississippi-river-findings#content-10": 0.855813109361356,
    "time-and-time-again#subtitle": 0.8541918012551462,
    "white-sands#abstract": 0.8519767311615888,
    "this-is-not-about-survival-its-about-bringing-your-coracle#content-1": 0.8519455350322348,
    "uncalculated-risk#content-1": 0.8508083252094153,
    "uncalculated-risk#content-7": 0.8475844782876607,
    "the-anthropocene-in-light-of-biological-feedback#content-6": 0.8472193850344695,
    "the-stories-we-tell-the-images-we-take#title": 0.8378041144019894,
    "the-anthropogenic-influence-onto-the-air-quality-along-the-mississippi-river-findings#content-1": 0.8342740102027111,
    "uncalculated-risk#content-3": 0.8283426580395633,
    "the-vietnamese-community-in-eastern-new-orleans#content-4": 0.8272027255796653,
    "the-politics-of-modeling#abstract": 0.8267137140685086,
    "the-vietnamese-community-in-eastern-new-orleans#content-2": 0.8237070935359794,
    "the-anthropogenic-influence-onto-the-air-quality-along-the-mississippi-river-findings#content-4": 0.8223388885154287,
    "time-out-of-mind#title": 0.8197479247080237,
    "the-shape-of-a-practice-online-project-environment#title": 0.8193080820818746,
    "typha-the-once-and-future-planty-companion#content-1": 0.8185721425399943,
    "typha-the-once-and-future-planty-companion#title": 0.8168026320255838,
    "the-terrain-of-the-former-veb-elektrokohle-lichtenberg#content-4": 0.814610716191792,
    "the-fight-for-alaskas-arctic-has-just-begun#title": 0.8130650427554796,