{
    "xaraasi-xanne-crossing-voices#content-2": 0.6291543660732648,
    "walk-about-it#content-1": 0.6176849949411853,
    "white-sands#abstract": 0.6163853528616556,
    "the-hyphen#content-2": 0.6152868954992218,
    "the-stories-we-tell-the-images-we-take#abstract": 0.612561533509443,
    "touring-the-anthropocenery-whos-in-charge-here-2014#content-2": 0.6104808489678626,
    "the-rights-of-nature#abstract": 0.6093518598073301,
    "the-floating-ear#content-6": 0.607808356642574,
    "the-four-dimensional-mississippi#abstract": 0.6050684442589157,
    "the-terrain-of-the-former-veb-elektrokohle-lichtenberg#content-5": 0.6050473166113273,
    "xaraasi-xanne-crossing-voices#abstract": 0.6050231621532288,
    "voice-and-representation#content-1": 0.6038588736782116,
    "the-lichtenberg-case#abstract": 0.6032385696882839,
    "the-stories-we-tell-the-images-we-take#content-2": 0.6030987914521716,
    "time-and-time-again#content-2": 0.6019421226362163,
    "time-out-of-mind#content-5": 0.6006776176831241,
    "the-free-sea#content-2": 0.6006661777633409,
    "the-terrain-of-the-former-veb-elektrokohle-lichtenberg#content-1": 0.6000837444552971,
    "the-terrain-of-the-former-veb-elektrokohle-lichtenberg#content-3": 0.5997079267622293,
    "the-floating-ear#content-2": 0.5982331275089185,
    "writing-global-histories-in-the-anthropocene#content-1": 0.5975860303880052,
    "times-before-and-after#content-1": 0.5967516788864353,
    "the-floating-ear#content-1": 0.5967241929673757,
    "uncalculated-risk#content-5": 0.5964339942016559,
    "typha-the-once-and-future-planty-companion#abstract": 0.5961171506026758,
    "timeslips#content-2": 0.5957140356628678,
    "twin-cities-artist-residency-mississippi-an-anthropocene-story#abstract": 0.5951373904209258,
    "the-vietnamese-community-in-eastern-new-orleans#content-1": 0.5950497741495594,
    "the-mississippi-basin-an-operational-landscape#abstract": 0.5948421708062434,
    "touring-the-anthropocenery-whos-in-charge-here-2014#abstract": 0.5948332009771916,
    "time-out-of-mind#abstract": 0.5946633239432859,
    "the-shipworm-and-the-telegraph#title": 0.5946149453772442,
    "uncalculated-risk#content-1": 0.5930396247305538,
    "time-out-of-mind#content-3": 0.5923746773679157,
    "the-shape-of-a-practice-online-project-environment#title": 0.5911223825600123,
    "the-stories-we-tell-the-images-we-take#title": 0.5899316575264919,
    "uncalculated-risk#content-6": 0.5895631640510691,
    "the-hyphen#abstract": 0.5891747203985278,
    "the-floating-ear#content-3": 0.58839558915019,
    "uncalculated-risk#content-4": 0.5880926934228562,
    "the-vietnamese-community-in-eastern-new-orleans#content-2": 0.5879443193118206,
    "the-floating-ear#content-7": 0.5876509813305342,
    "us-southwest#content-1": 0.5876281688471442,
    "the-great-green-desert#abstract": 0.5867587261290114,
    "wicked-problems-and-mental-models#content-1": 0.5864043962529917,
    "white-sands#content-3": 0.5863380301355822,
    "tree-x-office#content-1": 0.5857481319655347,
    "timeslips#abstract": 0.5856047817987676,
    "the-shape-of-a-practice-online-project-environment#abstract": 0.5850324555451476,
    "uncalculated-risk#content-3": 0.5849477818610144,
    "typha-the-once-and-future-planty-companion#content-1": 0.584801472111796,
    "the-shape-of-a-practice#title": 0.584715714562253,
    "transect-walk-cahokia-mounds-to-fairmont-city#abstract": 0.5842496407240982,
    "walk-about-it#abstract": 0.5836496231100159,
    "uncalculated-risk#abstract": 0.5831800149615448,
    "white-sands#content-2": 0.5831169566176753,
    "the-hedge#content-2": 0.5831080682320122,
    "white-sands#content-1": 0.58184907372417,
    "the-four-dimensional-mississippi#content-1": 0.5808894954889187,
    "uncalculated-risk#content-8": 0.5808560947805756,
    "the-vietnamese-community-in-eastern-new-orleans#content-3": 0.5805951879351796,
    "time-and-time-again#content-1": 0.580538566343243,
    "time-out-of-mind#content-1": 0.5802260800691315,
    "uncalculated-risk#content-2": 0.5801254783062264,
    "the-hyphen#content-1": 0.5794149833377296,
    "the-shape-of-a-practice#abstract": 0.5791128762888408,
    "the-shape-of-a-practice-seminars#abstract": 0.5783814462983049,
    "the-floating-ear#content-4": 0.5780705008331842,
    "the-floating-ear#content-5": 0.5776930778776378,
    "times-before-and-after#abstract": 0.5773749347151901,
    "the-mississippi-basin-an-operational-landscape#content-1": 0.5766250582957246,
    "the-maledives-case#abstract": 0.576432162733665,
    "the-politics-of-modeling#abstract": 0.5756844114342365,
    "the-mississippi-basin-an-operational-landscape#content-7": 0.5728276046966565,
    "tree-x-office#abstract": 0.5706406301638826,
    "this-is-not-about-survival-its-about-bringing-your-coracle#abstract": 0.5692561582347271,
    "the-terrain-of-the-former-veb-elektrokohle-lichtenberg#content-2": 0.56893682844748,
    "this-is-not-about-survival-its-about-bringing-your-coracle#content-1": 0.567025453832916,
    "the-vietnamese-community-in-eastern-new-orleans#title": 0.5668474150344354,
    "uncalculated-risk#content-7": 0.5665275390142632,
    "the-free-sea#title": 0.5635045744049209,
    "the-free-sea-2#title": 0.5635045744049209,
    "uncalculated-risk#subtitle": 0.5612998325587295,
    "the-terrestrial-is-not-the-globe#title": 0.5591549407357786,
    "the-maledives-case#title": 0.5586003302771525,
    "time-and-time-again#subtitle": 0.5584095615673126,
    "the-lena-is-worthy-of-baikal-defining-remoteness-across-the-north-and-the-east#title": 0.5576590124958591,
    "us-southwest#content-3": 0.5574604447318728,
    "understanding-the-north-american-lost-crops#abstract": 0.5556426258861706,
    "the-shape-of-a-practice-seminars#title": 0.55407698115949,
    "the-mississippi-basin-an-operational-landscape#content-5": 0.5510067301175707,
    "understanding-the-north-american-lost-crops#title": 0.5499697118291565,
    "the-mississippi-basin-an-operational-landscape#content-3": 0.5493750880487178,
    "too-little-water-the-lake-chad-story#content-1": 0.5466100538411028,
    "the-hedge#content-3": 0.5454921384542072,
    "us-southwest#content-2": 0.5449175764752395,
    "the-vietnamese-community-in-eastern-new-orleans#content-4": 0.5411379697080688,
    "too-little-water-the-lake-chad-story#title": 0.5357256205804418,
    "the-politics-of-modeling#title": 0.5323249775001883,
    "the-fight-for-alaskas-arctic-has-just-begun#title": 0.5289201681147555,
    "writing-global-histories-in-the-anthropocene#title": 0.5270108565056746,
    "the-mississippi-basin-an-operational-landscape#content-2": 0.5250629492631724,
    "too-little-water-the-lake-chad-story#abstract": 0.5238472272350594,
    "the-rights-of-nature#title": 0.5230926396628397,
    "the-mississippi-basin-an-operational-landscape#content-6": 0.520020298884356,
    "the-great-green-desert#title": 0.5170269545642222,
    "tree-x-office#content-2": 0.5140305567178306,
    "too-little-water-the-lake-chad-story#content-2": 0.5122291222753887,
    "time-out-of-mind#title": 0.5116513362927995,
    "the-mississippi-basin-an-operational-landscape#content-4": 0.5048242047989875,
    "typha-the-once-and-future-planty-companion#title": 0.5005937281667268,
    "this-is-not-about-survival-its-about-bringing-your-coracle#subtitle": 0.4968293133969365,
    "this-is-not-about-survival-its-about-bringing-your-coracle#title": 0.4950116343818855,
    "the-terrain-of-the-former-veb-elektrokohle-lichtenberg#content-4": 0.4949443949438675,
    "the-hyphen#title": 0.49118355969944477,
    "worshipping-along-the-routes-of-migration#title": 0.49037864161622763,
    "us-southwest#content-4": 0.4880852636964192,
    "the-floating-ear#title": 0.4851942376549851,
    "the-lichtenberg-case-2#content-1": 0.4838316082090859,
    "voice-and-representation#title": 0.48325064156494646,
    "the-mississippi-basin-an-operational-landscape#title": 0.4819296825454357,