{
    "the-anthropogenic-influence-onto-the-air-quality-along-the-mississippi-river-findings#content-5": 0.9815440967258761,
    "the-anthropogenic-influence-onto-the-air-quality-along-the-mississippi-river-findings#content-7": 0.9395344902597912,
    "the-anthropogenic-influence-onto-the-air-quality-along-the-mississippi-river-findings#content-6": 0.9273972682706556,
    "the-anthropogenic-influence-onto-the-air-quality-along-the-mississippi-river-findings#content-9": 0.9268509503866093,
    "the-anthropogenic-influence-onto-the-air-quality-along-the-mississippi-river-findings#content-8": 0.914266795891899,
    "the-anthropogenic-influence-onto-the-air-quality-along-the-mississippi-river-findings#content-4": 0.9048842989581121,
    "the-mississippi-basin-an-operational-landscape#content-3": 0.9002574964456592,
    "the-four-dimensional-mississippi#content-1": 0.8823240699154604,
    "the-mississippi-basin-an-operational-landscape#content-1": 0.8819075697207769,
    "the-mississippi-basin-an-operational-landscape#content-5": 0.8753429033140373,
    "white-sands#content-1": 0.8636760399928288,
    "the-danish-text#abstract": 0.859916982470974,
    "uncalculated-risk#content-6": 0.8584137741475126,
    "uncalculated-risk#content-1": 0.8570501015549773,
    "uncalculated-risk#content-2": 0.8559535891250963,
    "uncalculated-risk#content-8": 0.8556248004862889,
    "white-sands#content-3": 0.8528911952650187,
    "us-southwest#content-1": 0.8503952110477169,
    "timeslips#content-2": 0.8503355994592484,
    "the-terrain-of-the-former-veb-elektrokohle-lichtenberg#content-1": 0.8497329201856856,
    "too-little-water-the-lake-chad-story#content-1": 0.848558646767114,
    "too-little-water-the-lake-chad-story#abstract": 0.8470738166001015,
    "the-mississippi-basin-an-operational-landscape#content-7": 0.8457202967802758,
    "the-vietnamese-community-in-eastern-new-orleans#content-1": 0.844676964755843,
    "time-out-of-mind#content-1": 0.8445473245323172,
    "the-four-dimensional-mississippi#abstract": 0.8427702987783615,
    "the-floating-ear#content-5": 0.8414180289673178,
    "the-floating-ear#content-3": 0.8407307934581405,
    "the-floating-ear#content-1": 0.8405074255511278,
    "uncalculated-risk#content-4": 0.8401888754325796,
    "the-terrain-of-the-former-veb-elektrokohle-lichtenberg#content-3": 0.8397700191698407,
    "uncalculated-risk#abstract": 0.839744935272841,
    "the-vietnamese-community-in-eastern-new-orleans#content-3": 0.8383934690720974,
    "the-stories-we-tell-the-images-we-take#content-2": 0.8382567785300453,
    "the-mississippi-basin-an-operational-landscape#content-2": 0.8375818051510862,
    "uncalculated-risk#content-5": 0.8372641476961206,
    "the-current-mississippi-an-anthropocene-river#abstract": 0.837060990111105,
    "wicked-problems-and-mental-models#content-1": 0.8365944355503087,
    "the-shape-of-a-practice#abstract": 0.8346326972747473,
    "tree-x-office#content-1": 0.8343046259895945,
    "time-out-of-mind#abstract": 0.8341247608256381,
    "tree-x-office#abstract": 0.8330028391545866,
    "the-terrain-of-the-former-veb-elektrokohle-lichtenberg#content-5": 0.8321260282616537,
    "this-is-not-about-survival-its-about-bringing-your-coracle#abstract": 0.831324332364894,
    "too-little-water-the-lake-chad-story#content-2": 0.8312746453773809,
    "the-maledives-case#abstract": 0.8311810699124799,
    "the-floating-ear#content-4": 0.8308402552035251,
    "the-vietnamese-community-in-eastern-new-orleans#content-2": 0.8293880589973128,
    "xaraasi-xanne-crossing-voices#content-2": 0.8279274712764445,
    "the-great-green-desert#abstract": 0.8278146958135745,
    "uncalculated-risk#content-7": 0.8277274716393821,
    "the-floating-ear#content-6": 0.8276419586156682,
    "the-floating-ear#content-2": 0.826940629683079,
    "the-free-sea#content-2": 0.8269143042932604,
    "the-confluence-area#abstract": 0.8262947587053493,
    "time-out-of-mind#content-3": 0.8258396780691217,
    "time-and-time-again#content-2": 0.8248000877930572,
    "the-lichtenberg-case#abstract": 0.8237571198280018,
    "the-hyphen#content-2": 0.8232966491950178,
    "times-before-and-after#content-1": 0.8225263464152766,
    "the-shape-of-a-practice-seminars#abstract": 0.8213790464196976,
    "timeslips#abstract": 0.8193408997563747,
    "typha-the-once-and-future-planty-companion#abstract": 0.8164794053584193,
    "transect-walk-cahokia-mounds-to-fairmont-city#abstract": 0.8155775921269609,
    "white-sands#content-2": 0.8142518609680279,
    "the-floating-ear#content-7": 0.8140428298459449,
    "touring-the-anthropocenery-whos-in-charge-here-2014#content-2": 0.8138122102132634,
    "the-anthropogenic-influence-onto-the-air-quality-along-the-mississippi-river-findings#title": 0.8135010156138868,
    "us-southwest#content-3": 0.8127537989644859,
    "writing-global-histories-in-the-anthropocene#content-1": 0.8113077908101501,
    "understanding-the-north-american-lost-crops#abstract": 0.8102179736380017,
    "xaraasi-xanne-crossing-voices#abstract": 0.8100953145898805,
    "uncalculated-risk#content-3": 0.808685850355419,
    "the-stories-we-tell-the-images-we-take#abstract": 0.808316619286577,
    "twin-cities-artist-residency-mississippi-an-anthropocene-story#abstract": 0.8077487197965586,
    "the-hedge#content-2": 0.8076771477996236,
    "walk-about-it#content-1": 0.8064711806586196,
    "the-mississippi-basin-an-operational-landscape#abstract": 0.8047161681150369,
    "voice-and-representation#content-1": 0.803232945782423,
    "time-out-of-mind#content-5": 0.8024112328167152,
    "us-southwest#content-4": 0.8012704415713533,
    "walk-about-it#abstract": 0.7985343101902258,
    "times-before-and-after#abstract": 0.7979748467545434,
    "the-shape-of-a-practice-online-project-environment#abstract": 0.7967446801035838,
    "touring-the-anthropocenery-whos-in-charge-here-2014#abstract": 0.7966481558590198,
    "the-hyphen#content-1": 0.7965226396969695,
    "the-rights-of-nature#abstract": 0.7901360776742811,
    "the-mississippi-basin-an-operational-landscape#content-6": 0.7894914125949328,
    "the-hyphen#abstract": 0.7882174066973047,
    "the-mississippi-basin-an-operational-landscape#content-4": 0.7866173039400087,
    "time-and-time-again#content-1": 0.7857434061293512,
    "white-sands#abstract": 0.7754600751173687,
    "time-and-time-again#title": 0.770551312549474,
    "the-hedge#content-3": 0.7668410741604894,
    "the-terrain-of-the-former-veb-elektrokohle-lichtenberg#content-4": 0.7583984338235367,
    "the-shape-of-a-practice-online-project-environment#title": 0.7521733592667452,
    "this-is-not-about-survival-its-about-bringing-your-coracle#subtitle": 0.7474597732387551,
    "the-vietnamese-community-in-eastern-new-orleans#content-4": 0.746934690680878,
    "the-terrestrial-is-not-the-globe#title": 0.744981835770881,
    "the-politics-of-modeling#abstract": 0.7363761636784266,
    "the-shape-of-a-practice#title": 0.725078935785259,
    "the-fight-for-alaskas-arctic-has-just-begun#title": 0.7238524299467878,
    "the-mississippi-basin-an-operational-landscape#title": 0.7222511690064649,
    "understanding-the-north-american-lost-crops#title": 0.7218797762935751,
    "this-is-not-about-survival-its-about-bringing-your-coracle#content-1": 0.7201637083785966,
    "the-stories-we-tell-the-images-we-take#title": 0.7196033688127877,
    "touring-the-anthropocenery-whos-in-charge-here-2014#title": 0.7193344673940693,
    "typha-the-once-and-future-planty-companion#content-1": 0.7188319305477558,
    "us-southwest#content-2": 0.7187847077443897,
    "the-shape-of-a-practice-seminars#title": 0.7174623732215448,
    "times-before-and-after#title": 0.7164588200375893,
    "understanding-the-north-american-lost-crops#content-1": 0.7157902055845324,
    "time-out-of-mind#title": 0.7154083560089186,