{
    "the-mississippi-basin-an-operational-landscape#title": 0.8166254208258671,
    "twin-cities-artist-residency-mississippi-an-anthropocene-story#title": 0.7915983007260863,
    "transect-walk-cahokia-mounds-to-fairmont-city#abstract": 0.7702965091105782,
    "the-mississippi-basin-an-operational-landscape#abstract": 0.7495831454997007,
    "the-four-dimensional-mississippi#abstract": 0.7385342052856193,
    "uncalculated-risk#content-5": 0.7356407538275627,
    "uncalculated-risk#content-7": 0.7337983369340791,
    "us-southwest#content-3": 0.7310935318905794,
    "the-four-dimensional-mississippi#content-1": 0.7307401258923352,
    "the-vietnamese-community-in-eastern-new-orleans#content-4": 0.7306087985180408,
    "uncalculated-risk#content-2": 0.7295801925362728,
    "timeslips#content-2": 0.7240245219657951,
    "the-mississippi-basin-an-operational-landscape#content-1": 0.7236629483999919,
    "the-vietnamese-community-in-eastern-new-orleans#content-1": 0.7232727834726551,
    "time-out-of-mind#content-1": 0.7217991392569343,
    "the-rights-of-nature#abstract": 0.7214462707498666,
    "time-out-of-mind#abstract": 0.7201966761221567,
    "uncalculated-risk#content-6": 0.7201062006907479,
    "timeslips#abstract": 0.7181454062573118,
    "the-great-green-desert#abstract": 0.7174742338410074,
    "this-is-not-about-survival-its-about-bringing-your-coracle#abstract": 0.7174020976736923,
    "uncalculated-risk#content-8": 0.7155651705425805,
    "the-vietnamese-community-in-eastern-new-orleans#content-2": 0.7150529427983987,
    "white-sands#content-2": 0.7144025781397871,
    "too-little-water-the-lake-chad-story#title": 0.7123225220109545,
    "touring-the-anthropocenery-whos-in-charge-here-2014#content-2": 0.7122833637225565,
    "white-sands#content-3": 0.7115287697071134,
    "time-out-of-mind#content-3": 0.7112729869676402,
    "uncalculated-risk#content-1": 0.710586323297447,
    "the-stories-we-tell-the-images-we-take#content-2": 0.709637902625611,
    "the-lena-is-worthy-of-baikal-defining-remoteness-across-the-north-and-the-east#title": 0.7090595876702258,
    "white-sands#content-1": 0.7089030820747338,
    "the-maledives-case#abstract": 0.708654045797124,
    "the-vietnamese-community-in-eastern-new-orleans#content-3": 0.707633348371075,
    "us-southwest#content-1": 0.7074523069321537,
    "the-mississippi-basin-an-operational-landscape#content-2": 0.7074241878104529,
    "uncalculated-risk#content-4": 0.7037091653195878,
    "the-mississippi-basin-an-operational-landscape#content-6": 0.7026317799336097,
    "times-before-and-after#abstract": 0.70194596786029,
    "too-little-water-the-lake-chad-story#abstract": 0.6990397232088726,
    "walk-about-it#content-1": 0.6986053485681252,
    "the-lichtenberg-case#abstract": 0.6980846923086533,
    "writing-global-histories-in-the-anthropocene#content-1": 0.697615458794127,
    "the-mississippi-basin-an-operational-landscape#content-4": 0.6961533255750585,
    "touring-the-anthropocenery-whos-in-charge-here-2014#abstract": 0.696080866865502,
    "writing-global-histories-in-the-anthropocene#title": 0.6958031149367518,
    "the-mississippi-basin-an-operational-landscape#content-3": 0.695685901821885,
    "time-and-time-again#content-2": 0.6933173831074989,
    "tree-x-office#content-1": 0.6904378841850161,
    "uncalculated-risk#abstract": 0.6902944510772463,
    "the-terrain-of-the-former-veb-elektrokohle-lichtenberg#content-1": 0.690166885525892,
    "the-terrain-of-the-former-veb-elektrokohle-lichtenberg#content-5": 0.6893409607722176,
    "too-little-water-the-lake-chad-story#content-1": 0.6891169103202689,
    "xaraasi-xanne-crossing-voices#content-2": 0.6888825102039462,
    "uncalculated-risk#subtitle": 0.6880947825016169,
    "the-terrain-of-the-former-veb-elektrokohle-lichtenberg#content-3": 0.6873810722988665,
    "the-floating-ear#content-2": 0.6870290131500467,
    "the-shape-of-a-practice#abstract": 0.6869425118139417,
    "understanding-the-north-american-lost-crops#title": 0.6859174802798491,
    "the-floating-ear#content-6": 0.6855420204716081,
    "the-danish-text#abstract": 0.6846772470588983,
    "tree-x-office#abstract": 0.6834779392413582,
    "the-hyphen#content-2": 0.6810788403545025,
    "the-free-sea#content-2": 0.6798026298399688,
    "the-mississippi-basin-an-operational-landscape#content-5": 0.679558210810589,
    "times-before-and-after#content-1": 0.6790419265034585,
    "the-mississippi-basin-an-operational-landscape#content-7": 0.6784345372725742,
    "the-floating-ear#content-3": 0.6780714081400663,
    "typha-the-once-and-future-planty-companion#content-1": 0.6771294680441566,
    "too-little-water-the-lake-chad-story#content-2": 0.6770863596349437,
    "the-shape-of-a-practice#subtitle": 0.6761903833649224,
    "the-stories-we-tell-the-images-we-take#abstract": 0.6758859850161149,
    "walk-about-it#abstract": 0.6755120378236891,
    "the-shape-of-a-practice-online-project-environment#title": 0.6753161272361142,
    "the-floating-ear#content-1": 0.6747715348336901,
    "the-floating-ear#content-4": 0.6741082940766372,
    "typha-the-once-and-future-planty-companion#abstract": 0.6729924810731739,
    "voice-and-representation#content-1": 0.6729633484476636,
    "time-and-time-again#content-1": 0.6712030033362424,
    "time-out-of-mind#content-5": 0.6697257513540489,
    "the-vietnamese-community-in-eastern-new-orleans#title": 0.6696327556918577,
    "tree-x-office#content-2": 0.6687522901471662,
    "uncalculated-risk#content-3": 0.6681957853776044,
    "the-shape-of-a-practice-seminars#abstract": 0.6670275945231227,
    "white-sands#abstract": 0.6629915745660429,
    "the-floating-ear#content-7": 0.6607088630655132,
    "us-southwest#content-4": 0.6601125888722664,
    "the-hyphen#abstract": 0.6595862287586934,
    "twin-cities-artist-residency-mississippi-an-anthropocene-story#abstract": 0.6595447968292127,
    "the-shape-of-a-practice-online-project-environment#abstract": 0.657373045580604,
    "wicked-problems-and-mental-models#content-1": 0.6572835572139418,
    "understanding-the-north-american-lost-crops#abstract": 0.6566615269157942,
    "the-hedge#content-2": 0.6528324408229178,
    "this-is-not-about-survival-its-about-bringing-your-coracle#content-1": 0.6523194151407439,
    "the-terrain-of-the-former-veb-elektrokohle-lichtenberg#content-4": 0.6520660732796111,
    "the-shipworm-and-the-telegraph#title": 0.6447328900873524,
    "the-terrestrial-is-not-the-globe#title": 0.6439540215205201,
    "xaraasi-xanne-crossing-voices#abstract": 0.641142313302898,
    "the-hyphen#content-1": 0.6378811708986947,
    "the-floating-ear#content-5": 0.6375714062178145,
    "time-and-time-again#subtitle": 0.6324410487480637,
    "us-southwest#content-2": 0.6300728914295693,
    "the-four-dimensional-mississippi#title": 0.6285886946154664,
    "the-free-sea#title": 0.6282716334809049,
    "the-free-sea-2#title": 0.6282716334809049,
    "the-politics-of-modeling#title": 0.6258008376564085,
    "the-fight-for-alaskas-arctic-has-just-begun#title": 0.6255230325388871,
    "the-politics-of-modeling#abstract": 0.6193189523312983,
    "touring-the-anthropocenery-whos-in-charge-here-2014#title": 0.6186144228436784,
    "the-terrain-of-the-former-veb-elektrokohle-lichtenberg#content-2": 0.6185282053915632,
    "the-shape-of-a-practice-seminars#title": 0.6162954790428371,
    "transect-walk-cahokia-mounds-to-fairmont-city#content-1": 0.6159752699800021,
    "walk-about-it#content-2": 0.6119943291697203,
    "the-hedge#content-3": 0.6117159115140403,
    "the-rights-of-nature#title": 0.6104365431333061,
    "the-shape-of-a-practice#title": 0.6095440297950583,
    "understanding-the-north-american-lost-crops#content-1": 0.6057313832303591,
    "time-out-of-mind#title": 0.6006966634578985,
    "the-stories-we-tell-the-images-we-take#title": 0.598836400194222,
    "the-great-green-desert#title": 0.5948090860282809,