{
    "the-mississippi-basin-an-operational-landscape#content-6": 0.8796440993269752,
    "uncalculated-risk#content-5": 0.8463194886124932,
    "uncalculated-risk#content-7": 0.8366340200962219,
    "uncalculated-risk#content-2": 0.8286966372836098,
    "transect-walk-cahokia-mounds-to-fairmont-city#abstract": 0.826892773412111,
    "uncalculated-risk#content-6": 0.8254978481734883,
    "the-vietnamese-community-in-eastern-new-orleans#content-1": 0.8225659472214029,
    "uncalculated-risk#content-8": 0.8157636635666867,
    "white-sands#content-1": 0.8134778247912346,
    "timeslips#content-2": 0.811254340775891,
    "too-little-water-the-lake-chad-story#abstract": 0.8111001896544412,
    "white-sands#content-2": 0.8082716110555657,
    "uncalculated-risk#content-1": 0.806580703987035,
    "the-mississippi-basin-an-operational-landscape#content-5": 0.8048008786709159,
    "uncalculated-risk#content-4": 0.8039326941401449,
    "the-terrain-of-the-former-veb-elektrokohle-lichtenberg#content-1": 0.7994122430086198,
    "the-stories-we-tell-the-images-we-take#content-2": 0.7986236090521877,
    "time-out-of-mind#content-1": 0.7984574684867457,
    "the-vietnamese-community-in-eastern-new-orleans#content-2": 0.7979704214765168,
    "white-sands#content-3": 0.7978130385434802,
    "this-is-not-about-survival-its-about-bringing-your-coracle#abstract": 0.7958849571813776,
    "timeslips#abstract": 0.7930826192280016,
    "too-little-water-the-lake-chad-story#content-1": 0.7922478974499847,
    "us-southwest#content-3": 0.7912236276980318,
    "time-out-of-mind#abstract": 0.7887817391689842,
    "the-vietnamese-community-in-eastern-new-orleans#content-3": 0.7887231489487592,
    "the-mississippi-basin-an-operational-landscape#content-7": 0.787021195180721,
    "the-mississippi-basin-an-operational-landscape#title": 0.7847240102873352,
    "us-southwest#content-1": 0.7847130304902631,
    "uncalculated-risk#abstract": 0.7833923201465766,
    "the-terrain-of-the-former-veb-elektrokohle-lichtenberg#content-5": 0.7830843654140698,
    "tree-x-office#content-1": 0.7794605314722063,
    "xaraasi-xanne-crossing-voices#content-2": 0.7752350513770838,
    "time-out-of-mind#content-3": 0.7750387690458297,
    "touring-the-anthropocenery-whos-in-charge-here-2014#abstract": 0.7749418790225674,
    "the-terrain-of-the-former-veb-elektrokohle-lichtenberg#content-3": 0.7723547133310368,
    "walk-about-it#abstract": 0.7708763919657453,
    "tree-x-office#abstract": 0.7685905938110296,
    "the-shape-of-a-practice#abstract": 0.7678451447495838,
    "writing-global-histories-in-the-anthropocene#content-1": 0.766177063764545,
    "too-little-water-the-lake-chad-story#content-2": 0.7642723181726332,
    "touring-the-anthropocenery-whos-in-charge-here-2014#content-2": 0.7609320926538933,
    "the-stories-we-tell-the-images-we-take#abstract": 0.7590389669261548,
    "typha-the-once-and-future-planty-companion#abstract": 0.7586194520815343,
    "uncalculated-risk#content-3": 0.7582261417071299,
    "twin-cities-artist-residency-mississippi-an-anthropocene-story#abstract": 0.7576736107301268,
    "walk-about-it#content-1": 0.7538394464521353,
    "the-shape-of-a-practice-seminars#abstract": 0.7517034171563706,
    "us-southwest#content-4": 0.7505035779782973,
    "wicked-problems-and-mental-models#content-1": 0.7498190948808525,
    "time-and-time-again#content-2": 0.7480017413957417,
    "times-before-and-after#content-1": 0.746105751458612,
    "the-shape-of-a-practice-online-project-environment#abstract": 0.7457174087006713,
    "white-sands#abstract": 0.7452377529555287,
    "the-vietnamese-community-in-eastern-new-orleans#content-4": 0.7415863446283262,
    "time-out-of-mind#content-5": 0.7407503412014862,
    "worshipping-along-the-routes-of-migration#title": 0.7406890663981596,
    "understanding-the-north-american-lost-crops#abstract": 0.7380500533199401,
    "the-rights-of-nature#abstract": 0.7380033541393989,
    "xaraasi-xanne-crossing-voices#abstract": 0.7347992074837495,
    "transect-walk-cahokia-mounds-to-fairmont-city#content-1": 0.7332624110015528,
    "voice-and-representation#content-1": 0.7306438579738547,
    "understanding-the-north-american-lost-crops#title": 0.7306248689763964,
    "the-terrain-of-the-former-veb-elektrokohle-lichtenberg#content-4": 0.728915336410671,
    "uncalculated-risk#subtitle": 0.7189594693908515,
    "times-before-and-after#abstract": 0.7125990510720221,
    "typha-the-once-and-future-planty-companion#content-1": 0.7084624619443667,
    "the-terrain-of-the-former-veb-elektrokohle-lichtenberg#content-2": 0.7059848846051984,
    "this-is-not-about-survival-its-about-bringing-your-coracle#content-1": 0.7003198459686609,
    "the-shape-of-a-practice-online-project-environment#title": 0.6997266986733155,
    "the-shipworm-and-the-telegraph#title": 0.6975630806768667,
    "time-and-time-again#content-1": 0.6967102679738783,
    "too-little-water-the-lake-chad-story#title": 0.694156989555811,
    "understanding-the-north-american-lost-crops#content-1": 0.6932674375082548,
    "us-southwest#content-2": 0.6845110494362238,
    "the-terrestrial-is-not-the-globe#title": 0.6837995205618803,
    "the-vietnamese-community-in-eastern-new-orleans#title": 0.6754490077075012,
    "the-stories-we-tell-the-images-we-take#title": 0.6692858299109987,
    "walk-about-it#content-2": 0.6683607007163003,
    "time-out-of-mind#title": 0.6633147171523867,
    "the-politics-of-modeling#abstract": 0.6561372658017066,
    "the-shape-of-a-practice#title": 0.65558494804654,
    "the-politics-of-modeling#title": 0.6501960451115888,
    "time-and-time-again#subtitle": 0.6469412281330817,
    "typha-the-once-and-future-planty-companion#title": 0.638701154790672,
    "wicked-problems-and-mental-models#abstract": 0.6379653931215046,
    "the-shape-of-a-practice-seminars#title": 0.637799482227334,
    "the-rights-of-nature#title": 0.6369238446703607,
    "touring-the-anthropocenery-whos-in-charge-here-2014#title": 0.6237252216272583,
    "times-before-and-after#title": 0.6198072141651114,
    "tree-x-office#content-2": 0.6178060028229504,
    "us-southwest#title": 0.6169916392333576,
    "the-stories-we-tell-the-images-we-take#content-1": 0.6131016393545673,
    "xaraasi-xanne-crossing-voices#content-1": 0.6118162212026333,
    "walk-about-it#title": 0.6074822554750645,
    "this-is-not-about-survival-its-about-bringing-your-coracle#title": 0.6042132140660242,
    "worshipping-along-the-routes-of-migration#subtitle": 0.5953167812202652,
    "wicked-problems-and-mental-models#title": 0.5851359685187302,
    "time-and-time-again#title": 0.5816711044459457,
    "this-is-not-about-survival-its-about-bringing-your-coracle#subtitle": 0.5760954422507594,
    "time-out-of-mind#content-2": 0.5740841716418971,
    "time-out-of-mind#subtitle": 0.573441628696093,
    "transect-walk-cahokia-mounds-to-fairmont-city#subtitle": 0.5706999049951246,
    "walk-about-it#subtitle": 0.5706999049951246,
    "ve-vm-vt-the-ideal-cosmic-messengers#title": 0.5583208678558195,
    "writing-global-histories-in-the-anthropocene#title": 0.543873173721721,
    "the-terrain-of-the-former-veb-elektrokohle-lichtenberg#title": 0.5290746829010923,
    "voice-and-representation#title": 0.5247876124074442,
    "xaraasi-xanne-crossing-voices#title": 0.5171907287495795,
    "the-politics-of-modeling#content-1": 0.5073701487210519,
    "the-rights-of-nature#content-1": 0.5073701487210519,
    "transect-walk-cahokia-mounds-to-fairmont-city#title": 0.5013708282895616,
    "twin-cities-artist-residency-mississippi-an-anthropocene-story#subtitle": 0.49471181366540395,
    "tree-x-office#title": 0.4915647298553417,
    "the-shape-of-a-practice#subtitle": 0.490436021888274,
    "white-sands#title": 0.47207858865904423,
    "twin-cities-artist-residency-mississippi-an-anthropocene-story#title": 0.4544031358245954,
    "typha-the-once-and-future-planty-companion#subtitle": 0.44831819305484866,