{
    "white-sands#content-1": 0.9607771444679541,
    "the-mississippi-basin-an-operational-landscape#content-1": 0.9559825731912492,
    "time-out-of-mind#content-1": 0.9527130849165685,
    "the-vietnamese-community-in-eastern-new-orleans#content-1": 0.9517013616857672,
    "white-sands#content-3": 0.9483846415734025,
    "the-mississippi-basin-an-operational-landscape#content-3": 0.9476070070252031,
    "time-out-of-mind#abstract": 0.9467870604233309,
    "this-is-not-about-survival-its-about-bringing-your-coracle#abstract": 0.9467355489222964,
    "uncalculated-risk#content-2": 0.9465650730908731,
    "the-mississippi-basin-an-operational-landscape#content-5": 0.9461322316983842,
    "timeslips#content-2": 0.945728890391238,
    "the-terrain-of-the-former-veb-elektrokohle-lichtenberg#content-1": 0.9457135538268986,
    "time-out-of-mind#content-3": 0.9456202285273471,
    "the-vietnamese-community-in-eastern-new-orleans#content-3": 0.9440358786272781,
    "uncalculated-risk#content-8": 0.9429929231211404,
    "uncalculated-risk#content-4": 0.9425501719950428,
    "the-stories-we-tell-the-images-we-take#content-2": 0.9417156365022116,
    "uncalculated-risk#content-6": 0.9415705952906323,
    "too-little-water-the-lake-chad-story#content-1": 0.9406822851774195,
    "the-lichtenberg-case#abstract": 0.9406344360148781,
    "uncalculated-risk#abstract": 0.9402870811126138,
    "understanding-the-north-american-lost-crops#abstract": 0.939840566209077,
    "the-terrain-of-the-former-veb-elektrokohle-lichtenberg#content-5": 0.9397630891753191,
    "transect-walk-cahokia-mounds-to-fairmont-city#abstract": 0.9388286303738607,
    "writing-global-histories-in-the-anthropocene#content-1": 0.9380398629453448,
    "the-maledives-case#abstract": 0.9373851094236119,
    "the-terrain-of-the-former-veb-elektrokohle-lichtenberg#content-3": 0.936950002657281,
    "xaraasi-xanne-crossing-voices#content-2": 0.9354131343817913,
    "the-shape-of-a-practice#abstract": 0.9343228577371483,
    "the-mississippi-basin-an-operational-landscape#abstract": 0.9326363535649879,
    "the-mississippi-basin-an-operational-landscape#content-7": 0.9311015254353757,
    "too-little-water-the-lake-chad-story#abstract": 0.930155829255758,
    "timeslips#abstract": 0.9301472241727451,
    "typha-the-once-and-future-planty-companion#abstract": 0.9276288472311087,
    "touring-the-anthropocenery-whos-in-charge-here-2014#content-2": 0.9264001252002896,
    "walk-about-it#content-1": 0.9251291524047248,
    "tree-x-office#content-1": 0.9240514063782067,
    "walk-about-it#abstract": 0.9239646065967653,
    "time-and-time-again#content-2": 0.9236775368160453,
    "us-southwest#content-1": 0.9236684863729461,
    "the-hyphen#content-2": 0.922047578097759,
    "times-before-and-after#content-1": 0.9203852541075191,
    "time-out-of-mind#content-5": 0.9202002503875261,
    "the-shape-of-a-practice-online-project-environment#abstract": 0.91388343354464,
    "wicked-problems-and-mental-models#content-1": 0.9123711947498422,
    "the-hedge#content-2": 0.9116030679170724,
    "twin-cities-artist-residency-mississippi-an-anthropocene-story#abstract": 0.9112056991548297,
    "tree-x-office#abstract": 0.9084383793277065,
    "the-rights-of-nature#abstract": 0.9083251272506674,
    "voice-and-representation#content-1": 0.9075536280658968,
    "uncalculated-risk#content-5": 0.9043340936050214,
    "white-sands#content-2": 0.9041265491622691,
    "the-shape-of-a-practice-seminars#abstract": 0.9037702174142834,
    "the-stories-we-tell-the-images-we-take#abstract": 0.9035125864859811,
    "us-southwest#content-3": 0.9027059585722359,
    "touring-the-anthropocenery-whos-in-charge-here-2014#abstract": 0.8964579296375429,
    "xaraasi-xanne-crossing-voices#abstract": 0.8959682678290861,
    "the-mississippi-basin-an-operational-landscape#content-2": 0.8921179228548229,
    "the-hyphen#abstract": 0.8916088986487071,
    "times-before-and-after#abstract": 0.886545082490367,
    "the-hyphen#content-1": 0.8849928994401678,
    "uncalculated-risk#content-7": 0.8820072946404526,
    "uncalculated-risk#content-1": 0.8765779460558321,
    "understanding-the-north-american-lost-crops#title": 0.8731081888861175,
    "the-terrestrial-is-not-the-globe#title": 0.8614865525677108,
    "the-lena-is-worthy-of-baikal-defining-remoteness-across-the-north-and-the-east#title": 0.8573345227796473,
    "white-sands#abstract": 0.8527113576891024,
    "the-shape-of-a-practice-online-project-environment#title": 0.8524133503002332,
    "the-great-green-desert#title": 0.8423718031225732,
    "the-vietnamese-community-in-eastern-new-orleans#content-2": 0.8412914390602335,
    "time-and-time-again#content-1": 0.8407625928603915,
    "the-shape-of-a-practice#title": 0.837904462251652,
    "this-is-not-about-survival-its-about-bringing-your-coracle#content-1": 0.8372931768142585,
    "the-terrain-of-the-former-veb-elektrokohle-lichtenberg#content-4": 0.8367974989289896,
    "too-little-water-the-lake-chad-story#content-2": 0.8293121816954616,
    "us-southwest#content-2": 0.8288318197515194,
    "the-stories-we-tell-the-images-we-take#title": 0.827789448122447,
    "uncalculated-risk#subtitle": 0.8268139904766136,
    "us-southwest#content-4": 0.8241611843312029,
    "typha-the-once-and-future-planty-companion#title": 0.8217912031750692,
    "the-politics-of-modeling#abstract": 0.8189604452733624,
    "uncalculated-risk#content-3": 0.8180414676500125,
    "the-hedge#content-3": 0.8165062929637382,
    "time-and-time-again#subtitle": 0.8138079159768727,
    "time-out-of-mind#title": 0.8118902600508721,
    "the-mississippi-basin-an-operational-landscape#content-4": 0.8095047219000128,
    "typha-the-once-and-future-planty-companion#content-1": 0.806160277779212,
    "the-shape-of-a-practice-seminars#title": 0.8017713313660202,
    "the-rights-of-nature#title": 0.8008484837798344,
    "the-mississippi-basin-an-operational-landscape#title": 0.7977897986135549,
    "the-shipworm-and-the-telegraph#title": 0.7950123705023543,
    "the-mississippi-basin-an-operational-landscape#content-6": 0.794377016269658,
    "worshipping-along-the-routes-of-migration#title": 0.7943193745979048,
    "the-vietnamese-community-in-eastern-new-orleans#content-4": 0.7926614645948703,
    "this-is-not-about-survival-its-about-bringing-your-coracle#title": 0.7914065595136438,
    "the-politics-of-modeling#title": 0.7910201328212026,
    "too-little-water-the-lake-chad-story#title": 0.7893278210283554,
    "wicked-problems-and-mental-models#abstract": 0.7880983547835769,
    "transect-walk-cahokia-mounds-to-fairmont-city#content-1": 0.7868678349373947,
    "the-vietnamese-community-in-eastern-new-orleans#title": 0.7765906053340909,
    "touring-the-anthropocenery-whos-in-charge-here-2014#title": 0.775870435465071,
    "understanding-the-north-american-lost-crops#content-1": 0.7614450789353933,
    "times-before-and-after#title": 0.7311289608417598,
    "walk-about-it#content-2": 0.7290813311203314,
    "walk-about-it#title": 0.7285986350385442,
    "the-maledives-case#title": 0.7281148670706544,
    "this-is-not-about-survival-its-about-bringing-your-coracle#subtitle": 0.7232532276215896,
    "worshipping-along-the-routes-of-migration#subtitle": 0.7191697944086065,
    "the-great-green-desert#content-1": 0.7087367920101841,
    "wicked-problems-and-mental-models#title": 0.7006078841304499,
    "writing-global-histories-in-the-anthropocene#title": 0.7001460019254494,
    "the-terrain-of-the-former-veb-elektrokohle-lichtenberg#content-2": 0.6889359459424557,
    "tree-x-office#content-2": 0.6879862254055303,
    "us-southwest#title": 0.670241303737252,
    "time-and-time-again#title": 0.6675781330503767,
    "transect-walk-cahokia-mounds-to-fairmont-city#subtitle": 0.6589200657534243,
    "walk-about-it#subtitle": 0.6589200657534243,
    "the-shape-of-a-practice#subtitle": 0.6361496462550733,
    "voice-and-representation#title": 0.6220239285313498,