{
    "writing-global-histories-in-the-anthropocene#content-1": 0.8363822218353736,
    "xaraasi-xanne-crossing-voices#content-2": 0.8236543819166903,
    "the-rights-of-nature#abstract": 0.8235813415522064,
    "walk-about-it#content-1": 0.8193360366085437,
    "uncalculated-risk#abstract": 0.8147722723946497,
    "the-stories-we-tell-the-images-we-take#content-2": 0.8122081255912468,
    "the-shape-of-a-practice#abstract": 0.8111724192396721,
    "time-and-time-again#content-2": 0.8096616364224705,
    "time-out-of-mind#abstract": 0.8086485120127175,
    "touring-the-anthropocenery-whos-in-charge-here-2014#content-2": 0.804276285958018,
    "voice-and-representation#content-1": 0.8029980420865976,
    "twin-cities-artist-residency-mississippi-an-anthropocene-story#abstract": 0.8013737320597789,
    "uncalculated-risk#content-4": 0.8000352465702665,
    "transect-walk-cahokia-mounds-to-fairmont-city#abstract": 0.7992402788479518,
    "the-terrain-of-the-former-veb-elektrokohle-lichtenberg#content-5": 0.7970802212786399,
    "too-little-water-the-lake-chad-story#content-1": 0.7968733722982662,
    "the-shape-of-a-practice-seminars#abstract": 0.7949437399703271,
    "the-shape-of-a-practice-online-project-environment#title": 0.792082630557787,
    "walk-about-it#abstract": 0.791348098054471,
    "times-before-and-after#content-1": 0.7909578692969952,
    "the-rights-of-nature#title": 0.7904024914330648,
    "timeslips#content-2": 0.7875595078477955,
    "the-shape-of-a-practice-online-project-environment#abstract": 0.7874890410014508,
    "typha-the-once-and-future-planty-companion#abstract": 0.7861243685261083,
    "the-vietnamese-community-in-eastern-new-orleans#content-1": 0.784450669359408,
    "wicked-problems-and-mental-models#content-1": 0.7843478166060351,
    "uncalculated-risk#content-2": 0.7820388422249094,
    "uncalculated-risk#content-6": 0.7814719832988447,
    "uncalculated-risk#content-8": 0.7803313123337886,
    "time-out-of-mind#content-3": 0.7798002848677269,
    "the-shape-of-a-practice#title": 0.7796763000633774,
    "time-and-time-again#subtitle": 0.7792431122034329,
    "white-sands#content-3": 0.7754437181700371,
    "the-stories-we-tell-the-images-we-take#abstract": 0.775002589414556,
    "timeslips#abstract": 0.7735475098200807,
    "the-vietnamese-community-in-eastern-new-orleans#content-3": 0.7734890099906894,
    "the-terrain-of-the-former-veb-elektrokohle-lichtenberg#content-1": 0.773310717253528,
    "the-terrain-of-the-former-veb-elektrokohle-lichtenberg#content-3": 0.7724793816150006,
    "tree-x-office#content-1": 0.7721109566643686,
    "uncalculated-risk#content-5": 0.7682690804072391,
    "white-sands#content-1": 0.7674388574035627,
    "the-shape-of-a-practice-seminars#title": 0.7654792161802435,
    "time-out-of-mind#content-1": 0.7602684972510078,
    "understanding-the-north-american-lost-crops#abstract": 0.7566745269863582,
    "xaraasi-xanne-crossing-voices#abstract": 0.7558655490138123,
    "time-out-of-mind#content-5": 0.7554698453626116,
    "us-southwest#content-3": 0.7428594880167795,
    "too-little-water-the-lake-chad-story#abstract": 0.7403255327701731,
    "this-is-not-about-survival-its-about-bringing-your-coracle#abstract": 0.7391177097343242,
    "times-before-and-after#abstract": 0.7389814028506179,
    "time-out-of-mind#title": 0.7366143862661887,
    "time-and-time-again#content-1": 0.735967904802881,
    "tree-x-office#abstract": 0.7357898335592402,
    "the-terrestrial-is-not-the-globe#title": 0.7343513829045704,
    "touring-the-anthropocenery-whos-in-charge-here-2014#abstract": 0.7317448541698265,
    "us-southwest#content-1": 0.7311444369461695,
    "uncalculated-risk#content-1": 0.7288101857390163,
    "the-shipworm-and-the-telegraph#title": 0.7166427895322804,
    "uncalculated-risk#content-7": 0.7159029149303726,
    "the-stories-we-tell-the-images-we-take#title": 0.7138355668168026,
    "too-little-water-the-lake-chad-story#content-2": 0.7129274067371926,
    "uncalculated-risk#subtitle": 0.7118742366143423,
    "white-sands#content-2": 0.7091166903225378,
    "us-southwest#content-4": 0.7082164519719982,
    "typha-the-once-and-future-planty-companion#content-1": 0.7036129361047774,
    "uncalculated-risk#content-3": 0.7033408207650609,
    "white-sands#abstract": 0.7017171115383036,
    "understanding-the-north-american-lost-crops#title": 0.6947454384305962,
    "writing-global-histories-in-the-anthropocene#title": 0.6947037965643892,
    "worshipping-along-the-routes-of-migration#title": 0.6889289040470868,
    "wicked-problems-and-mental-models#title": 0.6878595848822902,
    "this-is-not-about-survival-its-about-bringing-your-coracle#content-1": 0.6827935365766948,
    "the-vietnamese-community-in-eastern-new-orleans#content-4": 0.6827687953050138,
    "this-is-not-about-survival-its-about-bringing-your-coracle#title": 0.6805749755981907,
    "the-vietnamese-community-in-eastern-new-orleans#content-2": 0.6763919951901067,
    "touring-the-anthropocenery-whos-in-charge-here-2014#title": 0.6726362440060556,
    "worshipping-along-the-routes-of-migration#subtitle": 0.6716915664617523,
    "wicked-problems-and-mental-models#abstract": 0.6622071880172096,
    "the-vietnamese-community-in-eastern-new-orleans#title": 0.6612358877401936,
    "typha-the-once-and-future-planty-companion#title": 0.6609923039480589,
    "us-southwest#content-2": 0.653816395846312,
    "the-shape-of-a-practice#subtitle": 0.6536940469598115,
    "the-terrain-of-the-former-veb-elektrokohle-lichtenberg#content-4": 0.643897100772717,
    "the-terrain-of-the-former-veb-elektrokohle-lichtenberg#content-2": 0.6390239469062653,
    "too-little-water-the-lake-chad-story#title": 0.6386297570958257,
    "voice-and-representation#title": 0.624060916111487,
    "this-is-not-about-survival-its-about-bringing-your-coracle#subtitle": 0.6140156468550827,
    "the-terrain-of-the-former-veb-elektrokohle-lichtenberg#title": 0.5813641900552872,
    "times-before-and-after#title": 0.580246342408508,
    "walk-about-it#title": 0.5781790630607517,
    "understanding-the-north-american-lost-crops#content-1": 0.5742635976520736,
    "transect-walk-cahokia-mounds-to-fairmont-city#content-1": 0.573402988821601,
    "tree-x-office#content-2": 0.5595171643770191,
    "time-and-time-again#title": 0.5432412708874746,
    "walk-about-it#content-2": 0.5036698136381725,
    "transect-walk-cahokia-mounds-to-fairmont-city#subtitle": 0.4982096410070678,
    "walk-about-it#subtitle": 0.4982096410070678,
    "time-out-of-mind#subtitle": 0.49739610060454775,
    "us-southwest#title": 0.4744011058206711,
    "twin-cities-artist-residency-mississippi-an-anthropocene-story#subtitle": 0.4719974072670342,
    "xaraasi-xanne-crossing-voices#title": 0.46715351942991573,
    "ve-vm-vt-the-ideal-cosmic-messengers#title": 0.4565358977422816,
    "twin-cities-artist-residency-mississippi-an-anthropocene-story#title": 0.4535307083647901,
    "the-stories-we-tell-the-images-we-take#content-1": 0.4489540296457461,
    "xaraasi-xanne-crossing-voices#content-1": 0.44710491019712006,
    "understanding-the-north-american-lost-crops#subtitle": 0.42454854819062976,
    "typha-the-once-and-future-planty-companion#subtitle": 0.4147442928234519,
    "the-rights-of-nature#content-1": 0.40114830940703106,
    "tokens-a-rorschach-test#title": 0.3766831060101927,
    "time-out-of-mind#content-2": 0.35783065498308236,
    "white-sands#title": 0.35457464260381943,
    "voice-and-representation#abstract": 0.3438994206764774,
    "voice-and-representation#subtitle": 0.34083448749950135,
    "writing-global-histories-in-the-anthropocene#subtitle": 0.34083448749950135,
    "tree-x-office#title": 0.3369260015638574,
    "touring-the-anthropocenery-whos-in-charge-here-2014#content-1": 0.3129858806192034,
    "transect-walk-cahokia-mounds-to-fairmont-city#title": 0.30844471971032417,
    "writing-global-histories-in-the-anthropocene#abstract": 0.29397071405188385,