{
    "the-anthropocene-in-light-of-biological-feedback#content-3": 0.9898886474107217,
    "the-anthropocene-in-light-of-biological-feedback#content-9": 0.9804805087736087,
    "the-anthropocene-in-light-of-biological-feedback#content-8": 0.9801480054664893,
    "wicked-problems-and-mental-models#content-1": 0.9768013718579279,
    "the-floating-ear#content-3": 0.972049761468033,
    "the-anthropocene-in-light-of-biological-feedback#content-4": 0.9713707986129736,
    "times-before-and-after#content-1": 0.9712459398486818,
    "the-floating-ear#content-1": 0.9690329318117173,
    "the-floating-ear#content-6": 0.9687629454919947,
    "the-shape-of-a-practice#abstract": 0.9673978168567111,
    "the-floating-ear#content-7": 0.9647186490919012,
    "the-floating-ear#content-4": 0.9643739471650792,
    "the-floating-ear#content-5": 0.9635979659052845,
    "the-mississippi-basin-an-operational-landscape#content-7": 0.9635231200093137,
    "the-mississippi-basin-an-operational-landscape#content-5": 0.9619906950017749,
    "the-floating-ear#content-2": 0.9612871633515631,
    "time-and-time-again#content-2": 0.9595907342989752,
    "the-terrain-of-the-former-veb-elektrokohle-lichtenberg#content-3": 0.9592006477341395,
    "the-anthropocene-in-light-of-biological-feedback#content-6": 0.9589890061151177,
    "the-free-sea#content-2": 0.957598515123402,
    "the-hyphen#content-1": 0.9568467368053278,
    "too-little-water-the-lake-chad-story#content-1": 0.9561736938013591,
    "the-anthropogenic-influence-onto-the-air-quality-along-the-mississippi-river-findings#content-6": 0.9559096996040067,
    "the-anthropocene-in-light-of-biological-feedback#content-7": 0.9556392869427867,
    "voice-and-representation#content-1": 0.9553955673694494,
    "the-four-dimensional-mississippi#abstract": 0.9543699536954987,
    "the-anthropogenic-influence-onto-the-air-quality-along-the-mississippi-river-findings#content-2": 0.9536892817312821,
    "the-anthropogenic-influence-onto-the-air-quality-along-the-mississippi-river-findings#content-8": 0.9534699971774077,
    "the-hyphen#content-2": 0.9533436267559061,
    "touring-the-anthropocenery-whos-in-charge-here-2014#content-2": 0.9530803553033458,
    "uncalculated-risk#content-8": 0.9520793885877548,
    "walk-about-it#content-1": 0.9517510020284636,
    "the-hyphen#abstract": 0.9516073901000086,
    "the-anthropogenic-influence-onto-the-air-quality-along-the-mississippi-river-findings#content-10": 0.9491218143263479,
    "uncalculated-risk#content-4": 0.9490785780819919,
    "the-four-dimensional-mississippi#content-1": 0.9488474101645223,
    "white-sands#content-3": 0.9478538387234343,
    "the-terrain-of-the-former-veb-elektrokohle-lichtenberg#content-5": 0.9471568601250543,
    "uncalculated-risk#abstract": 0.9470822409639336,
    "the-anthropogenic-influence-onto-the-air-quality-along-the-mississippi-river-findings#abstract": 0.9468850645195899,
    "tree-x-office#content-1": 0.9463667820931391,
    "the-terrain-of-the-former-veb-elektrokohle-lichtenberg#content-1": 0.9447780816010035,
    "time-out-of-mind#abstract": 0.9441284221482377,
    "time-out-of-mind#content-3": 0.9440844555240845,
    "the-stories-we-tell-the-images-we-take#content-2": 0.9439911034291948,
    "the-mississippi-basin-an-operational-landscape#content-1": 0.9432863043548723,
    "the-shape-of-a-practice-online-project-environment#abstract": 0.9424913129427182,
    "timeslips#content-2": 0.9423681545741884,
    "typha-the-once-and-future-planty-companion#abstract": 0.9402041721604103,
    "the-confluence-area#abstract": 0.939593865757016,
    "white-sands#content-1": 0.9393848662862561,
    "uncalculated-risk#content-6": 0.9391343774558734,
    "time-out-of-mind#content-1": 0.9384430299812679,
    "time-out-of-mind#content-5": 0.9377601362213643,
    "writing-global-histories-in-the-anthropocene#content-1": 0.937755508215983,
    "the-mississippi-basin-an-operational-landscape#content-3": 0.9369910817331772,
    "uncalculated-risk#content-2": 0.9368294645429699,
    "the-shape-of-a-practice-seminars#abstract": 0.9354608196887522,
    "the-lichtenberg-case#abstract": 0.9354572894216726,
    "the-vietnamese-community-in-eastern-new-orleans#content-3": 0.9350468054285066,
    "times-before-and-after#abstract": 0.9345774297830991,
    "the-hedge#content-2": 0.9340134216955738,
    "the-danish-text#abstract": 0.933673434836289,
    "twin-cities-artist-residency-mississippi-an-anthropocene-story#abstract": 0.933361181297888,
    "xaraasi-xanne-crossing-voices#content-2": 0.9324041210143491,
    "timeslips#abstract": 0.932354357207992,
    "tree-x-office#abstract": 0.9317689773388345,
    "understanding-the-north-american-lost-crops#abstract": 0.9290212700991365,
    "the-maledives-case#abstract": 0.9234097561710346,
    "us-southwest#content-1": 0.9229435620522333,
    "this-is-not-about-survival-its-about-bringing-your-coracle#abstract": 0.9226551633652186,
    "the-current-mississippi-an-anthropocene-river#abstract": 0.9201882593179551,
    "walk-about-it#abstract": 0.9176957178999943,
    "the-vietnamese-community-in-eastern-new-orleans#content-1": 0.916736668763159,
    "the-anthropogenic-influence-onto-the-air-quality-along-the-mississippi-river-findings#content-4": 0.9159687980451414,
    "the-mississippi-basin-an-operational-landscape#abstract": 0.9150974454686038,
    "the-stories-we-tell-the-images-we-take#abstract": 0.9107104765669927,
    "the-great-green-desert#abstract": 0.902576099778687,
    "touring-the-anthropocenery-whos-in-charge-here-2014#abstract": 0.8973366851177256,
    "xaraasi-xanne-crossing-voices#abstract": 0.8964946291310664,
    "too-little-water-the-lake-chad-story#abstract": 0.894638134028694,
    "the-rights-of-nature#abstract": 0.8941348356816908,
    "the-anthropogenic-influence-onto-the-air-quality-along-the-mississippi-river-findings#content-1": 0.8869228881246195,
    "too-little-water-the-lake-chad-story#content-2": 0.8836632412831891,
    "transect-walk-cahokia-mounds-to-fairmont-city#abstract": 0.8808078694656365,
    "uncalculated-risk#content-1": 0.8787564631352589,
    "time-and-time-again#content-1": 0.8781557328408425,
    "us-southwest#content-3": 0.8717534007993771,
    "uncalculated-risk#content-5": 0.8674209571762119,
    "the-shape-of-a-practice-online-project-environment#title": 0.8657424590208638,
    "the-anthropogenic-influence-onto-the-air-quality-along-the-mississippi-river-findings#content-5": 0.8623860285711406,
    "this-is-not-about-survival-its-about-bringing-your-coracle#content-1": 0.8619463415152839,
    "the-anthropogenic-influence-onto-the-air-quality-along-the-mississippi-river-findings#content-3": 0.8617309109959436,
    "wicked-problems-and-mental-models#abstract": 0.8607818101316774,
    "white-sands#content-2": 0.8578143779896038,
    "this-is-not-about-survival-its-about-bringing-your-coracle#title": 0.8517181012654396,
    "white-sands#abstract": 0.848498222204453,
    "the-stories-we-tell-the-images-we-take#title": 0.848428291696151,
    "the-terrain-of-the-former-veb-elektrokohle-lichtenberg#content-4": 0.8453469398136704,
    "the-terrestrial-is-not-the-globe#title": 0.8444625501846862,
    "uncalculated-risk#content-7": 0.8438064307569186,
    "the-anthropogenic-influence-onto-the-air-quality-along-the-mississippi-river-findings#content-9": 0.8426774697284775,
    "time-out-of-mind#title": 0.8425372759527,
    "the-anthropogenic-influence-onto-the-air-quality-along-the-mississippi-river-findings#content-7": 0.842506494017443,
    "uncalculated-risk#content-3": 0.8423684663089761,
    "the-shape-of-a-practice#title": 0.8416312080870468,
    "the-politics-of-modeling#abstract": 0.8396676605011988,
    "us-southwest#content-4": 0.8391753173880305,
    "the-fight-for-alaskas-arctic-has-just-begun#title": 0.8281583474762364,
    "typha-the-once-and-future-planty-companion#title": 0.8260265720618242,
    "time-and-time-again#subtitle": 0.8254938247754945,