{
    "the-vietnamese-community-in-eastern-new-orleans#content-2": 0.7925202971535127,
    "uncalculated-risk#content-5": 0.7879430005518934,
    "uncalculated-risk#content-1": 0.7804130170021029,
    "uncalculated-risk#content-3": 0.7620824608158251,
    "uncalculated-risk#content-7": 0.7368936898679715,
    "white-sands#content-2": 0.7299911265079427,
    "uncalculated-risk#content-6": 0.7166934690636423,
    "us-southwest#content-4": 0.715020379241743,
    "the-terrain-of-the-former-veb-elektrokohle-lichtenberg#content-3": 0.7093140962773373,
    "too-little-water-the-lake-chad-story#content-2": 0.7092339913662171,
    "touring-the-anthropocenery-whos-in-charge-here-2014#abstract": 0.709060631320413,
    "xaraasi-xanne-crossing-voices#content-2": 0.7075870946642603,
    "touring-the-anthropocenery-whos-in-charge-here-2014#content-2": 0.7071332253706093,
    "us-southwest#content-1": 0.7062468146404246,
    "white-sands#content-3": 0.7057392767968793,
    "timeslips#content-2": 0.7052377737767197,
    "times-before-and-after#content-1": 0.7040260267159121,
    "tree-x-office#abstract": 0.7034119723962419,
    "time-out-of-mind#abstract": 0.7029469812852637,
    "uncalculated-risk#content-2": 0.702664178964986,
    "tree-x-office#content-1": 0.7020061348201223,
    "us-southwest#content-3": 0.7017926218524723,
    "transect-walk-cahokia-mounds-to-fairmont-city#abstract": 0.7010232955435152,
    "walk-about-it#content-1": 0.7000178165414231,
    "uncalculated-risk#content-8": 0.6983309157006548,
    "uncalculated-risk#abstract": 0.6980485035863097,
    "time-and-time-again#content-2": 0.697626514012328,
    "too-little-water-the-lake-chad-story#abstract": 0.6971175735309709,
    "uncalculated-risk#content-4": 0.6969418015844994,
    "twin-cities-artist-residency-mississippi-an-anthropocene-story#abstract": 0.6957906400087908,
    "time-out-of-mind#content-3": 0.6919089221871852,
    "the-vietnamese-community-in-eastern-new-orleans#content-4": 0.6919088730320898,
    "the-terrain-of-the-former-veb-elektrokohle-lichtenberg#content-5": 0.6907095112916115,
    "too-little-water-the-lake-chad-story#content-1": 0.6905220214507549,
    "wicked-problems-and-mental-models#content-1": 0.6902552858368779,
    "time-out-of-mind#content-1": 0.690023997986976,
    "white-sands#content-1": 0.6898950821885885,
    "the-vietnamese-community-in-eastern-new-orleans#content-1": 0.6873955436619397,
    "walk-about-it#abstract": 0.6873284675514401,
    "voice-and-representation#content-1": 0.6841337701853424,
    "writing-global-histories-in-the-anthropocene#content-1": 0.6837125053981358,
    "the-vietnamese-community-in-eastern-new-orleans#content-3": 0.683008617419504,
    "typha-the-once-and-future-planty-companion#abstract": 0.6804994067789768,
    "timeslips#abstract": 0.6737962216619201,
    "this-is-not-about-survival-its-about-bringing-your-coracle#abstract": 0.6716759589224693,
    "time-and-time-again#content-1": 0.6698029357995539,
    "uncalculated-risk#subtitle": 0.6618388949464299,
    "xaraasi-xanne-crossing-voices#abstract": 0.6600745254140257,
    "time-out-of-mind#content-5": 0.6574746535346823,
    "time-and-time-again#subtitle": 0.6562263327496115,
    "white-sands#abstract": 0.6559896464413951,
    "times-before-and-after#abstract": 0.64488466167069,
    "understanding-the-north-american-lost-crops#abstract": 0.6406348376546637,
    "too-little-water-the-lake-chad-story#title": 0.6376846802544343,
    "the-terrestrial-is-not-the-globe#title": 0.6327704223058616,
    "this-is-not-about-survival-its-about-bringing-your-coracle#content-1": 0.6266189407076472,
    "understanding-the-north-american-lost-crops#title": 0.6185919330171115,
    "us-southwest#content-2": 0.6104453483329332,
    "the-terrain-of-the-former-veb-elektrokohle-lichtenberg#content-4": 0.6085542348142184,
    "touring-the-anthropocenery-whos-in-charge-here-2014#title": 0.6038918439487911,
    "typha-the-once-and-future-planty-companion#content-1": 0.6014617930049406,
    "time-out-of-mind#title": 0.5991539998934977,
    "this-is-not-about-survival-its-about-bringing-your-coracle#subtitle": 0.5985686399186035,
    "this-is-not-about-survival-its-about-bringing-your-coracle#title": 0.5940164645211323,
    "transect-walk-cahokia-mounds-to-fairmont-city#content-1": 0.587752321873093,
    "the-vietnamese-community-in-eastern-new-orleans#title": 0.5845599242439217,
    "worshipping-along-the-routes-of-migration#title": 0.5825545946520821,
    "understanding-the-north-american-lost-crops#content-1": 0.5822147326172894,
    "wicked-problems-and-mental-models#abstract": 0.5666676839482725,
    "time-and-time-again#title": 0.5440189296987321,
    "tree-x-office#content-2": 0.543538767629497,
    "typha-the-once-and-future-planty-companion#title": 0.5418484793515068,
    "xaraasi-xanne-crossing-voices#content-1": 0.5339996223239989,
    "worshipping-along-the-routes-of-migration#subtitle": 0.5338011268959527,
    "walk-about-it#title": 0.5335562598076121,
    "tree-x-office#title": 0.5274821536832452,
    "writing-global-histories-in-the-anthropocene#title": 0.5229821511625035,
    "the-terrain-of-the-former-veb-elektrokohle-lichtenberg#title": 0.513775812419274,
    "voice-and-representation#title": 0.5125186540989805,
    "wicked-problems-and-mental-models#title": 0.5105749863790586,
    "us-southwest#title": 0.5105195149082209,
    "walk-about-it#content-2": 0.5029203005837213,
    "touring-the-anthropocenery-whos-in-charge-here-2014#content-1": 0.5021104146826205,
    "transect-walk-cahokia-mounds-to-fairmont-city#subtitle": 0.49960145129912253,
    "walk-about-it#subtitle": 0.49960145129912253,
    "tokens-a-rorschach-test#title": 0.493341735560699,
    "times-before-and-after#title": 0.4926109788233188,
    "ve-vm-vt-the-ideal-cosmic-messengers#title": 0.4882684708500697,
    "understanding-the-north-american-lost-crops#subtitle": 0.44990786803268423,
    "time-out-of-mind#subtitle": 0.4473034011227737,
    "twin-cities-artist-residency-mississippi-an-anthropocene-story#subtitle": 0.44239701864094166,
    "transect-walk-cahokia-mounds-to-fairmont-city#title": 0.4210474122248117,
    "time-out-of-mind#content-2": 0.4200650141974957,
    "twin-cities-artist-residency-mississippi-an-anthropocene-story#title": 0.3773688670949586,
    "white-sands#title": 0.37488027841378846,
    "typha-the-once-and-future-planty-companion#subtitle": 0.3694399674965675,
    "xaraasi-xanne-crossing-voices#title": 0.3634735376332316,
    "voice-and-representation#abstract": 0.31034757670302676,
    "time-out-of-mind#content-4": 0.2545516700320389,
    "writing-global-histories-in-the-anthropocene#abstract": 0.23762074097666847,
    "voice-and-representation#subtitle": 0.20794838345290076,
    "writing-global-histories-in-the-anthropocene#subtitle": 0.20794838345290076,
    "uncalculated-risk#title": 0.07760511141540902,
    "timeslips#title": 0,
    "timeslips#content-1": -0.03146869456969935
}