{
    "the-aerocene-campus#content-9": 0.9771447412131619,
    "the-aerocene-campus#content-7": 0.9750665115685228,
    "the-anthropocene-in-light-of-biological-feedback#content-9": 0.9695418239585107,
    "the-stories-we-tell-the-images-we-take#content-2": 0.9684638143611799,
    "the-floating-ear#content-6": 0.9661144347878837,
    "the-anthropocene-in-light-of-biological-feedback#content-4": 0.964641258755023,
    "the-floating-ear#content-1": 0.9632117057941083,
    "the-shape-of-a-practice#abstract": 0.9620823847291456,
    "time-out-of-mind#content-3": 0.9615731065895333,
    "the-free-sea#content-2": 0.9612704746986321,
    "the-hyphen#content-2": 0.9593426989401025,
    "tree-x-office#content-1": 0.9591768773238561,
    "the-floating-ear#content-3": 0.9590980797648341,
    "the-anthropocene-and-our-post-natural-future-2#abstract": 0.9588670792425251,
    "the-terrain-of-the-former-veb-elektrokohle-lichtenberg#content-5": 0.9586069593267945,
    "uncalculated-risk#abstract": 0.9586044148836138,
    "xaraasi-xanne-crossing-voices#content-2": 0.9581425030026912,
    "the-vietnamese-community-in-eastern-new-orleans#content-3": 0.9581395141189325,
    "the-terrain-of-the-former-veb-elektrokohle-lichtenberg#content-3": 0.9575698510439108,
    "times-before-and-after#content-1": 0.9574628757850665,
    "white-sands#content-3": 0.957380805901846,
    "time-and-time-again#content-2": 0.9569500557521141,
    "voice-and-representation#content-1": 0.9567247288185031,
    "twin-cities-artist-residency-mississippi-an-anthropocene-story#abstract": 0.9566489371720334,
    "wicked-problems-and-mental-models#content-1": 0.9561927911212647,
    "uncalculated-risk#content-8": 0.9558417843834013,
    "the-floating-ear#content-7": 0.9552608823381548,
    "the-anthropocene-in-light-of-biological-feedback#content-10": 0.9552200316124856,
    "the-lichtenberg-case#abstract": 0.9546048524784733,
    "the-anthropocene-in-light-of-biological-feedback#content-3": 0.9541777528597639,
    "the-confluence-area#abstract": 0.9535953571797344,
    "walk-about-it#content-1": 0.9533430108269838,
    "touring-the-anthropocenery-whos-in-charge-here-2014#content-2": 0.9529514833279767,
    "time-out-of-mind#content-1": 0.9529025445238599,
    "the-danish-text#abstract": 0.9528188194738948,
    "the-american-bottom#abstract": 0.9526311388179879,
    "time-out-of-mind#content-5": 0.9525781550742481,
    "the-stories-we-tell-the-images-we-take#abstract": 0.9522056875132404,
    "the-floating-ear#content-5": 0.9511821067841475,
    "time-out-of-mind#abstract": 0.9507876202538211,
    "the-terrain-of-the-former-veb-elektrokohle-lichtenberg#content-1": 0.9501212268363288,
    "uncalculated-risk#content-2": 0.9491712579554282,
    "the-floating-ear#content-4": 0.9491240154140484,
    "timeslips#content-2": 0.9487897398542474,
    "the-anthropocene-in-light-of-biological-feedback#content-1": 0.9483812254692292,
    "the-shape-of-a-practice-seminars#abstract": 0.9472914496962166,
    "white-sands#content-1": 0.9460390672217449,
    "uncalculated-risk#content-4": 0.9457691090041573,
    "the-floating-ear#content-2": 0.9457672763953211,
    "the-anthropocene-in-light-of-biological-feedback#content-7": 0.9451826663480694,
    "the-shape-of-a-practice-online-project-environment#abstract": 0.9451240515895781,
    "the-anthropocene-in-light-of-biological-feedback#content-2": 0.9449800836512525,
    "the-vietnamese-community-in-eastern-new-orleans#content-1": 0.94456021951846,
    "the-four-dimensional-mississippi#content-1": 0.9440428635932046,
    "us-southwest#content-1": 0.9416610708996197,
    "the-anthropocene-in-light-of-biological-feedback#abstract": 0.9410109929755324,
    "uncalculated-risk#content-6": 0.9405941360583085,
    "timeslips#abstract": 0.9402252802062043,
    "the-anthropogenic-influence-onto-the-air-quality-along-the-mississippi-river-findings#abstract": 0.9385090718298389,
    "writing-global-histories-in-the-anthropocene#content-1": 0.9384624315841725,
    "the-hedge#content-2": 0.9374312531984321,
    "time-and-time-again#content-1": 0.9373029414859584,
    "this-is-not-about-survival-its-about-bringing-your-coracle#abstract": 0.9369360343096369,
    "typha-the-once-and-future-planty-companion#abstract": 0.9366522462621119,
    "the-current-mississippi-an-anthropocene-river#abstract": 0.9361614764898526,
    "too-little-water-the-lake-chad-story#content-1": 0.9358489282996642,
    "the-hyphen#content-1": 0.9354586222413854,
    "the-mississippi-basin-an-operational-landscape#content-7": 0.935047770534463,
    "the-mississippi-basin-an-operational-landscape#content-1": 0.9348452882895755,
    "touring-the-anthropocenery-whos-in-charge-here-2014#abstract": 0.9348068585558993,
    "xaraasi-xanne-crossing-voices#abstract": 0.9342777917011369,
    "tree-x-office#abstract": 0.9340628436081996,
    "walk-about-it#abstract": 0.9322218576254258,
    "us-southwest#content-3": 0.931309972180045,
    "the-four-dimensional-mississippi#abstract": 0.930807100165404,
    "the-anthropogenic-influence-onto-the-air-quality-along-the-mississippi-river-findings#content-2": 0.9303345262654281,
    "the-anthropogenic-influence-onto-the-air-quality-along-the-mississippi-river-findings#content-6": 0.9292553516890326,
    "the-anthropocene-in-light-of-biological-feedback#content-8": 0.9289266213610722,
    "the-aerocene-campus#content-8": 0.9289129163741635,
    "the-mississippi-basin-an-operational-landscape#content-3": 0.9279357690375772,
    "uncalculated-risk#content-1": 0.9237191877489009,
    "times-before-and-after#abstract": 0.9227356103359848,
    "the-mississippi-basin-an-operational-landscape#content-5": 0.9222182032993339,
    "the-hyphen#abstract": 0.9194169647805155,
    "the-mississippi-basin-an-operational-landscape#abstract": 0.9192848383741824,
    "uncalculated-risk#content-5": 0.9188805221462387,
    "too-little-water-the-lake-chad-story#abstract": 0.9186819308388522,
    "the-rights-of-nature#abstract": 0.9185092866337355,
    "the-maledives-case#abstract": 0.9163038107032423,
    "the-anthropocene-in-light-of-biological-feedback#content-6": 0.9150495807314454,
    "the-great-green-desert#abstract": 0.9146889641725963,
    "too-little-water-the-lake-chad-story#content-2": 0.9145246245452947,
    "understanding-the-north-american-lost-crops#abstract": 0.9128665418894261,
    "the-anthropogenic-influence-onto-the-air-quality-along-the-mississippi-river-findings#content-8": 0.912020141314141,
    "transect-walk-cahokia-mounds-to-fairmont-city#abstract": 0.9091185246939029,
    "white-sands#content-2": 0.906605211436511,
    "white-sands#abstract": 0.906441653947249,
    "the-anthropogenic-influence-onto-the-air-quality-along-the-mississippi-river-findings#content-10": 0.9054748569598384,
    "the-anthropogenic-influence-onto-the-air-quality-along-the-mississippi-river-findings#content-1": 0.9014136055861242,
    "uncalculated-risk#content-7": 0.8974512874885396,
    "this-is-not-about-survival-its-about-bringing-your-coracle#content-1": 0.8950074639199311,
    "uncalculated-risk#content-3": 0.893215292673483,
    "the-aerocene-campus#content-6": 0.8883954745710324,
    "the-vietnamese-community-in-eastern-new-orleans#content-2": 0.8842038190563172,
    "the-hedge#content-3": 0.8839259821415321,
    "the-stories-we-tell-the-images-we-take#title": 0.8802165327996654,
    "the-vietnamese-community-in-eastern-new-orleans#content-4": 0.878730638541764,
    "typha-the-once-and-future-planty-companion#content-1": 0.8783200885558908,
    "time-and-time-again#subtitle": 0.8731217552599878,
    "the-anthropogenic-influence-onto-the-air-quality-along-the-mississippi-river-findings#content-4": 0.8693797833459374,