{
    "the-floating-ear#content-6": 0.988939236452963,
    "the-floating-ear#content-3": 0.986706130655318,
    "the-floating-ear#content-7": 0.9864793752424079,
    "the-floating-ear#content-2": 0.9837375224338507,
    "times-before-and-after#content-1": 0.9836487759495871,
    "time-and-time-again#content-2": 0.9807723819867535,
    "wicked-problems-and-mental-models#content-1": 0.9795483963025324,
    "the-shape-of-a-practice#abstract": 0.9779983064468999,
    "the-floating-ear#content-5": 0.9773006664988187,
    "the-hyphen#content-2": 0.9771552232474583,
    "the-mississippi-basin-an-operational-landscape#content-7": 0.9765191452173205,
    "walk-about-it#content-1": 0.976114474014219,
    "the-floating-ear#content-4": 0.9761125008578311,
    "touring-the-anthropocenery-whos-in-charge-here-2014#content-2": 0.9743876456369817,
    "the-terrain-of-the-former-veb-elektrokohle-lichtenberg#content-3": 0.9718449854739291,
    "the-stories-we-tell-the-images-we-take#content-2": 0.970965031364407,
    "the-free-sea#content-2": 0.9709469026086311,
    "voice-and-representation#content-1": 0.9708027893616621,
    "the-four-dimensional-mississippi#abstract": 0.9651040095952113,
    "uncalculated-risk#content-8": 0.964781930379279,
    "time-out-of-mind#content-3": 0.9647325024692198,
    "uncalculated-risk#abstract": 0.9646430659803469,
    "uncalculated-risk#content-4": 0.9643452287762773,
    "twin-cities-artist-residency-mississippi-an-anthropocene-story#abstract": 0.9635741961448566,
    "typha-the-once-and-future-planty-companion#abstract": 0.962889120379561,
    "time-out-of-mind#abstract": 0.9625699569990883,
    "tree-x-office#content-1": 0.9624053506126147,
    "the-shape-of-a-practice-online-project-environment#abstract": 0.9622961911155736,
    "the-hyphen#abstract": 0.9611350962667636,
    "the-four-dimensional-mississippi#content-1": 0.9591410748486937,
    "the-terrain-of-the-former-veb-elektrokohle-lichtenberg#content-1": 0.9588516102140919,
    "timeslips#content-2": 0.9586516337533699,
    "white-sands#content-3": 0.9585469312250652,
    "writing-global-histories-in-the-anthropocene#content-1": 0.9583683905036269,
    "xaraasi-xanne-crossing-voices#content-2": 0.9581192983351647,
    "too-little-water-the-lake-chad-story#content-1": 0.9579724968580478,
    "the-shape-of-a-practice-seminars#abstract": 0.9579415833516547,
    "the-mississippi-basin-an-operational-landscape#content-1": 0.9574182777226186,
    "time-out-of-mind#content-5": 0.9570458426546553,
    "the-terrain-of-the-former-veb-elektrokohle-lichtenberg#content-5": 0.9559126930470361,
    "time-out-of-mind#content-1": 0.9555608678707485,
    "the-mississippi-basin-an-operational-landscape#content-5": 0.9554362649484024,
    "uncalculated-risk#content-6": 0.954846639912156,
    "the-hyphen#content-1": 0.9538560279156242,
    "the-lichtenberg-case#abstract": 0.953158017127504,
    "uncalculated-risk#content-2": 0.9509248446884325,
    "the-hedge#content-2": 0.9491910393472479,
    "walk-about-it#abstract": 0.9475146665551766,
    "timeslips#abstract": 0.9463807573434044,
    "the-vietnamese-community-in-eastern-new-orleans#content-3": 0.9462480525983245,
    "white-sands#content-1": 0.9451255363769537,
    "the-mississippi-basin-an-operational-landscape#abstract": 0.9449360657213989,
    "the-stories-we-tell-the-images-we-take#abstract": 0.9427773782781635,
    "the-mississippi-basin-an-operational-landscape#content-3": 0.9414397379312446,
    "tree-x-office#abstract": 0.9393564827765356,
    "the-maledives-case#abstract": 0.9388607599855004,
    "times-before-and-after#abstract": 0.937639484544778,
    "touring-the-anthropocenery-whos-in-charge-here-2014#abstract": 0.9335313424276152,
    "the-vietnamese-community-in-eastern-new-orleans#content-1": 0.9326855169141075,
    "understanding-the-north-american-lost-crops#abstract": 0.927605881324273,
    "us-southwest#content-1": 0.9273312392645396,
    "this-is-not-about-survival-its-about-bringing-your-coracle#abstract": 0.9237218460911532,
    "the-great-green-desert#abstract": 0.9232744286878116,
    "the-rights-of-nature#abstract": 0.9136656961304028,
    "transect-walk-cahokia-mounds-to-fairmont-city#abstract": 0.9132116636377329,
    "xaraasi-xanne-crossing-voices#abstract": 0.9082027146617808,
    "too-little-water-the-lake-chad-story#abstract": 0.9040476539470926,
    "time-and-time-again#content-1": 0.9021873538919485,
    "uncalculated-risk#content-5": 0.8987820707739222,
    "the-shape-of-a-practice-online-project-environment#title": 0.893905322582454,
    "uncalculated-risk#content-1": 0.8935554445246148,
    "us-southwest#content-3": 0.89129389898251,
    "time-out-of-mind#title": 0.882979113979187,
    "the-stories-we-tell-the-images-we-take#title": 0.8804409324278957,
    "too-little-water-the-lake-chad-story#content-2": 0.8799696432290489,
    "this-is-not-about-survival-its-about-bringing-your-coracle#content-1": 0.877861685429078,
    "white-sands#content-2": 0.8752725264974259,
    "the-shape-of-a-practice#title": 0.8738870049385988,
    "uncalculated-risk#content-7": 0.8717479193428579,
    "time-and-time-again#subtitle": 0.8684344030936081,
    "the-politics-of-modeling#abstract": 0.8616493388668991,
    "white-sands#abstract": 0.8594078361838282,
    "uncalculated-risk#content-3": 0.8558378336267763,
    "the-terrestrial-is-not-the-globe#title": 0.8546286660396588,
    "the-shape-of-a-practice-seminars#title": 0.8541237822637819,
    "wicked-problems-and-mental-models#abstract": 0.8496283771292745,
    "typha-the-once-and-future-planty-companion#title": 0.8491237267802473,
    "the-terrain-of-the-former-veb-elektrokohle-lichtenberg#content-4": 0.8470910890175347,
    "the-hedge#content-3": 0.8412693877231507,
    "this-is-not-about-survival-its-about-bringing-your-coracle#title": 0.8354653199119052,
    "us-southwest#content-4": 0.8324076735335266,
    "us-southwest#content-2": 0.8323241224869266,
    "the-vietnamese-community-in-eastern-new-orleans#content-2": 0.8308675398039485,
    "the-rights-of-nature#title": 0.830161014169532,
    "the-mississippi-basin-an-operational-landscape#content-2": 0.8267074590214639,
    "the-politics-of-modeling#title": 0.8202887823041793,
    "the-lena-is-worthy-of-baikal-defining-remoteness-across-the-north-and-the-east#title": 0.819250432063963,
    "touring-the-anthropocenery-whos-in-charge-here-2014#title": 0.8179863736018749,
    "this-is-not-about-survival-its-about-bringing-your-coracle#subtitle": 0.8163657857222539,
    "typha-the-once-and-future-planty-companion#content-1": 0.810334748260916,
    "the-vietnamese-community-in-eastern-new-orleans#content-4": 0.8072974977326248,
    "uncalculated-risk#subtitle": 0.8015107077302237,
    "the-shipworm-and-the-telegraph#title": 0.7936225556376035,
    "times-before-and-after#title": 0.7803630813644288,
    "wicked-problems-and-mental-models#title": 0.7731092859759596,
    "understanding-the-north-american-lost-crops#title": 0.7713756759398909,
    "the-mississippi-basin-an-operational-landscape#content-4": 0.7694027360750422,
    "worshipping-along-the-routes-of-migration#title": 0.7672292530991264,
    "walk-about-it#title": 0.7657621084777292,
    "the-mississippi-basin-an-operational-landscape#content-6": 0.7635677248569531,
    "time-and-time-again#title": 0.7596277747144247,
    "too-little-water-the-lake-chad-story#title": 0.7573941571147378,
    "the-maledives-case#title": 0.7563681095830003,
    "worshipping-along-the-routes-of-migration#subtitle": 0.7458010811357038,
    "transect-walk-cahokia-mounds-to-fairmont-city#content-1": 0.7440797942721632,
    "the-mississippi-basin-an-operational-landscape#title": 0.7325573728323007,
    "the-great-green-desert#title": 0.7306744350810349,
    "voice-and-representation#title": 0.7263226527322924,
    "understanding-the-north-american-lost-crops#content-1": 0.7241701250904913,
    "the-free-sea#title": 0.7229695434419521,