{
    "the-shape-of-a-practice#abstract": 0.9593298715319837,
    "time-out-of-mind#abstract": 0.9591055754481969,
    "uncalculated-risk#abstract": 0.9590951503544723,
    "the-stories-we-tell-the-images-we-take#content-2": 0.959040536694552,
    "the-four-dimensional-mississippi#abstract": 0.9582915344040558,
    "the-mississippi-basin-an-operational-landscape#abstract": 0.9578088883042403,
    "writing-global-histories-in-the-anthropocene#content-1": 0.9570855770189378,
    "the-four-dimensional-mississippi#content-1": 0.9565664405807714,
    "the-mississippi-basin-an-operational-landscape#content-1": 0.9555604452378578,
    "uncalculated-risk#content-2": 0.9551273637049161,
    "uncalculated-risk#content-8": 0.9545222241537739,
    "timeslips#content-2": 0.9538875236081052,
    "uncalculated-risk#content-6": 0.9536550095812967,
    "transect-walk-cahokia-mounds-to-fairmont-city#abstract": 0.953585892682153,
    "the-lichtenberg-case#abstract": 0.9533582610934387,
    "uncalculated-risk#content-4": 0.9518085561060456,
    "white-sands#content-3": 0.9503603419661786,
    "too-little-water-the-lake-chad-story#content-1": 0.9501799493258412,
    "xaraasi-xanne-crossing-voices#content-2": 0.950030191618003,
    "the-mississippi-basin-an-operational-landscape#content-7": 0.9492133701587913,
    "white-sands#content-1": 0.9483014608762782,
    "the-terrain-of-the-former-veb-elektrokohle-lichtenberg#content-5": 0.948124335991853,
    "the-vietnamese-community-in-eastern-new-orleans#content-3": 0.9473283146860488,
    "twin-cities-artist-residency-mississippi-an-anthropocene-story#abstract": 0.946399033837023,
    "the-vietnamese-community-in-eastern-new-orleans#content-1": 0.9463759894084792,
    "walk-about-it#content-1": 0.9446641311298248,
    "the-floating-ear#content-1": 0.9438471239311809,
    "timeslips#abstract": 0.9428450961185534,
    "time-and-time-again#content-2": 0.9414994586090857,
    "the-terrain-of-the-former-veb-elektrokohle-lichtenberg#content-1": 0.941078871095354,
    "time-out-of-mind#content-3": 0.9406190081972623,
    "walk-about-it#abstract": 0.9405051352886337,
    "touring-the-anthropocenery-whos-in-charge-here-2014#content-2": 0.9389906122462871,
    "time-out-of-mind#content-1": 0.9387462277417199,
    "the-shape-of-a-practice-seminars#abstract": 0.9380415889517326,
    "tree-x-office#content-1": 0.936972671119182,
    "voice-and-representation#content-1": 0.9358547378196432,
    "the-mississippi-basin-an-operational-landscape#content-5": 0.9357784752398597,
    "the-floating-ear#content-7": 0.935649016630613,
    "the-mississippi-basin-an-operational-landscape#content-3": 0.9354061650809806,
    "this-is-not-about-survival-its-about-bringing-your-coracle#abstract": 0.9353494065577863,
    "the-terrain-of-the-former-veb-elektrokohle-lichtenberg#content-3": 0.9351924224000956,
    "times-before-and-after#content-1": 0.9346669069526546,
    "the-free-sea#content-2": 0.9345868488894014,
    "the-great-green-desert#abstract": 0.9335122584016925,
    "the-floating-ear#content-6": 0.9332766274930001,
    "the-floating-ear#content-4": 0.933214559221716,
    "the-shape-of-a-practice-online-project-environment#abstract": 0.9325524816622619,
    "the-floating-ear#content-2": 0.9300952911036973,
    "the-floating-ear#content-3": 0.9298546507016693,
    "the-hyphen#content-2": 0.9281896658756474,
    "typha-the-once-and-future-planty-companion#abstract": 0.9274559849844374,
    "wicked-problems-and-mental-models#content-1": 0.9263205194000033,
    "the-floating-ear#content-5": 0.9237603735858791,
    "the-danish-text#abstract": 0.9232977544473194,
    "the-maledives-case#abstract": 0.9217551469484753,
    "the-stories-we-tell-the-images-we-take#abstract": 0.920801332332289,
    "the-rights-of-nature#abstract": 0.9182190584414718,
    "tree-x-office#abstract": 0.9175899184130333,
    "uncalculated-risk#content-5": 0.9171982555337828,
    "the-hyphen#abstract": 0.9156873076250293,
    "understanding-the-north-american-lost-crops#abstract": 0.915586712325957,
    "time-out-of-mind#content-5": 0.9155243770762322,
    "us-southwest#content-1": 0.9118824177980818,
    "too-little-water-the-lake-chad-story#abstract": 0.911801881893508,
    "the-hedge#content-2": 0.9109464731939666,
    "us-southwest#content-3": 0.9032670390534571,
    "touring-the-anthropocenery-whos-in-charge-here-2014#abstract": 0.9009878506533757,
    "times-before-and-after#abstract": 0.8977081844714349,
    "xaraasi-xanne-crossing-voices#abstract": 0.8970632136809257,
    "the-hyphen#content-1": 0.8935711682585754,
    "uncalculated-risk#content-1": 0.8886342306137389,
    "uncalculated-risk#content-7": 0.8854107640053627,
    "white-sands#content-2": 0.8824483583662736,
    "the-mississippi-basin-an-operational-landscape#content-2": 0.8799157816045202,
    "the-shape-of-a-practice-online-project-environment#title": 0.8623445166849046,
    "time-and-time-again#content-1": 0.8611416322064365,
    "white-sands#abstract": 0.8566487619210351,
    "too-little-water-the-lake-chad-story#content-2": 0.854103812697085,
    "the-politics-of-modeling#abstract": 0.8498408239111518,
    "time-and-time-again#subtitle": 0.8491564390238353,
    "uncalculated-risk#content-3": 0.8480331012878499,
    "us-southwest#content-4": 0.8479633369916527,
    "the-lena-is-worthy-of-baikal-defining-remoteness-across-the-north-and-the-east#title": 0.8445060480973369,
    "the-stories-we-tell-the-images-we-take#title": 0.8420370672636306,
    "the-terrain-of-the-former-veb-elektrokohle-lichtenberg#content-4": 0.8409559939048085,
    "the-terrestrial-is-not-the-globe#title": 0.8369307708276659,
    "this-is-not-about-survival-its-about-bringing-your-coracle#content-1": 0.8330865514957084,
    "the-fight-for-alaskas-arctic-has-just-begun#title": 0.8329174652759811,
    "uncalculated-risk#subtitle": 0.8296903240254376,
    "the-rights-of-nature#title": 0.828736272843617,
    "the-vietnamese-community-in-eastern-new-orleans#content-2": 0.8265201545410122,
    "the-shape-of-a-practice#title": 0.8255465160378083,
    "typha-the-once-and-future-planty-companion#content-1": 0.8241557475808694,
    "the-hedge#content-3": 0.8229396921480736,
    "time-out-of-mind#title": 0.8216556320649809,
    "the-politics-of-modeling#title": 0.8204998526695529,
    "understanding-the-north-american-lost-crops#title": 0.8202884076635643,
    "the-mississippi-basin-an-operational-landscape#content-4": 0.8173190428166597,
    "us-southwest#content-2": 0.8172326593135928,
    "typha-the-once-and-future-planty-companion#title": 0.8152176512129296,
    "the-mississippi-basin-an-operational-landscape#title": 0.8131914164614734,
    "the-vietnamese-community-in-eastern-new-orleans#content-4": 0.8121169307968199,
    "wicked-problems-and-mental-models#abstract": 0.811502187458206,
    "the-shape-of-a-practice-seminars#title": 0.8112963324212864,
    "the-mississippi-basin-an-operational-landscape#content-6": 0.8099368344137524,
    "the-shipworm-and-the-telegraph#title": 0.8076912405025363,
    "worshipping-along-the-routes-of-migration#title": 0.8025333502520915,
    "the-current-mississippi-an-anthropocene-river#content-1": 0.7829780917751799,
    "this-is-not-about-survival-its-about-bringing-your-coracle#title": 0.7814286197848738,
    "touring-the-anthropocenery-whos-in-charge-here-2014#title": 0.7778433319920497,
    "transect-walk-cahokia-mounds-to-fairmont-city#content-1": 0.7707582977279587,
    "the-current-mississippi-an-anthropocene-river#title": 0.7668129229434093,
    "understanding-the-north-american-lost-crops#content-1": 0.7581824527133905,
    "too-little-water-the-lake-chad-story#title": 0.7560164730567532,
    "times-before-and-after#title": 0.751636279400539,
    "the-vietnamese-community-in-eastern-new-orleans#title": 0.746669882118129,
    "worshipping-along-the-routes-of-migration#subtitle": 0.742989081174459,
    "the-maledives-case#title": 0.7418877094919021,
    "the-free-sea#title": 0.7417206199766351,