{
    "the-anthropocene-in-light-of-biological-feedback#content-9": 0.9704162106513446,
    "the-anthropocene-in-light-of-biological-feedback#content-7": 0.9649423396682002,
    "the-anthropocene-in-light-of-biological-feedback#content-4": 0.9583417047991062,
    "the-anthropocene-in-light-of-biological-feedback#content-2": 0.9470404761886325,
    "the-floating-ear#content-6": 0.9414103410443443,
    "the-floating-ear#content-1": 0.939492831145048,
    "the-stories-we-tell-the-images-we-take#content-2": 0.937666929056024,
    "the-anthropocene-in-light-of-biological-feedback#content-3": 0.9367591668943237,
    "the-anthropocene-in-light-of-biological-feedback#content-10": 0.9359864088659566,
    "the-floating-ear#content-3": 0.9324078114372645,
    "time-and-time-again#content-2": 0.9316351751697698,
    "wicked-problems-and-mental-models#content-1": 0.9296422449493135,
    "too-little-water-the-lake-chad-story#content-2": 0.9294091656049897,
    "tree-x-office#content-1": 0.9288441304634945,
    "the-danish-text#abstract": 0.9275490538009544,
    "the-anthropocene-in-light-of-biological-feedback#content-6": 0.9268803200317152,
    "the-hyphen#content-2": 0.9261943071001675,
    "times-before-and-after#content-1": 0.9257532211497458,
    "the-anthropocene-in-light-of-biological-feedback#content-8": 0.9241386831529049,
    "the-floating-ear#content-7": 0.9228543893617425,
    "the-shape-of-a-practice#abstract": 0.9224834402036582,
    "the-terrain-of-the-former-veb-elektrokohle-lichtenberg#content-3": 0.9222661060505201,
    "the-floating-ear#content-4": 0.9212830053578217,
    "the-floating-ear#content-2": 0.9211291694612523,
    "the-hyphen#content-1": 0.9203049404312035,
    "us-southwest#content-1": 0.9201988703761048,
    "white-sands#content-3": 0.9200647737164368,
    "the-free-sea#content-2": 0.9193390461978244,
    "walk-about-it#content-1": 0.919007571199478,
    "time-and-time-again#content-1": 0.9189707507803276,
    "touring-the-anthropocenery-whos-in-charge-here-2014#content-2": 0.918528716322647,
    "uncalculated-risk#content-8": 0.9170236981532888,
    "the-four-dimensional-mississippi#content-1": 0.9165546376491082,
    "xaraasi-xanne-crossing-voices#content-2": 0.916451195001859,
    "the-anthropogenic-influence-onto-the-air-quality-along-the-mississippi-river-findings#content-2": 0.9163201669048245,
    "the-mississippi-basin-an-operational-landscape#content-7": 0.9162137594456359,
    "the-vietnamese-community-in-eastern-new-orleans#content-3": 0.9157356136551204,
    "time-out-of-mind#content-1": 0.9156805658234594,
    "the-lichtenberg-case#abstract": 0.9156263943423072,
    "the-mississippi-basin-an-operational-landscape#content-1": 0.9152199102146291,
    "time-out-of-mind#content-3": 0.9149190426578468,
    "the-four-dimensional-mississippi#abstract": 0.9140057264638015,
    "the-terrain-of-the-former-veb-elektrokohle-lichtenberg#content-5": 0.9134047558781929,
    "the-floating-ear#content-5": 0.9125159020630896,
    "the-anthropogenic-influence-onto-the-air-quality-along-the-mississippi-river-findings#content-6": 0.9123103707687181,
    "time-out-of-mind#abstract": 0.9118730467662596,
    "uncalculated-risk#content-2": 0.9118401597837476,
    "uncalculated-risk#abstract": 0.9111870720409179,
    "the-terrain-of-the-former-veb-elektrokohle-lichtenberg#content-1": 0.9108891647029286,
    "timeslips#content-2": 0.9108201696132715,
    "white-sands#content-1": 0.9106231162443378,
    "the-stories-we-tell-the-images-we-take#abstract": 0.909987097533391,
    "the-confluence-area#abstract": 0.9097979023789552,
    "voice-and-representation#content-1": 0.9096715929746988,
    "the-vietnamese-community-in-eastern-new-orleans#content-1": 0.9090176636375928,
    "timeslips#abstract": 0.9079364573933181,
    "uncalculated-risk#content-4": 0.9066414328331016,
    "too-little-water-the-lake-chad-story#content-1": 0.9064705241713398,
    "the-mississippi-basin-an-operational-landscape#content-5": 0.9060461732562556,
    "the-mississippi-basin-an-operational-landscape#content-3": 0.9059529384322931,
    "the-anthropogenic-influence-onto-the-air-quality-along-the-mississippi-river-findings#abstract": 0.9051187436446161,
    "uncalculated-risk#content-1": 0.9048903125406352,
    "time-out-of-mind#content-5": 0.9044607438814875,
    "tree-x-office#abstract": 0.904153373911472,
    "uncalculated-risk#content-6": 0.9029450297981059,
    "xaraasi-xanne-crossing-voices#abstract": 0.9021058678578188,
    "the-hyphen#abstract": 0.9015983566085932,
    "the-anthropogenic-influence-onto-the-air-quality-along-the-mississippi-river-findings#content-8": 0.9014378027083084,
    "white-sands#abstract": 0.901163562180158,
    "writing-global-histories-in-the-anthropocene#content-1": 0.9003289549950736,
    "the-rights-of-nature#abstract": 0.8996183104368626,
    "the-current-mississippi-an-anthropocene-river#abstract": 0.8995085630677438,
    "this-is-not-about-survival-its-about-bringing-your-coracle#abstract": 0.8991035982692527,
    "us-southwest#content-3": 0.8986740093936451,
    "times-before-and-after#abstract": 0.8975928809400963,
    "typha-the-once-and-future-planty-companion#abstract": 0.8967554197105135,
    "the-shape-of-a-practice-seminars#abstract": 0.8948641608546933,
    "too-little-water-the-lake-chad-story#abstract": 0.8943907504209525,
    "the-anthropogenic-influence-onto-the-air-quality-along-the-mississippi-river-findings#content-10": 0.8935006946275341,
    "the-maledives-case#abstract": 0.893141390976292,
    "twin-cities-artist-residency-mississippi-an-anthropocene-story#abstract": 0.8923720287296932,
    "the-hedge#content-2": 0.8884648365172972,
    "the-shape-of-a-practice-online-project-environment#abstract": 0.8883154312806051,
    "the-mississippi-basin-an-operational-landscape#abstract": 0.8881158909161876,
    "touring-the-anthropocenery-whos-in-charge-here-2014#abstract": 0.8876828017887529,
    "uncalculated-risk#content-5": 0.8876023125827752,
    "white-sands#content-2": 0.8868440118134626,
    "walk-about-it#abstract": 0.8833032212821795,
    "the-vietnamese-community-in-eastern-new-orleans#content-4": 0.8813082292177213,
    "understanding-the-north-american-lost-crops#abstract": 0.8811500257311285,
    "the-great-green-desert#abstract": 0.8808106882619162,
    "the-vietnamese-community-in-eastern-new-orleans#content-2": 0.8798715339555221,
    "uncalculated-risk#content-3": 0.8785614506162054,
    "uncalculated-risk#content-7": 0.877029087363597,
    "transect-walk-cahokia-mounds-to-fairmont-city#abstract": 0.8732819791441165,
    "the-anthropogenic-influence-onto-the-air-quality-along-the-mississippi-river-findings#content-1": 0.8672260296659453,
    "the-anthropogenic-influence-onto-the-air-quality-along-the-mississippi-river-findings#content-4": 0.8616272499281403,
    "the-anthropogenic-influence-onto-the-air-quality-along-the-mississippi-river-findings#content-3": 0.8607911201661717,
    "the-anthropogenic-influence-onto-the-air-quality-along-the-mississippi-river-findings#content-5": 0.8604145265507379,
    "the-anthropogenic-influence-onto-the-air-quality-along-the-mississippi-river-findings#content-7": 0.8527272309026097,
    "this-is-not-about-survival-its-about-bringing-your-coracle#content-1": 0.8503458391724493,
    "time-and-time-again#subtitle": 0.844750332025569,
    "the-hedge#content-3": 0.8445311082372243,
    "typha-the-once-and-future-planty-companion#content-1": 0.8407002376788509,
    "the-shape-of-a-practice-online-project-environment#title": 0.8400286431132576,
    "us-southwest#content-4": 0.8219613084295626,
    "the-anthropogenic-influence-onto-the-air-quality-along-the-mississippi-river-findings#content-9": 0.8204099246945149,
    "the-mississippi-basin-an-operational-landscape#content-2": 0.8197010612571269,
    "the-stories-we-tell-the-images-we-take#title": 0.8189460468134232,