{
    "too-little-water-the-lake-chad-story#content-1": 0.9667213747305302,
    "the-shape-of-a-practice#abstract": 0.9612881391907151,
    "time-out-of-mind#abstract": 0.9612730319741364,
    "uncalculated-risk#content-8": 0.960200095833752,
    "the-anthropogenic-influence-onto-the-air-quality-along-the-mississippi-river-findings#content-8": 0.9593426699707133,
    "the-anthropogenic-influence-onto-the-air-quality-along-the-mississippi-river-findings#content-6": 0.9580425357396517,
    "the-four-dimensional-mississippi#content-1": 0.9577159145901395,
    "uncalculated-risk#abstract": 0.9573783533476945,
    "writing-global-histories-in-the-anthropocene#content-1": 0.956063897674106,
    "the-mississippi-basin-an-operational-landscape#content-5": 0.9549296041528164,
    "timeslips#content-2": 0.9547479764629623,
    "the-four-dimensional-mississippi#abstract": 0.9543067484486415,
    "the-mississippi-basin-an-operational-landscape#content-7": 0.953631715739034,
    "the-stories-we-tell-the-images-we-take#content-2": 0.953359661563311,
    "the-terrain-of-the-former-veb-elektrokohle-lichtenberg#content-5": 0.9529660154353169,
    "the-free-sea#content-2": 0.9527504932944805,
    "uncalculated-risk#content-2": 0.9527003422377618,
    "wicked-problems-and-mental-models#content-1": 0.9521596370693179,
    "the-floating-ear#content-3": 0.952135827517099,
    "white-sands#content-3": 0.9515953563976962,
    "white-sands#content-1": 0.9513999639322755,
    "the-anthropogenic-influence-onto-the-air-quality-along-the-mississippi-river-findings#content-2": 0.9507850987332694,
    "times-before-and-after#content-1": 0.9502790960521502,
    "uncalculated-risk#content-4": 0.949991234275027,
    "time-out-of-mind#content-3": 0.9499313767010121,
    "the-floating-ear#content-1": 0.949892901210241,
    "time-and-time-again#content-2": 0.9495122504585348,
    "uncalculated-risk#content-6": 0.9489414980558585,
    "the-anthropogenic-influence-onto-the-air-quality-along-the-mississippi-river-findings#content-10": 0.9488204299638983,
    "voice-and-representation#content-1": 0.9483916972421129,
    "the-current-mississippi-an-anthropocene-river#abstract": 0.9481923399705623,
    "time-out-of-mind#content-1": 0.94798102955777,
    "the-mississippi-basin-an-operational-landscape#content-1": 0.9478716083634182,
    "the-lichtenberg-case#abstract": 0.9478049813934193,
    "the-vietnamese-community-in-eastern-new-orleans#content-3": 0.9472648566774541,
    "touring-the-anthropocenery-whos-in-charge-here-2014#content-2": 0.9468457728897522,
    "the-floating-ear#content-2": 0.9463247403334357,
    "the-confluence-area#abstract": 0.9462127220875071,
    "the-terrain-of-the-former-veb-elektrokohle-lichtenberg#content-3": 0.9458848171157439,
    "timeslips#abstract": 0.945678869595079,
    "the-floating-ear#content-4": 0.9455948896578441,
    "the-floating-ear#content-7": 0.945539572915319,
    "walk-about-it#content-1": 0.9454728593486004,
    "the-floating-ear#content-6": 0.9427498890803861,
    "the-floating-ear#content-5": 0.9414353351125062,
    "the-danish-text#abstract": 0.940772771116491,
    "the-terrain-of-the-former-veb-elektrokohle-lichtenberg#content-1": 0.9401957461033937,
    "tree-x-office#content-1": 0.940064592620697,
    "the-vietnamese-community-in-eastern-new-orleans#content-1": 0.9393376154579344,
    "the-hyphen#content-2": 0.9385529191758503,
    "xaraasi-xanne-crossing-voices#content-2": 0.9368919523118834,
    "the-maledives-case#abstract": 0.9365212237220314,
    "the-mississippi-basin-an-operational-landscape#content-3": 0.9352664982499999,
    "typha-the-once-and-future-planty-companion#abstract": 0.9350613011000377,
    "time-out-of-mind#content-5": 0.9348899849405826,
    "twin-cities-artist-residency-mississippi-an-anthropocene-story#abstract": 0.9318732020379287,
    "understanding-the-north-american-lost-crops#abstract": 0.9315533603410169,
    "this-is-not-about-survival-its-about-bringing-your-coracle#abstract": 0.9310826131526866,
    "the-hyphen#abstract": 0.9304027729153478,
    "walk-about-it#abstract": 0.9298357418896213,
    "the-shape-of-a-practice-seminars#abstract": 0.9290778328352229,
    "the-shape-of-a-practice-online-project-environment#abstract": 0.927875864455159,
    "the-mississippi-basin-an-operational-landscape#abstract": 0.9266241315270762,
    "the-great-green-desert#abstract": 0.9265814048837065,
    "the-hedge#content-2": 0.9201939358997434,
    "times-before-and-after#abstract": 0.9192457878639888,
    "the-anthropogenic-influence-onto-the-air-quality-along-the-mississippi-river-findings#content-4": 0.9180181062540849,
    "transect-walk-cahokia-mounds-to-fairmont-city#abstract": 0.9159693042685892,
    "the-hyphen#content-1": 0.9122192311809874,
    "us-southwest#content-1": 0.9113969817247487,
    "tree-x-office#abstract": 0.9076740583732806,
    "the-stories-we-tell-the-images-we-take#abstract": 0.9073674048063582,
    "too-little-water-the-lake-chad-story#abstract": 0.9050408568996647,
    "touring-the-anthropocenery-whos-in-charge-here-2014#abstract": 0.903513406602308,
    "the-rights-of-nature#abstract": 0.899049460328777,
    "us-southwest#content-3": 0.8962897259869919,
    "the-anthropogenic-influence-onto-the-air-quality-along-the-mississippi-river-findings#content-1": 0.8904879203272597,
    "xaraasi-xanne-crossing-voices#abstract": 0.8901402252245884,
    "the-anthropogenic-influence-onto-the-air-quality-along-the-mississippi-river-findings#title": 0.8859909087303435,
    "uncalculated-risk#content-5": 0.8756872922289086,
    "white-sands#content-2": 0.8749412611260581,
    "time-and-time-again#content-1": 0.8657538831941972,
    "uncalculated-risk#content-1": 0.8642707397251154,
    "the-stories-we-tell-the-images-we-take#title": 0.8639544062811129,
    "too-little-water-the-lake-chad-story#content-2": 0.8622627729765813,
    "uncalculated-risk#content-7": 0.8599485359581527,
    "this-is-not-about-survival-its-about-bringing-your-coracle#content-1": 0.8595530673149915,
    "the-fight-for-alaskas-arctic-has-just-begun#title": 0.8546344754014488,
    "the-anthropogenic-influence-onto-the-air-quality-along-the-mississippi-river-findings#content-5": 0.8515765925033602,
    "white-sands#abstract": 0.8498910157954384,
    "the-anthropogenic-influence-onto-the-air-quality-along-the-mississippi-river-findings#content-3": 0.8498612923490604,
    "the-shape-of-a-practice-online-project-environment#title": 0.8488931123250797,
    "us-southwest#content-4": 0.8466407163294297,
    "the-mississippi-basin-an-operational-landscape#content-2": 0.8463515842381398,
    "the-terrain-of-the-former-veb-elektrokohle-lichtenberg#content-4": 0.8419893086462913,
    "wicked-problems-and-mental-models#abstract": 0.8410028880399222,
    "time-and-time-again#subtitle": 0.8382731289704289,
    "time-out-of-mind#title": 0.8368241276479028,
    "the-terrestrial-is-not-the-globe#title": 0.836640287597376,
    "this-is-not-about-survival-its-about-bringing-your-coracle#title": 0.8326943421511032,
    "typha-the-once-and-future-planty-companion#title": 0.8320175940865538,
    "the-politics-of-modeling#abstract": 0.830740478159685,
    "the-anthropogenic-influence-onto-the-air-quality-along-the-mississippi-river-findings#content-9": 0.8285271715410056,
    "the-anthropogenic-influence-onto-the-air-quality-along-the-mississippi-river-findings#content-7": 0.8242210332131801,
    "the-shape-of-a-practice#title": 0.8153251516079493,
    "us-southwest#content-2": 0.8121889360459164,
    "the-hedge#content-3": 0.8120612558011083,
    "uncalculated-risk#content-3": 0.8112804287968419,
    "understanding-the-north-american-lost-crops#title": 0.8074990232240538,
    "the-vietnamese-community-in-eastern-new-orleans#content-2": 0.8070157078725347,
    "typha-the-once-and-future-planty-companion#content-1": 0.8066089789462051,
    "the-lena-is-worthy-of-baikal-defining-remoteness-across-the-north-and-the-east#title": 0.8056149856745456,