{
    "uncalculated-risk#content-2": 0.9828051813170897,
    "uncalculated-risk#content-8": 0.980926866525386,
    "uncalculated-risk#abstract": 0.9782734982652235,
    "white-sands#content-3": 0.9774033302707728,
    "timeslips#content-2": 0.9757357109379372,
    "time-out-of-mind#content-3": 0.9746151235234981,
    "white-sands#content-1": 0.9722083667113451,
    "uncalculated-risk#content-4": 0.9709763568333193,
    "time-out-of-mind#content-1": 0.9704545395247621,
    "tree-x-office#content-1": 0.9699675243222661,
    "uncalculated-risk#content-6": 0.9678827917935529,
    "time-out-of-mind#abstract": 0.966949821148926,
    "time-out-of-mind#content-5": 0.9643257500205575,
    "xaraasi-xanne-crossing-voices#content-2": 0.9636828107767815,
    "us-southwest#content-1": 0.9607549719863867,
    "too-little-water-the-lake-chad-story#content-1": 0.9592159831681363,
    "touring-the-anthropocenery-whos-in-charge-here-2014#content-2": 0.9576642883869881,
    "timeslips#abstract": 0.9574443487324334,
    "this-is-not-about-survival-its-about-bringing-your-coracle#abstract": 0.956746077413717,
    "time-and-time-again#content-2": 0.955894166180626,
    "wicked-problems-and-mental-models#content-1": 0.9557195535907008,
    "times-before-and-after#content-1": 0.9553426543788398,
    "walk-about-it#content-1": 0.9524887794737021,
    "voice-and-representation#content-1": 0.9488817541944949,
    "writing-global-histories-in-the-anthropocene#content-1": 0.9455022981474845,
    "typha-the-once-and-future-planty-companion#abstract": 0.945395052984578,
    "twin-cities-artist-residency-mississippi-an-anthropocene-story#abstract": 0.9434497777778994,
    "tree-x-office#abstract": 0.9422450701095295,
    "understanding-the-north-american-lost-crops#abstract": 0.9409713274583055,
    "xaraasi-xanne-crossing-voices#abstract": 0.9403431617456003,
    "too-little-water-the-lake-chad-story#abstract": 0.9362287698374968,
    "transect-walk-cahokia-mounds-to-fairmont-city#abstract": 0.936038960560424,
    "walk-about-it#abstract": 0.933286847126198,
    "times-before-and-after#abstract": 0.9329469324092879,
    "touring-the-anthropocenery-whos-in-charge-here-2014#abstract": 0.9325807257440449,
    "us-southwest#content-3": 0.9313819092168577,
    "uncalculated-risk#content-5": 0.9209262439418774,
    "uncalculated-risk#content-1": 0.9098484589429928,
    "white-sands#content-2": 0.9026437125960033,
    "uncalculated-risk#content-7": 0.902309862466569,
    "this-is-not-about-survival-its-about-bringing-your-coracle#content-1": 0.8921234848775483,
    "time-and-time-again#content-1": 0.8834722638043828,
    "white-sands#abstract": 0.8804726694053842,
    "too-little-water-the-lake-chad-story#content-2": 0.8753728131769706,
    "us-southwest#content-4": 0.8687755859622514,
    "us-southwest#content-2": 0.8662312407922212,
    "uncalculated-risk#content-3": 0.86447538361691,
    "time-out-of-mind#title": 0.8481875340880087,
    "typha-the-once-and-future-planty-companion#title": 0.8414755926905922,
    "touring-the-anthropocenery-whos-in-charge-here-2014#title": 0.8383274973150542,
    "understanding-the-north-american-lost-crops#title": 0.8382464621017517,
    "typha-the-once-and-future-planty-companion#content-1": 0.8373856652896119,
    "wicked-problems-and-mental-models#abstract": 0.8346124221532607,
    "the-vietnamese-community-in-eastern-new-orleans#content-4": 0.8343740351696767,
    "this-is-not-about-survival-its-about-bringing-your-coracle#title": 0.8309506112316859,
    "time-and-time-again#subtitle": 0.826039702182928,
    "uncalculated-risk#subtitle": 0.8186300012753096,
    "times-before-and-after#title": 0.814754234298168,
    "transect-walk-cahokia-mounds-to-fairmont-city#content-1": 0.8119576816869086,
    "too-little-water-the-lake-chad-story#title": 0.7872064670900447,
    "this-is-not-about-survival-its-about-bringing-your-coracle#subtitle": 0.784869960708101,
    "understanding-the-north-american-lost-crops#content-1": 0.7843923835358628,
    "the-vietnamese-community-in-eastern-new-orleans#title": 0.7830616022946816,
    "worshipping-along-the-routes-of-migration#title": 0.7732162002666261,
    "walk-about-it#title": 0.7713308135709327,
    "worshipping-along-the-routes-of-migration#subtitle": 0.7522329192248005,
    "time-and-time-again#title": 0.7509399154634455,
    "wicked-problems-and-mental-models#title": 0.7268509040818788,
    "tree-x-office#content-2": 0.7093573484172935,
    "walk-about-it#content-2": 0.6942722356563491,
    "writing-global-histories-in-the-anthropocene#title": 0.6751412205537994,
    "xaraasi-xanne-crossing-voices#content-1": 0.6641935160325254,
    "us-southwest#title": 0.6572154890470526,
    "voice-and-representation#title": 0.6453760707480747,
    "transect-walk-cahokia-mounds-to-fairmont-city#subtitle": 0.6321124222305353,
    "walk-about-it#subtitle": 0.6321124222305353,
    "twin-cities-artist-residency-mississippi-an-anthropocene-story#subtitle": 0.6045782268456134,
    "ve-vm-vt-the-ideal-cosmic-messengers#title": 0.5935864152196657,
    "xaraasi-xanne-crossing-voices#title": 0.5778131757548159,
    "time-out-of-mind#subtitle": 0.5636364075021532,
    "time-out-of-mind#content-2": 0.5588978867603175,
    "typha-the-once-and-future-planty-companion#subtitle": 0.557426341871273,
    "twin-cities-artist-residency-mississippi-an-anthropocene-story#title": 0.5497663718642796,
    "tree-x-office#title": 0.5000173234923303,
    "voice-and-representation#abstract": 0.47900601495158524,
    "transect-walk-cahokia-mounds-to-fairmont-city#title": 0.4748190912426572,
    "white-sands#title": 0.44995467951830265,
    "tokens-a-rorschach-test#title": 0.4437325917902738,
    "writing-global-histories-in-the-anthropocene#abstract": 0.41990251356417846,
    "understanding-the-north-american-lost-crops#subtitle": 0.3952859668881803,
    "touring-the-anthropocenery-whos-in-charge-here-2014#content-1": 0.3649480346717372,
    "voice-and-representation#subtitle": 0.3397811894967197,
    "writing-global-histories-in-the-anthropocene#subtitle": 0.3397811894967197,
    "time-out-of-mind#content-4": 0.230269953333624,
    "uncalculated-risk#title": 0.1999077295533766,
    "timeslips#content-1": 0.0002732418517537167,
    "timeslips#title": 0
}