{
    "the-stories-we-tell-the-images-we-take#content-2": 0.9652328572990385,
    "xaraasi-xanne-crossing-voices#content-2": 0.955026783222084,
    "twin-cities-artist-residency-mississippi-an-anthropocene-story#abstract": 0.9530996866524868,
    "time-out-of-mind#content-3": 0.9474887080504317,
    "walk-about-it#abstract": 0.9417486488958886,
    "the-terrain-of-the-former-veb-elektrokohle-lichtenberg#content-3": 0.9395122769984197,
    "the-terrain-of-the-former-veb-elektrokohle-lichtenberg#content-1": 0.9393479733295663,
    "uncalculated-risk#content-8": 0.9387575714924373,
    "walk-about-it#content-1": 0.9385738268185029,
    "xaraasi-xanne-crossing-voices#abstract": 0.9377001645304945,
    "time-and-time-again#content-2": 0.9376396417744362,
    "white-sands#content-3": 0.9366149911492754,
    "time-out-of-mind#content-5": 0.9358428173167613,
    "touring-the-anthropocenery-whos-in-charge-here-2014#content-2": 0.9355757066847417,
    "the-terrain-of-the-former-veb-elektrokohle-lichtenberg#content-5": 0.9352413512042411,
    "times-before-and-after#content-1": 0.9346956347036873,
    "uncalculated-risk#abstract": 0.9336789698361055,
    "the-vietnamese-community-in-eastern-new-orleans#content-3": 0.9334267934357237,
    "voice-and-representation#content-1": 0.9333062796764886,
    "timeslips#content-2": 0.9326875359407721,
    "time-out-of-mind#abstract": 0.9322071898270625,
    "time-out-of-mind#content-1": 0.9315367166342919,
    "timeslips#abstract": 0.9308421812356646,
    "wicked-problems-and-mental-models#content-1": 0.9301083921671908,
    "uncalculated-risk#content-4": 0.9295536633788248,
    "uncalculated-risk#content-2": 0.9294450517796831,
    "tree-x-office#content-1": 0.9283877859988693,
    "uncalculated-risk#content-6": 0.9278847581066252,
    "typha-the-once-and-future-planty-companion#abstract": 0.9250776158655043,
    "touring-the-anthropocenery-whos-in-charge-here-2014#abstract": 0.9235502944161861,
    "tree-x-office#abstract": 0.9187511925137756,
    "writing-global-histories-in-the-anthropocene#content-1": 0.9178452812714996,
    "white-sands#content-1": 0.9176125191704495,
    "the-vietnamese-community-in-eastern-new-orleans#content-1": 0.9150439781411299,
    "too-little-water-the-lake-chad-story#content-1": 0.9064378822308504,
    "times-before-and-after#abstract": 0.9048591053122691,
    "this-is-not-about-survival-its-about-bringing-your-coracle#abstract": 0.9037645736687249,
    "us-southwest#content-1": 0.900495942760937,
    "this-is-not-about-survival-its-about-bringing-your-coracle#content-1": 0.8908690582656444,
    "time-and-time-again#content-1": 0.8888861036213958,
    "understanding-the-north-american-lost-crops#abstract": 0.8874005889464279,
    "uncalculated-risk#content-1": 0.8861272115404417,
    "uncalculated-risk#content-5": 0.8842333826726538,
    "transect-walk-cahokia-mounds-to-fairmont-city#abstract": 0.8840468001911448,
    "too-little-water-the-lake-chad-story#abstract": 0.8827815083381215,
    "us-southwest#content-3": 0.8776209354129183,
    "white-sands#content-2": 0.8747270737391145,
    "white-sands#abstract": 0.8699846746795415,
    "uncalculated-risk#content-7": 0.8684909370717028,
    "uncalculated-risk#content-3": 0.8596479807975381,
    "the-stories-we-tell-the-images-we-take#title": 0.8577928563813197,
    "too-little-water-the-lake-chad-story#content-2": 0.8538191321198609,
    "time-out-of-mind#title": 0.8487390645941763,
    "the-vietnamese-community-in-eastern-new-orleans#content-2": 0.846091575241696,
    "the-terrain-of-the-former-veb-elektrokohle-lichtenberg#content-4": 0.8448711042277839,
    "typha-the-once-and-future-planty-companion#content-1": 0.8397884805348524,
    "time-and-time-again#subtitle": 0.8318268427242955,
    "the-vietnamese-community-in-eastern-new-orleans#content-4": 0.8193505066962415,
    "touring-the-anthropocenery-whos-in-charge-here-2014#title": 0.8121979505608922,
    "us-southwest#content-2": 0.8082461765376804,
    "typha-the-once-and-future-planty-companion#title": 0.8078157892996927,
    "this-is-not-about-survival-its-about-bringing-your-coracle#title": 0.8041335114617937,
    "uncalculated-risk#subtitle": 0.8032504315453219,
    "the-terrestrial-is-not-the-globe#title": 0.802271790365766,
    "wicked-problems-and-mental-models#abstract": 0.8013212109467983,
    "this-is-not-about-survival-its-about-bringing-your-coracle#subtitle": 0.7963776884600937,
    "us-southwest#content-4": 0.7926388482122142,
    "times-before-and-after#title": 0.7865647863113125,
    "too-little-water-the-lake-chad-story#title": 0.7648953005131021,
    "time-and-time-again#title": 0.7504169431735797,
    "walk-about-it#title": 0.7502203958452351,
    "understanding-the-north-american-lost-crops#title": 0.7494643834198598,
    "transect-walk-cahokia-mounds-to-fairmont-city#content-1": 0.7398109909948156,
    "wicked-problems-and-mental-models#title": 0.7309626436588428,
    "understanding-the-north-american-lost-crops#content-1": 0.724095234337315,
    "worshipping-along-the-routes-of-migration#title": 0.7176662924087818,
    "the-vietnamese-community-in-eastern-new-orleans#title": 0.714191354431633,
    "tree-x-office#content-2": 0.7089630792201645,
    "walk-about-it#content-2": 0.6884019511673303,
    "worshipping-along-the-routes-of-migration#subtitle": 0.68213225220387,
    "the-terrain-of-the-former-veb-elektrokohle-lichtenberg#content-2": 0.6739754619490432,
    "voice-and-representation#title": 0.6735482563463197,
    "writing-global-histories-in-the-anthropocene#title": 0.6613505210233444,
    "the-stories-we-tell-the-images-we-take#content-1": 0.6525206100851176,
    "xaraasi-xanne-crossing-voices#content-1": 0.6523585878150803,
    "typha-the-once-and-future-planty-companion#subtitle": 0.6275682714615289,
    "twin-cities-artist-residency-mississippi-an-anthropocene-story#subtitle": 0.6215635061425528,
    "transect-walk-cahokia-mounds-to-fairmont-city#subtitle": 0.6117219736942626,
    "walk-about-it#subtitle": 0.6117219736942626,
    "ve-vm-vt-the-ideal-cosmic-messengers#title": 0.5948667979884922,
    "us-southwest#title": 0.5716404662636596,
    "xaraasi-xanne-crossing-voices#title": 0.5364860775288275,
    "the-terrain-of-the-former-veb-elektrokohle-lichtenberg#title": 0.5282422231350759,
    "voice-and-representation#abstract": 0.5246672716047533,
    "twin-cities-artist-residency-mississippi-an-anthropocene-story#title": 0.5158775833952842,
    "time-out-of-mind#content-2": 0.5157835400728665,
    "tree-x-office#title": 0.5056406489910888,
    "tokens-a-rorschach-test#title": 0.4916252960332038,
    "time-out-of-mind#subtitle": 0.49099300714301997,
    "understanding-the-north-american-lost-crops#subtitle": 0.4878021138437897,
    "writing-global-histories-in-the-anthropocene#abstract": 0.46611989673693854,
    "touring-the-anthropocenery-whos-in-charge-here-2014#content-1": 0.44314188067915106,
    "white-sands#title": 0.4203220016707315,
    "voice-and-representation#subtitle": 0.4168531717046101,
    "writing-global-histories-in-the-anthropocene#subtitle": 0.4168531717046101,
    "transect-walk-cahokia-mounds-to-fairmont-city#title": 0.39695479894360275,
    "time-out-of-mind#content-4": 0.2932130238814034,
    "uncalculated-risk#title": 0.1635436138884536,
    "timeslips#content-1": 0.03766707226706496,
    "timeslips#title": 0
}