{
    "xaraasi-xanne-crossing-voices#content-2": 0.9390501884319417,
    "the-terrain-of-the-former-veb-elektrokohle-lichtenberg#content-5": 0.9373531079505865,
    "the-stories-we-tell-the-images-we-take#content-2": 0.9313803128829561,
    "the-vietnamese-community-in-eastern-new-orleans#content-1": 0.926585340830942,
    "uncalculated-risk#abstract": 0.9265615645718743,
    "the-shape-of-a-practice#abstract": 0.9248459695460653,
    "writing-global-histories-in-the-anthropocene#content-1": 0.9245133875915013,
    "walk-about-it#content-1": 0.9229876017035786,
    "the-vietnamese-community-in-eastern-new-orleans#content-3": 0.9223373839517691,
    "white-sands#content-3": 0.9223156067444471,
    "time-out-of-mind#abstract": 0.9198818796729462,
    "time-and-time-again#content-2": 0.918746041341836,
    "xaraasi-xanne-crossing-voices#abstract": 0.9178108414927291,
    "touring-the-anthropocenery-whos-in-charge-here-2014#content-2": 0.9167652683192643,
    "uncalculated-risk#content-4": 0.9154916300249312,
    "tree-x-office#content-1": 0.91540793150513,
    "time-out-of-mind#content-3": 0.9148710438946722,
    "uncalculated-risk#content-2": 0.9145702399510983,
    "the-terrain-of-the-former-veb-elektrokohle-lichtenberg#content-1": 0.9145087829628454,
    "white-sands#content-1": 0.9144406283737383,
    "the-shape-of-a-practice-seminars#abstract": 0.9134600757031371,
    "timeslips#content-2": 0.9132101097942357,
    "the-terrain-of-the-former-veb-elektrokohle-lichtenberg#content-3": 0.91283639443569,
    "uncalculated-risk#content-8": 0.9125632154807248,
    "uncalculated-risk#content-6": 0.9090812310860773,
    "too-little-water-the-lake-chad-story#content-1": 0.908570664113046,
    "voice-and-representation#content-1": 0.9078217261762338,
    "the-stories-we-tell-the-images-we-take#abstract": 0.9066582105022584,
    "times-before-and-after#content-1": 0.9063597046086369,
    "the-shape-of-a-practice-online-project-environment#abstract": 0.9048810261763528,
    "walk-about-it#abstract": 0.9034773317087341,
    "twin-cities-artist-residency-mississippi-an-anthropocene-story#abstract": 0.9025042520322498,
    "typha-the-once-and-future-planty-companion#abstract": 0.901551807712242,
    "time-out-of-mind#content-1": 0.9006423109821314,
    "wicked-problems-and-mental-models#content-1": 0.8995798755389002,
    "timeslips#abstract": 0.898130146117266,
    "tree-x-office#abstract": 0.8964127381679312,
    "us-southwest#content-1": 0.8940216677507143,
    "this-is-not-about-survival-its-about-bringing-your-coracle#abstract": 0.8926341011699201,
    "time-out-of-mind#content-5": 0.8904469580717386,
    "transect-walk-cahokia-mounds-to-fairmont-city#abstract": 0.8886627163539217,
    "too-little-water-the-lake-chad-story#abstract": 0.8838612620119031,
    "times-before-and-after#abstract": 0.8828667410367278,
    "us-southwest#content-3": 0.8800281690648323,
    "touring-the-anthropocenery-whos-in-charge-here-2014#abstract": 0.8778966992756438,
    "understanding-the-north-american-lost-crops#abstract": 0.8764756563043641,
    "uncalculated-risk#content-5": 0.8722769402602679,
    "white-sands#content-2": 0.8617528674220689,
    "too-little-water-the-lake-chad-story#content-2": 0.8586937297493158,
    "uncalculated-risk#content-1": 0.8567007372495878,
    "white-sands#abstract": 0.8562832590995257,
    "time-and-time-again#content-1": 0.8554416789007845,
    "the-shape-of-a-practice-online-project-environment#title": 0.8519792055262836,
    "uncalculated-risk#content-7": 0.8506750447239652,
    "the-rights-of-nature#title": 0.8478945120698411,
    "typha-the-once-and-future-planty-companion#content-1": 0.8345094950159971,
    "time-and-time-again#subtitle": 0.8303445313101296,
    "the-shape-of-a-practice#title": 0.8288504891308601,
    "us-southwest#content-4": 0.8193208479732849,
    "the-shape-of-a-practice-seminars#title": 0.8187378830927307,
    "this-is-not-about-survival-its-about-bringing-your-coracle#content-1": 0.8185017887370241,
    "uncalculated-risk#content-3": 0.8161865703191278,
    "the-terrestrial-is-not-the-globe#title": 0.815773663719631,
    "the-vietnamese-community-in-eastern-new-orleans#content-2": 0.8135498957886877,
    "the-stories-we-tell-the-images-we-take#title": 0.8075085467675047,
    "time-out-of-mind#title": 0.8070574767066441,
    "the-vietnamese-community-in-eastern-new-orleans#content-4": 0.8068409124248496,
    "tree-x-office#content-2": 0.8038119394995222,
    "touring-the-anthropocenery-whos-in-charge-here-2014#title": 0.8014041818998524,
    "the-terrain-of-the-former-veb-elektrokohle-lichtenberg#content-4": 0.7992519055152145,
    "typha-the-once-and-future-planty-companion#title": 0.7974725627129678,
    "this-is-not-about-survival-its-about-bringing-your-coracle#title": 0.7879793789448968,
    "uncalculated-risk#subtitle": 0.7860907744942517,
    "us-southwest#content-2": 0.7830738821177504,
    "the-shipworm-and-the-telegraph#title": 0.7801469930645605,
    "understanding-the-north-american-lost-crops#title": 0.7784871838955792,
    "wicked-problems-and-mental-models#abstract": 0.7620713716038476,
    "the-vietnamese-community-in-eastern-new-orleans#title": 0.749905273038625,
    "writing-global-histories-in-the-anthropocene#title": 0.7487935868881896,
    "understanding-the-north-american-lost-crops#content-1": 0.7384393394927985,
    "transect-walk-cahokia-mounds-to-fairmont-city#content-1": 0.7361133226981214,
    "worshipping-along-the-routes-of-migration#title": 0.7261329494965255,
    "times-before-and-after#title": 0.726104828159017,
    "too-little-water-the-lake-chad-story#title": 0.7207941660433168,
    "worshipping-along-the-routes-of-migration#subtitle": 0.719174225035207,
    "this-is-not-about-survival-its-about-bringing-your-coracle#subtitle": 0.7092741266891334,
    "the-shape-of-a-practice#subtitle": 0.7049846300239581,
    "walk-about-it#title": 0.6947311237016854,
    "wicked-problems-and-mental-models#title": 0.6807839568557118,
    "time-and-time-again#title": 0.6784429236432058,
    "the-stories-we-tell-the-images-we-take#content-1": 0.6719397595308717,
    "xaraasi-xanne-crossing-voices#content-1": 0.6710122930310755,
    "the-terrain-of-the-former-veb-elektrokohle-lichtenberg#content-2": 0.6646141361224968,
    "walk-about-it#content-2": 0.6503522014246633,
    "voice-and-representation#title": 0.6481619434157778,
    "transect-walk-cahokia-mounds-to-fairmont-city#subtitle": 0.5978484300219192,
    "walk-about-it#subtitle": 0.5978484300219192,
    "the-terrain-of-the-former-veb-elektrokohle-lichtenberg#title": 0.5958917029735844,
    "twin-cities-artist-residency-mississippi-an-anthropocene-story#title": 0.5726825649172422,
    "ve-vm-vt-the-ideal-cosmic-messengers#title": 0.5644979919998077,
    "us-southwest#title": 0.555113935738737,
    "time-out-of-mind#subtitle": 0.5532409315963445,
    "typha-the-once-and-future-planty-companion#subtitle": 0.5518354800930523,
    "twin-cities-artist-residency-mississippi-an-anthropocene-story#subtitle": 0.5497684589678056,
    "the-rights-of-nature#content-1": 0.5211410352560552,
    "time-out-of-mind#content-2": 0.49871542556108184,
    "xaraasi-xanne-crossing-voices#title": 0.4975085878720871,
    "understanding-the-north-american-lost-crops#subtitle": 0.48378340707246575,
    "tree-x-office#title": 0.46535568097017177,
    "voice-and-representation#abstract": 0.4627478297460649,
    "tokens-a-rorschach-test#title": 0.4290829683105008,
    "writing-global-histories-in-the-anthropocene#abstract": 0.4289447342571924,
    "white-sands#title": 0.42270216859073373,
    "voice-and-representation#subtitle": 0.4146134958015557,
    "writing-global-histories-in-the-anthropocene#subtitle": 0.4146134958015557,
    "transect-walk-cahokia-mounds-to-fairmont-city#title": 0.39102037703970177,
    "touring-the-anthropocenery-whos-in-charge-here-2014#content-1": 0.34434225485288406,
    "time-out-of-mind#content-4": 0.2345974255232975,