{
    "touring-the-anthropocenery-whos-in-charge-here-2014#content-2": 0.8362209203405044,
    "time-and-time-again#content-2": 0.8220409938640724,
    "voice-and-representation#content-1": 0.821639959923351,
    "the-anthropocene-in-light-of-biological-feedback#abstract": 0.8201653742416196,
    "writing-global-histories-in-the-anthropocene#content-1": 0.8171651153520886,
    "the-hyphen#content-2": 0.8149090905078201,
    "the-shape-of-a-practice#abstract": 0.813534980376731,
    "touring-the-anthropocenery-whos-in-charge-here-2014#abstract": 0.812629658878286,
    "walk-about-it#content-1": 0.8122391802988206,
    "the-anthropocene-in-light-of-biological-feedback#content-10": 0.8121042493026921,
    "time-out-of-mind#content-3": 0.8109117305424551,
    "times-before-and-after#content-1": 0.8097754847730327,
    "times-before-and-after#abstract": 0.807984754625158,
    "the-floating-ear#content-6": 0.8056137021482737,
    "the-four-dimensional-mississippi#abstract": 0.8053743334292106,
    "the-shape-of-a-practice-seminars#abstract": 0.804102597180142,
    "the-floating-ear#content-3": 0.8006969907578896,
    "the-floating-ear#content-1": 0.7993463984042265,
    "the-stories-we-tell-the-images-we-take#content-2": 0.7984867578678535,
    "the-maledives-case#abstract": 0.7983939175403107,
    "the-floating-ear#content-4": 0.7977841766314806,
    "time-out-of-mind#abstract": 0.7968838269945431,
    "uncalculated-risk#content-8": 0.7965603983089009,
    "the-mississippi-basin-an-operational-landscape#abstract": 0.7965319779362195,
    "the-free-sea#content-2": 0.7960164580574107,
    "the-anthropocene-in-light-of-biological-feedback#content-9": 0.7959944841580662,
    "the-hyphen#abstract": 0.7956787092063631,
    "the-floating-ear#content-7": 0.7939323080233532,
    "uncalculated-risk#content-4": 0.7930675667833467,
    "uncalculated-risk#abstract": 0.7927584572437231,
    "wicked-problems-and-mental-models#content-1": 0.7925237358729492,
    "the-anthropocene-in-light-of-biological-feedback#title": 0.7918176997145565,
    "the-mississippi-basin-an-operational-landscape#content-7": 0.7913930535471999,
    "time-out-of-mind#content-1": 0.7912832885732383,
    "timeslips#abstract": 0.7910608026130719,
    "the-current-mississippi-an-anthropocene-river#abstract": 0.790797587385707,
    "the-confluence-area#abstract": 0.7907114078851761,
    "the-terrain-of-the-former-veb-elektrokohle-lichtenberg#content-3": 0.7906444392496272,
    "tree-x-office#content-1": 0.7899058537069813,
    "the-floating-ear#content-2": 0.7889739568286157,
    "typha-the-once-and-future-planty-companion#abstract": 0.788917877545522,
    "timeslips#content-2": 0.788705074928517,
    "the-rights-of-nature#abstract": 0.7875101777685767,
    "too-little-water-the-lake-chad-story#content-1": 0.7875040305945901,
    "white-sands#content-3": 0.7871503135856593,
    "xaraasi-xanne-crossing-voices#content-2": 0.7866445272384044,
    "the-lichtenberg-case#abstract": 0.7855066697192302,
    "the-hedge#content-2": 0.785085431794803,
    "twin-cities-artist-residency-mississippi-an-anthropocene-story#abstract": 0.7845675946709424,
    "uncalculated-risk#content-6": 0.783906141586911,
    "time-out-of-mind#content-5": 0.7835826058046464,
    "the-four-dimensional-mississippi#content-1": 0.7828714779919442,
    "the-shape-of-a-practice-online-project-environment#abstract": 0.7826394466845025,
    "the-terrain-of-the-former-veb-elektrokohle-lichtenberg#content-1": 0.7822876960881496,
    "the-terrain-of-the-former-veb-elektrokohle-lichtenberg#content-5": 0.780163726332143,
    "transect-walk-cahokia-mounds-to-fairmont-city#abstract": 0.7796595317923892,
    "the-anthropocene-in-light-of-biological-feedback#content-3": 0.7794800804907486,
    "the-vietnamese-community-in-eastern-new-orleans#content-3": 0.7780841224804147,
    "walk-about-it#abstract": 0.777970911412178,
    "the-great-green-desert#abstract": 0.7778457763009545,
    "the-anthropogenic-influence-onto-the-air-quality-along-the-mississippi-river-findings#abstract": 0.7770931305365714,
    "uncalculated-risk#content-2": 0.7769243938037333,
    "the-anthropocene-in-light-of-biological-feedback#content-8": 0.775934472280883,
    "the-stories-we-tell-the-images-we-take#abstract": 0.7757743731096943,
    "the-mississippi-basin-an-operational-landscape#content-5": 0.7749852100052937,
    "the-anthropocene-in-light-of-biological-feedback#content-4": 0.774922345962999,
    "tree-x-office#abstract": 0.7739834737050904,
    "the-mississippi-basin-an-operational-landscape#content-1": 0.7722393625404442,
    "understanding-the-north-american-lost-crops#abstract": 0.7706762537656552,
    "the-anthropocene-in-light-of-biological-feedback#content-2": 0.7703833368058108,
    "white-sands#content-1": 0.7697757207458108,
    "the-floating-ear#content-5": 0.7666907701754316,
    "this-is-not-about-survival-its-about-bringing-your-coracle#abstract": 0.7664252105023505,
    "this-is-not-about-survival-its-about-bringing-your-coracle#content-1": 0.765815542445347,
    "the-stories-we-tell-the-images-we-take#title": 0.7587572941109697,
    "the-vietnamese-community-in-eastern-new-orleans#content-1": 0.7561978474736828,
    "the-danish-text#abstract": 0.7543075016108699,
    "too-little-water-the-lake-chad-story#abstract": 0.7537461745826459,
    "the-mississippi-basin-an-operational-landscape#content-3": 0.7526977435805889,
    "us-southwest#content-1": 0.7510297413242976,
    "the-anthropocene-in-light-of-biological-feedback#content-1": 0.7508866972032031,
    "the-shape-of-a-practice-online-project-environment#title": 0.746857107812397,
    "the-hyphen#content-1": 0.7444035221154142,
    "the-anthropogenic-influence-onto-the-air-quality-along-the-mississippi-river-findings#content-8": 0.7438355034174178,
    "time-out-of-mind#title": 0.742832397524691,
    "time-and-time-again#content-1": 0.7404739849747932,
    "the-anthropocene-in-light-of-biological-feedback#content-7": 0.7401916754169839,
    "the-anthropogenic-influence-onto-the-air-quality-along-the-mississippi-river-findings#content-2": 0.740020188954764,
    "writing-global-histories-in-the-anthropocene#title": 0.7399978464283458,
    "us-southwest#content-3": 0.7370324098143008,
    "the-anthropogenic-influence-onto-the-air-quality-along-the-mississippi-river-findings#content-10": 0.7355157874671987,
    "uncalculated-risk#content-5": 0.7342139253248882,
    "the-anthropogenic-influence-onto-the-air-quality-along-the-mississippi-river-findings#content-6": 0.7341227708120105,
    "xaraasi-xanne-crossing-voices#abstract": 0.7337203184904991,
    "the-rights-of-nature#title": 0.7261515528101952,
    "the-anthropocene-in-light-of-biological-feedback#content-6": 0.7258858686832567,
    "typha-the-once-and-future-planty-companion#title": 0.7255625250804151,
    "the-current-mississippi-an-anthropocene-river#title": 0.7247558623451105,
    "the-anthropogenic-influence-onto-the-air-quality-along-the-mississippi-river-findings#content-4": 0.7211941597670622,
    "uncalculated-risk#content-1": 0.7197618164006387,
    "the-terrain-of-the-former-veb-elektrokohle-lichtenberg#content-4": 0.7168799491717649,
    "us-southwest#content-2": 0.7163788710319282,
    "time-and-time-again#subtitle": 0.7122095710274607,
    "white-sands#content-2": 0.7107702305060691,
    "too-little-water-the-lake-chad-story#content-2": 0.708319379968435,
    "the-anthropogenic-influence-onto-the-air-quality-along-the-mississippi-river-findings#title": 0.7074868889026769,
    "uncalculated-risk#content-7": 0.7052670857225004,
    "the-anthropogenic-influence-onto-the-air-quality-along-the-mississippi-river-findings#content-1": 0.7048569587066015,
    "the-fight-for-alaskas-arctic-has-just-begun#title": 0.7045393714315007,
    "the-terrestrial-is-not-the-globe#title": 0.704321829669512,
    "this-is-not-about-survival-its-about-bringing-your-coracle#title": 0.703928631110719,