{
    "the-four-dimensional-mississippi#content-1": 0.9712462632287928,
    "times-before-and-after#content-1": 0.9682551240643573,
    "time-out-of-mind#abstract": 0.9679752193003345,
    "time-and-time-again#content-2": 0.9672539334298781,
    "touring-the-anthropocenery-whos-in-charge-here-2014#content-2": 0.9666038638717669,
    "the-mississippi-basin-an-operational-landscape#content-7": 0.9665477224780289,
    "the-shape-of-a-practice#abstract": 0.9658114377867306,
    "timeslips#content-2": 0.9649585647164514,
    "walk-about-it#content-1": 0.9626182493458444,
    "uncalculated-risk#content-4": 0.9625959315538793,
    "the-mississippi-basin-an-operational-landscape#content-1": 0.9625733624162799,
    "writing-global-histories-in-the-anthropocene#content-1": 0.9615159953093838,
    "uncalculated-risk#content-8": 0.9610635949253165,
    "uncalculated-risk#content-6": 0.9599742454843235,
    "the-free-sea#content-2": 0.9594012559524515,
    "the-terrain-of-the-former-veb-elektrokohle-lichtenberg#content-3": 0.9592766526839465,
    "uncalculated-risk#abstract": 0.9585003056536326,
    "white-sands#content-3": 0.9580915802134692,
    "the-mississippi-basin-an-operational-landscape#abstract": 0.9576379190643082,
    "time-out-of-mind#content-3": 0.956932263564287,
    "wicked-problems-and-mental-models#content-1": 0.9563809412637455,
    "the-mississippi-basin-an-operational-landscape#content-5": 0.9561537340419028,
    "too-little-water-the-lake-chad-story#content-1": 0.9561040586174586,
    "typha-the-once-and-future-planty-companion#abstract": 0.955886057778695,
    "uncalculated-risk#content-2": 0.9552612097721207,
    "the-stories-we-tell-the-images-we-take#content-2": 0.9531919138462324,
    "time-out-of-mind#content-1": 0.9529945062024472,
    "the-hyphen#content-2": 0.9522527811221698,
    "white-sands#content-1": 0.951888896914933,
    "the-terrain-of-the-former-veb-elektrokohle-lichtenberg#content-1": 0.9517103232285495,
    "timeslips#abstract": 0.95004188790553,
    "the-maledives-case#abstract": 0.9494945158409401,
    "the-terrain-of-the-former-veb-elektrokohle-lichtenberg#content-5": 0.9493681831858625,
    "voice-and-representation#content-1": 0.948642488072342,
    "the-lichtenberg-case#abstract": 0.9460962007303744,
    "xaraasi-xanne-crossing-voices#content-2": 0.9458050760106863,
    "the-hyphen#abstract": 0.9447708697536277,
    "tree-x-office#content-1": 0.9425583012040978,
    "the-vietnamese-community-in-eastern-new-orleans#content-3": 0.9418336910143842,
    "walk-about-it#abstract": 0.9416732840215999,
    "time-out-of-mind#content-5": 0.9414810991658525,
    "the-vietnamese-community-in-eastern-new-orleans#content-1": 0.9396633933115921,
    "the-mississippi-basin-an-operational-landscape#content-3": 0.9389883892441704,
    "transect-walk-cahokia-mounds-to-fairmont-city#abstract": 0.9386031467798015,
    "the-great-green-desert#abstract": 0.938564461427447,
    "twin-cities-artist-residency-mississippi-an-anthropocene-story#abstract": 0.9383950973955026,
    "times-before-and-after#abstract": 0.9362527205742549,
    "understanding-the-north-american-lost-crops#abstract": 0.9349058919447976,
    "the-shape-of-a-practice-online-project-environment#abstract": 0.9345546700696264,
    "the-shape-of-a-practice-seminars#abstract": 0.9313119519266894,
    "the-hyphen#content-1": 0.9305651457305449,
    "this-is-not-about-survival-its-about-bringing-your-coracle#abstract": 0.9294521339431293,
    "the-hedge#content-2": 0.9248095877887711,
    "tree-x-office#abstract": 0.9205584225726445,
    "the-stories-we-tell-the-images-we-take#abstract": 0.9149080550046216,
    "us-southwest#content-1": 0.9138815541673615,
    "touring-the-anthropocenery-whos-in-charge-here-2014#abstract": 0.9136647246270401,
    "the-rights-of-nature#abstract": 0.9132941493710911,
    "uncalculated-risk#content-5": 0.8958255272491906,
    "too-little-water-the-lake-chad-story#abstract": 0.8940905699050123,
    "xaraasi-xanne-crossing-voices#abstract": 0.8836263365850329,
    "uncalculated-risk#content-1": 0.8819657250019646,
    "us-southwest#content-3": 0.8811688752799115,
    "white-sands#content-2": 0.8799180572639452,
    "the-shape-of-a-practice-online-project-environment#title": 0.8783010044553023,
    "the-shape-of-a-practice#title": 0.8781788610453354,
    "the-terrestrial-is-not-the-globe#title": 0.877560732972176,
    "uncalculated-risk#content-7": 0.8728171788004682,
    "time-and-time-again#content-1": 0.8692403383499387,
    "the-stories-we-tell-the-images-we-take#title": 0.863464696982562,
    "the-politics-of-modeling#abstract": 0.8607844516402298,
    "time-out-of-mind#title": 0.8566206668877729,
    "this-is-not-about-survival-its-about-bringing-your-coracle#content-1": 0.8558465417098718,
    "time-and-time-again#subtitle": 0.8520886474223365,
    "the-mississippi-basin-an-operational-landscape#content-2": 0.8503722386083908,
    "white-sands#abstract": 0.8493984642841554,
    "the-lena-is-worthy-of-baikal-defining-remoteness-across-the-north-and-the-east#title": 0.8452208723424446,
    "this-is-not-about-survival-its-about-bringing-your-coracle#title": 0.8446343398892111,
    "us-southwest#content-4": 0.8380773648644024,
    "the-rights-of-nature#title": 0.8366699949783679,
    "too-little-water-the-lake-chad-story#content-2": 0.8355551545174829,
    "uncalculated-risk#content-3": 0.8349155543306228,
    "the-shape-of-a-practice-seminars#title": 0.8338826846635967,
    "typha-the-once-and-future-planty-companion#title": 0.8335860965907084,
    "the-terrain-of-the-former-veb-elektrokohle-lichtenberg#content-4": 0.8332795975168081,
    "uncalculated-risk#subtitle": 0.8327241496388746,
    "wicked-problems-and-mental-models#abstract": 0.8317351662188298,
    "the-politics-of-modeling#title": 0.8260980928842798,
    "us-southwest#content-2": 0.8244804083425179,
    "the-vietnamese-community-in-eastern-new-orleans#content-2": 0.8204283712146325,
    "understanding-the-north-american-lost-crops#title": 0.8134362310705613,
    "the-shipworm-and-the-telegraph#title": 0.8053783027606188,
    "worshipping-along-the-routes-of-migration#title": 0.8044087126909749,
    "typha-the-once-and-future-planty-companion#content-1": 0.8020494825575039,
    "the-hedge#content-3": 0.7935237165175418,
    "the-mississippi-basin-an-operational-landscape#content-6": 0.7896884094454959,
    "the-vietnamese-community-in-eastern-new-orleans#content-4": 0.782926305971795,
    "the-mississippi-basin-an-operational-landscape#content-4": 0.7808137232377436,
    "touring-the-anthropocenery-whos-in-charge-here-2014#title": 0.7804593165668244,
    "the-mississippi-basin-an-operational-landscape#title": 0.7770008788139495,
    "too-little-water-the-lake-chad-story#title": 0.7723822477042322,
    "the-maledives-case#title": 0.7712412327616588,
    "the-great-green-desert#title": 0.7619983586552266,
    "this-is-not-about-survival-its-about-bringing-your-coracle#subtitle": 0.761187932914012,
    "times-before-and-after#title": 0.7582280573257355,
    "transect-walk-cahokia-mounds-to-fairmont-city#content-1": 0.7553770855322444,
    "walk-about-it#title": 0.7535951309999195,
    "wicked-problems-and-mental-models#title": 0.7470218945636381,
    "the-free-sea#title": 0.7446385774733484,
    "the-free-sea-2#title": 0.7446385774733484,
    "worshipping-along-the-routes-of-migration#subtitle": 0.7440942978533901,
    "understanding-the-north-american-lost-crops#content-1": 0.7396754161122056,
    "writing-global-histories-in-the-anthropocene#title": 0.7311821610278246,
    "the-vietnamese-community-in-eastern-new-orleans#title": 0.7171772289447044,
    "the-four-dimensional-mississippi#title": 0.7150333153608152,
    "the-terrain-of-the-former-veb-elektrokohle-lichtenberg#content-2": 0.7129570287657157,
    "time-and-time-again#title": 0.7105052234378838,
    "the-great-green-desert#content-1": 0.6790291652135779,
    "voice-and-representation#title": 0.6761512488502509,