{
    "the-lichtenberg-case-2#title": 0.8073180629801252,
    "the-terrain-of-the-former-veb-elektrokohle-lichtenberg#title": 0.6935498778130119,
    "the-maledives-case#title": 0.6305408668726357,
    "the-lichtenberg-case-2#content-1": 0.48222872010560586,
    "uncalculated-risk#subtitle": 0.4594321736396504,
    "uncalculated-risk#content-6": 0.44914047676760094,
    "the-mississippi-basin-an-operational-landscape#abstract": 0.4385361120535819,
    "timeslips#content-2": 0.43683728181204107,
    "time-out-of-mind#abstract": 0.4352950233523122,
    "the-rights-of-nature#abstract": 0.4350662774646037,
    "typha-the-once-and-future-planty-companion#abstract": 0.43380568896492555,
    "uncalculated-risk#content-2": 0.4333407891526071,
    "walk-about-it#content-1": 0.43219867505582504,
    "uncalculated-risk#content-4": 0.431610624327216,
    "the-terrain-of-the-former-veb-elektrokohle-lichtenberg#content-5": 0.42981262690966354,
    "timeslips#abstract": 0.4295247980273152,
    "touring-the-anthropocenery-whos-in-charge-here-2014#content-2": 0.4288382673399607,
    "uncalculated-risk#content-8": 0.4286987219637645,
    "the-vietnamese-community-in-eastern-new-orleans#content-1": 0.42618985803378123,
    "the-terrain-of-the-former-veb-elektrokohle-lichtenberg#content-1": 0.42536533777702384,
    "uncalculated-risk#abstract": 0.42523760193121457,
    "the-terrain-of-the-former-veb-elektrokohle-lichtenberg#content-3": 0.4250005341524102,
    "white-sands#content-3": 0.4244503774844178,
    "the-terrestrial-is-not-the-globe#title": 0.4236094006665217,
    "writing-global-histories-in-the-anthropocene#content-1": 0.4232134382691994,
    "the-maledives-case#abstract": 0.4206652624762052,
    "uncalculated-risk#content-5": 0.4167900969285854,
    "the-mississippi-basin-an-operational-landscape#content-7": 0.4167732520380299,
    "the-shape-of-a-practice#subtitle": 0.4153730741509273,
    "time-out-of-mind#content-3": 0.41521835529411294,
    "uncalculated-risk#content-7": 0.41439700274520874,
    "times-before-and-after#content-1": 0.41369217819254944,
    "writing-global-histories-in-the-anthropocene#title": 0.413646713868026,
    "time-and-time-again#content-2": 0.41281585579570973,
    "time-out-of-mind#content-5": 0.4124348049942504,
    "the-vietnamese-community-in-eastern-new-orleans#content-3": 0.4123656807406772,
    "the-mississippi-basin-an-operational-landscape#content-1": 0.4115346517809835,
    "xaraasi-xanne-crossing-voices#content-2": 0.4101870086818587,
    "voice-and-representation#content-1": 0.4081640565123972,
    "the-shipworm-and-the-telegraph#title": 0.4080543895572197,
    "time-out-of-mind#content-1": 0.4068765578105583,
    "white-sands#content-1": 0.4068746947764355,
    "transect-walk-cahokia-mounds-to-fairmont-city#abstract": 0.40580615854640056,
    "too-little-water-the-lake-chad-story#content-1": 0.4057645486239889,
    "the-shape-of-a-practice#title": 0.40505430474375076,
    "times-before-and-after#abstract": 0.40495356094106705,
    "the-rights-of-nature#title": 0.4044412509626569,
    "tree-x-office#content-1": 0.4040866230505057,
    "wicked-problems-and-mental-models#content-1": 0.4008035212525617,
    "the-shape-of-a-practice#abstract": 0.4002944700780496,
    "the-stories-we-tell-the-images-we-take#content-2": 0.3998733186025234,
    "twin-cities-artist-residency-mississippi-an-anthropocene-story#abstract": 0.3997660762583639,
    "touring-the-anthropocenery-whos-in-charge-here-2014#abstract": 0.3978684479655973,
    "the-mississippi-basin-an-operational-landscape#content-5": 0.3950388917197076,
    "tree-x-office#abstract": 0.39235760109773554,
    "the-shape-of-a-practice-online-project-environment#abstract": 0.3918117728909633,
    "the-politics-of-modeling#abstract": 0.3884977346868868,
    "time-and-time-again#subtitle": 0.3879979538416852,
    "walk-about-it#abstract": 0.3876492756540627,
    "the-mississippi-basin-an-operational-landscape#content-3": 0.3861110955988018,
    "us-southwest#content-1": 0.38515268968768435,
    "the-terrain-of-the-former-veb-elektrokohle-lichtenberg#content-2": 0.384526325676537,
    "white-sands#content-2": 0.38060801263479627,
    "the-shape-of-a-practice-seminars#abstract": 0.3793541482953663,
    "the-stories-we-tell-the-images-we-take#abstract": 0.3792959461593528,
    "the-politics-of-modeling#title": 0.3741671437666092,
    "understanding-the-north-american-lost-crops#abstract": 0.3737397096241969,
    "typha-the-once-and-future-planty-companion#content-1": 0.37111647003931125,
    "this-is-not-about-survival-its-about-bringing-your-coracle#title": 0.36975416714307935,
    "the-mississippi-basin-an-operational-landscape#title": 0.36852980111336736,
    "the-stories-we-tell-the-images-we-take#title": 0.3678463110316864,
    "us-southwest#content-2": 0.36766213502603046,
    "tree-x-office#content-2": 0.3658118257135679,
    "white-sands#abstract": 0.3655928463762714,
    "typha-the-once-and-future-planty-companion#title": 0.36451992586810705,
    "this-is-not-about-survival-its-about-bringing-your-coracle#abstract": 0.3610358301539082,
    "the-terrain-of-the-former-veb-elektrokohle-lichtenberg#content-4": 0.36026001542250163,
    "too-little-water-the-lake-chad-story#abstract": 0.359436382329531,
    "uncalculated-risk#content-1": 0.3549793767334931,
    "us-southwest#content-3": 0.35457559202736466,
    "understanding-the-north-american-lost-crops#title": 0.35262483589409527,
    "the-mississippi-basin-an-operational-landscape#content-2": 0.3511148280146544,
    "xaraasi-xanne-crossing-voices#abstract": 0.35049052969087463,
    "this-is-not-about-survival-its-about-bringing-your-coracle#content-1": 0.3490904042513358,
    "the-shape-of-a-practice-online-project-environment#title": 0.3490016935542534,
    "us-southwest#content-4": 0.3489265843488312,
    "the-vietnamese-community-in-eastern-new-orleans#title": 0.34748945627659233,
    "the-shape-of-a-practice-seminars#title": 0.34426290822392425,
    "uncalculated-risk#content-3": 0.34259858217792816,
    "time-and-time-again#content-1": 0.3405794136741544,
    "transect-walk-cahokia-mounds-to-fairmont-city#content-1": 0.33961320351334473,
    "understanding-the-north-american-lost-crops#content-1": 0.3385653584325594,
    "wicked-problems-and-mental-models#abstract": 0.33832366192879987,
    "too-little-water-the-lake-chad-story#title": 0.33728300875431894,
    "time-out-of-mind#title": 0.3325768573186469,
    "the-mississippi-basin-an-operational-landscape#content-4": 0.33168627316367444,
    "the-mississippi-basin-an-operational-landscape#content-6": 0.3283235997802272,
    "ve-vm-vt-the-ideal-cosmic-messengers#title": 0.32775372316980084,
    "wicked-problems-and-mental-models#title": 0.32455078374085944,
    "touring-the-anthropocenery-whos-in-charge-here-2014#title": 0.32433974726107523,
    "the-vietnamese-community-in-eastern-new-orleans#content-4": 0.3242257321021893,
    "the-vietnamese-community-in-eastern-new-orleans#content-2": 0.32381339036499157,
    "worshipping-along-the-routes-of-migration#title": 0.31454012843517987,
    "times-before-and-after#title": 0.3092889287156914,
    "typha-the-once-and-future-planty-companion#subtitle": 0.30909780562686945,
    "walk-about-it#content-2": 0.2983349419531426,
    "too-little-water-the-lake-chad-story#content-2": 0.28683617925541155,
    "voice-and-representation#title": 0.2866343181273863,
    "walk-about-it#title": 0.2857808169703203,
    "worshipping-along-the-routes-of-migration#subtitle": 0.2805168703332391,
    "this-is-not-about-survival-its-about-bringing-your-coracle#subtitle": 0.27981000468993916,
    "twin-cities-artist-residency-mississippi-an-anthropocene-story#subtitle": 0.2631870329528339,
    "twin-cities-artist-residency-mississippi-an-anthropocene-story#title": 0.26121451923440697,
    "transect-walk-cahokia-mounds-to-fairmont-city#title": 0.25846767551739724,
    "time-out-of-mind#subtitle": 0.2489524144270124,