{
    "wicked-problems-and-mental-models#content-1": 0.989184450355584,
    "times-before-and-after#content-1": 0.9882060131954934,
    "the-anthropocene-in-light-of-biological-feedback#content-3": 0.9880283137400424,
    "the-floating-ear#content-3": 0.9874973427360424,
    "the-floating-ear#content-6": 0.983324579419655,
    "the-shape-of-a-practice#abstract": 0.9832087709101979,
    "the-anthropocene-in-light-of-biological-feedback#content-2": 0.9826785542329648,
    "time-and-time-again#content-2": 0.9817582804301928,
    "the-free-sea#content-2": 0.981665694554027,
    "the-floating-ear#content-1": 0.9815920599276294,
    "the-anthropocene-in-light-of-biological-feedback#content-9": 0.9801683302042516,
    "the-floating-ear#content-2": 0.9787073027056005,
    "the-floating-ear#content-7": 0.9786499938577171,
    "voice-and-representation#content-1": 0.9785304478344515,
    "touring-the-anthropocenery-whos-in-charge-here-2014#content-2": 0.9772309201760545,
    "the-mississippi-basin-an-operational-landscape#content-7": 0.977216396477572,
    "the-floating-ear#content-4": 0.9763518606471208,
    "the-terrain-of-the-former-veb-elektrokohle-lichtenberg#content-3": 0.9760539440333037,
    "walk-about-it#content-1": 0.9757712208371144,
    "uncalculated-risk#content-8": 0.9755993222276365,
    "uncalculated-risk#abstract": 0.9735384651755149,
    "too-little-water-the-lake-chad-story#content-1": 0.9732994958919181,
    "the-anthropocene-in-light-of-biological-feedback#content-8": 0.9732186701550626,
    "uncalculated-risk#content-4": 0.9725740093324122,
    "the-anthropocene-in-light-of-biological-feedback#content-4": 0.9720937216687527,
    "time-out-of-mind#content-3": 0.9700239885077493,
    "the-hyphen#content-2": 0.9699659435729051,
    "the-four-dimensional-mississippi#abstract": 0.9698909049064401,
    "the-mississippi-basin-an-operational-landscape#content-5": 0.9682193989440052,
    "the-terrain-of-the-former-veb-elektrokohle-lichtenberg#content-5": 0.9679833817251958,
    "time-out-of-mind#abstract": 0.9679644037845087,
    "the-floating-ear#content-5": 0.9676013940337236,
    "white-sands#content-3": 0.9673365095613778,
    "writing-global-histories-in-the-anthropocene#content-1": 0.9659456776693586,
    "timeslips#content-2": 0.9655148758729595,
    "the-anthropogenic-influence-onto-the-air-quality-along-the-mississippi-river-findings#abstract": 0.9648462947523979,
    "the-four-dimensional-mississippi#content-1": 0.964375339494064,
    "the-terrain-of-the-former-veb-elektrokohle-lichtenberg#content-1": 0.9643234366829841,
    "tree-x-office#content-1": 0.9637416982259328,
    "the-hyphen#abstract": 0.9628832596407626,
    "time-out-of-mind#content-5": 0.962321633400048,
    "the-stories-we-tell-the-images-we-take#content-2": 0.962287760436108,
    "typha-the-once-and-future-planty-companion#abstract": 0.9600017735171363,
    "the-confluence-area#abstract": 0.959359230352466,
    "uncalculated-risk#content-2": 0.9593325556673253,
    "time-out-of-mind#content-1": 0.9590525832475182,
    "uncalculated-risk#content-6": 0.9590173645849316,
    "the-mississippi-basin-an-operational-landscape#content-1": 0.9588020722798767,
    "the-hyphen#content-1": 0.9585851944102657,
    "the-vietnamese-community-in-eastern-new-orleans#content-3": 0.9579440832808803,
    "the-lichtenberg-case#abstract": 0.9578237944616065,
    "the-shape-of-a-practice-online-project-environment#abstract": 0.9569107469470197,
    "times-before-and-after#abstract": 0.9566547815758585,
    "the-anthropogenic-influence-onto-the-air-quality-along-the-mississippi-river-findings#content-6": 0.9561933308132418,
    "the-shape-of-a-practice-seminars#abstract": 0.955760478384085,
    "the-hedge#content-2": 0.9551901350319602,
    "timeslips#abstract": 0.9551013032341538,
    "the-anthropogenic-influence-onto-the-air-quality-along-the-mississippi-river-findings#content-8": 0.9538220524773114,
    "white-sands#content-1": 0.9535309567730722,
    "twin-cities-artist-residency-mississippi-an-anthropocene-story#abstract": 0.9531248185713932,
    "xaraasi-xanne-crossing-voices#content-2": 0.9521055317038719,
    "the-danish-text#abstract": 0.9519832171518369,
    "the-maledives-case#abstract": 0.951051144977636,
    "the-anthropogenic-influence-onto-the-air-quality-along-the-mississippi-river-findings#content-2": 0.9497981350200031,
    "the-mississippi-basin-an-operational-landscape#content-3": 0.946413358538906,
    "the-anthropogenic-influence-onto-the-air-quality-along-the-mississippi-river-findings#content-10": 0.9441420576761042,
    "walk-about-it#abstract": 0.9434947102827865,
    "understanding-the-north-american-lost-crops#abstract": 0.9433037922776155,
    "tree-x-office#abstract": 0.9401179143750307,
    "the-current-mississippi-an-anthropocene-river#abstract": 0.939317485273688,
    "the-vietnamese-community-in-eastern-new-orleans#content-1": 0.939069595292468,
    "the-mississippi-basin-an-operational-landscape#abstract": 0.9387371268009201,
    "the-anthropocene-in-light-of-biological-feedback#content-7": 0.9372447028857108,
    "this-is-not-about-survival-its-about-bringing-your-coracle#abstract": 0.9353179087850929,
    "us-southwest#content-1": 0.9348924551479518,
    "the-anthropocene-in-light-of-biological-feedback#content-6": 0.9338845014772292,
    "touring-the-anthropocenery-whos-in-charge-here-2014#abstract": 0.9290239035619721,
    "the-stories-we-tell-the-images-we-take#abstract": 0.928541289482807,
    "the-great-green-desert#abstract": 0.9278989835966235,
    "the-rights-of-nature#abstract": 0.915705367594287,
    "the-anthropogenic-influence-onto-the-air-quality-along-the-mississippi-river-findings#content-4": 0.9126316114866502,
    "too-little-water-the-lake-chad-story#abstract": 0.9112593178561916,
    "transect-walk-cahokia-mounds-to-fairmont-city#abstract": 0.9092395882565814,
    "xaraasi-xanne-crossing-voices#abstract": 0.9067783021360183,
    "the-anthropogenic-influence-onto-the-air-quality-along-the-mississippi-river-findings#content-1": 0.8922113708453913,
    "this-is-not-about-survival-its-about-bringing-your-coracle#content-1": 0.8906169043351486,
    "us-southwest#content-3": 0.8896260867981001,
    "the-shape-of-a-practice-online-project-environment#title": 0.8884113236259819,
    "time-and-time-again#content-1": 0.8878606956250726,
    "uncalculated-risk#content-5": 0.8833095519651747,
    "the-stories-we-tell-the-images-we-take#title": 0.8820407450067719,
    "uncalculated-risk#content-1": 0.8819887798149699,
    "too-little-water-the-lake-chad-story#content-2": 0.8814886754318183,
    "this-is-not-about-survival-its-about-bringing-your-coracle#title": 0.8742025192578826,
    "time-out-of-mind#title": 0.8720842430238206,
    "wicked-problems-and-mental-models#abstract": 0.8700776178071116,
    "white-sands#content-2": 0.8699678289051257,
    "the-terrestrial-is-not-the-globe#title": 0.8690356627546449,
    "the-fight-for-alaskas-arctic-has-just-begun#title": 0.8635761355193231,
    "the-politics-of-modeling#abstract": 0.860003366218916,
    "uncalculated-risk#content-7": 0.8596745622500745,
    "the-terrain-of-the-former-veb-elektrokohle-lichtenberg#content-4": 0.8576037512127431,
    "the-shape-of-a-practice#title": 0.8575723068945136,
    "white-sands#abstract": 0.8566457139055225,
    "typha-the-once-and-future-planty-companion#title": 0.8529671115562902,
    "us-southwest#content-4": 0.8522337889710168,
    "time-and-time-again#subtitle": 0.8465364710279762,
    "the-anthropogenic-influence-onto-the-air-quality-along-the-mississippi-river-findings#content-5": 0.8464341165547148,
    "uncalculated-risk#content-3": 0.8430254009670352,
    "the-anthropogenic-influence-onto-the-air-quality-along-the-mississippi-river-findings#content-3": 0.8410684488583582,
    "us-southwest#content-2": 0.8388963284769556,
    "the-shape-of-a-practice-seminars#title": 0.8374447184228523,