{
    "the-aerocene-campus#content-7": 0.9051576525568803,
    "the-anthropocene-in-light-of-biological-feedback#content-4": 0.9007626029730018,
    "the-floating-ear#content-5": 0.8982065484089756,
    "the-anthropogenic-influence-onto-the-air-quality-along-the-mississippi-river-findings#content-2": 0.8938008041594101,
    "white-sands#content-3": 0.8911835137123075,
    "the-floating-ear#content-1": 0.8910380418319364,
    "the-aerocene-campus#content-9": 0.8900495872918556,
    "the-floating-ear#content-7": 0.8897234779519163,
    "the-aerocene-campus#content-5": 0.8879426063947621,
    "the-hyphen#content-2": 0.88789779928089,
    "the-floating-ear#content-2": 0.8859270209306382,
    "the-anthropocene-in-light-of-biological-feedback#content-3": 0.8850198774594623,
    "the-anthropocene-in-light-of-biological-feedback#content-8": 0.8845637119846033,
    "the-anthropocene-in-light-of-biological-feedback#content-9": 0.8825570820761843,
    "the-floating-ear#content-3": 0.8822688627568382,
    "the-shape-of-a-practice-online-project-environment#abstract": 0.8801560584341369,
    "the-four-dimensional-mississippi#content-1": 0.8800585905748887,
    "the-anthropogenic-influence-onto-the-air-quality-along-the-mississippi-river-findings#content-6": 0.8799413363269112,
    "the-floating-ear#content-6": 0.8798535631081623,
    "the-anthropocene-in-light-of-biological-feedback#content-2": 0.879843340256603,
    "the-terrain-of-the-former-veb-elektrokohle-lichtenberg#content-3": 0.8797476041940261,
    "time-out-of-mind#content-1": 0.8783428546746932,
    "the-anthropogenic-influence-onto-the-air-quality-along-the-mississippi-river-findings#content-8": 0.8779861438034975,
    "the-terrain-of-the-former-veb-elektrokohle-lichtenberg#content-1": 0.8775695601289322,
    "the-mississippi-basin-an-operational-landscape#content-5": 0.8765613354582743,
    "the-shape-of-a-practice#abstract": 0.87610587720854,
    "wicked-problems-and-mental-models#content-1": 0.8744421845446674,
    "times-before-and-after#content-1": 0.8744091588499372,
    "uncalculated-risk#content-8": 0.8742518779186779,
    "the-stories-we-tell-the-images-we-take#content-2": 0.8740608214783503,
    "the-anthropocene-in-light-of-biological-feedback#content-10": 0.8739160541663878,
    "the-anthropogenic-influence-onto-the-air-quality-along-the-mississippi-river-findings#content-4": 0.8738666913397389,
    "white-sands#content-1": 0.8737794880906827,
    "uncalculated-risk#content-6": 0.8736459664725117,
    "the-free-sea#content-2": 0.8736142151696562,
    "uncalculated-risk#content-2": 0.8733007109755008,
    "time-out-of-mind#content-3": 0.8729569487226603,
    "uncalculated-risk#content-4": 0.8716042899330607,
    "the-mississippi-basin-an-operational-landscape#content-3": 0.8713468400751287,
    "the-anthropogenic-influence-onto-the-air-quality-along-the-mississippi-river-findings#content-10": 0.8709625941061542,
    "the-anthropocene-in-light-of-biological-feedback#content-1": 0.8676276011978364,
    "the-anthropocene-in-light-of-biological-feedback#abstract": 0.8674883694970953,
    "the-stories-we-tell-the-images-we-take#abstract": 0.8664125545532432,
    "the-shape-of-a-practice-seminars#abstract": 0.8659904369618098,
    "timeslips#content-2": 0.8648846171273152,
    "typha-the-once-and-future-planty-companion#abstract": 0.8643949188200676,
    "the-mississippi-basin-an-operational-landscape#content-7": 0.8640606514553957,
    "the-mississippi-basin-an-operational-landscape#content-1": 0.8632948096599679,
    "the-anthropogenic-influence-onto-the-air-quality-along-the-mississippi-river-findings#content-1": 0.8630274231808849,
    "the-floating-ear#content-4": 0.8624044752534121,
    "the-anthropocene-and-our-post-natural-future-2#abstract": 0.8624028820254904,
    "uncalculated-risk#content-1": 0.8623728942386825,
    "tree-x-office#abstract": 0.8619209082562139,
    "time-out-of-mind#content-5": 0.8607513818921393,
    "the-danish-text#abstract": 0.8607325006303955,
    "touring-the-anthropocenery-whos-in-charge-here-2014#content-2": 0.8596594160847142,
    "the-confluence-area#abstract": 0.8587254071243665,
    "the-terrain-of-the-former-veb-elektrokohle-lichtenberg#content-5": 0.8585769957294725,
    "walk-about-it#abstract": 0.8573314680127734,
    "the-four-dimensional-mississippi#abstract": 0.8560096190564324,
    "the-anthropocene-in-light-of-biological-feedback#content-7": 0.855861118443075,
    "tree-x-office#content-1": 0.8557497821229642,
    "walk-about-it#content-1": 0.8554255223399191,
    "the-anthropocene-in-light-of-biological-feedback#content-6": 0.8550153298918841,
    "xaraasi-xanne-crossing-voices#content-2": 0.8549906620993853,
    "white-sands#content-2": 0.8549437686258412,
    "twin-cities-artist-residency-mississippi-an-anthropocene-story#abstract": 0.8549378087655904,
    "time-and-time-again#content-2": 0.8543764669931726,
    "the-lichtenberg-case#abstract": 0.8541723355550552,
    "too-little-water-the-lake-chad-story#content-1": 0.8541119158738907,
    "us-southwest#content-1": 0.8539511024006542,
    "the-anthropogenic-influence-onto-the-air-quality-along-the-mississippi-river-findings#abstract": 0.8530311396515462,
    "the-vietnamese-community-in-eastern-new-orleans#content-3": 0.8529111124436213,
    "time-out-of-mind#abstract": 0.8517016269712313,
    "timeslips#abstract": 0.8509058374585292,
    "uncalculated-risk#content-5": 0.8496251933653097,
    "the-american-bottom#abstract": 0.8494237232000015,
    "the-vietnamese-community-in-eastern-new-orleans#content-1": 0.8489439625163729,
    "touring-the-anthropocenery-whos-in-charge-here-2014#abstract": 0.8489083015802755,
    "the-great-green-desert#abstract": 0.8487687468622012,
    "uncalculated-risk#abstract": 0.8479468452123596,
    "the-hyphen#content-1": 0.8447859671057887,
    "this-is-not-about-survival-its-about-bringing-your-coracle#abstract": 0.8443407407632,
    "uncalculated-risk#content-3": 0.844249665831555,
    "the-maledives-case#abstract": 0.8425219799889003,
    "the-hedge#content-2": 0.841828247206227,
    "times-before-and-after#abstract": 0.8411330190153095,
    "the-current-mississippi-an-anthropocene-river#abstract": 0.8411049226510268,
    "voice-and-representation#content-1": 0.8394998916315568,
    "the-hyphen#abstract": 0.8379531498682096,
    "uncalculated-risk#content-7": 0.8370338659576052,
    "too-little-water-the-lake-chad-story#abstract": 0.8359096562365331,
    "the-aerocene-campus#content-8": 0.8304985440421783,
    "writing-global-histories-in-the-anthropocene#content-1": 0.8277179643654697,
    "xaraasi-xanne-crossing-voices#abstract": 0.8271555539206135,
    "the-aerocene-campus#content-6": 0.8258227511849243,
    "understanding-the-north-american-lost-crops#abstract": 0.8254027524364732,
    "the-mississippi-basin-an-operational-landscape#abstract": 0.8233216658508312,
    "time-and-time-again#content-1": 0.8222718929084049,
    "too-little-water-the-lake-chad-story#content-2": 0.8196941416442087,
    "the-anthropogenic-influence-onto-the-air-quality-along-the-mississippi-river-findings#content-3": 0.8176276932325329,
    "the-vietnamese-community-in-eastern-new-orleans#content-2": 0.8169654791155662,
    "the-rights-of-nature#abstract": 0.8143445549000785,
    "the-shape-of-a-practice-online-project-environment#title": 0.811949496822239,
    "the-anthropogenic-influence-onto-the-air-quality-along-the-mississippi-river-findings#content-9": 0.8118938230433004,
    "us-southwest#content-3": 0.8118120295817733,
    "transect-walk-cahokia-mounds-to-fairmont-city#abstract": 0.8097430018520498,
    "the-anthropogenic-influence-onto-the-air-quality-along-the-mississippi-river-findings#content-5": 0.8088180768138888,
    "the-anthropogenic-influence-onto-the-air-quality-along-the-mississippi-river-findings#content-7": 0.7994409206343405,