{
    "timeslips#content-2": 0.8701095114470193,
    "white-sands#content-1": 0.8694515634413451,
    "walk-about-it#content-1": 0.8693454505606381,
    "white-sands#content-3": 0.8670705146511127,
    "uncalculated-risk#content-4": 0.8666968691769668,
    "times-before-and-after#content-1": 0.8664014137639223,
    "typha-the-once-and-future-planty-companion#abstract": 0.8655311794695177,
    "touring-the-anthropocenery-whos-in-charge-here-2014#content-2": 0.8620932421850473,
    "uncalculated-risk#content-6": 0.8607386828268155,
    "uncalculated-risk#content-8": 0.8589761292151631,
    "uncalculated-risk#abstract": 0.8539923697954619,
    "time-and-time-again#content-2": 0.8537629484511798,
    "time-out-of-mind#abstract": 0.8533402592059359,
    "time-out-of-mind#content-3": 0.8527405120634518,
    "wicked-problems-and-mental-models#content-1": 0.8513092225029452,
    "uncalculated-risk#content-2": 0.8511656916387692,
    "writing-global-histories-in-the-anthropocene#content-1": 0.8506904723794088,
    "time-out-of-mind#content-1": 0.8498493930008351,
    "understanding-the-north-american-lost-crops#abstract": 0.8493461673671291,
    "too-little-water-the-lake-chad-story#content-1": 0.8477587325885191,
    "timeslips#abstract": 0.846846382585704,
    "time-out-of-mind#content-5": 0.8449616755159246,
    "this-is-not-about-survival-its-about-bringing-your-coracle#abstract": 0.8442152447541466,
    "walk-about-it#abstract": 0.8415609005147794,
    "the-vietnamese-community-in-eastern-new-orleans#content-3": 0.8402797452082713,
    "tree-x-office#content-1": 0.8374029604274476,
    "the-vietnamese-community-in-eastern-new-orleans#content-1": 0.8365221917611968,
    "voice-and-representation#content-1": 0.834952928703369,
    "xaraasi-xanne-crossing-voices#content-2": 0.8337695014920167,
    "times-before-and-after#abstract": 0.833398379676953,
    "tree-x-office#abstract": 0.8333977000733118,
    "transect-walk-cahokia-mounds-to-fairmont-city#abstract": 0.8311435928985141,
    "twin-cities-artist-residency-mississippi-an-anthropocene-story#abstract": 0.8283747730314188,
    "us-southwest#content-1": 0.8277698616047398,
    "touring-the-anthropocenery-whos-in-charge-here-2014#abstract": 0.8205673902287154,
    "too-little-water-the-lake-chad-story#abstract": 0.8082961846692931,
    "uncalculated-risk#content-5": 0.7944984534870853,
    "white-sands#content-2": 0.7894934985702328,
    "uncalculated-risk#content-1": 0.7867747675637102,
    "this-is-not-about-survival-its-about-bringing-your-coracle#title": 0.7840444067807012,
    "xaraasi-xanne-crossing-voices#abstract": 0.7668640859977336,
    "uncalculated-risk#content-7": 0.7652765938130796,
    "us-southwest#content-2": 0.7602199690409752,
    "worshipping-along-the-routes-of-migration#title": 0.7588262745059816,
    "this-is-not-about-survival-its-about-bringing-your-coracle#content-1": 0.7582132763110673,
    "us-southwest#content-3": 0.7572977172507742,
    "typha-the-once-and-future-planty-companion#title": 0.7438606003075582,
    "understanding-the-north-american-lost-crops#title": 0.7435396005709243,
    "time-out-of-mind#title": 0.7408917360549453,
    "us-southwest#content-4": 0.7312080964871119,
    "wicked-problems-and-mental-models#abstract": 0.7267958878656349,
    "white-sands#abstract": 0.7228142815643979,
    "time-and-time-again#content-1": 0.7218886365804323,
    "uncalculated-risk#content-3": 0.719373969242614,
    "the-vietnamese-community-in-eastern-new-orleans#content-2": 0.7170369309694428,
    "uncalculated-risk#subtitle": 0.7138235850570761,
    "touring-the-anthropocenery-whos-in-charge-here-2014#title": 0.7132238443890436,
    "time-and-time-again#subtitle": 0.7090698222762137,
    "too-little-water-the-lake-chad-story#content-2": 0.6956019568576212,
    "this-is-not-about-survival-its-about-bringing-your-coracle#subtitle": 0.6937535986984792,
    "worshipping-along-the-routes-of-migration#subtitle": 0.6831201283899677,
    "too-little-water-the-lake-chad-story#title": 0.6821336012408372,
    "typha-the-once-and-future-planty-companion#content-1": 0.6812181003050685,
    "transect-walk-cahokia-mounds-to-fairmont-city#content-1": 0.6623341497663495,
    "writing-global-histories-in-the-anthropocene#title": 0.6588086579838638,
    "walk-about-it#title": 0.6585510614504684,
    "the-vietnamese-community-in-eastern-new-orleans#title": 0.6455961005307351,
    "understanding-the-north-american-lost-crops#content-1": 0.642561690105812,
    "the-vietnamese-community-in-eastern-new-orleans#content-4": 0.6335660057477562,
    "times-before-and-after#title": 0.6335050015523991,
    "wicked-problems-and-mental-models#title": 0.6138685191932692,
    "time-and-time-again#title": 0.6109851227167052,
    "tree-x-office#content-2": 0.603704075525097,
    "voice-and-representation#title": 0.6016239075904362,
    "walk-about-it#content-2": 0.5795033224533797,
    "ve-vm-vt-the-ideal-cosmic-messengers#title": 0.5692878516147984,
    "transect-walk-cahokia-mounds-to-fairmont-city#subtitle": 0.5427609335244281,
    "walk-about-it#subtitle": 0.5427609335244281,
    "us-southwest#title": 0.5392477810497833,
    "twin-cities-artist-residency-mississippi-an-anthropocene-story#subtitle": 0.48858898932086026,
    "xaraasi-xanne-crossing-voices#content-1": 0.48458759394189455,
    "xaraasi-xanne-crossing-voices#title": 0.4837829423617467,
    "time-out-of-mind#subtitle": 0.4675433443626392,
    "typha-the-once-and-future-planty-companion#subtitle": 0.4577806807873135,
    "twin-cities-artist-residency-mississippi-an-anthropocene-story#title": 0.45453923478980013,
    "white-sands#title": 0.431315559041181,
    "tree-x-office#title": 0.42132484517669233,
    "time-out-of-mind#content-2": 0.41480058316627766,
    "tokens-a-rorschach-test#title": 0.3854488283992477,
    "transect-walk-cahokia-mounds-to-fairmont-city#title": 0.35629846782170466,
    "understanding-the-north-american-lost-crops#subtitle": 0.3364519393501875,
    "voice-and-representation#abstract": 0.33326722452968116,
    "touring-the-anthropocenery-whos-in-charge-here-2014#content-1": 0.32480317859212715,
    "writing-global-histories-in-the-anthropocene#abstract": 0.28315507951644325,
    "voice-and-representation#subtitle": 0.24062932691696318,
    "writing-global-histories-in-the-anthropocene#subtitle": 0.24062932691696318,
    "uncalculated-risk#title": 0.1625867118205186,
    "time-out-of-mind#content-4": 0.1532262821126242,
    "timeslips#title": 0,
    "timeslips#content-1": -0.005798154286129898
}