{
    "the-mississippi-basin-an-operational-landscape#content-7": 0.6626993019461123,
    "the-mississippi-basin-an-operational-landscape#content-5": 0.6549848836228795,
    "the-hyphen#abstract": 0.6499885766665814,
    "the-stories-we-tell-the-images-we-take#content-2": 0.6434612670864905,
    "too-little-water-the-lake-chad-story#content-1": 0.6419540465276559,
    "the-hyphen#content-2": 0.6353388094256207,
    "wicked-problems-and-mental-models#content-1": 0.6351092548428632,
    "the-mississippi-basin-an-operational-landscape#content-1": 0.6322946927509145,
    "the-mississippi-basin-an-operational-landscape#content-3": 0.6312901037192327,
    "the-shape-of-a-practice#abstract": 0.630707109990281,
    "writing-global-histories-in-the-anthropocene#content-1": 0.628502444994584,
    "the-four-dimensional-mississippi#abstract": 0.6259058437438476,
    "voice-and-representation#content-1": 0.6216942514105633,
    "the-maledives-case#abstract": 0.618825108524624,
    "too-little-water-the-lake-chad-story#abstract": 0.6183637997385109,
    "times-before-and-after#content-1": 0.6179221986805282,
    "walk-about-it#content-1": 0.6172775327260415,
    "the-four-dimensional-mississippi#content-1": 0.6167842365727869,
    "time-and-time-again#content-2": 0.6166296113798005,
    "uncalculated-risk#content-8": 0.6150398630793098,
    "the-shape-of-a-practice-seminars#abstract": 0.6133379037372002,
    "uncalculated-risk#content-4": 0.6132906939085081,
    "the-stories-we-tell-the-images-we-take#abstract": 0.6130316110716953,
    "the-lichtenberg-case#abstract": 0.6100411055684106,
    "touring-the-anthropocenery-whos-in-charge-here-2014#content-2": 0.6094267317803689,
    "uncalculated-risk#abstract": 0.6085954601331303,
    "the-shape-of-a-practice-online-project-environment#abstract": 0.6073149213051885,
    "time-out-of-mind#content-1": 0.6072137526064866,
    "the-great-green-desert#abstract": 0.6048901603723222,
    "uncalculated-risk#content-2": 0.6041807556264358,
    "time-out-of-mind#abstract": 0.6019844414235103,
    "uncalculated-risk#content-6": 0.6017943492882788,
    "white-sands#content-3": 0.6017537066522365,
    "typha-the-once-and-future-planty-companion#abstract": 0.6013817149286226,
    "the-free-sea#content-2": 0.6007689263771554,
    "timeslips#content-2": 0.5995510901133111,
    "timeslips#abstract": 0.5983535820189263,
    "the-terrain-of-the-former-veb-elektrokohle-lichtenberg#content-1": 0.5978785319599852,
    "this-is-not-about-survival-its-about-bringing-your-coracle#abstract": 0.5976269161192007,
    "too-little-water-the-lake-chad-story#content-2": 0.5971752667124537,
    "time-out-of-mind#content-3": 0.5971154166239885,
    "wicked-problems-and-mental-models#title": 0.5963482179421465,
    "walk-about-it#abstract": 0.5953585617050992,
    "white-sands#content-1": 0.595183815193404,
    "the-politics-of-modeling#abstract": 0.594689639085149,
    "the-vietnamese-community-in-eastern-new-orleans#content-3": 0.5944247261780423,
    "the-mississippi-basin-an-operational-landscape#abstract": 0.5924376348835427,
    "the-terrain-of-the-former-veb-elektrokohle-lichtenberg#content-3": 0.5917823402440975,
    "tree-x-office#content-1": 0.591445662992284,
    "twin-cities-artist-residency-mississippi-an-anthropocene-story#abstract": 0.5911820135585225,
    "the-hedge#content-2": 0.5908769411689339,
    "tree-x-office#abstract": 0.5898129933742877,
    "the-terrain-of-the-former-veb-elektrokohle-lichtenberg#content-5": 0.5886360878465754,
    "the-hyphen#content-1": 0.5873077115533551,
    "time-out-of-mind#content-5": 0.5864427193997079,
    "us-southwest#content-3": 0.5856962837316585,
    "uncalculated-risk#content-1": 0.5855910215058293,
    "the-vietnamese-community-in-eastern-new-orleans#content-1": 0.5855042574485292,
    "white-sands#content-2": 0.5843233003476695,
    "touring-the-anthropocenery-whos-in-charge-here-2014#abstract": 0.5802294602286584,
    "xaraasi-xanne-crossing-voices#content-2": 0.5796674138431083,
    "understanding-the-north-american-lost-crops#abstract": 0.5792995669442673,
    "the-shape-of-a-practice-online-project-environment#title": 0.5790339690428856,
    "times-before-and-after#abstract": 0.577996999623964,
    "transect-walk-cahokia-mounds-to-fairmont-city#abstract": 0.5778534209933957,
    "us-southwest#content-1": 0.5703856623967247,
    "us-southwest#content-4": 0.5687084641704775,
    "wicked-problems-and-mental-models#abstract": 0.5680982025033462,
    "the-terrain-of-the-former-veb-elektrokohle-lichtenberg#content-4": 0.5664517499471023,
    "xaraasi-xanne-crossing-voices#abstract": 0.5656686077523794,
    "the-mississippi-basin-an-operational-landscape#content-2": 0.5656581460184631,
    "the-vietnamese-community-in-eastern-new-orleans#content-2": 0.5646441229241576,
    "time-and-time-again#content-1": 0.5635384219398755,
    "uncalculated-risk#content-5": 0.5633856992886077,
    "the-rights-of-nature#abstract": 0.5630452840374103,
    "uncalculated-risk#content-7": 0.5608885240716133,
    "uncalculated-risk#content-3": 0.5604577188804206,
    "the-mississippi-basin-an-operational-landscape#content-4": 0.5585507764367461,
    "the-politics-of-modeling#title": 0.5559867812124741,
    "the-hedge#content-3": 0.5537269835580043,
    "the-terrestrial-is-not-the-globe#title": 0.5532740733162153,
    "the-four-dimensional-mississippi#title": 0.5400377495001314,
    "the-vietnamese-community-in-eastern-new-orleans#content-4": 0.5383832245028599,
    "white-sands#abstract": 0.5362759440394115,
    "understanding-the-north-american-lost-crops#title": 0.5342538896580825,
    "this-is-not-about-survival-its-about-bringing-your-coracle#content-1": 0.5317875787021854,
    "voice-and-representation#title": 0.5309012616090665,
    "the-shape-of-a-practice#title": 0.530355013948094,
    "time-out-of-mind#title": 0.5303021581919143,
    "the-mississippi-basin-an-operational-landscape#content-6": 0.5293740109074623,
    "time-and-time-again#subtitle": 0.5291661411361892,
    "the-mississippi-basin-an-operational-landscape#title": 0.5280680106840714,
    "the-shape-of-a-practice-seminars#title": 0.517743512328481,
    "this-is-not-about-survival-its-about-bringing-your-coracle#title": 0.515951177085901,
    "typha-the-once-and-future-planty-companion#content-1": 0.5137204151506939,
    "touring-the-anthropocenery-whos-in-charge-here-2014#title": 0.5088652344087031,
    "worshipping-along-the-routes-of-migration#subtitle": 0.5062368671867397,
    "this-is-not-about-survival-its-about-bringing-your-coracle#subtitle": 0.5015913273378716,
    "too-little-water-the-lake-chad-story#title": 0.4985947350492715,
    "the-stories-we-tell-the-images-we-take#title": 0.49845865695441777,
    "the-floating-ear#title": 0.4924361913465728,
    "the-great-green-desert#title": 0.4915539461833398,
    "uncalculated-risk#subtitle": 0.489353866478467,
    "us-southwest#content-2": 0.4883730747093246,
    "the-rights-of-nature#title": 0.48778489945898673,
    "walk-about-it#content-2": 0.4823225442060738,
    "the-great-green-desert#content-1": 0.4819347302346235,
    "the-shipworm-and-the-telegraph#title": 0.48167690877259267,
    "typha-the-once-and-future-planty-companion#title": 0.4756006720665795,
    "the-lena-is-worthy-of-baikal-defining-remoteness-across-the-north-and-the-east#title": 0.4743669860547857,
    "the-terrain-of-the-former-veb-elektrokohle-lichtenberg#content-2": 0.472048482812844,
    "time-and-time-again#title": 0.4707943818455074,
    "transect-walk-cahokia-mounds-to-fairmont-city#content-1": 0.46808504138744417,
    "the-stories-we-tell-the-images-we-take#content-1": 0.46762081977209946,
    "xaraasi-xanne-crossing-voices#content-1": 0.46482727307695465,
    "the-free-sea#title": 0.45754234777874203,
    "the-free-sea-2#title": 0.45754234777874203,
    "understanding-the-north-american-lost-crops#content-1": 0.4531458016520178,
    "times-before-and-after#title": 0.4519017649868164,