{
    "time-out-of-mind#content-1": 0.8082205283029409,
    "white-sands#content-1": 0.8027543657869599,
    "time-out-of-mind#content-3": 0.7907369271692047,
    "white-sands#content-2": 0.7866519748686005,
    "this-is-not-about-survival-its-about-bringing-your-coracle#abstract": 0.7855531002515788,
    "white-sands#content-3": 0.7794599946999794,
    "the-maledives-case#abstract": 0.7775699606118789,
    "the-terrain-of-the-former-veb-elektrokohle-lichtenberg#content-1": 0.7768245563450642,
    "understanding-the-north-american-lost-crops#abstract": 0.7761746577900799,
    "the-terrain-of-the-former-veb-elektrokohle-lichtenberg#content-3": 0.7749677016194728,
    "timeslips#content-2": 0.7747527805715021,
    "typha-the-once-and-future-planty-companion#abstract": 0.7742996801544437,
    "the-vietnamese-community-in-eastern-new-orleans#content-1": 0.7738612981703191,
    "time-out-of-mind#content-5": 0.7729437093260665,
    "transect-walk-cahokia-mounds-to-fairmont-city#abstract": 0.7727274475187086,
    "the-mississippi-basin-an-operational-landscape#content-1": 0.7719469086018512,
    "touring-the-anthropocenery-whos-in-charge-here-2014#abstract": 0.7693712760998292,
    "time-out-of-mind#abstract": 0.769365903412711,
    "uncalculated-risk#content-6": 0.766854581945501,
    "us-southwest#content-1": 0.766204475628875,
    "too-little-water-the-lake-chad-story#abstract": 0.7656876085738894,
    "touring-the-anthropocenery-whos-in-charge-here-2014#content-2": 0.7653562679818984,
    "uncalculated-risk#content-2": 0.7647567509639052,
    "the-hyphen#content-2": 0.7645332058163654,
    "the-vietnamese-community-in-eastern-new-orleans#content-3": 0.7638645850449648,
    "uncalculated-risk#content-8": 0.7615651761347754,
    "uncalculated-risk#content-5": 0.7587497140302405,
    "us-southwest#content-3": 0.7546378883698841,
    "uncalculated-risk#content-4": 0.7543866223040065,
    "too-little-water-the-lake-chad-story#title": 0.7542985943770726,
    "walk-about-it#abstract": 0.7530508450750746,
    "the-hedge#content-2": 0.751843903684408,
    "timeslips#abstract": 0.7513506819645315,
    "the-mississippi-basin-an-operational-landscape#content-3": 0.7510141678121601,
    "the-mississippi-basin-an-operational-landscape#abstract": 0.7506179293605679,
    "the-mississippi-basin-an-operational-landscape#content-5": 0.7460705670622417,
    "uncalculated-risk#content-7": 0.7450924906000878,
    "tree-x-office#content-1": 0.7444321331286212,
    "the-stories-we-tell-the-images-we-take#content-2": 0.7438981984058658,
    "walk-about-it#content-1": 0.7432870222604551,
    "uncalculated-risk#abstract": 0.7429348855082528,
    "the-terrain-of-the-former-veb-elektrokohle-lichtenberg#content-5": 0.7426580442799161,
    "time-and-time-again#content-2": 0.7414323408184099,
    "the-vietnamese-community-in-eastern-new-orleans#content-2": 0.7405717725886886,
    "tree-x-office#abstract": 0.7398763128087822,
    "xaraasi-xanne-crossing-voices#content-2": 0.7392756844803902,
    "the-lichtenberg-case#abstract": 0.738776769138428,
    "times-before-and-after#content-1": 0.7383010939373391,
    "the-terrestrial-is-not-the-globe#title": 0.7373310297860204,
    "understanding-the-north-american-lost-crops#title": 0.7358858139167569,
    "the-shape-of-a-practice#abstract": 0.734588423943537,
    "the-stories-we-tell-the-images-we-take#abstract": 0.7345038355175912,
    "too-little-water-the-lake-chad-story#content-1": 0.7343378501715742,
    "the-lena-is-worthy-of-baikal-defining-remoteness-across-the-north-and-the-east#title": 0.7321122980967789,
    "us-southwest#content-2": 0.7317990135268903,
    "wicked-problems-and-mental-models#content-1": 0.7279895055512876,
    "writing-global-histories-in-the-anthropocene#content-1": 0.727487521294953,
    "uncalculated-risk#content-1": 0.7235326783737275,
    "twin-cities-artist-residency-mississippi-an-anthropocene-story#abstract": 0.7224214946674118,
    "the-mississippi-basin-an-operational-landscape#content-7": 0.7211435992416533,
    "this-is-not-about-survival-its-about-bringing-your-coracle#content-1": 0.7163072867002706,
    "the-shape-of-a-practice-online-project-environment#abstract": 0.7155440073878069,
    "the-shape-of-a-practice#title": 0.7148974085294952,
    "the-terrain-of-the-former-veb-elektrokohle-lichtenberg#content-4": 0.7138398994693511,
    "typha-the-once-and-future-planty-companion#title": 0.7134200133412403,
    "walk-about-it#content-2": 0.7091523644457484,
    "the-rights-of-nature#abstract": 0.709147071732542,
    "voice-and-representation#content-1": 0.7091302757594061,
    "times-before-and-after#abstract": 0.7055645659498896,
    "the-stories-we-tell-the-images-we-take#title": 0.7046198718675372,
    "the-mississippi-basin-an-operational-landscape#content-2": 0.7027399331097022,
    "xaraasi-xanne-crossing-voices#abstract": 0.7016081286646195,
    "the-shape-of-a-practice-online-project-environment#title": 0.6994436431666092,
    "the-hyphen#content-1": 0.6991607940220781,
    "the-hyphen#abstract": 0.6971517558677529,
    "the-shape-of-a-practice-seminars#abstract": 0.6959532829530356,
    "time-out-of-mind#title": 0.6869111042450134,
    "time-and-time-again#content-1": 0.6862390100816469,
    "white-sands#abstract": 0.6805608771439359,
    "transect-walk-cahokia-mounds-to-fairmont-city#content-1": 0.6767174632108545,
    "the-shipworm-and-the-telegraph#title": 0.6711693510676308,
    "the-vietnamese-community-in-eastern-new-orleans#title": 0.6679308405104994,
    "the-mississippi-basin-an-operational-landscape#title": 0.6676725419987213,
    "uncalculated-risk#content-3": 0.6675349317179202,
    "worshipping-along-the-routes-of-migration#title": 0.6613887998633835,
    "the-shape-of-a-practice-seminars#title": 0.658522769085836,
    "the-mississippi-basin-an-operational-landscape#content-6": 0.6558315081088096,
    "the-mississippi-basin-an-operational-landscape#content-4": 0.6523201579613412,
    "uncalculated-risk#subtitle": 0.6521276579420144,
    "time-and-time-again#subtitle": 0.6506091838052857,
    "wicked-problems-and-mental-models#abstract": 0.6492248400696262,
    "this-is-not-about-survival-its-about-bringing-your-coracle#title": 0.6483781502490973,
    "typha-the-once-and-future-planty-companion#content-1": 0.6482196061668901,
    "walk-about-it#title": 0.6439838116876688,
    "the-rights-of-nature#title": 0.6405362777699619,
    "too-little-water-the-lake-chad-story#content-2": 0.6353896076952859,
    "the-hedge#content-3": 0.6336044996429454,
    "understanding-the-north-american-lost-crops#content-1": 0.6316132342776513,
    "touring-the-anthropocenery-whos-in-charge-here-2014#title": 0.6297927646419336,
    "the-vietnamese-community-in-eastern-new-orleans#content-4": 0.6260905797393919,
    "the-politics-of-modeling#abstract": 0.6180586776253792,
    "white-sands#title": 0.617147303944061,
    "us-southwest#title": 0.6103903606222227,
    "us-southwest#content-4": 0.6068649757768939,
    "the-maledives-case#title": 0.6042067531950167,
    "the-politics-of-modeling#title": 0.60083625337871,
    "this-is-not-about-survival-its-about-bringing-your-coracle#subtitle": 0.5984973443204716,
    "transect-walk-cahokia-mounds-to-fairmont-city#subtitle": 0.5872247952289562,
    "walk-about-it#subtitle": 0.5872247952289562,
    "tree-x-office#content-2": 0.5793839175525974,
    "the-terrain-of-the-former-veb-elektrokohle-lichtenberg#content-2": 0.5783295145724207,
    "times-before-and-after#title": 0.5715228994990323,
    "the-terrain-of-the-former-veb-elektrokohle-lichtenberg#title": 0.5594188645187516,
    "ve-vm-vt-the-ideal-cosmic-messengers#title": 0.5560292652321279,
    "wicked-problems-and-mental-models#title": 0.552639921532221,
    "worshipping-along-the-routes-of-migration#subtitle": 0.536945817681398,
    "time-and-time-again#title": 0.5339858262997442,
    "time-out-of-mind#subtitle": 0.5269573008464656,
    "the-hedge#title": 0.5211624124615472,