{
    "the-anthropocene-in-light-of-biological-feedback#content-7": 0.9522402738170114,
    "the-anthropocene-in-light-of-biological-feedback#content-9": 0.9484483828917157,
    "the-anthropocene-in-light-of-biological-feedback#content-8": 0.9477072239860266,
    "the-anthropogenic-influence-onto-the-air-quality-along-the-mississippi-river-findings#content-2": 0.9468002144458262,
    "the-anthropogenic-influence-onto-the-air-quality-along-the-mississippi-river-findings#content-6": 0.9449951339940688,
    "the-anthropogenic-influence-onto-the-air-quality-along-the-mississippi-river-findings#content-10": 0.9407459657412955,
    "the-anthropogenic-influence-onto-the-air-quality-along-the-mississippi-river-findings#content-8": 0.9400733919462595,
    "the-mississippi-basin-an-operational-landscape#content-5": 0.9341000932292867,
    "wicked-problems-and-mental-models#content-1": 0.9321624413887014,
    "the-floating-ear#content-3": 0.9303305331886078,
    "the-floating-ear#content-1": 0.9284692427114463,
    "the-mississippi-basin-an-operational-landscape#content-7": 0.927367504798369,
    "the-mississippi-basin-an-operational-landscape#content-3": 0.9268166471137856,
    "the-four-dimensional-mississippi#content-1": 0.9262889184708903,
    "the-mississippi-basin-an-operational-landscape#content-1": 0.926092838676802,
    "the-floating-ear#content-5": 0.9244996563829775,
    "the-floating-ear#content-4": 0.9238674444988481,
    "the-floating-ear#content-6": 0.9230118096783173,
    "the-shape-of-a-practice#abstract": 0.9224067897066347,
    "the-terrain-of-the-former-veb-elektrokohle-lichtenberg#content-3": 0.9220180476116775,
    "white-sands#content-1": 0.9215842325012765,
    "the-floating-ear#content-2": 0.9211972328533222,
    "times-before-and-after#content-1": 0.9210556311973158,
    "too-little-water-the-lake-chad-story#content-1": 0.9162052123973052,
    "the-floating-ear#content-7": 0.9160446204291606,
    "the-four-dimensional-mississippi#abstract": 0.915637204276421,
    "uncalculated-risk#content-8": 0.9151697722548652,
    "time-and-time-again#content-2": 0.9146398497904965,
    "tree-x-office#content-1": 0.9144074106468211,
    "white-sands#content-3": 0.9139032440976051,
    "tree-x-office#abstract": 0.9112122746358018,
    "the-free-sea#content-2": 0.9102853497948302,
    "the-terrain-of-the-former-veb-elektrokohle-lichtenberg#content-1": 0.910201515678988,
    "timeslips#content-2": 0.9100030866856524,
    "us-southwest#content-1": 0.9097081867595371,
    "the-hyphen#content-2": 0.9093296737472072,
    "uncalculated-risk#content-6": 0.9088033457244142,
    "touring-the-anthropocenery-whos-in-charge-here-2014#content-2": 0.9087239055555983,
    "the-hyphen#content-1": 0.9086276005954607,
    "uncalculated-risk#content-4": 0.9078386505850116,
    "the-stories-we-tell-the-images-we-take#content-2": 0.9067518030305318,
    "uncalculated-risk#content-2": 0.9057698135505542,
    "walk-about-it#content-1": 0.9054006850823904,
    "time-out-of-mind#content-1": 0.9052344844529208,
    "the-anthropogenic-influence-onto-the-air-quality-along-the-mississippi-river-findings#content-4": 0.9045251728975265,
    "the-terrain-of-the-former-veb-elektrokohle-lichtenberg#content-5": 0.9044302220649633,
    "the-anthropogenic-influence-onto-the-air-quality-along-the-mississippi-river-findings#abstract": 0.9043520235525102,
    "uncalculated-risk#abstract": 0.9041648961248222,
    "this-is-not-about-survival-its-about-bringing-your-coracle#abstract": 0.9036511445250147,
    "time-out-of-mind#abstract": 0.9035587934536905,
    "typha-the-once-and-future-planty-companion#abstract": 0.9034343705731828,
    "the-hyphen#abstract": 0.9021018800474491,
    "the-danish-text#abstract": 0.9019570809524503,
    "the-maledives-case#abstract": 0.9006741136579677,
    "the-confluence-area#abstract": 0.9000537153571269,
    "the-vietnamese-community-in-eastern-new-orleans#content-3": 0.8999280157255196,
    "xaraasi-xanne-crossing-voices#content-2": 0.8997598625896366,
    "the-anthropogenic-influence-onto-the-air-quality-along-the-mississippi-river-findings#content-3": 0.899541641314731,
    "voice-and-representation#content-1": 0.8993569393997107,
    "timeslips#abstract": 0.8982463599333144,
    "time-out-of-mind#content-3": 0.8980716174127256,
    "the-anthropogenic-influence-onto-the-air-quality-along-the-mississippi-river-findings#content-5": 0.8964881153748849,
    "the-hedge#content-2": 0.8963816946305007,
    "understanding-the-north-american-lost-crops#abstract": 0.8947178301748461,
    "the-lichtenberg-case#abstract": 0.8906783834309017,
    "twin-cities-artist-residency-mississippi-an-anthropocene-story#abstract": 0.8891929535627346,
    "the-vietnamese-community-in-eastern-new-orleans#content-1": 0.8884086351268415,
    "time-out-of-mind#content-5": 0.8862001152291996,
    "the-current-mississippi-an-anthropocene-river#abstract": 0.8845160265724866,
    "the-shape-of-a-practice-online-project-environment#abstract": 0.8843293272229868,
    "the-shape-of-a-practice-seminars#abstract": 0.884202883183698,
    "writing-global-histories-in-the-anthropocene#content-1": 0.8832879785395277,
    "the-anthropogenic-influence-onto-the-air-quality-along-the-mississippi-river-findings#content-1": 0.8829313548176675,
    "the-anthropogenic-influence-onto-the-air-quality-along-the-mississippi-river-findings#content-7": 0.8828256684985278,
    "too-little-water-the-lake-chad-story#abstract": 0.8810594990139032,
    "uncalculated-risk#content-1": 0.8777861257314975,
    "times-before-and-after#abstract": 0.8764219719330077,
    "the-great-green-desert#abstract": 0.8739786759903423,
    "the-stories-we-tell-the-images-we-take#abstract": 0.8738929362485506,
    "the-mississippi-basin-an-operational-landscape#abstract": 0.8732840791994317,
    "walk-about-it#abstract": 0.8722232383431094,
    "the-anthropogenic-influence-onto-the-air-quality-along-the-mississippi-river-findings#content-9": 0.8694105498711259,
    "xaraasi-xanne-crossing-voices#abstract": 0.868890310012752,
    "touring-the-anthropocenery-whos-in-charge-here-2014#abstract": 0.8642327434836289,
    "uncalculated-risk#content-5": 0.8610463395140219,
    "too-little-water-the-lake-chad-story#content-2": 0.8604234136388222,
    "the-rights-of-nature#abstract": 0.8569541602722978,
    "transect-walk-cahokia-mounds-to-fairmont-city#abstract": 0.8551045747866202,
    "us-southwest#content-3": 0.8528916036018641,
    "white-sands#content-2": 0.846852096317031,
    "time-and-time-again#content-1": 0.8433711048224698,
    "uncalculated-risk#content-3": 0.8384120917865053,
    "us-southwest#content-4": 0.836717576781542,
    "the-shape-of-a-practice-online-project-environment#title": 0.8356118450500949,
    "uncalculated-risk#content-7": 0.8330459354150239,
    "the-mississippi-basin-an-operational-landscape#content-2": 0.8314817727173285,
    "the-vietnamese-community-in-eastern-new-orleans#content-2": 0.8280475185975645,
    "the-terrestrial-is-not-the-globe#title": 0.8266061587004925,
    "the-terrain-of-the-former-veb-elektrokohle-lichtenberg#content-4": 0.8221895879086202,
    "white-sands#abstract": 0.819415375433041,
    "wicked-problems-and-mental-models#abstract": 0.8136886514131723,
    "the-shape-of-a-practice#title": 0.8117466426719135,
    "this-is-not-about-survival-its-about-bringing-your-coracle#title": 0.8051437117610913,
    "time-out-of-mind#title": 0.8049093501506877,
    "this-is-not-about-survival-its-about-bringing-your-coracle#content-1": 0.803943454339219,
    "the-politics-of-modeling#abstract": 0.8009474464938735,
    "the-hedge#content-3": 0.7983638500820525,
    "the-anthropogenic-influence-onto-the-air-quality-along-the-mississippi-river-findings#title": 0.7969480555522417,
    "this-is-not-about-survival-its-about-bringing-your-coracle#subtitle": 0.7963260943305085,
    "time-and-time-again#title": 0.7954550692569125,
    "the-stories-we-tell-the-images-we-take#title": 0.7946166885423924,