{
    "the-anthropocene-in-light-of-biological-feedback#content-3": 0.9871745094014615,
    "the-anthropocene-in-light-of-biological-feedback#content-10": 0.9867801728243877,
    "times-before-and-after#content-1": 0.9805895753740608,
    "the-anthropocene-in-light-of-biological-feedback#content-2": 0.9784844753401246,
    "the-floating-ear#content-3": 0.9768253222478617,
    "the-shape-of-a-practice#abstract": 0.976537612176278,
    "wicked-problems-and-mental-models#content-1": 0.9759814050907837,
    "the-floating-ear#content-1": 0.9758651480841358,
    "the-floating-ear#content-7": 0.9756148167904922,
    "the-floating-ear#content-6": 0.9751819141947579,
    "the-floating-ear#content-4": 0.9735026423990609,
    "voice-and-representation#content-1": 0.9709271623098791,
    "the-anthropocene-in-light-of-biological-feedback#content-9": 0.9705933475746217,
    "the-anthropocene-in-light-of-biological-feedback#content-8": 0.9702544140099104,
    "the-floating-ear#content-2": 0.9698737342670061,
    "walk-about-it#content-1": 0.968883515973118,
    "time-and-time-again#content-2": 0.9683525011165901,
    "touring-the-anthropocenery-whos-in-charge-here-2014#content-2": 0.9682804837404833,
    "the-mississippi-basin-an-operational-landscape#content-7": 0.9675250760115875,
    "the-free-sea#content-2": 0.964272753698709,
    "the-hyphen#content-2": 0.9628286717291091,
    "the-hyphen#abstract": 0.9627562345538253,
    "the-four-dimensional-mississippi#abstract": 0.9616108049824653,
    "the-floating-ear#content-5": 0.9613771154939842,
    "the-anthropocene-in-light-of-biological-feedback#content-4": 0.960765574038445,
    "the-terrain-of-the-former-veb-elektrokohle-lichtenberg#content-3": 0.9603487856662967,
    "writing-global-histories-in-the-anthropocene#content-1": 0.9581954779361251,
    "too-little-water-the-lake-chad-story#content-1": 0.9578282253875696,
    "the-shape-of-a-practice-online-project-environment#abstract": 0.9567278038374032,
    "time-out-of-mind#content-3": 0.9566136061779058,
    "the-mississippi-basin-an-operational-landscape#content-5": 0.9544776315284802,
    "uncalculated-risk#content-8": 0.9537816331189934,
    "the-anthropogenic-influence-onto-the-air-quality-along-the-mississippi-river-findings#abstract": 0.9536184358707679,
    "uncalculated-risk#content-4": 0.9534236452134329,
    "uncalculated-risk#abstract": 0.9533739006776468,
    "time-out-of-mind#abstract": 0.9530253153338084,
    "the-confluence-area#abstract": 0.9506437044272784,
    "the-terrain-of-the-former-veb-elektrokohle-lichtenberg#content-5": 0.9505058463888846,
    "the-shape-of-a-practice-seminars#abstract": 0.9504382411592098,
    "the-stories-we-tell-the-images-we-take#content-2": 0.9496954367521742,
    "white-sands#content-3": 0.9485933683020316,
    "time-out-of-mind#content-5": 0.9473056171511139,
    "twin-cities-artist-residency-mississippi-an-anthropocene-story#abstract": 0.9471643984662093,
    "timeslips#content-2": 0.9467322961005976,
    "the-four-dimensional-mississippi#content-1": 0.9467261527262544,
    "the-terrain-of-the-former-veb-elektrokohle-lichtenberg#content-1": 0.9466258863703843,
    "typha-the-once-and-future-planty-companion#abstract": 0.946597800193036,
    "the-hyphen#content-1": 0.9452506371296867,
    "times-before-and-after#abstract": 0.9447724529482703,
    "tree-x-office#content-1": 0.9440797791212541,
    "the-lichtenberg-case#abstract": 0.9436355707554893,
    "time-out-of-mind#content-1": 0.9420412996268336,
    "the-mississippi-basin-an-operational-landscape#content-1": 0.9411323151521828,
    "uncalculated-risk#content-6": 0.9408905440645887,
    "walk-about-it#abstract": 0.9401915220941603,
    "timeslips#abstract": 0.9401357341536343,
    "the-anthropogenic-influence-onto-the-air-quality-along-the-mississippi-river-findings#content-8": 0.9381333891367801,
    "the-hedge#content-2": 0.9376805064348996,
    "uncalculated-risk#content-2": 0.9368106666415895,
    "xaraasi-xanne-crossing-voices#content-2": 0.9364748375533107,
    "white-sands#content-1": 0.936290856614676,
    "the-anthropogenic-influence-onto-the-air-quality-along-the-mississippi-river-findings#content-6": 0.9359142884524755,
    "the-mississippi-basin-an-operational-landscape#abstract": 0.9345425906052408,
    "the-current-mississippi-an-anthropocene-river#abstract": 0.9344859884765643,
    "the-anthropogenic-influence-onto-the-air-quality-along-the-mississippi-river-findings#content-2": 0.9342995463876734,
    "the-vietnamese-community-in-eastern-new-orleans#content-3": 0.9340806033105745,
    "understanding-the-north-american-lost-crops#abstract": 0.9323792967347211,
    "the-anthropogenic-influence-onto-the-air-quality-along-the-mississippi-river-findings#content-10": 0.931828110930825,
    "the-maledives-case#abstract": 0.9285413095268101,
    "the-anthropocene-in-light-of-biological-feedback#content-7": 0.9276035900033309,
    "the-mississippi-basin-an-operational-landscape#content-3": 0.9249777086079044,
    "tree-x-office#abstract": 0.9249337298213552,
    "the-danish-text#abstract": 0.9230883684242057,
    "this-is-not-about-survival-its-about-bringing-your-coracle#abstract": 0.9230714224531381,
    "the-anthropocene-in-light-of-biological-feedback#content-6": 0.9211156361628713,
    "the-anthropocene-in-light-of-biological-feedback#content-1": 0.9199687807731777,
    "the-vietnamese-community-in-eastern-new-orleans#content-1": 0.9157165310679006,
    "the-great-green-desert#abstract": 0.9122474596243647,
    "us-southwest#content-1": 0.9117346615508839,
    "the-stories-we-tell-the-images-we-take#abstract": 0.9114780659079094,
    "touring-the-anthropocenery-whos-in-charge-here-2014#abstract": 0.9079501403940105,
    "the-rights-of-nature#abstract": 0.9001173772427212,
    "the-anthropogenic-influence-onto-the-air-quality-along-the-mississippi-river-findings#content-4": 0.8992205010747859,
    "transect-walk-cahokia-mounds-to-fairmont-city#abstract": 0.8974965492874324,
    "xaraasi-xanne-crossing-voices#abstract": 0.890699420851161,
    "too-little-water-the-lake-chad-story#abstract": 0.888124025883407,
    "the-shape-of-a-practice-online-project-environment#title": 0.8855871123839337,
    "this-is-not-about-survival-its-about-bringing-your-coracle#content-1": 0.8829053412798384,
    "the-anthropogenic-influence-onto-the-air-quality-along-the-mississippi-river-findings#content-1": 0.8781977669032853,
    "the-stories-we-tell-the-images-we-take#title": 0.8768868883398345,
    "time-and-time-again#content-1": 0.8715964823148785,
    "uncalculated-risk#content-1": 0.865303671720423,
    "time-out-of-mind#title": 0.8640190464017684,
    "uncalculated-risk#content-5": 0.8621405782330436,
    "us-southwest#content-3": 0.8621246453089624,
    "wicked-problems-and-mental-models#abstract": 0.8614320955479388,
    "this-is-not-about-survival-its-about-bringing-your-coracle#title": 0.8605831629190864,
    "the-terrestrial-is-not-the-globe#title": 0.8598583032355243,
    "the-politics-of-modeling#abstract": 0.8597088207360483,
    "too-little-water-the-lake-chad-story#content-2": 0.8567165935075545,
    "the-shape-of-a-practice#title": 0.8496571309409072,
    "white-sands#content-2": 0.8467993480661695,
    "the-fight-for-alaskas-arctic-has-just-begun#title": 0.8418820382821915,
    "the-terrain-of-the-former-veb-elektrokohle-lichtenberg#content-4": 0.8416428800801664,
    "typha-the-once-and-future-planty-companion#title": 0.8397901731839951,
    "white-sands#abstract": 0.8394260788689962,
    "time-and-time-again#subtitle": 0.8387336773131846,
    "uncalculated-risk#content-7": 0.8343217225936524,
    "uncalculated-risk#content-3": 0.8304039119550297,
    "the-shape-of-a-practice-seminars#title": 0.8289769705253848,
    "us-southwest#content-4": 0.8272235104384597,