{
    "the-aerocene-campus#content-7": 0.9075496522198125,
    "time-out-of-mind#content-1": 0.9011213072859937,
    "white-sands#content-2": 0.8988488712098903,
    "time-out-of-mind#content-3": 0.8976553763205087,
    "white-sands#content-3": 0.8877494580144247,
    "uncalculated-risk#content-7": 0.8829512910576766,
    "the-vietnamese-community-in-eastern-new-orleans#content-1": 0.8826959094289377,
    "uncalculated-risk#content-5": 0.8825118146323702,
    "the-stories-we-tell-the-images-we-take#content-2": 0.8813675950545307,
    "white-sands#content-1": 0.8807734572081547,
    "the-aerocene-campus#content-9": 0.8803990616793256,
    "timeslips#abstract": 0.878513019778888,
    "time-out-of-mind#content-5": 0.8783555062212426,
    "us-southwest#content-3": 0.8781308101156262,
    "uncalculated-risk#content-2": 0.8766093706764155,
    "time-out-of-mind#abstract": 0.8761071016095248,
    "the-great-green-desert#abstract": 0.8753645774746924,
    "timeslips#content-2": 0.8752889696131881,
    "this-is-not-about-survival-its-about-bringing-your-coracle#abstract": 0.8751078574945745,
    "the-vietnamese-community-in-eastern-new-orleans#content-3": 0.8750911474318542,
    "the-free-sea#content-2": 0.8750377923073143,
    "the-four-dimensional-mississippi#content-1": 0.8738714952547133,
    "touring-the-anthropocenery-whos-in-charge-here-2014#content-2": 0.8731951920736837,
    "uncalculated-risk#content-8": 0.8726209562455289,
    "the-terrain-of-the-former-veb-elektrokohle-lichtenberg#content-1": 0.8717084040194615,
    "typha-the-once-and-future-planty-companion#abstract": 0.8711183919596555,
    "us-southwest#content-1": 0.8708920551543443,
    "the-hyphen#content-2": 0.8701266381620408,
    "the-vietnamese-community-in-eastern-new-orleans#content-2": 0.8700253113749327,
    "the-terrain-of-the-former-veb-elektrokohle-lichtenberg#content-3": 0.8695944419017754,
    "the-aerocene-campus#content-8": 0.8684203018490844,
    "touring-the-anthropocenery-whos-in-charge-here-2014#abstract": 0.8674382118907253,
    "uncalculated-risk#content-6": 0.8667790701839799,
    "the-stories-we-tell-the-images-we-take#abstract": 0.8667681352826958,
    "the-lichtenberg-case#abstract": 0.8656978652924306,
    "the-terrain-of-the-former-veb-elektrokohle-lichtenberg#content-5": 0.8644458081074475,
    "tree-x-office#content-1": 0.8616106434720031,
    "the-american-bottom#abstract": 0.8612733668035987,
    "the-danish-text#abstract": 0.8605205194250477,
    "the-hedge#content-2": 0.8593863847844865,
    "the-floating-ear#content-6": 0.859332770741047,
    "the-floating-ear#content-3": 0.8590157528865279,
    "transect-walk-cahokia-mounds-to-fairmont-city#abstract": 0.8583637198217894,
    "this-is-not-about-survival-its-about-bringing-your-coracle#content-1": 0.8580805224047928,
    "the-anthropocene-in-light-of-biological-feedback#content-4": 0.857355830273007,
    "uncalculated-risk#content-4": 0.8573405946192476,
    "times-before-and-after#content-1": 0.8567277908000601,
    "xaraasi-xanne-crossing-voices#content-2": 0.8564529261714482,
    "walk-about-it#abstract": 0.8559758657180682,
    "the-current-mississippi-an-anthropocene-river#content-1": 0.8559036557573688,
    "the-maledives-case#abstract": 0.8556024664443367,
    "walk-about-it#content-1": 0.8553395020296646,
    "time-and-time-again#content-2": 0.8540951746652125,
    "the-anthropocene-in-light-of-biological-feedback#content-9": 0.8537476515886696,
    "the-floating-ear#content-2": 0.8535696579616897,
    "uncalculated-risk#abstract": 0.8525407280277394,
    "typha-the-once-and-future-planty-companion#content-1": 0.8524824225128769,
    "uncalculated-risk#content-1": 0.8521018556284308,
    "the-current-mississippi-an-anthropocene-river#abstract": 0.8517796034079558,
    "the-confluence-area#abstract": 0.8517794139098089,
    "the-four-dimensional-mississippi#abstract": 0.8515036073487044,
    "the-floating-ear#content-1": 0.8514327575438408,
    "the-mississippi-basin-an-operational-landscape#content-1": 0.8512108146187184,
    "the-mississippi-basin-an-operational-landscape#abstract": 0.8510868370714021,
    "the-shape-of-a-practice#abstract": 0.8479211782933914,
    "too-little-water-the-lake-chad-story#abstract": 0.8473852014780179,
    "times-before-and-after#abstract": 0.8473540591496406,
    "the-anthropocene-and-our-post-natural-future-2#abstract": 0.8471106796788553,
    "writing-global-histories-in-the-anthropocene#content-1": 0.846671096365787,
    "tree-x-office#abstract": 0.8459389068827107,
    "the-floating-ear#content-7": 0.8458823169767434,
    "the-floating-ear#content-4": 0.845336411793008,
    "the-anthropogenic-influence-onto-the-air-quality-along-the-mississippi-river-findings#abstract": 0.8453244250756897,
    "time-and-time-again#content-1": 0.8450746096464858,
    "the-floating-ear#content-5": 0.8446066576125392,
    "white-sands#abstract": 0.8430876781644815,
    "twin-cities-artist-residency-mississippi-an-anthropocene-story#abstract": 0.8430372722568963,
    "the-shape-of-a-practice-online-project-environment#abstract": 0.84198245995954,
    "wicked-problems-and-mental-models#content-1": 0.8417356777760696,
    "the-anthropogenic-influence-onto-the-air-quality-along-the-mississippi-river-findings#content-1": 0.8415036420126961,
    "the-anthropocene-in-light-of-biological-feedback#content-1": 0.8406394747634618,
    "the-anthropocene-in-light-of-biological-feedback#content-10": 0.84035583645922,
    "the-rights-of-nature#abstract": 0.8353323231902384,
    "voice-and-representation#content-1": 0.835158890556313,
    "understanding-the-north-american-lost-crops#abstract": 0.8336052119635077,
    "xaraasi-xanne-crossing-voices#abstract": 0.83307423357648,
    "the-anthropocene-in-light-of-biological-feedback#content-3": 0.8297507096966273,
    "the-mississippi-basin-an-operational-landscape#content-3": 0.8289521900278776,
    "the-mississippi-basin-an-operational-landscape#content-7": 0.8256324767398348,
    "too-little-water-the-lake-chad-story#content-1": 0.8251555716515918,
    "the-anthropocene-in-light-of-biological-feedback#abstract": 0.823841302752405,
    "the-mississippi-basin-an-operational-landscape#content-5": 0.8230915432459337,
    "the-anthropogenic-influence-onto-the-air-quality-along-the-mississippi-river-findings#content-6": 0.8228767331407526,
    "the-hedge#content-3": 0.8220315946132141,
    "the-hyphen#abstract": 0.8213035077439921,
    "the-shape-of-a-practice-seminars#abstract": 0.8211420578423331,
    "the-anthropogenic-influence-onto-the-air-quality-along-the-mississippi-river-findings#content-2": 0.8197817951519971,
    "the-anthropocene-in-light-of-biological-feedback#content-7": 0.8186927281468426,
    "the-vietnamese-community-in-eastern-new-orleans#content-4": 0.8176426099461527,
    "uncalculated-risk#content-3": 0.816187660364246,
    "the-anthropogenic-influence-onto-the-air-quality-along-the-mississippi-river-findings#content-8": 0.8152863787137961,
    "the-hyphen#content-1": 0.8135578308333588,
    "the-anthropocene-in-light-of-biological-feedback#content-2": 0.8124169372256262,
    "the-stories-we-tell-the-images-we-take#title": 0.808440425713286,
    "the-terrain-of-the-former-veb-elektrokohle-lichtenberg#content-4": 0.8064658282156977,
    "the-anthropocene-in-light-of-biological-feedback#content-8": 0.8037928019362055,
    "the-lena-is-worthy-of-baikal-defining-remoteness-across-the-north-and-the-east#title": 0.7986000609736829,
    "walk-about-it#content-2": 0.7962348822200487,
    "too-little-water-the-lake-chad-story#content-2": 0.7962213931128104,
    "the-anthropogenic-influence-onto-the-air-quality-along-the-mississippi-river-findings#content-10": 0.795738764710368,
    "the-fight-for-alaskas-arctic-has-just-begun#title": 0.7928560717557062,
    "too-little-water-the-lake-chad-story#title": 0.7909818191207371,
    "transect-walk-cahokia-mounds-to-fairmont-city#content-1": 0.7894058271352518,