{
    "the-lichtenberg-case-2#content-1": 0.4884702670524302,
    "touring-the-anthropocenery-whos-in-charge-here-2014#content-1": 0.46122831089869465,
    "time-out-of-mind#content-4": 0.45847881997065765,
    "the-lichtenberg-case#content-1": 0.45585683043258235,
    "typha-the-once-and-future-planty-companion#subtitle": 0.36477942548109954,
    "typha-the-once-and-future-planty-companion#content-1": 0.34863950640496977,
    "walk-about-it#content-2": 0.3397136200406178,
    "timeslips#content-1": 0.33194700059403554,
    "the-hedge#content-3": 0.3128886514075323,
    "uncalculated-risk#content-3": 0.3089778187518557,
    "voice-and-representation#abstract": 0.3088988909120928,
    "the-mississippi-basin-an-operational-landscape#content-6": 0.3073125550338731,
    "white-sands#content-2": 0.3001833816135231,
    "this-is-not-about-survival-its-about-bringing-your-coracle#content-1": 0.296921952147314,
    "the-stories-we-tell-the-images-we-take#abstract": 0.2942422598271663,
    "writing-global-histories-in-the-anthropocene#abstract": 0.29009575290104156,
    "the-mississippi-basin-an-operational-landscape#abstract": 0.2891545818627725,
    "uncalculated-risk#content-7": 0.281431507592969,
    "the-vietnamese-community-in-eastern-new-orleans#content-2": 0.27499390255195216,
    "the-lichtenberg-case#subtitle": 0.27152349096533207,
    "the-lichtenberg-case-2#subtitle": 0.27152349096533207,
    "timeslips#abstract": 0.2701255242603942,
    "xaraasi-xanne-crossing-voices#abstract": 0.26246779796699415,
    "the-stories-we-tell-the-images-we-take#content-2": 0.2603451217000843,
    "walk-about-it#abstract": 0.25944488407598304,
    "the-lichtenberg-case#abstract": 0.25642354619879404,
    "us-southwest#content-3": 0.2562820943707734,
    "voice-and-representation#title": 0.2536911528317753,
    "uncalculated-risk#content-5": 0.25304705759399704,
    "the-mississippi-basin-an-operational-landscape#content-2": 0.2527001104565717,
    "twin-cities-artist-residency-mississippi-an-anthropocene-story#abstract": 0.25079175309466845,
    "twin-cities-artist-residency-mississippi-an-anthropocene-story#subtitle": 0.24984925381728726,
    "the-politics-of-modeling#content-1": 0.24873993901073935,
    "the-rights-of-nature#content-1": 0.24873993901073935,
    "the-mississippi-basin-an-operational-landscape#content-4": 0.24753552099064935,
    "white-sands#abstract": 0.2471848605868415,
    "walk-about-it#content-1": 0.24423755689778165,
    "the-shape-of-a-practice-online-project-environment#abstract": 0.24240244169976038,
    "uncalculated-risk#content-1": 0.24094508805192102,
    "time-and-time-again#subtitle": 0.24000742272620978,
    "the-shape-of-a-practice#subtitle": 0.23849163584091065,
    "xaraasi-xanne-crossing-voices#content-2": 0.23828802545400005,
    "writing-global-histories-in-the-anthropocene#content-1": 0.23808913850104227,
    "the-hyphen#content-2": 0.23715668689598757,
    "tree-x-office#content-2": 0.23507299042071028,
    "the-shape-of-a-practice-seminars#abstract": 0.235038125370043,
    "the-politics-of-modeling#abstract": 0.2348758411184295,
    "the-terrain-of-the-former-veb-elektrokohle-lichtenberg#content-4": 0.23358372611804215,
    "white-sands#content-3": 0.23312149756090783,
    "transect-walk-cahokia-mounds-to-fairmont-city#abstract": 0.23296074075780115,
    "tokens-a-rorschach-test#title": 0.23272952070796196,
    "the-shape-of-a-practice#title": 0.23259683834474632,
    "tree-x-office#abstract": 0.23219544962126687,
    "the-politics-of-modeling#title": 0.23185382620904926,
    "the-vietnamese-community-in-eastern-new-orleans#content-3": 0.23158523598261654,
    "the-terrain-of-the-former-veb-elektrokohle-lichtenberg#content-1": 0.23120052595607093,
    "the-mississippi-basin-an-operational-landscape#content-7": 0.23103218306030376,
    "the-terrain-of-the-former-veb-elektrokohle-lichtenberg#content-2": 0.22996723233194916,
    "the-rights-of-nature#abstract": 0.22978505458566073,
    "time-out-of-mind#abstract": 0.22967919734665443,
    "too-little-water-the-lake-chad-story#title": 0.22948980181126857,
    "the-mississippi-basin-an-operational-landscape#title": 0.229136371460431,
    "white-sands#content-1": 0.22864462015553294,
    "this-is-not-about-survival-its-about-bringing-your-coracle#abstract": 0.22856887432230444,
    "uncalculated-risk#content-6": 0.22837369411886688,
    "uncalculated-risk#abstract": 0.22735963553119468,
    "writing-global-histories-in-the-anthropocene#title": 0.22688245218023229,
    "voice-and-representation#content-1": 0.2267456305173826,
    "touring-the-anthropocenery-whos-in-charge-here-2014#content-2": 0.22612565291084852,
    "time-out-of-mind#content-1": 0.2260478989311468,
    "uncalculated-risk#content-2": 0.22573654890276593,
    "worshipping-along-the-routes-of-migration#title": 0.2255076066482836,
    "time-and-time-again#content-1": 0.22511433047601506,
    "the-hyphen#abstract": 0.2243068654113904,
    "the-vietnamese-community-in-eastern-new-orleans#content-4": 0.2236726074621402,
    "tree-x-office#content-1": 0.22342943331690698,
    "times-before-and-after#content-1": 0.22274587078796856,
    "the-maledives-case#abstract": 0.22261045731982537,
    "time-out-of-mind#content-3": 0.2222848911715667,
    "time-and-time-again#content-2": 0.22187619471348913,
    "the-terrain-of-the-former-veb-elektrokohle-lichtenberg#content-3": 0.2215765607875513,
    "the-vietnamese-community-in-eastern-new-orleans#content-1": 0.22128974470433085,
    "the-terrain-of-the-former-veb-elektrokohle-lichtenberg#content-5": 0.22108723524319576,
    "uncalculated-risk#content-8": 0.22002825974951987,
    "the-terrain-of-the-former-veb-elektrokohle-lichtenberg#title": 0.21986360888365902,
    "timeslips#content-2": 0.21953269388160165,
    "times-before-and-after#abstract": 0.21917698534954158,
    "uncalculated-risk#content-4": 0.2189070620470092,
    "the-shape-of-a-practice-online-project-environment#title": 0.21832395417721692,
    "the-shape-of-a-practice-seminars#title": 0.21779492153587704,
    "the-mississippi-basin-an-operational-landscape#content-1": 0.2172206267867743,
    "typha-the-once-and-future-planty-companion#abstract": 0.21692957522201833,
    "the-shape-of-a-practice#abstract": 0.2169027360806999,
    "the-lena-is-worthy-of-baikal-defining-remoteness-across-the-north-and-the-east#title": 0.2164123313346884,
    "time-out-of-mind#content-5": 0.21544742724947,
    "the-mississippi-basin-an-operational-landscape#content-5": 0.21165433884720072,
    "uncalculated-risk#subtitle": 0.20961396369093244,
    "us-southwest#content-1": 0.20880508255588895,
    "touring-the-anthropocenery-whos-in-charge-here-2014#abstract": 0.2081235532820665,
    "the-rights-of-nature#title": 0.20741692694921893,
    "ve-vm-vt-the-ideal-cosmic-messengers#title": 0.20720313804075235,
    "too-little-water-the-lake-chad-story#content-1": 0.20676788715815597,
    "the-hedge#content-2": 0.20387858547698293,
    "xaraasi-xanne-crossing-voices#title": 0.20246719089284523,
    "understanding-the-north-american-lost-crops#content-1": 0.19932893817794756,
    "wicked-problems-and-mental-models#content-1": 0.19859316124712525,
    "twin-cities-artist-residency-mississippi-an-anthropocene-story#title": 0.19737965080501346,
    "transect-walk-cahokia-mounds-to-fairmont-city#content-1": 0.195980713037023,
    "us-southwest#content-4": 0.19592606740667565,
    "understanding-the-north-american-lost-crops#title": 0.19591814196403967,
    "times-before-and-after#title": 0.19498501175856336,
    "understanding-the-north-american-lost-crops#abstract": 0.1945866905505976,
    "time-out-of-mind#content-2": 0.1937780877076237,
    "the-vietnamese-community-in-eastern-new-orleans#title": 0.18974351375917284,
    "too-little-water-the-lake-chad-story#abstract": 0.189681281242756,
    "the-mississippi-basin-an-operational-landscape#content-3": 0.18937751499301309,