{
    "time-out-of-mind#abstract": 0.9582447135037857,
    "the-mississippi-basin-an-operational-landscape#content-7": 0.9548656677255317,
    "writing-global-histories-in-the-anthropocene#content-1": 0.9530815700988411,
    "uncalculated-risk#abstract": 0.95263425457865,
    "the-mississippi-basin-an-operational-landscape#content-1": 0.9519780900302837,
    "timeslips#content-2": 0.9491848993481021,
    "the-shape-of-a-practice#abstract": 0.9476130860807467,
    "walk-about-it#content-1": 0.9475250530123059,
    "time-and-time-again#content-2": 0.9460579429348243,
    "touring-the-anthropocenery-whos-in-charge-here-2014#content-2": 0.9439788625182216,
    "uncalculated-risk#content-4": 0.943967506598274,
    "uncalculated-risk#content-6": 0.9430229751722553,
    "times-before-and-after#content-1": 0.9423568919981875,
    "uncalculated-risk#content-8": 0.9421471193649401,
    "the-stories-we-tell-the-images-we-take#content-2": 0.9416215731814115,
    "voice-and-representation#content-1": 0.9413349186541934,
    "the-terrain-of-the-former-veb-elektrokohle-lichtenberg#content-3": 0.9395610611809804,
    "uncalculated-risk#content-2": 0.9391873599776248,
    "twin-cities-artist-residency-mississippi-an-anthropocene-story#abstract": 0.939014009289142,
    "transect-walk-cahokia-mounds-to-fairmont-city#abstract": 0.9382214911884466,
    "too-little-water-the-lake-chad-story#content-1": 0.9381174466628973,
    "time-out-of-mind#content-3": 0.9380821850031297,
    "timeslips#abstract": 0.9380093699680104,
    "the-terrain-of-the-former-veb-elektrokohle-lichtenberg#content-1": 0.9376748354587278,
    "white-sands#content-3": 0.9369297670771055,
    "xaraasi-xanne-crossing-voices#content-2": 0.9350262606003511,
    "the-terrain-of-the-former-veb-elektrokohle-lichtenberg#content-5": 0.9349780278162944,
    "time-out-of-mind#content-1": 0.9343669003450469,
    "white-sands#content-1": 0.9337028702499567,
    "the-mississippi-basin-an-operational-landscape#content-5": 0.9331120922860435,
    "walk-about-it#abstract": 0.9329830482157911,
    "the-vietnamese-community-in-eastern-new-orleans#content-3": 0.932976461949547,
    "the-vietnamese-community-in-eastern-new-orleans#content-1": 0.9308513619694971,
    "typha-the-once-and-future-planty-companion#abstract": 0.9302551591578229,
    "the-shape-of-a-practice-online-project-environment#abstract": 0.9283936367770815,
    "tree-x-office#content-1": 0.9280280085238082,
    "the-shape-of-a-practice-seminars#abstract": 0.9269193831346303,
    "wicked-problems-and-mental-models#content-1": 0.9257431767556538,
    "the-mississippi-basin-an-operational-landscape#content-3": 0.9217825333161136,
    "this-is-not-about-survival-its-about-bringing-your-coracle#abstract": 0.9201606271292988,
    "time-out-of-mind#content-5": 0.9188359079359458,
    "understanding-the-north-american-lost-crops#abstract": 0.9155387959285044,
    "the-stories-we-tell-the-images-we-take#abstract": 0.9135481058103824,
    "the-rights-of-nature#abstract": 0.9126163477580858,
    "times-before-and-after#abstract": 0.902172480193578,
    "tree-x-office#abstract": 0.8999329473170422,
    "us-southwest#content-1": 0.8969221765097426,
    "uncalculated-risk#content-5": 0.8909743526738733,
    "touring-the-anthropocenery-whos-in-charge-here-2014#abstract": 0.8887588731728406,
    "too-little-water-the-lake-chad-story#abstract": 0.879543147616211,
    "xaraasi-xanne-crossing-voices#abstract": 0.8759199109024812,
    "us-southwest#content-3": 0.8724054473223987,
    "uncalculated-risk#content-1": 0.8646218978087665,
    "the-shape-of-a-practice-online-project-environment#title": 0.8646007890593667,
    "uncalculated-risk#content-7": 0.8629445360921647,
    "the-mississippi-basin-an-operational-landscape#content-2": 0.861620076157555,
    "white-sands#content-2": 0.859843795605525,
    "the-shape-of-a-practice#title": 0.8592558233936285,
    "the-terrestrial-is-not-the-globe#title": 0.8550260705460483,
    "the-politics-of-modeling#abstract": 0.8503184529815929,
    "time-and-time-again#content-1": 0.8489241319568889,
    "the-terrain-of-the-former-veb-elektrokohle-lichtenberg#content-4": 0.8428536716798197,
    "the-politics-of-modeling#title": 0.8419879874894987,
    "this-is-not-about-survival-its-about-bringing-your-coracle#content-1": 0.838817024062237,
    "time-and-time-again#subtitle": 0.8379600473540221,
    "the-rights-of-nature#title": 0.8366262479329452,
    "the-stories-we-tell-the-images-we-take#title": 0.8364793154612429,
    "white-sands#abstract": 0.8356064329913142,
    "time-out-of-mind#title": 0.8339714814561595,
    "the-shape-of-a-practice-seminars#title": 0.8281687486437823,
    "uncalculated-risk#subtitle": 0.8252277640013614,
    "uncalculated-risk#content-3": 0.8239296248686337,
    "us-southwest#content-4": 0.8196862825135254,
    "us-southwest#content-2": 0.8187397965273207,
    "typha-the-once-and-future-planty-companion#content-1": 0.8182034084591856,
    "too-little-water-the-lake-chad-story#content-2": 0.8122806704410298,
    "typha-the-once-and-future-planty-companion#title": 0.8088295438601055,
    "the-mississippi-basin-an-operational-landscape#content-6": 0.8072635221434667,
    "worshipping-along-the-routes-of-migration#title": 0.8030366233742824,
    "the-shipworm-and-the-telegraph#title": 0.8023752312922223,
    "wicked-problems-and-mental-models#abstract": 0.8000402699842052,
    "understanding-the-north-american-lost-crops#title": 0.7993554100836466,
    "the-vietnamese-community-in-eastern-new-orleans#content-2": 0.7977768010945128,
    "the-mississippi-basin-an-operational-landscape#title": 0.796624541923114,
    "the-mississippi-basin-an-operational-landscape#content-4": 0.7934266574442453,
    "this-is-not-about-survival-its-about-bringing-your-coracle#title": 0.7854439770851491,
    "the-vietnamese-community-in-eastern-new-orleans#content-4": 0.7831204841547424,
    "touring-the-anthropocenery-whos-in-charge-here-2014#title": 0.7693042766955495,
    "writing-global-histories-in-the-anthropocene#title": 0.7587364533293943,
    "worshipping-along-the-routes-of-migration#subtitle": 0.7485321234999617,
    "too-little-water-the-lake-chad-story#title": 0.7477133080768471,
    "transect-walk-cahokia-mounds-to-fairmont-city#content-1": 0.7455156588589408,
    "times-before-and-after#title": 0.7367727888697163,
    "the-vietnamese-community-in-eastern-new-orleans#title": 0.736507307466866,
    "understanding-the-north-american-lost-crops#content-1": 0.7307395158682363,
    "this-is-not-about-survival-its-about-bringing-your-coracle#subtitle": 0.7228352912508027,
    "wicked-problems-and-mental-models#title": 0.7147693529309961,
    "the-shape-of-a-practice#subtitle": 0.7125551781618306,
    "walk-about-it#title": 0.7098529123904902,
    "the-terrain-of-the-former-veb-elektrokohle-lichtenberg#content-2": 0.6882021825177408,
    "tree-x-office#content-2": 0.6799102369032262,
    "walk-about-it#content-2": 0.6620153540183048,
    "time-and-time-again#title": 0.6550097725215502,
    "voice-and-representation#title": 0.6509246984919119,
    "the-terrain-of-the-former-veb-elektrokohle-lichtenberg#title": 0.6412616226203578,
    "transect-walk-cahokia-mounds-to-fairmont-city#subtitle": 0.6090606554616156,
    "walk-about-it#subtitle": 0.6090606554616156,
    "ve-vm-vt-the-ideal-cosmic-messengers#title": 0.6045855246163846,
    "us-southwest#title": 0.5987459682559565,
    "twin-cities-artist-residency-mississippi-an-anthropocene-story#subtitle": 0.5865656095365159,
    "twin-cities-artist-residency-mississippi-an-anthropocene-story#title": 0.5822709551775331,
    "time-out-of-mind#subtitle": 0.5783857141518535,
    "xaraasi-xanne-crossing-voices#title": 0.5711188160109332,
    "the-stories-we-tell-the-images-we-take#content-1": 0.5669861065353718,
    "xaraasi-xanne-crossing-voices#content-1": 0.5662198939666898,
    "typha-the-once-and-future-planty-companion#subtitle": 0.5449859312116065,