{
    "the-aerocene-campus#content-9": 0.9788861231479896,
    "the-aerocene-campus#content-5": 0.9713870918802613,
    "the-aerocene-campus#content-7": 0.9707490532779112,
    "the-shape-of-a-practice#abstract": 0.9685763289212844,
    "white-sands#content-3": 0.9667286478457002,
    "the-shape-of-a-practice-seminars#abstract": 0.9650955931706156,
    "the-terrain-of-the-former-veb-elektrokohle-lichtenberg#content-5": 0.9647103511628928,
    "uncalculated-risk#abstract": 0.9646873649793506,
    "the-lichtenberg-case#abstract": 0.9625367375449357,
    "uncalculated-risk#content-8": 0.9621723225090036,
    "xaraasi-xanne-crossing-voices#content-2": 0.9608209019591136,
    "the-vietnamese-community-in-eastern-new-orleans#content-3": 0.9606761520199607,
    "the-stories-we-tell-the-images-we-take#content-2": 0.9603714953283948,
    "time-out-of-mind#content-3": 0.9602744062027522,
    "the-shape-of-a-practice-online-project-environment#abstract": 0.9598727981023031,
    "the-terrain-of-the-former-veb-elektrokohle-lichtenberg#content-1": 0.9590350972238877,
    "twin-cities-artist-residency-mississippi-an-anthropocene-story#abstract": 0.958929453630577,
    "the-free-sea#content-2": 0.9588474485596306,
    "the-confluence-area#abstract": 0.9574523205741919,
    "uncalculated-risk#content-2": 0.9567174846874494,
    "uncalculated-risk#content-4": 0.9565743235069132,
    "the-terrain-of-the-former-veb-elektrokohle-lichtenberg#content-3": 0.9555986934712252,
    "the-floating-ear#content-1": 0.9548472625597026,
    "uncalculated-risk#content-6": 0.9538661189681079,
    "the-anthropocene-in-light-of-biological-feedback#content-10": 0.9537695183663444,
    "timeslips#content-2": 0.953136061361603,
    "time-out-of-mind#abstract": 0.9528804116866653,
    "the-anthropocene-in-light-of-biological-feedback#content-4": 0.9528112984049303,
    "the-danish-text#abstract": 0.952569534915544,
    "the-anthropocene-and-our-post-natural-future-2#abstract": 0.9524763828683497,
    "the-floating-ear#content-6": 0.9521192746082824,
    "the-hyphen#content-2": 0.9520643074854357,
    "voice-and-representation#content-1": 0.9520251640545052,
    "the-american-bottom#abstract": 0.951886276951111,
    "white-sands#content-1": 0.9514412409553855,
    "tree-x-office#content-1": 0.9511298895684465,
    "the-anthropocene-in-light-of-biological-feedback#content-3": 0.9510797317078455,
    "the-anthropocene-in-light-of-biological-feedback#content-9": 0.950462812223887,
    "times-before-and-after#content-1": 0.949649874153238,
    "time-and-time-again#content-2": 0.949571401503007,
    "the-floating-ear#content-3": 0.9492779490693705,
    "walk-about-it#content-1": 0.9487599394487681,
    "the-floating-ear#content-7": 0.9476895012767269,
    "time-out-of-mind#content-1": 0.9465223993028753,
    "the-stories-we-tell-the-images-we-take#abstract": 0.9464227257016465,
    "touring-the-anthropocenery-whos-in-charge-here-2014#content-2": 0.9463093733716987,
    "the-four-dimensional-mississippi#content-1": 0.946229402895573,
    "the-vietnamese-community-in-eastern-new-orleans#content-1": 0.945992285837582,
    "the-current-mississippi-an-anthropocene-river#abstract": 0.9459440303416016,
    "wicked-problems-and-mental-models#content-1": 0.9457970816153685,
    "walk-about-it#abstract": 0.9455076969484378,
    "writing-global-histories-in-the-anthropocene#content-1": 0.9453020468362507,
    "the-anthropogenic-influence-onto-the-air-quality-along-the-mississippi-river-findings#abstract": 0.9435405328821288,
    "too-little-water-the-lake-chad-story#content-1": 0.9429780957301579,
    "time-out-of-mind#content-5": 0.9426578847198673,
    "the-floating-ear#content-4": 0.9404837595413424,
    "the-floating-ear#content-5": 0.9395563738024396,
    "the-anthropocene-in-light-of-biological-feedback#abstract": 0.9377496330804773,
    "timeslips#abstract": 0.9373468780710782,
    "the-floating-ear#content-2": 0.9373329820854562,
    "the-mississippi-basin-an-operational-landscape#content-7": 0.9373101846659865,
    "touring-the-anthropocenery-whos-in-charge-here-2014#abstract": 0.9370578025655941,
    "xaraasi-xanne-crossing-voices#abstract": 0.9362910699600098,
    "the-anthropocene-in-light-of-biological-feedback#content-2": 0.9361905563711479,
    "the-mississippi-basin-an-operational-landscape#content-1": 0.9359657001769246,
    "tree-x-office#abstract": 0.9357922032731872,
    "the-mississippi-basin-an-operational-landscape#content-3": 0.9344446599419256,
    "typha-the-once-and-future-planty-companion#abstract": 0.9342531550673296,
    "the-anthropogenic-influence-onto-the-air-quality-along-the-mississippi-river-findings#content-6": 0.9341821360251851,
    "us-southwest#content-1": 0.9340132970589213,
    "the-hedge#content-2": 0.9304614277077763,
    "the-anthropogenic-influence-onto-the-air-quality-along-the-mississippi-river-findings#content-2": 0.9302487459517712,
    "the-mississippi-basin-an-operational-landscape#content-5": 0.9294117299360141,
    "the-four-dimensional-mississippi#abstract": 0.9292654357163181,
    "this-is-not-about-survival-its-about-bringing-your-coracle#abstract": 0.9277906678442887,
    "the-aerocene-campus#content-8": 0.926701148500814,
    "the-mississippi-basin-an-operational-landscape#abstract": 0.9235965212119155,
    "the-great-green-desert#abstract": 0.9225763235211077,
    "the-rights-of-nature#abstract": 0.9221025241540188,
    "the-anthropocene-in-light-of-biological-feedback#content-8": 0.9214598801583794,
    "times-before-and-after#abstract": 0.9190733260891983,
    "the-anthropogenic-influence-onto-the-air-quality-along-the-mississippi-river-findings#content-8": 0.9188920248062424,
    "the-anthropocene-in-light-of-biological-feedback#content-7": 0.9188103361394198,
    "the-anthropocene-in-light-of-biological-feedback#content-1": 0.9174948022031444,
    "the-hyphen#content-1": 0.9166060596678612,
    "too-little-water-the-lake-chad-story#abstract": 0.9128441258532527,
    "transect-walk-cahokia-mounds-to-fairmont-city#abstract": 0.9117421377480993,
    "the-anthropogenic-influence-onto-the-air-quality-along-the-mississippi-river-findings#content-10": 0.9116990196524393,
    "us-southwest#content-3": 0.9115913631918464,
    "understanding-the-north-american-lost-crops#abstract": 0.9101714602172998,
    "the-maledives-case#abstract": 0.9094220744151851,
    "uncalculated-risk#content-5": 0.9094067967064388,
    "the-hyphen#abstract": 0.9048388625435604,
    "the-anthropogenic-influence-onto-the-air-quality-along-the-mississippi-river-findings#content-1": 0.9046235305136414,
    "uncalculated-risk#content-1": 0.9027620011302602,
    "too-little-water-the-lake-chad-story#content-2": 0.901792463898472,
    "time-and-time-again#content-1": 0.8933263486950869,
    "the-anthropocene-in-light-of-biological-feedback#content-6": 0.8904452826759531,
    "white-sands#content-2": 0.8876632802038118,
    "the-aerocene-campus#content-4": 0.8875917570668254,
    "uncalculated-risk#content-7": 0.8861827846195164,
    "the-anthropogenic-influence-onto-the-air-quality-along-the-mississippi-river-findings#content-4": 0.8845864907158346,
    "the-shape-of-a-practice-online-project-environment#title": 0.8775956004093662,
    "white-sands#abstract": 0.8775465067630143,
    "the-hedge#content-3": 0.8764688741459989,
    "the-stories-we-tell-the-images-we-take#title": 0.8727133428290863,
    "uncalculated-risk#content-3": 0.8726530982558929,
    "this-is-not-about-survival-its-about-bringing-your-coracle#content-1": 0.8726442556378162,
    "the-aerocene-campus#content-6": 0.8705307482026474,
    "touring-the-anthropocenery-whos-in-charge-here-2014#title": 0.8579623389022176,
    "the-terrain-of-the-former-veb-elektrokohle-lichtenberg#content-4": 0.8576213749891722,
    "the-fight-for-alaskas-arctic-has-just-begun#title": 0.8542564858213213,