{
    "the-aerocene-campus#content-5": 0.9846310887263877,
    "the-aerocene-campus#content-3": 0.9747994696742127,
    "the-aerocene-campus#content-9": 0.9724914595510393,
    "the-anthropocene-in-light-of-biological-feedback#content-9": 0.9708687490608687,
    "the-floating-ear#content-6": 0.9677938937109347,
    "the-shape-of-a-practice#abstract": 0.9669031339679467,
    "the-stories-we-tell-the-images-we-take#content-2": 0.9663114864256138,
    "the-aerocene-campus#content-7": 0.9661513994229826,
    "the-anthropocene-and-our-post-natural-future-2#abstract": 0.9656975947020532,
    "the-floating-ear#content-1": 0.9655859902469516,
    "the-anthropocene-in-light-of-biological-feedback#content-4": 0.9644390336409788,
    "time-and-time-again#content-2": 0.9605810973494033,
    "the-floating-ear#content-3": 0.9592808684555252,
    "times-before-and-after#content-1": 0.9589916558158703,
    "the-hyphen#content-2": 0.9587088655882459,
    "the-anthropocene-in-light-of-biological-feedback#content-10": 0.9583585552759033,
    "the-terrain-of-the-former-veb-elektrokohle-lichtenberg#content-3": 0.957398541417913,
    "white-sands#content-3": 0.9571439382243377,
    "the-free-sea#content-2": 0.9570534526828978,
    "xaraasi-xanne-crossing-voices#content-2": 0.9569844497299917,
    "uncalculated-risk#abstract": 0.9567171458652616,
    "time-out-of-mind#content-3": 0.9564871039216468,
    "twin-cities-artist-residency-mississippi-an-anthropocene-story#abstract": 0.956248256485732,
    "voice-and-representation#content-1": 0.9560880189527936,
    "wicked-problems-and-mental-models#content-1": 0.9558439906823176,
    "tree-x-office#content-1": 0.9557553876912686,
    "the-shape-of-a-practice-seminars#abstract": 0.9554918889957853,
    "the-terrain-of-the-former-veb-elektrokohle-lichtenberg#content-5": 0.9551466887400872,
    "the-lichtenberg-case#abstract": 0.9548522430046061,
    "the-floating-ear#content-7": 0.9544962686682433,
    "uncalculated-risk#content-8": 0.9543895997395084,
    "walk-about-it#content-1": 0.9543094127180054,
    "the-vietnamese-community-in-eastern-new-orleans#content-3": 0.9539960084705433,
    "the-anthropocene-in-light-of-biological-feedback#content-3": 0.9539230895017846,
    "touring-the-anthropocenery-whos-in-charge-here-2014#content-2": 0.9537816451027814,
    "the-shape-of-a-practice-online-project-environment#abstract": 0.9536087923327079,
    "the-confluence-area#abstract": 0.9533256412285656,
    "the-american-bottom#abstract": 0.952660431266645,
    "the-floating-ear#content-4": 0.9520489010758495,
    "the-terrain-of-the-former-veb-elektrokohle-lichtenberg#content-1": 0.9518415552176689,
    "the-anthropocene-in-light-of-biological-feedback#content-1": 0.9515556227179551,
    "the-danish-text#abstract": 0.9492807161393497,
    "the-floating-ear#content-5": 0.9477334340463426,
    "the-stories-we-tell-the-images-we-take#abstract": 0.9470236062346753,
    "the-anthropocene-in-light-of-biological-feedback#content-7": 0.9466050295768149,
    "the-anthropocene-in-light-of-biological-feedback#content-2": 0.9463974213679818,
    "time-out-of-mind#content-1": 0.9456555782746724,
    "time-out-of-mind#abstract": 0.9455863914286616,
    "uncalculated-risk#content-4": 0.9455716947416564,
    "uncalculated-risk#content-2": 0.9435136149364576,
    "time-out-of-mind#content-5": 0.9433917797290591,
    "timeslips#content-2": 0.9428523596703285,
    "the-floating-ear#content-2": 0.9427568346232139,
    "the-anthropocene-in-light-of-biological-feedback#abstract": 0.9425352642889482,
    "the-aerocene-campus#content-11": 0.9414568849243594,
    "tree-x-office#abstract": 0.9413562034285954,
    "writing-global-histories-in-the-anthropocene#content-1": 0.9410330675661873,
    "white-sands#content-1": 0.9409949347230757,
    "the-four-dimensional-mississippi#content-1": 0.9403921959844542,
    "the-current-mississippi-an-anthropocene-river#abstract": 0.9398362388346628,
    "uncalculated-risk#content-6": 0.9390457619636873,
    "us-southwest#content-1": 0.9387069695073532,
    "the-hyphen#content-1": 0.9385114257498243,
    "touring-the-anthropocenery-whos-in-charge-here-2014#abstract": 0.9381027819976923,
    "the-mississippi-basin-an-operational-landscape#content-7": 0.9375273989385052,
    "xaraasi-xanne-crossing-voices#abstract": 0.9373050568567878,
    "the-vietnamese-community-in-eastern-new-orleans#content-1": 0.9364541491114217,
    "the-mississippi-basin-an-operational-landscape#content-1": 0.9357621745527999,
    "the-hedge#content-2": 0.9354975213479725,
    "too-little-water-the-lake-chad-story#content-1": 0.9352327143595521,
    "typha-the-once-and-future-planty-companion#abstract": 0.9332277886401646,
    "walk-about-it#abstract": 0.9330050896538526,
    "the-anthropogenic-influence-onto-the-air-quality-along-the-mississippi-river-findings#abstract": 0.9324035122174934,
    "the-four-dimensional-mississippi#abstract": 0.9323105339978528,
    "time-and-time-again#content-1": 0.9311120359748587,
    "the-anthropogenic-influence-onto-the-air-quality-along-the-mississippi-river-findings#content-2": 0.9299644362056478,
    "timeslips#abstract": 0.9293036158808008,
    "the-anthropocene-in-light-of-biological-feedback#content-8": 0.9292831292725713,
    "this-is-not-about-survival-its-about-bringing-your-coracle#abstract": 0.9288490126656623,
    "the-mississippi-basin-an-operational-landscape#content-3": 0.9280748141965757,
    "the-rights-of-nature#abstract": 0.9279479731110009,
    "times-before-and-after#abstract": 0.9276958447292017,
    "the-anthropogenic-influence-onto-the-air-quality-along-the-mississippi-river-findings#content-6": 0.9272678849128019,
    "the-aerocene-campus#content-8": 0.9264811835651645,
    "the-mississippi-basin-an-operational-landscape#content-5": 0.9239631591952012,
    "us-southwest#content-3": 0.9232410387461027,
    "too-little-water-the-lake-chad-story#content-2": 0.9224434253745121,
    "the-hyphen#abstract": 0.9219411113202022,
    "uncalculated-risk#content-1": 0.920285210179228,
    "the-mississippi-basin-an-operational-landscape#abstract": 0.9171783664705145,
    "too-little-water-the-lake-chad-story#abstract": 0.9164597206226734,
    "the-anthropocene-in-light-of-biological-feedback#content-6": 0.912768144466297,
    "the-anthropogenic-influence-onto-the-air-quality-along-the-mississippi-river-findings#content-8": 0.9125794101106006,
    "the-maledives-case#abstract": 0.9118554257134718,
    "the-great-green-desert#abstract": 0.9108611852494654,
    "uncalculated-risk#content-5": 0.9104052618589613,
    "the-anthropogenic-influence-onto-the-air-quality-along-the-mississippi-river-findings#content-10": 0.9055078192469034,
    "transect-walk-cahokia-mounds-to-fairmont-city#abstract": 0.9053660664246694,
    "understanding-the-north-american-lost-crops#abstract": 0.905273228215493,
    "white-sands#abstract": 0.8974999059059383,
    "the-anthropogenic-influence-onto-the-air-quality-along-the-mississippi-river-findings#content-1": 0.8974509806719696,
    "white-sands#content-2": 0.8958366282846474,
    "uncalculated-risk#content-3": 0.8920271349591353,
    "the-hedge#content-3": 0.8919436956340754,
    "uncalculated-risk#content-7": 0.8885304963535552,
    "this-is-not-about-survival-its-about-bringing-your-coracle#content-1": 0.8830632344919906,
    "the-aerocene-campus#content-4": 0.8820935441465755,
    "the-shape-of-a-practice-online-project-environment#title": 0.8798905612041981,
    "the-stories-we-tell-the-images-we-take#title": 0.8753998457039914,
    "the-vietnamese-community-in-eastern-new-orleans#content-2": 0.8746899768371192,
    "time-and-time-again#subtitle": 0.8713644255978381,
    "the-vietnamese-community-in-eastern-new-orleans#content-4": 0.8711399430884449,
    "the-aerocene-campus#content-6": 0.8701707917791908,
    "the-anthropogenic-influence-onto-the-air-quality-along-the-mississippi-river-findings#content-4": 0.8670690888380864,