{
    "times-before-and-after#content-1": 0.9814254522692833,
    "touring-the-anthropocenery-whos-in-charge-here-2014#content-2": 0.9778280193141492,
    "time-out-of-mind#content-3": 0.9754780575530224,
    "wicked-problems-and-mental-models#content-1": 0.974602628501266,
    "time-and-time-again#content-2": 0.9736904480403087,
    "the-terrain-of-the-former-veb-elektrokohle-lichtenberg#content-3": 0.9735994848737626,
    "time-out-of-mind#content-5": 0.9716644013084497,
    "walk-about-it#content-1": 0.9715963935384442,
    "uncalculated-risk#content-8": 0.9669369281674421,
    "the-shape-of-a-practice#abstract": 0.9642083627711079,
    "time-out-of-mind#content-1": 0.9641977614928581,
    "white-sands#content-3": 0.9630536396530157,
    "timeslips#content-2": 0.962672512343722,
    "the-stories-we-tell-the-images-we-take#content-2": 0.9603865476707915,
    "typha-the-once-and-future-planty-companion#abstract": 0.9601034323730219,
    "the-terrain-of-the-former-veb-elektrokohle-lichtenberg#content-1": 0.9598836179414675,
    "voice-and-representation#content-1": 0.9592231049364407,
    "tree-x-office#content-1": 0.9589827315278557,
    "uncalculated-risk#content-4": 0.9580014216733201,
    "touring-the-anthropocenery-whos-in-charge-here-2014#abstract": 0.9578814462190383,
    "time-out-of-mind#abstract": 0.9561949262738254,
    "uncalculated-risk#content-6": 0.9553897067723928,
    "the-terrain-of-the-former-veb-elektrokohle-lichtenberg#content-5": 0.9527776196976099,
    "uncalculated-risk#content-2": 0.9527211180807935,
    "times-before-and-after#abstract": 0.9526983866631533,
    "twin-cities-artist-residency-mississippi-an-anthropocene-story#abstract": 0.9526962412812063,
    "uncalculated-risk#abstract": 0.9523571503982202,
    "the-stories-we-tell-the-images-we-take#abstract": 0.9515386479126919,
    "xaraasi-xanne-crossing-voices#content-2": 0.9509684714825835,
    "timeslips#abstract": 0.9504998725134295,
    "the-shape-of-a-practice-online-project-environment#abstract": 0.9494392276457545,
    "the-vietnamese-community-in-eastern-new-orleans#content-3": 0.9487260538809169,
    "walk-about-it#abstract": 0.9475650940191246,
    "the-mississippi-basin-an-operational-landscape#content-7": 0.9469300945820872,
    "white-sands#content-1": 0.9454667331908422,
    "the-lichtenberg-case#abstract": 0.9452637640298229,
    "the-shape-of-a-practice-seminars#abstract": 0.9443658435433678,
    "writing-global-histories-in-the-anthropocene#content-1": 0.9430472198218892,
    "the-mississippi-basin-an-operational-landscape#content-1": 0.9388004150701279,
    "tree-x-office#abstract": 0.9378035061418895,
    "the-mississippi-basin-an-operational-landscape#content-5": 0.9369645825812548,
    "too-little-water-the-lake-chad-story#content-1": 0.9361738190423644,
    "the-vietnamese-community-in-eastern-new-orleans#content-1": 0.9335318304354162,
    "the-maledives-case#abstract": 0.933276052721052,
    "us-southwest#content-1": 0.9327902110274631,
    "understanding-the-north-american-lost-crops#abstract": 0.9296425575047006,
    "the-mississippi-basin-an-operational-landscape#abstract": 0.9278259927029642,
    "the-mississippi-basin-an-operational-landscape#content-3": 0.9262934985116232,
    "this-is-not-about-survival-its-about-bringing-your-coracle#abstract": 0.926077720165539,
    "this-is-not-about-survival-its-about-bringing-your-coracle#content-1": 0.9224776759881309,
    "xaraasi-xanne-crossing-voices#abstract": 0.9146098211562529,
    "transect-walk-cahokia-mounds-to-fairmont-city#abstract": 0.911771438449263,
    "the-stories-we-tell-the-images-we-take#title": 0.9102012478146464,
    "the-rights-of-nature#abstract": 0.9045737511835877,
    "uncalculated-risk#content-5": 0.9019920588694817,
    "too-little-water-the-lake-chad-story#abstract": 0.9001179728946457,
    "time-and-time-again#content-1": 0.8992182054099911,
    "time-out-of-mind#title": 0.897081851503806,
    "uncalculated-risk#content-1": 0.8954494046919704,
    "the-shape-of-a-practice-online-project-environment#title": 0.8875632084847142,
    "white-sands#content-2": 0.8832099029400289,
    "uncalculated-risk#content-7": 0.8829551094754858,
    "us-southwest#content-3": 0.8821037422636349,
    "the-shape-of-a-practice#title": 0.8759356975238664,
    "white-sands#abstract": 0.8693302952043233,
    "uncalculated-risk#content-3": 0.8669884432292008,
    "too-little-water-the-lake-chad-story#content-2": 0.8612379029076443,
    "us-southwest#content-2": 0.8605643640920548,
    "the-vietnamese-community-in-eastern-new-orleans#content-2": 0.8523800781972193,
    "the-terrain-of-the-former-veb-elektrokohle-lichtenberg#content-4": 0.8521041225454179,
    "the-shape-of-a-practice-seminars#title": 0.8454062285804527,
    "time-and-time-again#subtitle": 0.8452421413120478,
    "the-politics-of-modeling#abstract": 0.8452220705580495,
    "typha-the-once-and-future-planty-companion#title": 0.8436231762881411,
    "this-is-not-about-survival-its-about-bringing-your-coracle#title": 0.8429018877920267,
    "the-terrestrial-is-not-the-globe#title": 0.8425172982167719,
    "wicked-problems-and-mental-models#abstract": 0.8394065894133977,
    "touring-the-anthropocenery-whos-in-charge-here-2014#title": 0.8185152121345469,
    "this-is-not-about-survival-its-about-bringing-your-coracle#subtitle": 0.8177466000373622,
    "times-before-and-after#title": 0.8099994461670352,
    "the-mississippi-basin-an-operational-landscape#content-2": 0.8099237702430909,
    "typha-the-once-and-future-planty-companion#content-1": 0.8088947239292824,
    "the-lena-is-worthy-of-baikal-defining-remoteness-across-the-north-and-the-east#title": 0.805583988910281,
    "the-rights-of-nature#title": 0.8039253389776458,
    "us-southwest#content-4": 0.8033693925379244,
    "uncalculated-risk#subtitle": 0.8032355594055655,
    "the-vietnamese-community-in-eastern-new-orleans#content-4": 0.801861347062162,
    "walk-about-it#title": 0.7977667347785414,
    "the-shipworm-and-the-telegraph#title": 0.7898900934370667,
    "the-politics-of-modeling#title": 0.7818035936977072,
    "too-little-water-the-lake-chad-story#title": 0.7809971049081786,
    "understanding-the-north-american-lost-crops#title": 0.7756987964511506,
    "time-and-time-again#title": 0.7753739040805573,
    "the-mississippi-basin-an-operational-landscape#content-4": 0.7657686338022271,
    "transect-walk-cahokia-mounds-to-fairmont-city#content-1": 0.7592478498927742,
    "the-maledives-case#title": 0.7577534172764875,
    "the-mississippi-basin-an-operational-landscape#content-6": 0.7561606272567055,
    "wicked-problems-and-mental-models#title": 0.7515378464726773,
    "worshipping-along-the-routes-of-migration#title": 0.7433449370370234,
    "understanding-the-north-american-lost-crops#content-1": 0.7285531337489749,
    "the-mississippi-basin-an-operational-landscape#title": 0.7168827315455966,
    "the-terrain-of-the-former-veb-elektrokohle-lichtenberg#content-2": 0.7126017948665898,
    "worshipping-along-the-routes-of-migration#subtitle": 0.7037264037976235,
    "tree-x-office#content-2": 0.7000473737522507,
    "voice-and-representation#title": 0.6881523278974173,
    "walk-about-it#content-2": 0.6858046116874748,
    "the-vietnamese-community-in-eastern-new-orleans#title": 0.6839066286483516,
    "writing-global-histories-in-the-anthropocene#title": 0.6635567930544801,
    "xaraasi-xanne-crossing-voices#content-1": 0.6527979481771051,
    "the-stories-we-tell-the-images-we-take#content-1": 0.6525583980869072,
    "ve-vm-vt-the-ideal-cosmic-messengers#title": 0.6430248471728223,
    "transect-walk-cahokia-mounds-to-fairmont-city#subtitle": 0.6337179275582936,
    "walk-about-it#subtitle": 0.6337179275582936,
    "us-southwest#title": 0.6100041950321333,
    "the-lichtenberg-case-2#content-1": 0.5998841868532879,
    "the-shape-of-a-practice#subtitle": 0.5960386984681392,
    "typha-the-once-and-future-planty-companion#subtitle": 0.5681562012343752,