{
    "time-out-of-mind#content-1": 0.9575380455031722,
    "timeslips#content-2": 0.9572132500375855,
    "uncalculated-risk#content-8": 0.9558067613505418,
    "the-mississippi-basin-an-operational-landscape#content-1": 0.955488979532595,
    "touring-the-anthropocenery-whos-in-charge-here-2014#content-2": 0.9543403976086056,
    "time-out-of-mind#abstract": 0.9539057245078033,
    "white-sands#content-1": 0.953148718114349,
    "time-out-of-mind#content-3": 0.9526682298900908,
    "uncalculated-risk#content-2": 0.9523420012878722,
    "time-and-time-again#content-2": 0.9518140136874222,
    "uncalculated-risk#content-4": 0.9508380373930714,
    "white-sands#content-3": 0.9503070786489742,
    "wicked-problems-and-mental-models#content-1": 0.9487595414832158,
    "uncalculated-risk#abstract": 0.9480029987724155,
    "walk-about-it#content-1": 0.9476680804142549,
    "too-little-water-the-lake-chad-story#content-1": 0.9469417674965258,
    "the-terrain-of-the-former-veb-elektrokohle-lichtenberg#content-3": 0.94651794175233,
    "times-before-and-after#content-1": 0.9445328945851771,
    "the-vietnamese-community-in-eastern-new-orleans#content-1": 0.9443806205388898,
    "the-terrain-of-the-former-veb-elektrokohle-lichtenberg#content-1": 0.9441303982340945,
    "typha-the-once-and-future-planty-companion#abstract": 0.9439770042546048,
    "uncalculated-risk#content-6": 0.9432414054531866,
    "the-vietnamese-community-in-eastern-new-orleans#content-3": 0.9430680152137697,
    "the-mississippi-basin-an-operational-landscape#content-5": 0.9426825591199335,
    "time-out-of-mind#content-5": 0.9420833941438681,
    "the-mississippi-basin-an-operational-landscape#content-7": 0.9413808671064444,
    "the-terrain-of-the-former-veb-elektrokohle-lichtenberg#content-5": 0.9411407289840602,
    "writing-global-histories-in-the-anthropocene#content-1": 0.9392810860404316,
    "the-shape-of-a-practice#abstract": 0.9390213242374369,
    "the-stories-we-tell-the-images-we-take#content-2": 0.9381793647821348,
    "understanding-the-north-american-lost-crops#abstract": 0.9372630155363877,
    "timeslips#abstract": 0.937135367604126,
    "tree-x-office#content-1": 0.9357072331367722,
    "the-mississippi-basin-an-operational-landscape#content-3": 0.9348941704885032,
    "transect-walk-cahokia-mounds-to-fairmont-city#abstract": 0.9281713861248255,
    "us-southwest#content-1": 0.9278772442883235,
    "xaraasi-xanne-crossing-voices#content-2": 0.9269378797526989,
    "this-is-not-about-survival-its-about-bringing-your-coracle#abstract": 0.9246084614471762,
    "voice-and-representation#content-1": 0.9229513702776073,
    "the-mississippi-basin-an-operational-landscape#abstract": 0.9229504282389649,
    "times-before-and-after#abstract": 0.9205272299870464,
    "too-little-water-the-lake-chad-story#abstract": 0.9163683312469973,
    "touring-the-anthropocenery-whos-in-charge-here-2014#abstract": 0.912365668892136,
    "walk-about-it#abstract": 0.9051583214249782,
    "twin-cities-artist-residency-mississippi-an-anthropocene-story#abstract": 0.9026420560102121,
    "tree-x-office#abstract": 0.9008312316736852,
    "the-stories-we-tell-the-images-we-take#abstract": 0.8956213838124998,
    "the-rights-of-nature#abstract": 0.8956079892582256,
    "the-shape-of-a-practice-online-project-environment#abstract": 0.8950950778194224,
    "the-shape-of-a-practice-seminars#abstract": 0.8920693266400593,
    "uncalculated-risk#content-5": 0.8914806173742776,
    "us-southwest#content-3": 0.8884461527011316,
    "white-sands#content-2": 0.878338447067224,
    "the-terrestrial-is-not-the-globe#title": 0.8724448715426678,
    "time-out-of-mind#title": 0.8711639830762894,
    "xaraasi-xanne-crossing-voices#abstract": 0.8671942534466076,
    "uncalculated-risk#content-1": 0.8670060589714478,
    "uncalculated-risk#content-7": 0.8648277496803041,
    "this-is-not-about-survival-its-about-bringing-your-coracle#content-1": 0.8638496098835122,
    "time-and-time-again#content-1": 0.854305039672322,
    "the-stories-we-tell-the-images-we-take#title": 0.8506579502491988,
    "the-terrain-of-the-former-veb-elektrokohle-lichtenberg#content-4": 0.8458987238227711,
    "this-is-not-about-survival-its-about-bringing-your-coracle#title": 0.8446567466683409,
    "the-mississippi-basin-an-operational-landscape#content-2": 0.8442659370196145,
    "us-southwest#content-2": 0.8416927359703028,
    "understanding-the-north-american-lost-crops#title": 0.8404046130718035,
    "too-little-water-the-lake-chad-story#content-2": 0.8380579780764942,
    "wicked-problems-and-mental-models#abstract": 0.8338113446290558,
    "the-shape-of-a-practice#title": 0.8335696864109752,
    "the-shape-of-a-practice-online-project-environment#title": 0.8304652704222731,
    "white-sands#abstract": 0.8294533872203849,
    "the-vietnamese-community-in-eastern-new-orleans#content-2": 0.8236051154569709,
    "the-rights-of-nature#title": 0.8201809638509298,
    "typha-the-once-and-future-planty-companion#title": 0.819133265296776,
    "the-politics-of-modeling#abstract": 0.817671023689963,
    "us-southwest#content-4": 0.8147489047063163,
    "time-and-time-again#subtitle": 0.8078663128032202,
    "uncalculated-risk#content-3": 0.8071484632190564,
    "too-little-water-the-lake-chad-story#title": 0.8069988924461761,
    "the-politics-of-modeling#title": 0.8004184589392889,
    "worshipping-along-the-routes-of-migration#title": 0.7931305405944896,
    "touring-the-anthropocenery-whos-in-charge-here-2014#title": 0.7898460716871955,
    "the-shape-of-a-practice-seminars#title": 0.7862700675246449,
    "uncalculated-risk#subtitle": 0.7853588725723335,
    "typha-the-once-and-future-planty-companion#content-1": 0.7841584210550904,
    "the-mississippi-basin-an-operational-landscape#content-4": 0.783859873158794,
    "the-shipworm-and-the-telegraph#title": 0.78224981496776,
    "times-before-and-after#title": 0.7780194700970788,
    "this-is-not-about-survival-its-about-bringing-your-coracle#subtitle": 0.7777597491999925,
    "walk-about-it#title": 0.7737382084689365,
    "transect-walk-cahokia-mounds-to-fairmont-city#content-1": 0.7714386350543022,
    "the-mississippi-basin-an-operational-landscape#content-6": 0.7704710680831466,
    "the-vietnamese-community-in-eastern-new-orleans#content-4": 0.7662642432915014,
    "wicked-problems-and-mental-models#title": 0.7430358893334212,
    "the-mississippi-basin-an-operational-landscape#title": 0.7420928361861111,
    "the-maledives-case#title": 0.7391485140596274,
    "worshipping-along-the-routes-of-migration#subtitle": 0.7378035504632194,
    "understanding-the-north-american-lost-crops#content-1": 0.7272275538229455,
    "time-and-time-again#title": 0.7228796912871094,
    "the-vietnamese-community-in-eastern-new-orleans#title": 0.7172030050418399,
    "writing-global-histories-in-the-anthropocene#title": 0.6924787561336995,
    "the-terrain-of-the-former-veb-elektrokohle-lichtenberg#content-2": 0.678323755534267,
    "walk-about-it#content-2": 0.6781638959674942,
    "tree-x-office#content-2": 0.6749595126374325,
    "us-southwest#title": 0.6537004377109482,
    "voice-and-representation#title": 0.6365191898794496,
    "the-shape-of-a-practice#subtitle": 0.6282613690566832,
    "ve-vm-vt-the-ideal-cosmic-messengers#title": 0.6166535852974951,
    "the-stories-we-tell-the-images-we-take#content-1": 0.5994121235160339,
    "xaraasi-xanne-crossing-voices#content-1": 0.5992010921614984,
    "the-terrain-of-the-former-veb-elektrokohle-lichtenberg#title": 0.5976748466962823,
    "transect-walk-cahokia-mounds-to-fairmont-city#subtitle": 0.5885864369163778,
    "walk-about-it#subtitle": 0.5885864369163778,
    "xaraasi-xanne-crossing-voices#title": 0.5766394618247952,