{
    "the-anthropogenic-influence-onto-the-air-quality-along-the-mississippi-river-findings#content-9": 0.9631053148606227,
    "the-anthropogenic-influence-onto-the-air-quality-along-the-mississippi-river-findings#content-8": 0.9007087125511322,
    "the-mississippi-basin-an-operational-landscape#content-3": 0.8757853623562385,
    "too-little-water-the-lake-chad-story#content-2": 0.858628879125999,
    "the-mississippi-basin-an-operational-landscape#content-1": 0.8546654571450462,
    "too-little-water-the-lake-chad-story#abstract": 0.8523365601094888,
    "the-mississippi-basin-an-operational-landscape#content-5": 0.8491002974769943,
    "the-four-dimensional-mississippi#content-1": 0.8458147807529777,
    "white-sands#content-1": 0.8379636262370308,
    "uncalculated-risk#content-1": 0.8330123094382726,
    "us-southwest#content-1": 0.8300016410075813,
    "this-is-not-about-survival-its-about-bringing-your-coracle#abstract": 0.8278885442546485,
    "too-little-water-the-lake-chad-story#content-1": 0.8258615917903535,
    "us-southwest#content-3": 0.8246662260250806,
    "the-danish-text#abstract": 0.8233694111072232,
    "white-sands#content-3": 0.8200890602148775,
    "time-out-of-mind#content-1": 0.8195045692202695,
    "the-vietnamese-community-in-eastern-new-orleans#content-1": 0.8186792358643522,
    "the-vietnamese-community-in-eastern-new-orleans#content-2": 0.8178806257804867,
    "the-floating-ear#content-5": 0.8173836879870238,
    "the-mississippi-basin-an-operational-landscape#content-7": 0.8167735920296156,
    "the-vietnamese-community-in-eastern-new-orleans#content-3": 0.8158097578760313,
    "uncalculated-risk#content-8": 0.8155038104981351,
    "the-stories-we-tell-the-images-we-take#content-2": 0.8135551023574041,
    "uncalculated-risk#content-2": 0.8131643235020608,
    "the-shape-of-a-practice#abstract": 0.8129867479323518,
    "the-terrain-of-the-former-veb-elektrokohle-lichtenberg#content-1": 0.8113887568755755,
    "tree-x-office#abstract": 0.8111216600738161,
    "white-sands#content-2": 0.8109042053670149,
    "wicked-problems-and-mental-models#content-1": 0.8106438248536597,
    "the-floating-ear#content-1": 0.8105322430061415,
    "the-floating-ear#content-3": 0.8098488985376536,
    "tree-x-office#content-1": 0.8087586068573573,
    "the-floating-ear#content-4": 0.8068652598481916,
    "the-terrain-of-the-former-veb-elektrokohle-lichtenberg#content-3": 0.8059696070337059,
    "uncalculated-risk#abstract": 0.805954671803051,
    "uncalculated-risk#content-6": 0.8054049545778398,
    "the-maledives-case#abstract": 0.8023462455255687,
    "time-and-time-again#content-1": 0.8020684977537105,
    "the-floating-ear#content-6": 0.8011321990307935,
    "timeslips#content-2": 0.8009538697742069,
    "the-great-green-desert#abstract": 0.8003192204421334,
    "the-terrain-of-the-former-veb-elektrokohle-lichtenberg#content-5": 0.7998158604746598,
    "the-lichtenberg-case#abstract": 0.7984814062042617,
    "the-mississippi-basin-an-operational-landscape#content-2": 0.7979536845725191,
    "the-four-dimensional-mississippi#abstract": 0.797838663309715,
    "time-out-of-mind#abstract": 0.7974318523443656,
    "time-and-time-again#content-2": 0.7970785327322857,
    "the-current-mississippi-an-anthropocene-river#abstract": 0.7968150512473139,
    "uncalculated-risk#content-5": 0.7958757539297044,
    "us-southwest#content-4": 0.7948744717079465,
    "the-free-sea#content-2": 0.7939490652129028,
    "the-hyphen#content-1": 0.7931558590867818,
    "times-before-and-after#content-1": 0.7923840681149424,
    "uncalculated-risk#content-4": 0.7910930483194212,
    "the-floating-ear#content-7": 0.7910538308751254,
    "the-confluence-area#abstract": 0.7907488346536716,
    "uncalculated-risk#content-7": 0.790406855045194,
    "xaraasi-xanne-crossing-voices#content-2": 0.7895631901606003,
    "time-out-of-mind#content-3": 0.7892892477941018,
    "xaraasi-xanne-crossing-voices#abstract": 0.7884725601880986,
    "the-floating-ear#content-2": 0.7873036739912974,
    "uncalculated-risk#content-3": 0.7847437342401036,
    "understanding-the-north-american-lost-crops#abstract": 0.7838961141662287,
    "the-hyphen#content-2": 0.7832470693000784,
    "the-shape-of-a-practice-seminars#abstract": 0.7825732134816149,
    "the-hedge#content-3": 0.781310219595001,
    "white-sands#abstract": 0.7799509584468146,
    "the-hedge#content-2": 0.7784762538797477,
    "transect-walk-cahokia-mounds-to-fairmont-city#abstract": 0.7771746850153683,
    "touring-the-anthropocenery-whos-in-charge-here-2014#content-2": 0.776526458436552,
    "the-vietnamese-community-in-eastern-new-orleans#content-4": 0.776521179342821,
    "writing-global-histories-in-the-anthropocene#content-1": 0.7748917216111106,
    "timeslips#abstract": 0.7729205971326885,
    "walk-about-it#content-1": 0.7711296466299135,
    "voice-and-representation#content-1": 0.7709707314190087,
    "the-shape-of-a-practice-online-project-environment#abstract": 0.770080722592498,
    "time-and-time-again#title": 0.7699006242525226,
    "twin-cities-artist-residency-mississippi-an-anthropocene-story#abstract": 0.7694486778469848,
    "the-hyphen#abstract": 0.7678426020012666,
    "time-out-of-mind#content-5": 0.7652059312518131,
    "typha-the-once-and-future-planty-companion#abstract": 0.7637244011511621,
    "the-mississippi-basin-an-operational-landscape#content-4": 0.7637052977924895,
    "the-rights-of-nature#abstract": 0.7626001976056034,
    "the-stories-we-tell-the-images-we-take#abstract": 0.7621304913030502,
    "times-before-and-after#abstract": 0.7619376120992942,
    "the-mississippi-basin-an-operational-landscape#content-6": 0.7600182406646073,
    "the-mississippi-basin-an-operational-landscape#abstract": 0.7591909783904772,
    "the-anthropogenic-influence-onto-the-air-quality-along-the-mississippi-river-findings#title": 0.7580503117370115,
    "touring-the-anthropocenery-whos-in-charge-here-2014#abstract": 0.7576731778711704,
    "walk-about-it#abstract": 0.7549539295237974,
    "the-terrain-of-the-former-veb-elektrokohle-lichtenberg#content-4": 0.7385766948396973,
    "this-is-not-about-survival-its-about-bringing-your-coracle#subtitle": 0.7193653835825651,
    "transect-walk-cahokia-mounds-to-fairmont-city#content-1": 0.7144944261224613,
    "the-confluence-area#content-1": 0.7099027646302626,
    "the-great-green-desert#content-1": 0.7099027646302626,
    "xaraasi-xanne-crossing-voices#content-1": 0.7078922672613213,
    "the-stories-we-tell-the-images-we-take#content-1": 0.7074528636121583,
    "time-and-time-again#subtitle": 0.7067035929257649,
    "understanding-the-north-american-lost-crops#content-1": 0.7047197525338512,
    "the-shape-of-a-practice-online-project-environment#title": 0.7042142905017875,
    "wicked-problems-and-mental-models#abstract": 0.7041490014706284,
    "typha-the-once-and-future-planty-companion#content-1": 0.7021673410132585,
    "the-terrestrial-is-not-the-globe#title": 0.6982795467469313,
    "touring-the-anthropocenery-whos-in-charge-here-2014#title": 0.697325532860478,
    "understanding-the-north-american-lost-crops#title": 0.6897138540519978,
    "the-current-mississippi-an-anthropocene-river#content-1": 0.6880555416136169,
    "this-is-not-about-survival-its-about-bringing-your-coracle#content-1": 0.68738982881204,
    "too-little-water-the-lake-chad-story#title": 0.6837327237731661,
    "typha-the-once-and-future-planty-companion#title": 0.682487693579462,
    "the-stories-we-tell-the-images-we-take#title": 0.6780647581675336,
    "the-fight-for-alaskas-arctic-has-just-begun#title": 0.6772670148783116,
    "times-before-and-after#title": 0.677225553197065,
    "the-mississippi-basin-an-operational-landscape#title": 0.67459879699099,
    "the-politics-of-modeling#abstract": 0.6713682171095772,