{
    "wicked-problems-and-mental-models#content-1": 0.9646889195158768,
    "the-floating-ear#content-3": 0.9632141635814011,
    "the-floating-ear#content-1": 0.9622852864162543,
    "times-before-and-after#content-1": 0.9614099152607788,
    "the-anthropocene-in-light-of-biological-feedback#content-9": 0.9613178905804997,
    "the-mississippi-basin-an-operational-landscape#content-5": 0.9605534303848924,
    "the-floating-ear#content-2": 0.9585397992106371,
    "the-floating-ear#content-5": 0.957185905362303,
    "the-shape-of-a-practice#abstract": 0.9571618792684103,
    "the-floating-ear#content-6": 0.9564953810667395,
    "the-mississippi-basin-an-operational-landscape#content-7": 0.955564200256489,
    "the-floating-ear#content-7": 0.9554832441475394,
    "the-anthropogenic-influence-onto-the-air-quality-along-the-mississippi-river-findings#content-6": 0.9544528066058546,
    "the-anthropogenic-influence-onto-the-air-quality-along-the-mississippi-river-findings#content-8": 0.9527069613339012,
    "the-terrain-of-the-former-veb-elektrokohle-lichtenberg#content-3": 0.9524692176016775,
    "the-free-sea#content-2": 0.950705463401445,
    "the-floating-ear#content-4": 0.9502550062070525,
    "the-hyphen#content-2": 0.9496529846566927,
    "the-four-dimensional-mississippi#abstract": 0.9493779442662789,
    "uncalculated-risk#content-8": 0.9488258709005508,
    "the-anthropogenic-influence-onto-the-air-quality-along-the-mississippi-river-findings#content-2": 0.9480777089998669,
    "the-anthropogenic-influence-onto-the-air-quality-along-the-mississippi-river-findings#content-10": 0.9477801042443699,
    "time-and-time-again#content-2": 0.9477398061027715,
    "the-four-dimensional-mississippi#content-1": 0.946921733301435,
    "too-little-water-the-lake-chad-story#content-1": 0.9461703989817266,
    "touring-the-anthropocenery-whos-in-charge-here-2014#content-2": 0.9454958052082596,
    "uncalculated-risk#content-4": 0.9453470323194697,
    "the-anthropogenic-influence-onto-the-air-quality-along-the-mississippi-river-findings#abstract": 0.9445983114495644,
    "walk-about-it#content-1": 0.9432587033660793,
    "voice-and-representation#content-1": 0.9410264615452489,
    "white-sands#content-3": 0.9409218054191274,
    "the-hyphen#abstract": 0.9407045744137549,
    "typha-the-once-and-future-planty-companion#abstract": 0.9404820871235585,
    "uncalculated-risk#content-6": 0.9402161157265623,
    "timeslips#content-2": 0.9400586628512746,
    "the-terrain-of-the-former-veb-elektrokohle-lichtenberg#content-5": 0.9391029336041942,
    "the-terrain-of-the-former-veb-elektrokohle-lichtenberg#content-1": 0.9390656686335789,
    "time-out-of-mind#content-3": 0.9380636502534243,
    "time-out-of-mind#abstract": 0.9368390503204354,
    "the-mississippi-basin-an-operational-landscape#content-1": 0.9357007659132386,
    "uncalculated-risk#abstract": 0.9353795924355466,
    "the-stories-we-tell-the-images-we-take#content-2": 0.9346779966142957,
    "the-hyphen#content-1": 0.9342719814589501,
    "uncalculated-risk#content-2": 0.9337551413356884,
    "time-out-of-mind#content-1": 0.9334725651767719,
    "the-confluence-area#abstract": 0.933418828472201,
    "the-shape-of-a-practice-online-project-environment#abstract": 0.932837393050532,
    "tree-x-office#content-1": 0.9325544760166424,
    "the-mississippi-basin-an-operational-landscape#content-3": 0.932483378581219,
    "the-shape-of-a-practice-seminars#abstract": 0.9321080995725384,
    "white-sands#content-1": 0.9320794489789032,
    "time-out-of-mind#content-5": 0.9302453763400844,
    "timeslips#abstract": 0.928915603921365,
    "times-before-and-after#abstract": 0.9278844851417744,
    "writing-global-histories-in-the-anthropocene#content-1": 0.9266588366318166,
    "the-danish-text#abstract": 0.9259734576505009,
    "twin-cities-artist-residency-mississippi-an-anthropocene-story#abstract": 0.9258874596776776,
    "xaraasi-xanne-crossing-voices#content-2": 0.9250429389128885,
    "the-lichtenberg-case#abstract": 0.9248772409814106,
    "the-anthropogenic-influence-onto-the-air-quality-along-the-mississippi-river-findings#content-4": 0.923640271596619,
    "the-maledives-case#abstract": 0.9234943659317931,
    "the-hedge#content-2": 0.9229827733256293,
    "the-vietnamese-community-in-eastern-new-orleans#content-3": 0.9224024759582641,
    "tree-x-office#abstract": 0.9220330016540806,
    "walk-about-it#abstract": 0.9170316129539774,
    "understanding-the-north-american-lost-crops#abstract": 0.9160040667928014,
    "the-current-mississippi-an-anthropocene-river#abstract": 0.9103550226588885,
    "the-vietnamese-community-in-eastern-new-orleans#content-1": 0.9080333596589975,
    "the-stories-we-tell-the-images-we-take#abstract": 0.9057283247464655,
    "the-mississippi-basin-an-operational-landscape#abstract": 0.9048678985740798,
    "us-southwest#content-1": 0.9045112481569578,
    "this-is-not-about-survival-its-about-bringing-your-coracle#abstract": 0.9030876197456279,
    "the-great-green-desert#abstract": 0.8973688359889473,
    "touring-the-anthropocenery-whos-in-charge-here-2014#abstract": 0.8961325845614906,
    "the-anthropogenic-influence-onto-the-air-quality-along-the-mississippi-river-findings#content-1": 0.8864996995686834,
    "the-rights-of-nature#abstract": 0.885127058067313,
    "xaraasi-xanne-crossing-voices#abstract": 0.8846595164441023,
    "too-little-water-the-lake-chad-story#abstract": 0.8777003738168575,
    "transect-walk-cahokia-mounds-to-fairmont-city#abstract": 0.8755744252962491,
    "uncalculated-risk#content-1": 0.8682264389034037,
    "the-shape-of-a-practice-online-project-environment#title": 0.8660109556485202,
    "uncalculated-risk#content-5": 0.8634502606752684,
    "this-is-not-about-survival-its-about-bringing-your-coracle#content-1": 0.8585578563660629,
    "the-anthropogenic-influence-onto-the-air-quality-along-the-mississippi-river-findings#content-3": 0.855133884220466,
    "time-and-time-again#content-1": 0.8539445365563357,
    "the-anthropogenic-influence-onto-the-air-quality-along-the-mississippi-river-findings#content-5": 0.8537541123309337,
    "time-out-of-mind#title": 0.8531015709339604,
    "this-is-not-about-survival-its-about-bringing-your-coracle#title": 0.8527543092639601,
    "too-little-water-the-lake-chad-story#content-2": 0.8509705969694954,
    "the-shape-of-a-practice#title": 0.8503832987648735,
    "white-sands#content-2": 0.8484237187968693,
    "us-southwest#content-3": 0.8477275437733531,
    "wicked-problems-and-mental-models#abstract": 0.8460170972543912,
    "the-stories-we-tell-the-images-we-take#title": 0.8442513624969533,
    "uncalculated-risk#content-7": 0.8425498690534741,
    "the-terrestrial-is-not-the-globe#title": 0.8382777263620542,
    "the-anthropogenic-influence-onto-the-air-quality-along-the-mississippi-river-findings#content-9": 0.8353594088784009,
    "the-terrain-of-the-former-veb-elektrokohle-lichtenberg#content-4": 0.8315796142356424,
    "uncalculated-risk#content-3": 0.8299801754824769,
    "white-sands#abstract": 0.8298454933959866,
    "the-politics-of-modeling#abstract": 0.8297615743294912,
    "the-fight-for-alaskas-arctic-has-just-begun#title": 0.8282726709029269,
    "us-southwest#content-4": 0.8236221496120945,
    "the-anthropogenic-influence-onto-the-air-quality-along-the-mississippi-river-findings#content-7": 0.8220592083602686,
    "the-shape-of-a-practice-seminars#title": 0.8205286375042238,
    "the-mississippi-basin-an-operational-landscape#content-2": 0.8147243190771755,
    "typha-the-once-and-future-planty-companion#title": 0.8092318199556738,
    "the-anthropogenic-influence-onto-the-air-quality-along-the-mississippi-river-findings#title": 0.8089448374368221,
    "time-and-time-again#subtitle": 0.8054262329124167,
    "us-southwest#content-2": 0.7962832609239563,
    "the-vietnamese-community-in-eastern-new-orleans#content-2": 0.7957391219353322,