{
    "touring-the-anthropocenery-whos-in-charge-here-2014#title": 0.40858562508607027,
    "the-stories-we-tell-the-images-we-take#content-1": 0.3030454677178444,
    "xaraasi-xanne-crossing-voices#content-1": 0.3026029237739187,
    "tree-x-office#content-2": 0.3009955411859082,
    "the-great-green-desert#content-1": 0.25608020599386544,
    "understanding-the-north-american-lost-crops#content-1": 0.23944245050770613,
    "too-little-water-the-lake-chad-story#content-2": 0.22674992213934644,
    "the-hedge#content-3": 0.22145536114334724,
    "transect-walk-cahokia-mounds-to-fairmont-city#content-1": 0.20434390148587234,
    "understanding-the-north-american-lost-crops#subtitle": 0.1959097979258664,
    "us-southwest#content-4": 0.18653634072286193,
    "the-rights-of-nature#abstract": 0.18605826635723333,
    "the-shape-of-a-practice#subtitle": 0.18605223540568305,
    "the-shape-of-a-practice-seminars#abstract": 0.18581815411466474,
    "transect-walk-cahokia-mounds-to-fairmont-city#subtitle": 0.18320563181788924,
    "walk-about-it#subtitle": 0.18320563181788924,
    "touring-the-anthropocenery-whos-in-charge-here-2014#abstract": 0.1786684007733741,
    "the-shape-of-a-practice-online-project-environment#title": 0.16764716290689974,
    "the-shape-of-a-practice-seminars#title": 0.1659639871557154,
    "uncalculated-risk#content-3": 0.16584579032279523,
    "the-vietnamese-community-in-eastern-new-orleans#content-4": 0.16513267681756374,
    "us-southwest#content-3": 0.16319558622460187,
    "the-vietnamese-community-in-eastern-new-orleans#content-2": 0.16245282421664442,
    "white-sands#content-3": 0.1594459796522476,
    "times-before-and-after#abstract": 0.157503985204325,
    "the-mississippi-basin-an-operational-landscape#content-3": 0.15722521500519215,
    "uncalculated-risk#content-8": 0.1570172323560591,
    "uncalculated-risk#content-6": 0.15612932913977318,
    "uncalculated-risk#content-4": 0.15399982126780765,
    "uncalculated-risk#content-2": 0.151889719632854,
    "times-before-and-after#title": 0.15180516023813018,
    "the-mississippi-basin-an-operational-landscape#content-2": 0.15038737959382906,
    "too-little-water-the-lake-chad-story#abstract": 0.14829178894810968,
    "the-terrain-of-the-former-veb-elektrokohle-lichtenberg#content-5": 0.1476748750229276,
    "the-vietnamese-community-in-eastern-new-orleans#content-3": 0.14740604724096787,
    "us-southwest#content-1": 0.14655969866983684,
    "the-shape-of-a-practice-online-project-environment#abstract": 0.14635705333603535,
    "uncalculated-risk#content-1": 0.1454309425914006,
    "uncalculated-risk#abstract": 0.14486289363031232,
    "too-little-water-the-lake-chad-story#content-1": 0.1448122034322345,
    "writing-global-histories-in-the-anthropocene#content-1": 0.144351303639903,
    "the-politics-of-modeling#abstract": 0.1441704129727597,
    "this-is-not-about-survival-its-about-bringing-your-coracle#subtitle": 0.14396291769196898,
    "the-free-sea#content-2": 0.14211817988412215,
    "timeslips#content-2": 0.14151733249299422,
    "the-politics-of-modeling#title": 0.13911578792839555,
    "the-stories-we-tell-the-images-we-take#abstract": 0.13904128239837488,
    "the-mississippi-basin-an-operational-landscape#content-1": 0.13833138982171525,
    "twin-cities-artist-residency-mississippi-an-anthropocene-story#subtitle": 0.13782285113420936,
    "time-out-of-mind#title": 0.1364595155129825,
    "xaraasi-xanne-crossing-voices#abstract": 0.13570822887233647,
    "times-before-and-after#content-1": 0.13569222325276145,
    "typha-the-once-and-future-planty-companion#subtitle": 0.13564316103844828,
    "the-shape-of-a-practice#title": 0.13495706205222208,
    "tree-x-office#content-1": 0.13494047187875854,
    "xaraasi-xanne-crossing-voices#content-2": 0.13489157191929405,
    "the-terrain-of-the-former-veb-elektrokohle-lichtenberg#content-3": 0.13462288425773888,
    "white-sands#content-1": 0.13418742225123537,
    "time-and-time-again#content-2": 0.13402556980029362,
    "the-vietnamese-community-in-eastern-new-orleans#content-1": 0.13398071186675506,
    "time-out-of-mind#content-3": 0.13391149137505115,
    "voice-and-representation#content-1": 0.1338542125512334,
    "the-lichtenberg-case#abstract": 0.1336276877749517,
    "the-mississippi-basin-an-operational-landscape#title": 0.133617436620779,
    "the-mississippi-basin-an-operational-landscape#content-5": 0.13358061555690984,
    "time-and-time-again#title": 0.13224824056087248,
    "the-mississippi-basin-an-operational-landscape#content-7": 0.13223128680887022,
    "touring-the-anthropocenery-whos-in-charge-here-2014#content-2": 0.1319794663121165,
    "worshipping-along-the-routes-of-migration#subtitle": 0.1311841687086691,
    "the-maledives-case#abstract": 0.13106464297915926,
    "the-hyphen#content-2": 0.13051863995629584,
    "tree-x-office#abstract": 0.1304431923695336,
    "uncalculated-risk#content-5": 0.13023058295837564,
    "us-southwest#content-2": 0.12980722340468415,
    "the-mississippi-basin-an-operational-landscape#content-4": 0.12909380985654434,
    "the-shape-of-a-practice#abstract": 0.1290903986323116,
    "the-stories-we-tell-the-images-we-take#title": 0.12896235453122476,
    "voice-and-representation#subtitle": 0.12798322606681797,
    "writing-global-histories-in-the-anthropocene#subtitle": 0.12798322606681797,
    "the-great-green-desert#abstract": 0.1279029900653807,
    "the-terrain-of-the-former-veb-elektrokohle-lichtenberg#content-4": 0.12720646650070694,
    "typha-the-once-and-future-planty-companion#content-1": 0.12512695080884556,
    "white-sands#content-2": 0.12488865091600952,
    "the-terrestrial-is-not-the-globe#title": 0.12418658401040612,
    "writing-global-histories-in-the-anthropocene#title": 0.12404397462087448,
    "the-terrain-of-the-former-veb-elektrokohle-lichtenberg#content-1": 0.1234758718700727,
    "twin-cities-artist-residency-mississippi-an-anthropocene-story#abstract": 0.12308501901234149,
    "wicked-problems-and-mental-models#content-1": 0.122979397509448,
    "the-mississippi-basin-an-operational-landscape#abstract": 0.12277030525687742,
    "typha-the-once-and-future-planty-companion#abstract": 0.12215770273993531,
    "uncalculated-risk#content-7": 0.12080370951701559,
    "worshipping-along-the-routes-of-migration#title": 0.1203920913706421,
    "walk-about-it#abstract": 0.12025686041351899,
    "the-stories-we-tell-the-images-we-take#content-2": 0.11917446352152086,
    "walk-about-it#content-1": 0.11844881216709129,
    "timeslips#abstract": 0.11766607337744962,
    "time-out-of-mind#abstract": 0.11729046324745489,
    "the-vietnamese-community-in-eastern-new-orleans#title": 0.11562134792964898,
    "transect-walk-cahokia-mounds-to-fairmont-city#abstract": 0.11544281548326739,
    "the-hyphen#content-1": 0.11498342175414539,
    "the-hedge#content-2": 0.11490682583703257,
    "time-out-of-mind#content-1": 0.11406760154173326,
    "time-out-of-mind#content-5": 0.11385859395175242,
    "this-is-not-about-survival-its-about-bringing-your-coracle#abstract": 0.11248088277764177,
    "the-rights-of-nature#title": 0.11051049327459675,
    "this-is-not-about-survival-its-about-bringing-your-coracle#title": 0.10977931795876585,
    "the-lena-is-worthy-of-baikal-defining-remoteness-across-the-north-and-the-east#title": 0.10628063528308336,
    "us-southwest#title": 0.10556675610209622,
    "this-is-not-about-survival-its-about-bringing-your-coracle#content-1": 0.1026543946625331,
    "understanding-the-north-american-lost-crops#title": 0.10138731648829438,
    "the-mississippi-basin-an-operational-landscape#content-6": 0.10061431988208318,
    "typha-the-once-and-future-planty-companion#title": 0.099817447186882,
    "understanding-the-north-american-lost-crops#abstract": 0.09965743377816749,
    "the-hyphen#abstract": 0.09672641278525577,
    "twin-cities-artist-residency-mississippi-an-anthropocene-story#title": 0.08782415458543032,