{
    "times-before-and-after#content-1": 0.9807815708539201,
    "voice-and-representation#content-1": 0.9763405722638197,
    "uncalculated-risk#abstract": 0.9759802596953471,
    "wicked-problems-and-mental-models#content-1": 0.9757994926154064,
    "time-and-time-again#content-2": 0.9751739798034127,
    "walk-about-it#content-1": 0.9746795759858723,
    "the-shape-of-a-practice-online-project-environment#abstract": 0.9745126734812283,
    "twin-cities-artist-residency-mississippi-an-anthropocene-story#abstract": 0.973358773164105,
    "the-terrain-of-the-former-veb-elektrokohle-lichtenberg#content-3": 0.972577070032264,
    "the-terrain-of-the-former-veb-elektrokohle-lichtenberg#content-5": 0.9724596922274932,
    "writing-global-histories-in-the-anthropocene#content-1": 0.9722626115904404,
    "the-shape-of-a-practice-seminars#abstract": 0.9718596960861813,
    "the-stories-we-tell-the-images-we-take#content-2": 0.9716269382445228,
    "white-sands#content-3": 0.9712731078375952,
    "too-little-water-the-lake-chad-story#content-1": 0.9708095992911187,
    "touring-the-anthropocenery-whos-in-charge-here-2014#content-2": 0.9703799827726859,
    "uncalculated-risk#content-8": 0.9696230299868603,
    "time-out-of-mind#abstract": 0.9695288908259796,
    "time-out-of-mind#content-3": 0.9682086389442875,
    "uncalculated-risk#content-4": 0.9680174516238385,
    "xaraasi-xanne-crossing-voices#content-2": 0.9662018127967763,
    "the-terrain-of-the-former-veb-elektrokohle-lichtenberg#content-1": 0.9657002597417744,
    "the-vietnamese-community-in-eastern-new-orleans#content-3": 0.9626347072606095,
    "tree-x-office#content-1": 0.9612936879946751,
    "timeslips#content-2": 0.9602722386963252,
    "white-sands#content-1": 0.9599748709346096,
    "uncalculated-risk#content-6": 0.9592711591635888,
    "uncalculated-risk#content-2": 0.957701998694903,
    "walk-about-it#abstract": 0.9572292952271017,
    "typha-the-once-and-future-planty-companion#abstract": 0.9562519216380982,
    "time-out-of-mind#content-1": 0.954290546267809,
    "timeslips#abstract": 0.9541997221830321,
    "time-out-of-mind#content-5": 0.9526288018323487,
    "tree-x-office#abstract": 0.9451314148432528,
    "the-vietnamese-community-in-eastern-new-orleans#content-1": 0.9441538467029169,
    "this-is-not-about-survival-its-about-bringing-your-coracle#abstract": 0.9436786246272156,
    "the-stories-we-tell-the-images-we-take#abstract": 0.9412074833692631,
    "times-before-and-after#abstract": 0.9401102392313515,
    "understanding-the-north-american-lost-crops#abstract": 0.9399783784310771,
    "us-southwest#content-1": 0.9291101572198988,
    "touring-the-anthropocenery-whos-in-charge-here-2014#abstract": 0.9250718408235646,
    "xaraasi-xanne-crossing-voices#abstract": 0.9242543572596648,
    "transect-walk-cahokia-mounds-to-fairmont-city#abstract": 0.920659793668294,
    "too-little-water-the-lake-chad-story#abstract": 0.9159822027319703,
    "the-shape-of-a-practice-online-project-environment#title": 0.9012909993322965,
    "us-southwest#content-3": 0.8983381883312709,
    "uncalculated-risk#content-5": 0.8918721835154908,
    "uncalculated-risk#content-1": 0.8909050363186233,
    "time-and-time-again#content-1": 0.8883661281218852,
    "the-stories-we-tell-the-images-we-take#title": 0.8767865657817735,
    "too-little-water-the-lake-chad-story#content-2": 0.8762995709421592,
    "white-sands#content-2": 0.8751816738661989,
    "this-is-not-about-survival-its-about-bringing-your-coracle#content-1": 0.8716513236468085,
    "the-shape-of-a-practice#title": 0.8649828422006103,
    "time-and-time-again#subtitle": 0.8618675690269282,
    "the-terrain-of-the-former-veb-elektrokohle-lichtenberg#content-4": 0.8611154790209842,
    "white-sands#abstract": 0.8605094310446421,
    "uncalculated-risk#content-7": 0.8601981236935059,
    "us-southwest#content-4": 0.8590620755470589,
    "time-out-of-mind#title": 0.8585348554509923,
    "wicked-problems-and-mental-models#abstract": 0.857828410584049,
    "the-terrestrial-is-not-the-globe#title": 0.8574875996810574,
    "the-shape-of-a-practice-seminars#title": 0.8544490625745028,
    "uncalculated-risk#content-3": 0.8535045661343041,
    "typha-the-once-and-future-planty-companion#title": 0.8468523423231444,
    "this-is-not-about-survival-its-about-bringing-your-coracle#title": 0.8414845362304304,
    "us-southwest#content-2": 0.8248967633593197,
    "touring-the-anthropocenery-whos-in-charge-here-2014#title": 0.8191115580162962,
    "typha-the-once-and-future-planty-companion#content-1": 0.8155148662664603,
    "the-vietnamese-community-in-eastern-new-orleans#content-2": 0.8126055277040939,
    "uncalculated-risk#subtitle": 0.8090198205313726,
    "the-vietnamese-community-in-eastern-new-orleans#content-4": 0.8001783632748806,
    "this-is-not-about-survival-its-about-bringing-your-coracle#subtitle": 0.7908823179142065,
    "understanding-the-north-american-lost-crops#title": 0.7844401954912055,
    "the-shipworm-and-the-telegraph#title": 0.78391394145634,
    "times-before-and-after#title": 0.7787077544241623,
    "worshipping-along-the-routes-of-migration#title": 0.7736143189059302,
    "worshipping-along-the-routes-of-migration#subtitle": 0.7665080612132493,
    "wicked-problems-and-mental-models#title": 0.763422225465997,
    "transect-walk-cahokia-mounds-to-fairmont-city#content-1": 0.7541255625884761,
    "walk-about-it#title": 0.7505135150915652,
    "time-and-time-again#title": 0.7449622165911578,
    "too-little-water-the-lake-chad-story#title": 0.7430191833131823,
    "understanding-the-north-american-lost-crops#content-1": 0.7356958874598192,
    "writing-global-histories-in-the-anthropocene#title": 0.725618702388141,
    "the-terrain-of-the-former-veb-elektrokohle-lichtenberg#content-2": 0.7055231517738906,
    "the-vietnamese-community-in-eastern-new-orleans#title": 0.7028379826496555,
    "voice-and-representation#title": 0.6927130940159718,
    "tree-x-office#content-2": 0.6687930343209003,
    "the-shape-of-a-practice#subtitle": 0.6497127386123271,
    "walk-about-it#content-2": 0.6467990949613001,
    "transect-walk-cahokia-mounds-to-fairmont-city#subtitle": 0.6297687402700646,
    "walk-about-it#subtitle": 0.6297687402700646,
    "xaraasi-xanne-crossing-voices#content-1": 0.6205722593677201,
    "the-stories-we-tell-the-images-we-take#content-1": 0.620483204376378,
    "us-southwest#title": 0.5956471235812659,
    "ve-vm-vt-the-ideal-cosmic-messengers#title": 0.5933786475453873,
    "twin-cities-artist-residency-mississippi-an-anthropocene-story#subtitle": 0.5604615549773428,
    "the-terrain-of-the-former-veb-elektrokohle-lichtenberg#title": 0.5584615390101492,
    "xaraasi-xanne-crossing-voices#title": 0.5395383230980768,
    "twin-cities-artist-residency-mississippi-an-anthropocene-story#title": 0.536413505637237,
    "typha-the-once-and-future-planty-companion#subtitle": 0.5235276894332347,
    "time-out-of-mind#subtitle": 0.5212042479408951,
    "time-out-of-mind#content-2": 0.48810018344696865,
    "tokens-a-rorschach-test#title": 0.4788834215652423,
    "tree-x-office#title": 0.4748308474226056,
    "understanding-the-north-american-lost-crops#subtitle": 0.4491221432929186,
    "voice-and-representation#abstract": 0.43309222490361293,
    "white-sands#title": 0.41314878007157474,
    "transect-walk-cahokia-mounds-to-fairmont-city#title": 0.4002680153847273,
    "writing-global-histories-in-the-anthropocene#abstract": 0.37789631699080534,
    "voice-and-representation#subtitle": 0.3665631237630822,
    "writing-global-histories-in-the-anthropocene#subtitle": 0.3665631237630822,
    "touring-the-anthropocenery-whos-in-charge-here-2014#content-1": 0.364246162753669,
    "uncalculated-risk#title": 0.24573817899224595,
    "time-out-of-mind#content-4": 0.1833948431238622,
    "timeslips#title": 0,
    "timeslips#content-1": -0.046352431821268344
}