{
    "tree-x-office#abstract": 0.6341775562762085,
    "uncalculated-risk#content-4": 0.6292082122486374,
    "typha-the-once-and-future-planty-companion#abstract": 0.622562169637139,
    "the-terrain-of-the-former-veb-elektrokohle-lichtenberg#content-1": 0.6207950004662458,
    "uncalculated-risk#content-6": 0.6179813368627959,
    "tree-x-office#content-1": 0.613010621724486,
    "timeslips#content-2": 0.6120128870799189,
    "the-mississippi-basin-an-operational-landscape#content-5": 0.6115120877652959,
    "uncalculated-risk#content-2": 0.6102574653997068,
    "the-mississippi-basin-an-operational-landscape#abstract": 0.6090552215971247,
    "the-terrain-of-the-former-veb-elektrokohle-lichtenberg#content-3": 0.6082500460933007,
    "the-vietnamese-community-in-eastern-new-orleans#content-3": 0.6058426160156618,
    "uncalculated-risk#content-8": 0.6048317187965686,
    "uncalculated-risk#abstract": 0.60426296093902,
    "time-out-of-mind#content-1": 0.6027094839067776,
    "white-sands#content-3": 0.5999198496515644,
    "the-mississippi-basin-an-operational-landscape#content-7": 0.599122228059719,
    "white-sands#content-1": 0.5987237019736957,
    "time-out-of-mind#content-3": 0.5978697529437813,
    "the-lichtenberg-case#abstract": 0.5961800220600789,
    "this-is-not-about-survival-its-about-bringing-your-coracle#abstract": 0.5940458691366683,
    "the-mississippi-basin-an-operational-landscape#content-3": 0.5936124553033477,
    "time-out-of-mind#content-5": 0.5931900265756741,
    "timeslips#abstract": 0.5921654336073522,
    "the-vietnamese-community-in-eastern-new-orleans#content-1": 0.5909662680344443,
    "writing-global-histories-in-the-anthropocene#content-1": 0.590536010281706,
    "the-mississippi-basin-an-operational-landscape#content-1": 0.5904253047627942,
    "understanding-the-north-american-lost-crops#abstract": 0.5902319304211704,
    "the-terrain-of-the-former-veb-elektrokohle-lichtenberg#content-5": 0.5899667052512596,
    "the-terrestrial-is-not-the-globe#title": 0.5890236864563775,
    "voice-and-representation#content-1": 0.58889820683355,
    "the-shape-of-a-practice#abstract": 0.5879099968922351,
    "touring-the-anthropocenery-whos-in-charge-here-2014#content-2": 0.5868589790646538,
    "the-shipworm-and-the-telegraph#title": 0.5862034404693659,
    "the-shape-of-a-practice#title": 0.5846819258889792,
    "time-out-of-mind#abstract": 0.5846231017752764,
    "the-maledives-case#abstract": 0.5837779703511332,
    "too-little-water-the-lake-chad-story#content-1": 0.5834245463454083,
    "xaraasi-xanne-crossing-voices#content-2": 0.5826127888009675,
    "uncalculated-risk#content-5": 0.579328353999616,
    "walk-about-it#content-1": 0.5791548967436575,
    "the-rights-of-nature#abstract": 0.5784775758229884,
    "the-stories-we-tell-the-images-we-take#content-2": 0.578362941408598,
    "times-before-and-after#abstract": 0.5774924509360082,
    "walk-about-it#abstract": 0.5767184739129919,
    "the-shape-of-a-practice-seminars#abstract": 0.5763351978498122,
    "transect-walk-cahokia-mounds-to-fairmont-city#abstract": 0.5761451981744781,
    "us-southwest#content-1": 0.5760267606802836,
    "times-before-and-after#content-1": 0.5756085876673265,
    "time-and-time-again#content-2": 0.5722766795178906,
    "twin-cities-artist-residency-mississippi-an-anthropocene-story#abstract": 0.571827438807447,
    "understanding-the-north-american-lost-crops#title": 0.5702394232813354,
    "the-terrain-of-the-former-veb-elektrokohle-lichtenberg#content-4": 0.5682043150889994,
    "the-hyphen#content-2": 0.5677844686517479,
    "wicked-problems-and-mental-models#content-1": 0.5677180380196798,
    "the-maledives-case#title": 0.5658567833913191,
    "touring-the-anthropocenery-whos-in-charge-here-2014#abstract": 0.5656097186070452,
    "us-southwest#content-4": 0.5645520820169875,
    "uncalculated-risk#content-7": 0.5623360451000989,
    "the-hyphen#content-1": 0.5620174013501693,
    "the-shape-of-a-practice-online-project-environment#abstract": 0.560034943906798,
    "the-lena-is-worthy-of-baikal-defining-remoteness-across-the-north-and-the-east#title": 0.5582280567389274,
    "the-stories-we-tell-the-images-we-take#abstract": 0.5566657093045453,
    "us-southwest#content-2": 0.5531450130043629,
    "the-politics-of-modeling#abstract": 0.5516800574881495,
    "white-sands#content-2": 0.5513213431037557,
    "the-shape-of-a-practice-online-project-environment#title": 0.5486212960599776,
    "the-hyphen#abstract": 0.547996302722593,
    "the-rights-of-nature#title": 0.5477157644316341,
    "too-little-water-the-lake-chad-story#abstract": 0.5449255949991302,
    "the-mississippi-basin-an-operational-landscape#content-2": 0.5427126661634752,
    "xaraasi-xanne-crossing-voices#abstract": 0.5383409731123034,
    "uncalculated-risk#content-1": 0.537169807901326,
    "the-shape-of-a-practice-seminars#title": 0.5362546899797626,
    "white-sands#abstract": 0.5359498183615099,
    "the-stories-we-tell-the-images-we-take#title": 0.5340175094069116,
    "uncalculated-risk#subtitle": 0.5328223882655214,
    "typha-the-once-and-future-planty-companion#title": 0.5281223111059871,
    "this-is-not-about-survival-its-about-bringing-your-coracle#content-1": 0.5272595160817924,
    "worshipping-along-the-routes-of-migration#title": 0.524277078389977,
    "us-southwest#content-3": 0.5220891123274749,
    "the-mississippi-basin-an-operational-landscape#title": 0.5218755555829863,
    "the-vietnamese-community-in-eastern-new-orleans#content-2": 0.5172078436075895,
    "the-politics-of-modeling#title": 0.515968312759539,
    "this-is-not-about-survival-its-about-bringing-your-coracle#title": 0.5148912722810602,
    "time-out-of-mind#title": 0.5105341970221566,
    "the-terrain-of-the-former-veb-elektrokohle-lichtenberg#title": 0.5003583344295783,
    "typha-the-once-and-future-planty-companion#content-1": 0.4955057388836335,
    "uncalculated-risk#content-3": 0.4947094518861228,
    "walk-about-it#content-2": 0.489273751618715,
    "walk-about-it#title": 0.4882267002078178,
    "time-and-time-again#content-1": 0.48446384769109485,
    "time-and-time-again#subtitle": 0.4781995935187303,
    "touring-the-anthropocenery-whos-in-charge-here-2014#title": 0.4777767886053403,
    "transect-walk-cahokia-mounds-to-fairmont-city#content-1": 0.47404183800621896,
    "wicked-problems-and-mental-models#abstract": 0.4696989610383842,
    "writing-global-histories-in-the-anthropocene#title": 0.46303521769719697,
    "the-vietnamese-community-in-eastern-new-orleans#title": 0.4612951347629196,
    "too-little-water-the-lake-chad-story#title": 0.46113912622491504,
    "worshipping-along-the-routes-of-migration#subtitle": 0.4575446338591141,
    "this-is-not-about-survival-its-about-bringing-your-coracle#subtitle": 0.4555484667674117,
    "times-before-and-after#title": 0.45036867746105075,
    "understanding-the-north-american-lost-crops#content-1": 0.45036393618868203,
    "the-vietnamese-community-in-eastern-new-orleans#content-4": 0.4489032091351819,
    "the-shape-of-a-practice#subtitle": 0.44860823478494555,
    "the-mississippi-basin-an-operational-landscape#content-4": 0.4437260465308924,
    "too-little-water-the-lake-chad-story#content-2": 0.4436327581272018,
    "tree-x-office#content-2": 0.44352167562531675,
    "the-mississippi-basin-an-operational-landscape#content-6": 0.4307595305896864,
    "the-lichtenberg-case-2#content-1": 0.40744040625975914,
    "typha-the-once-and-future-planty-companion#subtitle": 0.40673848941209456,
    "wicked-problems-and-mental-models#title": 0.4039216937860746,
    "the-hyphen#title": 0.39133011237523013,
    "transect-walk-cahokia-mounds-to-fairmont-city#subtitle": 0.3841887328823593,
    "walk-about-it#subtitle": 0.3841887328823593,
    "the-terrain-of-the-former-veb-elektrokohle-lichtenberg#content-2": 0.38312995705541225,
    "time-and-time-again#title": 0.38149621345289025,
    "tree-x-office#title": 0.3637754450134804,