{
    "the-shape-of-a-practice-seminars#abstract": 0.972597421444763,
    "twin-cities-artist-residency-mississippi-an-anthropocene-story#abstract": 0.9710591741430608,
    "times-before-and-after#content-1": 0.9610815098461367,
    "voice-and-representation#content-1": 0.9581701058767935,
    "the-stories-we-tell-the-images-we-take#content-2": 0.9538998827168651,
    "walk-about-it#abstract": 0.9534467938032403,
    "the-terrain-of-the-former-veb-elektrokohle-lichtenberg#content-3": 0.9530306239009928,
    "walk-about-it#content-1": 0.952736184181243,
    "the-terrain-of-the-former-veb-elektrokohle-lichtenberg#content-5": 0.9518951039010802,
    "uncalculated-risk#abstract": 0.9507000121403738,
    "time-out-of-mind#content-3": 0.9496074958017358,
    "white-sands#content-3": 0.9489684560045168,
    "wicked-problems-and-mental-models#content-1": 0.948122744069949,
    "xaraasi-xanne-crossing-voices#content-2": 0.9477632504451455,
    "uncalculated-risk#content-4": 0.947292035274806,
    "writing-global-histories-in-the-anthropocene#content-1": 0.9472043067611235,
    "the-terrain-of-the-former-veb-elektrokohle-lichtenberg#content-1": 0.9471401545713453,
    "uncalculated-risk#content-8": 0.9453626673851631,
    "time-and-time-again#content-2": 0.9448256689464274,
    "touring-the-anthropocenery-whos-in-charge-here-2014#content-2": 0.9441410759239385,
    "the-stories-we-tell-the-images-we-take#abstract": 0.9440184825515794,
    "time-out-of-mind#abstract": 0.9435690359076857,
    "too-little-water-the-lake-chad-story#content-1": 0.9411146986653255,
    "uncalculated-risk#content-6": 0.9385292775319429,
    "typha-the-once-and-future-planty-companion#abstract": 0.933891482744454,
    "the-vietnamese-community-in-eastern-new-orleans#content-3": 0.9336338206610282,
    "timeslips#content-2": 0.932214259999418,
    "uncalculated-risk#content-2": 0.9313559577492183,
    "time-out-of-mind#content-5": 0.9306509291108549,
    "white-sands#content-1": 0.9296445450449529,
    "tree-x-office#content-1": 0.92929680865209,
    "time-out-of-mind#content-1": 0.927722030132936,
    "tree-x-office#abstract": 0.9272654754520439,
    "timeslips#abstract": 0.9267351688785253,
    "xaraasi-xanne-crossing-voices#abstract": 0.919840435541613,
    "times-before-and-after#abstract": 0.9158602934988072,
    "the-vietnamese-community-in-eastern-new-orleans#content-1": 0.9145526682871286,
    "this-is-not-about-survival-its-about-bringing-your-coracle#abstract": 0.913305486886308,
    "the-shape-of-a-practice-online-project-environment#title": 0.9110639622004422,
    "touring-the-anthropocenery-whos-in-charge-here-2014#abstract": 0.906021074460756,
    "understanding-the-north-american-lost-crops#abstract": 0.9032306155883388,
    "us-southwest#content-1": 0.8977838737878104,
    "transect-walk-cahokia-mounds-to-fairmont-city#abstract": 0.8860306082290027,
    "too-little-water-the-lake-chad-story#abstract": 0.8853848133005621,
    "uncalculated-risk#content-1": 0.870394754997582,
    "uncalculated-risk#content-5": 0.8698465981771721,
    "us-southwest#content-3": 0.8682407044871142,
    "time-and-time-again#content-1": 0.8619935095989018,
    "the-shape-of-a-practice-seminars#title": 0.8608900561814827,
    "this-is-not-about-survival-its-about-bringing-your-coracle#content-1": 0.8582147612587452,
    "the-stories-we-tell-the-images-we-take#title": 0.8549973050137114,
    "white-sands#content-2": 0.8494649575407904,
    "too-little-water-the-lake-chad-story#content-2": 0.8470125228771687,
    "the-terrestrial-is-not-the-globe#title": 0.8442699452990079,
    "uncalculated-risk#content-7": 0.8427849113985056,
    "uncalculated-risk#content-3": 0.8421174034068107,
    "time-and-time-again#subtitle": 0.8421166132753853,
    "the-terrain-of-the-former-veb-elektrokohle-lichtenberg#content-4": 0.8379873305387371,
    "typha-the-once-and-future-planty-companion#title": 0.8351197686256606,
    "time-out-of-mind#title": 0.8312043346504145,
    "white-sands#abstract": 0.8303205378604267,
    "wicked-problems-and-mental-models#abstract": 0.8243941267054125,
    "us-southwest#content-4": 0.8239548995000847,
    "this-is-not-about-survival-its-about-bringing-your-coracle#title": 0.8115616638619743,
    "typha-the-once-and-future-planty-companion#content-1": 0.8077995403940459,
    "touring-the-anthropocenery-whos-in-charge-here-2014#title": 0.8060417767205958,
    "us-southwest#content-2": 0.7971516184808742,
    "uncalculated-risk#subtitle": 0.7949462335289167,
    "the-vietnamese-community-in-eastern-new-orleans#content-2": 0.7876100619522095,
    "the-vietnamese-community-in-eastern-new-orleans#content-4": 0.7824038818903806,
    "this-is-not-about-survival-its-about-bringing-your-coracle#subtitle": 0.7721299553157773,
    "the-shipworm-and-the-telegraph#title": 0.7593882718728677,
    "worshipping-along-the-routes-of-migration#title": 0.748240281997419,
    "worshipping-along-the-routes-of-migration#subtitle": 0.7459652756401505,
    "times-before-and-after#title": 0.7423255337565406,
    "understanding-the-north-american-lost-crops#title": 0.7375998165456189,
    "wicked-problems-and-mental-models#title": 0.7362332853733332,
    "walk-about-it#title": 0.7339494007243024,
    "transect-walk-cahokia-mounds-to-fairmont-city#content-1": 0.7182306412110626,
    "time-and-time-again#title": 0.7161556999705542,
    "writing-global-histories-in-the-anthropocene#title": 0.714869965956584,
    "too-little-water-the-lake-chad-story#title": 0.7075103451502021,
    "understanding-the-north-american-lost-crops#content-1": 0.7014434241136813,
    "the-vietnamese-community-in-eastern-new-orleans#title": 0.7006258478670009,
    "voice-and-representation#title": 0.692945693075457,
    "the-terrain-of-the-former-veb-elektrokohle-lichtenberg#content-2": 0.6893643378484277,
    "tree-x-office#content-2": 0.6750271432289014,
    "walk-about-it#content-2": 0.6349916374446446,
    "transect-walk-cahokia-mounds-to-fairmont-city#subtitle": 0.6316496037371557,
    "walk-about-it#subtitle": 0.6316496037371557,
    "the-stories-we-tell-the-images-we-take#content-1": 0.6005510236670264,
    "xaraasi-xanne-crossing-voices#content-1": 0.6003867430953205,
    "ve-vm-vt-the-ideal-cosmic-messengers#title": 0.5869445006770049,
    "twin-cities-artist-residency-mississippi-an-anthropocene-story#subtitle": 0.5853800789197764,
    "us-southwest#title": 0.5658881855859426,
    "typha-the-once-and-future-planty-companion#subtitle": 0.5629457854464885,
    "the-terrain-of-the-former-veb-elektrokohle-lichtenberg#title": 0.5435655522688438,
    "xaraasi-xanne-crossing-voices#title": 0.5181334510861253,
    "twin-cities-artist-residency-mississippi-an-anthropocene-story#title": 0.5147766862480653,
    "time-out-of-mind#subtitle": 0.5018212312916942,
    "understanding-the-north-american-lost-crops#subtitle": 0.4857661487789827,
    "tree-x-office#title": 0.47784210983677855,
    "tokens-a-rorschach-test#title": 0.47767915162701563,
    "time-out-of-mind#content-2": 0.4696089189405856,
    "voice-and-representation#abstract": 0.43382898563503147,
    "voice-and-representation#subtitle": 0.4230780501255165,
    "writing-global-histories-in-the-anthropocene#subtitle": 0.4230780501255165,
    "writing-global-histories-in-the-anthropocene#abstract": 0.3821367790439376,
    "transect-walk-cahokia-mounds-to-fairmont-city#title": 0.3819059803926298,
    "white-sands#title": 0.3817724000589472,
    "touring-the-anthropocenery-whos-in-charge-here-2014#content-1": 0.3723355859347982,
    "uncalculated-risk#title": 0.20843586986177284,
    "time-out-of-mind#content-4": 0.18833594039999876,
    "timeslips#title": 0,
    "timeslips#content-1": -0.02904019149698013
}