{
    "time-out-of-mind#content-3": 0.9843422065183246,
    "uncalculated-risk#content-8": 0.9824480239495774,
    "times-before-and-after#content-1": 0.9818643607453414,
    "white-sands#content-3": 0.9813706678931455,
    "timeslips#content-2": 0.9802738970671216,
    "time-out-of-mind#content-1": 0.9790312111546625,
    "time-out-of-mind#content-5": 0.9789728064580395,
    "touring-the-anthropocenery-whos-in-charge-here-2014#content-2": 0.9781597890731039,
    "wicked-problems-and-mental-models#content-1": 0.9767091981969066,
    "tree-x-office#content-1": 0.9763020338959741,
    "uncalculated-risk#content-4": 0.976083545671189,
    "uncalculated-risk#content-6": 0.9758201753051201,
    "uncalculated-risk#content-2": 0.9725955660906727,
    "the-vietnamese-community-in-eastern-new-orleans#content-3": 0.9722875389244818,
    "time-and-time-again#content-2": 0.9720085601702521,
    "the-terrain-of-the-former-veb-elektrokohle-lichtenberg#content-5": 0.9696820788693631,
    "walk-about-it#content-1": 0.9694818448910544,
    "typha-the-once-and-future-planty-companion#abstract": 0.9692285793108507,
    "white-sands#content-1": 0.9690705376029125,
    "uncalculated-risk#abstract": 0.9673627907137212,
    "time-out-of-mind#abstract": 0.9661456862839377,
    "tree-x-office#abstract": 0.9619943995097436,
    "voice-and-representation#content-1": 0.9616017933486227,
    "twin-cities-artist-residency-mississippi-an-anthropocene-story#abstract": 0.9565363254013214,
    "timeslips#abstract": 0.9561288476312558,
    "xaraasi-xanne-crossing-voices#content-2": 0.955496594553079,
    "too-little-water-the-lake-chad-story#content-1": 0.9549974231786265,
    "the-vietnamese-community-in-eastern-new-orleans#content-1": 0.9541521533975177,
    "us-southwest#content-1": 0.9541457840690989,
    "times-before-and-after#abstract": 0.9537895969661657,
    "touring-the-anthropocenery-whos-in-charge-here-2014#abstract": 0.9525250044614056,
    "this-is-not-about-survival-its-about-bringing-your-coracle#abstract": 0.9493338757624241,
    "walk-about-it#abstract": 0.9455469205331567,
    "understanding-the-north-american-lost-crops#abstract": 0.9446152722423597,
    "writing-global-histories-in-the-anthropocene#content-1": 0.9406589206056358,
    "xaraasi-xanne-crossing-voices#abstract": 0.9199349378632999,
    "transect-walk-cahokia-mounds-to-fairmont-city#abstract": 0.9197601729184135,
    "uncalculated-risk#content-5": 0.9128724343968234,
    "too-little-water-the-lake-chad-story#abstract": 0.9123024939744658,
    "uncalculated-risk#content-1": 0.9053548337972613,
    "this-is-not-about-survival-its-about-bringing-your-coracle#content-1": 0.9005478789587396,
    "the-terrain-of-the-former-veb-elektrokohle-lichtenberg#content-4": 0.9003135658945015,
    "us-southwest#content-3": 0.8961080442376267,
    "white-sands#content-2": 0.8924676953611826,
    "uncalculated-risk#content-7": 0.8882935077818538,
    "time-and-time-again#content-1": 0.8836528616353769,
    "time-out-of-mind#title": 0.8785055985097157,
    "white-sands#abstract": 0.8711793135368081,
    "the-terrestrial-is-not-the-globe#title": 0.8682160588570526,
    "us-southwest#content-2": 0.8677137767975235,
    "too-little-water-the-lake-chad-story#content-2": 0.859299719104329,
    "this-is-not-about-survival-its-about-bringing-your-coracle#title": 0.8587224922728972,
    "uncalculated-risk#content-3": 0.8583904736123192,
    "typha-the-once-and-future-planty-companion#title": 0.8544643757213057,
    "the-vietnamese-community-in-eastern-new-orleans#content-2": 0.8512351114228413,
    "us-southwest#content-4": 0.8433001174013045,
    "wicked-problems-and-mental-models#abstract": 0.842909002656247,
    "touring-the-anthropocenery-whos-in-charge-here-2014#title": 0.8400374435827508,
    "time-and-time-again#subtitle": 0.8330071575867992,
    "this-is-not-about-survival-its-about-bringing-your-coracle#subtitle": 0.8258391032241877,
    "uncalculated-risk#subtitle": 0.8157386795169628,
    "walk-about-it#title": 0.8077840701563869,
    "typha-the-once-and-future-planty-companion#content-1": 0.8061484511061654,
    "times-before-and-after#title": 0.8036092575351113,
    "too-little-water-the-lake-chad-story#title": 0.7950140568038426,
    "the-vietnamese-community-in-eastern-new-orleans#content-4": 0.7936929328171682,
    "understanding-the-north-american-lost-crops#title": 0.7934988436318274,
    "transect-walk-cahokia-mounds-to-fairmont-city#content-1": 0.7745170101495085,
    "worshipping-along-the-routes-of-migration#title": 0.7705834761259831,
    "time-and-time-again#title": 0.7644576924329547,
    "understanding-the-north-american-lost-crops#content-1": 0.7449918278997304,
    "worshipping-along-the-routes-of-migration#subtitle": 0.7306848448067981,
    "wicked-problems-and-mental-models#title": 0.7247639641486261,
    "the-vietnamese-community-in-eastern-new-orleans#title": 0.7104648276088729,
    "tree-x-office#content-2": 0.7008675815720301,
    "walk-about-it#content-2": 0.6779402347502403,
    "voice-and-representation#title": 0.6581201963988087,
    "writing-global-histories-in-the-anthropocene#title": 0.657517913367755,
    "transect-walk-cahokia-mounds-to-fairmont-city#subtitle": 0.6345114943724335,
    "walk-about-it#subtitle": 0.6345114943724335,
    "xaraasi-xanne-crossing-voices#content-1": 0.6271207735719295,
    "us-southwest#title": 0.61854995673596,
    "ve-vm-vt-the-ideal-cosmic-messengers#title": 0.6044187392051654,
    "the-terrain-of-the-former-veb-elektrokohle-lichtenberg#title": 0.5829579469641448,
    "twin-cities-artist-residency-mississippi-an-anthropocene-story#subtitle": 0.5532276903840712,
    "typha-the-once-and-future-planty-companion#subtitle": 0.5494744039336595,
    "xaraasi-xanne-crossing-voices#title": 0.5472688032529884,
    "time-out-of-mind#content-2": 0.5265742525359755,
    "tree-x-office#title": 0.521232744801839,
    "twin-cities-artist-residency-mississippi-an-anthropocene-story#title": 0.5126860490719901,
    "time-out-of-mind#subtitle": 0.5016747833187115,
    "tokens-a-rorschach-test#title": 0.4888119378877439,
    "white-sands#title": 0.4460877770242569,
    "transect-walk-cahokia-mounds-to-fairmont-city#title": 0.44087543711081933,
    "voice-and-representation#abstract": 0.43284256919573433,
    "understanding-the-north-american-lost-crops#subtitle": 0.3965164641910505,
    "writing-global-histories-in-the-anthropocene#abstract": 0.3761255065629795,
    "touring-the-anthropocenery-whos-in-charge-here-2014#content-1": 0.3750820233503545,
    "voice-and-representation#subtitle": 0.31362555038447576,
    "writing-global-histories-in-the-anthropocene#subtitle": 0.31362555038447576,
    "time-out-of-mind#content-4": 0.20442390755316373,
    "uncalculated-risk#title": 0.20347104848208683,
    "timeslips#title": 0,
    "timeslips#content-1": -0.03893840385407039
}