{
    "the-mississippi-basin-an-operational-landscape#content-3": 0.9807719153423011,
    "the-mississippi-basin-an-operational-landscape#content-7": 0.9711491869500227,
    "the-mississippi-basin-an-operational-landscape#content-5": 0.971021476143881,
    "white-sands#content-1": 0.9708536338841927,
    "too-little-water-the-lake-chad-story#content-1": 0.9690822983226015,
    "timeslips#content-2": 0.9690380729607689,
    "uncalculated-risk#content-8": 0.9683885371768794,
    "uncalculated-risk#content-2": 0.967018302260245,
    "uncalculated-risk#content-4": 0.9656593702724181,
    "uncalculated-risk#content-6": 0.9654309810968909,
    "uncalculated-risk#abstract": 0.9644207237566654,
    "the-terrain-of-the-former-veb-elektrokohle-lichtenberg#content-1": 0.9628913220518719,
    "white-sands#content-3": 0.9626490922990711,
    "time-out-of-mind#abstract": 0.9620986278053789,
    "time-out-of-mind#content-1": 0.9601494043532152,
    "the-terrain-of-the-former-veb-elektrokohle-lichtenberg#content-3": 0.9596498724742163,
    "the-vietnamese-community-in-eastern-new-orleans#content-1": 0.9592757657869049,
    "the-shape-of-a-practice#abstract": 0.9580235777035392,
    "the-terrain-of-the-former-veb-elektrokohle-lichtenberg#content-5": 0.95619445244517,
    "the-vietnamese-community-in-eastern-new-orleans#content-3": 0.955728660942494,
    "tree-x-office#content-1": 0.9535241699299873,
    "the-stories-we-tell-the-images-we-take#content-2": 0.9529567957077971,
    "time-and-time-again#content-2": 0.9517287215501284,
    "wicked-problems-and-mental-models#content-1": 0.9508335256854241,
    "time-out-of-mind#content-3": 0.9506721573438935,
    "times-before-and-after#content-1": 0.9497501298547821,
    "transect-walk-cahokia-mounds-to-fairmont-city#abstract": 0.9493393864224966,
    "this-is-not-about-survival-its-about-bringing-your-coracle#abstract": 0.949293200626508,
    "touring-the-anthropocenery-whos-in-charge-here-2014#content-2": 0.9479050034681978,
    "writing-global-histories-in-the-anthropocene#content-1": 0.9478935608052712,
    "walk-about-it#content-1": 0.9464755152189829,
    "timeslips#abstract": 0.9453902332412075,
    "us-southwest#content-1": 0.9432340307965198,
    "xaraasi-xanne-crossing-voices#content-2": 0.9431734990827364,
    "too-little-water-the-lake-chad-story#abstract": 0.9413538094599337,
    "typha-the-once-and-future-planty-companion#abstract": 0.9402687212595919,
    "understanding-the-north-american-lost-crops#abstract": 0.9371473237964266,
    "voice-and-representation#content-1": 0.9342709594115484,
    "twin-cities-artist-residency-mississippi-an-anthropocene-story#abstract": 0.9312735611033043,
    "time-out-of-mind#content-5": 0.930330657737438,
    "tree-x-office#abstract": 0.9293880202075886,
    "walk-about-it#abstract": 0.9284452166719113,
    "the-shape-of-a-practice-online-project-environment#abstract": 0.9273125492291029,
    "the-shape-of-a-practice-seminars#abstract": 0.9262130642525532,
    "uncalculated-risk#content-5": 0.9218175867962417,
    "us-southwest#content-3": 0.9130626391159476,
    "touring-the-anthropocenery-whos-in-charge-here-2014#abstract": 0.9114195195041745,
    "the-mississippi-basin-an-operational-landscape#content-2": 0.908485101280198,
    "the-stories-we-tell-the-images-we-take#abstract": 0.9082451799877079,
    "the-rights-of-nature#abstract": 0.9075146535347637,
    "times-before-and-after#abstract": 0.9063670546527467,
    "uncalculated-risk#content-1": 0.9037489855110491,
    "white-sands#content-2": 0.8998951740520724,
    "uncalculated-risk#content-7": 0.8945092975102178,
    "xaraasi-xanne-crossing-voices#abstract": 0.8900966188269789,
    "us-southwest#content-4": 0.877421805410407,
    "the-terrestrial-is-not-the-globe#title": 0.8751841312266008,
    "too-little-water-the-lake-chad-story#content-2": 0.8621434313384173,
    "the-shape-of-a-practice-online-project-environment#title": 0.8616741299833226,
    "time-and-time-again#content-1": 0.8592981252363784,
    "the-terrain-of-the-former-veb-elektrokohle-lichtenberg#content-4": 0.8524487123998422,
    "the-vietnamese-community-in-eastern-new-orleans#content-2": 0.8495634249588454,
    "uncalculated-risk#content-3": 0.8484604891385044,
    "white-sands#abstract": 0.8484020517179324,
    "the-shape-of-a-practice#title": 0.8429619208499074,
    "the-mississippi-basin-an-operational-landscape#content-4": 0.8414168122161169,
    "the-stories-we-tell-the-images-we-take#title": 0.840696813713368,
    "understanding-the-north-american-lost-crops#title": 0.8400037059058562,
    "this-is-not-about-survival-its-about-bringing-your-coracle#content-1": 0.8382996873423338,
    "us-southwest#content-2": 0.8370304549269028,
    "time-out-of-mind#title": 0.835741129362569,
    "the-politics-of-modeling#abstract": 0.8279507757369537,
    "the-rights-of-nature#title": 0.8273111154729795,
    "the-mississippi-basin-an-operational-landscape#content-6": 0.8253123779307553,
    "time-and-time-again#subtitle": 0.8252498663311533,
    "wicked-problems-and-mental-models#abstract": 0.8226960911036026,
    "this-is-not-about-survival-its-about-bringing-your-coracle#title": 0.8166175599973239,
    "uncalculated-risk#subtitle": 0.8160695349207359,
    "typha-the-once-and-future-planty-companion#title": 0.8155665068589775,
    "worshipping-along-the-routes-of-migration#title": 0.8150139392749022,
    "the-shape-of-a-practice-seminars#title": 0.8135241975972394,
    "the-mississippi-basin-an-operational-landscape#title": 0.8120820687884175,
    "the-politics-of-modeling#title": 0.8015429645451567,
    "the-vietnamese-community-in-eastern-new-orleans#content-4": 0.8007783925348403,
    "the-shipworm-and-the-telegraph#title": 0.7959462928825334,
    "typha-the-once-and-future-planty-companion#content-1": 0.7948143232462576,
    "touring-the-anthropocenery-whos-in-charge-here-2014#title": 0.7914235104771888,
    "transect-walk-cahokia-mounds-to-fairmont-city#content-1": 0.7864279031091687,
    "too-little-water-the-lake-chad-story#title": 0.7815459878579069,
    "this-is-not-about-survival-its-about-bringing-your-coracle#subtitle": 0.7668466840001905,
    "understanding-the-north-american-lost-crops#content-1": 0.7660035131337767,
    "times-before-and-after#title": 0.7532709293601385,
    "worshipping-along-the-routes-of-migration#subtitle": 0.7506761878750656,
    "walk-about-it#title": 0.7371743649912299,
    "the-vietnamese-community-in-eastern-new-orleans#title": 0.7353135437828014,
    "the-terrain-of-the-former-veb-elektrokohle-lichtenberg#content-2": 0.7351797014824066,
    "wicked-problems-and-mental-models#title": 0.7216337208608264,
    "time-and-time-again#title": 0.7184634878473164,
    "writing-global-histories-in-the-anthropocene#title": 0.6810056814290857,
    "walk-about-it#content-2": 0.670986723541412,
    "tree-x-office#content-2": 0.6651452172280302,
    "voice-and-representation#title": 0.6632000758662239,
    "us-southwest#title": 0.6628221396536315,
    "the-stories-we-tell-the-images-we-take#content-1": 0.6308913816848445,
    "xaraasi-xanne-crossing-voices#content-1": 0.6304484803065844,
    "the-shape-of-a-practice#subtitle": 0.6193491902434477,
    "transect-walk-cahokia-mounds-to-fairmont-city#subtitle": 0.6146682247307549,
    "walk-about-it#subtitle": 0.6146682247307549,
    "the-terrain-of-the-former-veb-elektrokohle-lichtenberg#title": 0.6048727951579076,
    "ve-vm-vt-the-ideal-cosmic-messengers#title": 0.5969728904920616,
    "time-out-of-mind#subtitle": 0.5845210641438426,
    "twin-cities-artist-residency-mississippi-an-anthropocene-story#subtitle": 0.5693934803166615,
    "xaraasi-xanne-crossing-voices#title": 0.5583026967855267,
    "time-out-of-mind#content-2": 0.5465279619052523,
    "twin-cities-artist-residency-mississippi-an-anthropocene-story#title": 0.5208431461286571,
    "the-politics-of-modeling#content-1": 0.5049366657268041,
    "the-rights-of-nature#content-1": 0.5049366657268041,