{
    "times-before-and-after#content-1": 0.9782032075643114,
    "the-shape-of-a-practice#abstract": 0.9767590854379106,
    "wicked-problems-and-mental-models#content-1": 0.9745457087954846,
    "walk-about-it#content-1": 0.9712249935638595,
    "the-mississippi-basin-an-operational-landscape#content-7": 0.9702621707619101,
    "voice-and-representation#content-1": 0.9698641622502383,
    "the-shape-of-a-practice-online-project-environment#abstract": 0.9684665821921785,
    "the-hyphen#content-2": 0.968225432174155,
    "time-and-time-again#content-2": 0.9675910851550144,
    "touring-the-anthropocenery-whos-in-charge-here-2014#content-2": 0.9646699810695016,
    "the-stories-we-tell-the-images-we-take#content-2": 0.9638833360618775,
    "the-hyphen#abstract": 0.9638415869445576,
    "the-free-sea#content-2": 0.9631057983670895,
    "twin-cities-artist-residency-mississippi-an-anthropocene-story#abstract": 0.9627055325472905,
    "the-terrain-of-the-former-veb-elektrokohle-lichtenberg#content-3": 0.9609167284263704,
    "uncalculated-risk#abstract": 0.9576070784468779,
    "uncalculated-risk#content-8": 0.957507959072054,
    "time-out-of-mind#content-3": 0.9569986740180022,
    "uncalculated-risk#content-4": 0.9569203368523753,
    "writing-global-histories-in-the-anthropocene#content-1": 0.9558819222245099,
    "the-four-dimensional-mississippi#abstract": 0.9557169739699185,
    "time-out-of-mind#abstract": 0.9551088127017028,
    "too-little-water-the-lake-chad-story#content-1": 0.9548601642292953,
    "the-shape-of-a-practice-seminars#abstract": 0.9535442768808373,
    "typha-the-once-and-future-planty-companion#abstract": 0.9528757184470998,
    "the-terrain-of-the-former-veb-elektrokohle-lichtenberg#content-5": 0.9513587674891806,
    "the-lichtenberg-case#abstract": 0.9497062707446565,
    "the-mississippi-basin-an-operational-landscape#content-5": 0.9493706277509611,
    "white-sands#content-3": 0.9492710136496199,
    "time-out-of-mind#content-5": 0.9481788105067664,
    "the-terrain-of-the-former-veb-elektrokohle-lichtenberg#content-1": 0.9474271871527642,
    "tree-x-office#content-1": 0.94722451752167,
    "the-mississippi-basin-an-operational-landscape#content-1": 0.9458801712694243,
    "the-four-dimensional-mississippi#content-1": 0.9458209195630671,
    "timeslips#content-2": 0.9453538778304766,
    "xaraasi-xanne-crossing-voices#content-2": 0.9451686155464033,
    "the-hyphen#content-1": 0.9446908352503861,
    "uncalculated-risk#content-6": 0.944272394560098,
    "walk-about-it#abstract": 0.9436744481192608,
    "the-hedge#content-2": 0.9434058921903802,
    "time-out-of-mind#content-1": 0.9431074548150766,
    "timeslips#abstract": 0.9418330896647614,
    "uncalculated-risk#content-2": 0.9408295881266437,
    "the-vietnamese-community-in-eastern-new-orleans#content-3": 0.9383231735872641,
    "the-stories-we-tell-the-images-we-take#abstract": 0.9363752485806398,
    "white-sands#content-1": 0.9353799024477688,
    "the-mississippi-basin-an-operational-landscape#abstract": 0.934371942988039,
    "times-before-and-after#abstract": 0.93127496682497,
    "tree-x-office#abstract": 0.927579587676307,
    "the-maledives-case#abstract": 0.92721054437002,
    "the-mississippi-basin-an-operational-landscape#content-3": 0.926851350238533,
    "understanding-the-north-american-lost-crops#abstract": 0.9254501547995468,
    "the-vietnamese-community-in-eastern-new-orleans#content-1": 0.9222945203924026,
    "this-is-not-about-survival-its-about-bringing-your-coracle#abstract": 0.9211371363541097,
    "touring-the-anthropocenery-whos-in-charge-here-2014#abstract": 0.917723456537238,
    "the-great-green-desert#abstract": 0.9122678599998557,
    "us-southwest#content-1": 0.9118520425666371,
    "transect-walk-cahokia-mounds-to-fairmont-city#abstract": 0.9041282864669937,
    "the-rights-of-nature#abstract": 0.8996248165679953,
    "xaraasi-xanne-crossing-voices#abstract": 0.8972650144158848,
    "too-little-water-the-lake-chad-story#abstract": 0.8956208748805157,
    "the-shape-of-a-practice-online-project-environment#title": 0.8936389805098867,
    "us-southwest#content-3": 0.8851904466357442,
    "time-and-time-again#content-1": 0.8831793570188015,
    "uncalculated-risk#content-5": 0.8810625359614134,
    "uncalculated-risk#content-1": 0.8802450514621658,
    "this-is-not-about-survival-its-about-bringing-your-coracle#content-1": 0.875443245566087,
    "the-stories-we-tell-the-images-we-take#title": 0.870227467517898,
    "time-out-of-mind#title": 0.8656688706856103,
    "wicked-problems-and-mental-models#abstract": 0.8652906117053412,
    "too-little-water-the-lake-chad-story#content-2": 0.8613953463585406,
    "white-sands#content-2": 0.8608040953663133,
    "the-politics-of-modeling#abstract": 0.8597842891811971,
    "the-shape-of-a-practice#title": 0.8596460301124578,
    "time-and-time-again#subtitle": 0.8551835785866642,
    "uncalculated-risk#content-7": 0.8550826980624323,
    "the-terrestrial-is-not-the-globe#title": 0.8497087755309524,
    "uncalculated-risk#content-3": 0.8480819291849389,
    "the-shape-of-a-practice-seminars#title": 0.8447468716748363,
    "the-terrain-of-the-former-veb-elektrokohle-lichtenberg#content-4": 0.8447106354712239,
    "typha-the-once-and-future-planty-companion#title": 0.8431167480335422,
    "white-sands#abstract": 0.8418165799898528,
    "the-hedge#content-3": 0.8387471748212028,
    "this-is-not-about-survival-its-about-bringing-your-coracle#title": 0.8386137151906395,
    "us-southwest#content-4": 0.8241522977238137,
    "the-mississippi-basin-an-operational-landscape#content-2": 0.8161932263374747,
    "the-rights-of-nature#title": 0.8137687143381434,
    "us-southwest#content-2": 0.8129452603311981,
    "the-vietnamese-community-in-eastern-new-orleans#content-2": 0.8083207993734681,
    "the-politics-of-modeling#title": 0.8064506753705561,
    "typha-the-once-and-future-planty-companion#content-1": 0.8026589539875516,
    "uncalculated-risk#subtitle": 0.7982536163741374,
    "the-vietnamese-community-in-eastern-new-orleans#content-4": 0.7960644641607061,
    "the-lena-is-worthy-of-baikal-defining-remoteness-across-the-north-and-the-east#title": 0.7959034009642959,
    "touring-the-anthropocenery-whos-in-charge-here-2014#title": 0.7948896938128653,
    "this-is-not-about-survival-its-about-bringing-your-coracle#subtitle": 0.7883056517721004,
    "wicked-problems-and-mental-models#title": 0.7862503641065546,
    "the-shipworm-and-the-telegraph#title": 0.7731390368400215,
    "understanding-the-north-american-lost-crops#title": 0.7707421987365304,
    "worshipping-along-the-routes-of-migration#subtitle": 0.7611090539193569,
    "times-before-and-after#title": 0.7565170243354544,
    "the-mississippi-basin-an-operational-landscape#content-4": 0.7561111503325235,
    "worshipping-along-the-routes-of-migration#title": 0.7545073589515686,
    "walk-about-it#title": 0.7539046105747625,
    "too-little-water-the-lake-chad-story#title": 0.7468690098567063,
    "the-mississippi-basin-an-operational-landscape#content-6": 0.7460490024207613,
    "the-maledives-case#title": 0.7347134310552698,
    "time-and-time-again#title": 0.734615541997125,
    "the-great-green-desert#title": 0.7267965199890134,
    "the-mississippi-basin-an-operational-landscape#title": 0.7251259798988725,
    "voice-and-representation#title": 0.725110745664281,
    "transect-walk-cahokia-mounds-to-fairmont-city#content-1": 0.7204808317489527,
    "the-free-sea#title": 0.7121875631958539,
    "the-free-sea-2#title": 0.7121875631958539,
    "the-terrain-of-the-former-veb-elektrokohle-lichtenberg#content-2": 0.6995138185156639,
    "the-four-dimensional-mississippi#title": 0.6959222432226243,
    "understanding-the-north-american-lost-crops#content-1": 0.6916016743078022,
    "the-great-green-desert#content-1": 0.688498046912403,
    "writing-global-histories-in-the-anthropocene#title": 0.6863400527631573,