{
    "wicked-problems-and-mental-models#content-1": 0.9810443436825095,
    "the-anthropocene-in-light-of-biological-feedback#content-8": 0.9807485239784519,
    "the-floating-ear#content-1": 0.9793494715024724,
    "times-before-and-after#content-1": 0.978624545777459,
    "the-floating-ear#content-3": 0.9784414219946928,
    "the-anthropocene-in-light-of-biological-feedback#content-9": 0.9782993950512616,
    "the-shape-of-a-practice#abstract": 0.977999155956386,
    "the-floating-ear#content-6": 0.9758713374951125,
    "the-anthropocene-in-light-of-biological-feedback#content-4": 0.9756795577797618,
    "the-floating-ear#content-7": 0.9738649634189234,
    "the-floating-ear#content-2": 0.971528229600283,
    "the-mississippi-basin-an-operational-landscape#content-7": 0.970753868406781,
    "the-floating-ear#content-4": 0.9701338224053236,
    "the-free-sea#content-2": 0.9684902627058378,
    "the-terrain-of-the-former-veb-elektrokohle-lichtenberg#content-3": 0.9681002854430404,
    "time-and-time-again#content-2": 0.9679553693104767,
    "the-floating-ear#content-5": 0.9678824795816026,
    "voice-and-representation#content-1": 0.966031098437691,
    "the-hyphen#content-2": 0.9642435925709515,
    "walk-about-it#content-1": 0.9640983771323494,
    "touring-the-anthropocenery-whos-in-charge-here-2014#content-2": 0.9636813517540275,
    "uncalculated-risk#content-8": 0.963503771663151,
    "uncalculated-risk#content-4": 0.9622899699777452,
    "the-mississippi-basin-an-operational-landscape#content-5": 0.9618144478854315,
    "uncalculated-risk#abstract": 0.9611806571789072,
    "the-four-dimensional-mississippi#abstract": 0.9610416596529884,
    "too-little-water-the-lake-chad-story#content-1": 0.9604520173215706,
    "the-terrain-of-the-former-veb-elektrokohle-lichtenberg#content-5": 0.9585602807568847,
    "white-sands#content-3": 0.9585229088215875,
    "the-shape-of-a-practice-online-project-environment#abstract": 0.958026820574062,
    "the-terrain-of-the-former-veb-elektrokohle-lichtenberg#content-1": 0.9574056227760557,
    "the-anthropogenic-influence-onto-the-air-quality-along-the-mississippi-river-findings#content-6": 0.9570625812875013,
    "the-anthropogenic-influence-onto-the-air-quality-along-the-mississippi-river-findings#abstract": 0.9561927558910522,
    "the-hyphen#content-1": 0.9559738680601927,
    "the-four-dimensional-mississippi#content-1": 0.955845387169554,
    "time-out-of-mind#content-3": 0.9554959007322832,
    "the-shape-of-a-practice-seminars#abstract": 0.9550107730551406,
    "timeslips#content-2": 0.9550081514857365,
    "the-hyphen#abstract": 0.9548764179530527,
    "uncalculated-risk#content-6": 0.9536138555663864,
    "tree-x-office#content-1": 0.9535543416977507,
    "time-out-of-mind#abstract": 0.9534476661692822,
    "the-stories-we-tell-the-images-we-take#content-2": 0.9534354904946711,
    "the-confluence-area#abstract": 0.9530110529132007,
    "the-anthropogenic-influence-onto-the-air-quality-along-the-mississippi-river-findings#content-8": 0.9527238096455565,
    "the-anthropogenic-influence-onto-the-air-quality-along-the-mississippi-river-findings#content-2": 0.9519958003548318,
    "the-anthropocene-in-light-of-biological-feedback#content-7": 0.9509236268112494,
    "writing-global-histories-in-the-anthropocene#content-1": 0.9500811645223314,
    "typha-the-once-and-future-planty-companion#abstract": 0.9500462424557021,
    "the-lichtenberg-case#abstract": 0.9494669561657562,
    "uncalculated-risk#content-2": 0.9494404712682196,
    "twin-cities-artist-residency-mississippi-an-anthropocene-story#abstract": 0.9494288138689541,
    "the-mississippi-basin-an-operational-landscape#content-1": 0.9484520888170707,
    "time-out-of-mind#content-5": 0.9477595343703877,
    "time-out-of-mind#content-1": 0.9465593082596969,
    "the-anthropogenic-influence-onto-the-air-quality-along-the-mississippi-river-findings#content-10": 0.9458045429221118,
    "white-sands#content-1": 0.9451160286011723,
    "xaraasi-xanne-crossing-voices#content-2": 0.9442222304522632,
    "the-anthropocene-in-light-of-biological-feedback#content-6": 0.9441478758761972,
    "the-vietnamese-community-in-eastern-new-orleans#content-3": 0.9440922935107671,
    "times-before-and-after#abstract": 0.9421951103540762,
    "the-danish-text#abstract": 0.9420981596029442,
    "the-mississippi-basin-an-operational-landscape#content-3": 0.9414170962065025,
    "the-hedge#content-2": 0.9405113394280938,
    "tree-x-office#abstract": 0.9404027854621698,
    "timeslips#abstract": 0.9393014436922911,
    "walk-about-it#abstract": 0.9365426907876664,
    "the-current-mississippi-an-anthropocene-river#abstract": 0.9340657944013603,
    "the-mississippi-basin-an-operational-landscape#abstract": 0.9293246259986745,
    "the-vietnamese-community-in-eastern-new-orleans#content-1": 0.9283489490749645,
    "the-maledives-case#abstract": 0.927272659449883,
    "understanding-the-north-american-lost-crops#abstract": 0.9259449294791403,
    "this-is-not-about-survival-its-about-bringing-your-coracle#abstract": 0.9256698878585429,
    "us-southwest#content-1": 0.9247701069814473,
    "the-stories-we-tell-the-images-we-take#abstract": 0.9219226330124127,
    "the-anthropogenic-influence-onto-the-air-quality-along-the-mississippi-river-findings#content-4": 0.9176561165472772,
    "touring-the-anthropocenery-whos-in-charge-here-2014#abstract": 0.9121167859204212,
    "the-great-green-desert#abstract": 0.9118836942783558,
    "xaraasi-xanne-crossing-voices#abstract": 0.9084580908246955,
    "the-rights-of-nature#abstract": 0.9081572601287625,
    "too-little-water-the-lake-chad-story#abstract": 0.8976990365130902,
    "the-anthropogenic-influence-onto-the-air-quality-along-the-mississippi-river-findings#content-1": 0.8934282304613997,
    "transect-walk-cahokia-mounds-to-fairmont-city#abstract": 0.8928993615970574,
    "the-shape-of-a-practice-online-project-environment#title": 0.8860324025333007,
    "uncalculated-risk#content-1": 0.8858847431885268,
    "uncalculated-risk#content-5": 0.8833129964277263,
    "time-and-time-again#content-1": 0.8811862676664288,
    "too-little-water-the-lake-chad-story#content-2": 0.8801053307700777,
    "us-southwest#content-3": 0.87293055353953,
    "this-is-not-about-survival-its-about-bringing-your-coracle#content-1": 0.8719721625933969,
    "the-stories-we-tell-the-images-we-take#title": 0.863245717011442,
    "wicked-problems-and-mental-models#abstract": 0.8630047457049018,
    "the-politics-of-modeling#abstract": 0.8616935200331791,
    "the-shape-of-a-practice#title": 0.8595560189104251,
    "white-sands#content-2": 0.8592379100334708,
    "time-out-of-mind#title": 0.8590911873029913,
    "this-is-not-about-survival-its-about-bringing-your-coracle#title": 0.8582971421591211,
    "uncalculated-risk#content-7": 0.8578725413286112,
    "white-sands#abstract": 0.8572474306945912,
    "uncalculated-risk#content-3": 0.8552646909492785,
    "the-anthropogenic-influence-onto-the-air-quality-along-the-mississippi-river-findings#content-5": 0.8541953512193513,
    "the-anthropogenic-influence-onto-the-air-quality-along-the-mississippi-river-findings#content-3": 0.8514661260977507,
    "the-terrain-of-the-former-veb-elektrokohle-lichtenberg#content-4": 0.8501407961156833,
    "the-terrestrial-is-not-the-globe#title": 0.8481565643181361,
    "us-southwest#content-4": 0.847912017256115,
    "time-and-time-again#subtitle": 0.8425524858074805,
    "the-fight-for-alaskas-arctic-has-just-begun#title": 0.839699401504491,
    "the-shape-of-a-practice-seminars#title": 0.8354184699701708,
    "typha-the-once-and-future-planty-companion#title": 0.8326682389509825,
    "the-anthropogenic-influence-onto-the-air-quality-along-the-mississippi-river-findings#content-9": 0.8286040390760782,
    "the-anthropogenic-influence-onto-the-air-quality-along-the-mississippi-river-findings#content-7": 0.8250547192284126,