{
    "the-vietnamese-community-in-eastern-new-orleans#content-3": 0.9840542996842568,
    "uncalculated-risk#abstract": 0.9801352757914927,
    "the-vietnamese-community-in-eastern-new-orleans#content-1": 0.9778537087903868,
    "uncalculated-risk#content-8": 0.9773334740509247,
    "uncalculated-risk#content-2": 0.9748680501746657,
    "uncalculated-risk#content-4": 0.9745978942849225,
    "white-sands#content-3": 0.9743480859513923,
    "xaraasi-xanne-crossing-voices#content-2": 0.9717631156551805,
    "time-out-of-mind#abstract": 0.9711693481524877,
    "time-out-of-mind#content-3": 0.9707079357737615,
    "timeslips#content-2": 0.9697592468787438,
    "white-sands#content-1": 0.9676239264622789,
    "too-little-water-the-lake-chad-story#content-1": 0.966515967018302,
    "uncalculated-risk#content-6": 0.9648612647372519,
    "wicked-problems-and-mental-models#content-1": 0.9637974782555796,
    "tree-x-office#content-1": 0.9636785923522172,
    "times-before-and-after#content-1": 0.9635400276457785,
    "touring-the-anthropocenery-whos-in-charge-here-2014#content-2": 0.9634802090373303,
    "writing-global-histories-in-the-anthropocene#content-1": 0.9613891271733457,
    "walk-about-it#content-1": 0.9608129599827383,
    "time-and-time-again#content-2": 0.9604850531220714,
    "voice-and-representation#content-1": 0.9600228907579218,
    "time-out-of-mind#content-5": 0.9579934224344485,
    "twin-cities-artist-residency-mississippi-an-anthropocene-story#abstract": 0.9571466395445611,
    "timeslips#abstract": 0.9571344161759356,
    "time-out-of-mind#content-1": 0.957025045202365,
    "typha-the-once-and-future-planty-companion#abstract": 0.9503874966978565,
    "us-southwest#content-1": 0.9492262435710678,
    "walk-about-it#abstract": 0.9448686765829545,
    "this-is-not-about-survival-its-about-bringing-your-coracle#abstract": 0.944271711621829,
    "xaraasi-xanne-crossing-voices#abstract": 0.9435023576815397,
    "times-before-and-after#abstract": 0.9378902308138496,
    "understanding-the-north-american-lost-crops#abstract": 0.9357921551840028,
    "tree-x-office#abstract": 0.9350732607753448,
    "too-little-water-the-lake-chad-story#abstract": 0.9295836030184589,
    "touring-the-anthropocenery-whos-in-charge-here-2014#abstract": 0.9281556538219213,
    "transect-walk-cahokia-mounds-to-fairmont-city#abstract": 0.9279033976923947,
    "us-southwest#content-3": 0.9136681224907307,
    "uncalculated-risk#content-5": 0.9104563681536625,
    "uncalculated-risk#content-1": 0.8991759630786522,
    "white-sands#content-2": 0.8849967973115339,
    "uncalculated-risk#content-7": 0.8821894324984976,
    "this-is-not-about-survival-its-about-bringing-your-coracle#content-1": 0.8794284237713573,
    "time-and-time-again#content-1": 0.8744040783342404,
    "white-sands#abstract": 0.8717832139514597,
    "too-little-water-the-lake-chad-story#content-2": 0.8679830376934325,
    "us-southwest#content-4": 0.8648913754544608,
    "uncalculated-risk#content-3": 0.8589192604968472,
    "time-out-of-mind#title": 0.8530816171701154,
    "us-southwest#content-2": 0.8526288923652365,
    "the-terrestrial-is-not-the-globe#title": 0.8464882546573264,
    "typha-the-once-and-future-planty-companion#title": 0.8442877520195936,
    "this-is-not-about-survival-its-about-bringing-your-coracle#title": 0.8405625744632346,
    "wicked-problems-and-mental-models#abstract": 0.8400199022714377,
    "the-vietnamese-community-in-eastern-new-orleans#content-2": 0.832841369803959,
    "touring-the-anthropocenery-whos-in-charge-here-2014#title": 0.8325715277287571,
    "time-and-time-again#subtitle": 0.8314974557116533,
    "understanding-the-north-american-lost-crops#title": 0.8299881049134449,
    "typha-the-once-and-future-planty-companion#content-1": 0.8270743538935972,
    "uncalculated-risk#subtitle": 0.8224472216264866,
    "the-vietnamese-community-in-eastern-new-orleans#content-4": 0.8046033095319155,
    "times-before-and-after#title": 0.8025266201162937,
    "worshipping-along-the-routes-of-migration#title": 0.7854019849975523,
    "transect-walk-cahokia-mounds-to-fairmont-city#content-1": 0.7842686605354585,
    "the-vietnamese-community-in-eastern-new-orleans#title": 0.7764069303060378,
    "this-is-not-about-survival-its-about-bringing-your-coracle#subtitle": 0.7760779402972986,
    "walk-about-it#title": 0.7591806041964317,
    "worshipping-along-the-routes-of-migration#subtitle": 0.7578670981871761,
    "understanding-the-north-american-lost-crops#content-1": 0.7558153890043652,
    "too-little-water-the-lake-chad-story#title": 0.7529028701636582,
    "time-and-time-again#title": 0.7447584782285788,
    "wicked-problems-and-mental-models#title": 0.7441569470212778,
    "tree-x-office#content-2": 0.7080934011326251,
    "writing-global-histories-in-the-anthropocene#title": 0.7044929660195698,
    "voice-and-representation#title": 0.6655936283817192,
    "walk-about-it#content-2": 0.6632920373826517,
    "xaraasi-xanne-crossing-voices#content-1": 0.6450507512517603,
    "us-southwest#title": 0.6426571490091719,
    "transect-walk-cahokia-mounds-to-fairmont-city#subtitle": 0.6335161984434422,
    "walk-about-it#subtitle": 0.6335161984434422,
    "ve-vm-vt-the-ideal-cosmic-messengers#title": 0.5989254336673927,
    "twin-cities-artist-residency-mississippi-an-anthropocene-story#subtitle": 0.5968849672761487,
    "the-terrain-of-the-former-veb-elektrokohle-lichtenberg#title": 0.584584067674473,
    "time-out-of-mind#subtitle": 0.5601303791676491,
    "xaraasi-xanne-crossing-voices#title": 0.5588716476531963,
    "typha-the-once-and-future-planty-companion#subtitle": 0.5421652442992871,
    "twin-cities-artist-residency-mississippi-an-anthropocene-story#title": 0.5245440291052239,
    "time-out-of-mind#content-2": 0.5123747143110545,
    "tree-x-office#title": 0.4849092261494341,
    "tokens-a-rorschach-test#title": 0.4612246133868883,
    "voice-and-representation#abstract": 0.45402650122969107,
    "transect-walk-cahokia-mounds-to-fairmont-city#title": 0.4324717206442272,
    "white-sands#title": 0.426852019130149,
    "understanding-the-north-american-lost-crops#subtitle": 0.4091359281562654,
    "writing-global-histories-in-the-anthropocene#abstract": 0.40195587324217186,
    "voice-and-representation#subtitle": 0.36683889371366013,
    "writing-global-histories-in-the-anthropocene#subtitle": 0.36683889371366013,
    "touring-the-anthropocenery-whos-in-charge-here-2014#content-1": 0.35785349637180675,
    "uncalculated-risk#title": 0.22244740474977073,
    "time-out-of-mind#content-4": 0.19830835350509893,
    "timeslips#title": 0,
    "timeslips#content-1": -0.01644933803609012
}