{
    "uncalculated-risk#content-4": 0.8281629408184258,
    "uncalculated-risk#content-6": 0.8240510455234289,
    "uncalculated-risk#content-2": 0.823760494188947,
    "timeslips#content-2": 0.8227207509992127,
    "transect-walk-cahokia-mounds-to-fairmont-city#abstract": 0.8220368180863282,
    "typha-the-once-and-future-planty-companion#abstract": 0.8185629440984749,
    "xaraasi-xanne-crossing-voices#content-2": 0.812092561635362,
    "uncalculated-risk#content-8": 0.8110375115537717,
    "uncalculated-risk#content-5": 0.8100707149499186,
    "the-vietnamese-community-in-eastern-new-orleans#content-1": 0.8090233120279903,
    "the-terrain-of-the-former-veb-elektrokohle-lichtenberg#content-1": 0.8072585019500177,
    "white-sands#content-3": 0.8064107031989396,
    "white-sands#content-1": 0.801207818687185,
    "touring-the-anthropocenery-whos-in-charge-here-2014#content-2": 0.8011349562875036,
    "tree-x-office#content-1": 0.7997885743279775,
    "uncalculated-risk#abstract": 0.7977902573131744,
    "touring-the-anthropocenery-whos-in-charge-here-2014#abstract": 0.7963772171333799,
    "the-terrain-of-the-former-veb-elektrokohle-lichtenberg#content-5": 0.796014225632962,
    "the-stories-we-tell-the-images-we-take#content-2": 0.795843016718089,
    "the-terrain-of-the-former-veb-elektrokohle-lichtenberg#content-3": 0.7951783656364766,
    "walk-about-it#content-1": 0.7945966868274869,
    "time-out-of-mind#content-3": 0.7934088234359606,
    "time-out-of-mind#content-1": 0.792408174421752,
    "uncalculated-risk#content-7": 0.7909906827830502,
    "timeslips#abstract": 0.7909745233547701,
    "time-out-of-mind#content-5": 0.7893141706253602,
    "time-out-of-mind#abstract": 0.7881305904038663,
    "tree-x-office#abstract": 0.7879420888420778,
    "the-vietnamese-community-in-eastern-new-orleans#content-3": 0.7870156809746961,
    "the-terrestrial-is-not-the-globe#title": 0.7814719084756033,
    "writing-global-histories-in-the-anthropocene#content-1": 0.7814243757818083,
    "twin-cities-artist-residency-mississippi-an-anthropocene-story#abstract": 0.7813441799000369,
    "time-and-time-again#content-2": 0.777289126282639,
    "too-little-water-the-lake-chad-story#content-1": 0.7748824111182837,
    "times-before-and-after#content-1": 0.7723466415532518,
    "walk-about-it#abstract": 0.7692756341736885,
    "us-southwest#content-1": 0.7651226972782192,
    "this-is-not-about-survival-its-about-bringing-your-coracle#abstract": 0.7632959716616351,
    "voice-and-representation#content-1": 0.7625162517099571,
    "wicked-problems-and-mental-models#content-1": 0.760709608234728,
    "times-before-and-after#abstract": 0.7584968417266631,
    "the-stories-we-tell-the-images-we-take#abstract": 0.7581052677713047,
    "uncalculated-risk#content-1": 0.7557818479387776,
    "understanding-the-north-american-lost-crops#abstract": 0.7552978741059089,
    "white-sands#abstract": 0.739024561982996,
    "the-stories-we-tell-the-images-we-take#title": 0.7378493797012927,
    "uncalculated-risk#subtitle": 0.7338957910295162,
    "white-sands#content-2": 0.733154532815385,
    "too-little-water-the-lake-chad-story#abstract": 0.7322428213256933,
    "xaraasi-xanne-crossing-voices#abstract": 0.7284830379351771,
    "worshipping-along-the-routes-of-migration#title": 0.726992620319097,
    "us-southwest#content-2": 0.7235643846990737,
    "us-southwest#content-3": 0.722366182355517,
    "time-out-of-mind#title": 0.7193209799947817,
    "typha-the-once-and-future-planty-companion#title": 0.7155076195394978,
    "uncalculated-risk#content-3": 0.7105989889435055,
    "time-and-time-again#subtitle": 0.7079099570596157,
    "understanding-the-north-american-lost-crops#title": 0.7049367958396429,
    "the-terrain-of-the-former-veb-elektrokohle-lichtenberg#content-4": 0.7009115812579682,
    "time-and-time-again#content-1": 0.6944965445752086,
    "this-is-not-about-survival-its-about-bringing-your-coracle#content-1": 0.6933460876379857,
    "the-vietnamese-community-in-eastern-new-orleans#content-2": 0.6875344266016687,
    "typha-the-once-and-future-planty-companion#content-1": 0.6870756854135188,
    "transect-walk-cahokia-mounds-to-fairmont-city#content-1": 0.67330933081686,
    "times-before-and-after#title": 0.6647256344325533,
    "us-southwest#content-4": 0.6630446404796563,
    "touring-the-anthropocenery-whos-in-charge-here-2014#title": 0.6555466269984068,
    "too-little-water-the-lake-chad-story#title": 0.6459100648212175,
    "understanding-the-north-american-lost-crops#content-1": 0.6426064893961464,
    "too-little-water-the-lake-chad-story#content-2": 0.6389907277051343,
    "the-vietnamese-community-in-eastern-new-orleans#title": 0.6372686137862003,
    "this-is-not-about-survival-its-about-bringing-your-coracle#title": 0.6256425669522532,
    "wicked-problems-and-mental-models#abstract": 0.6234541946349667,
    "walk-about-it#title": 0.6227130616226494,
    "the-vietnamese-community-in-eastern-new-orleans#content-4": 0.62104216298388,
    "writing-global-histories-in-the-anthropocene#title": 0.6202564039703192,
    "this-is-not-about-survival-its-about-bringing-your-coracle#subtitle": 0.6119600723429327,
    "the-terrain-of-the-former-veb-elektrokohle-lichtenberg#title": 0.599034094566214,
    "tree-x-office#content-2": 0.5980761648692722,
    "voice-and-representation#title": 0.5970894153223856,
    "walk-about-it#content-2": 0.5908425079830928,
    "time-and-time-again#title": 0.5795794464998585,
    "worshipping-along-the-routes-of-migration#subtitle": 0.5773074456630302,
    "the-terrain-of-the-former-veb-elektrokohle-lichtenberg#content-2": 0.5723462240464159,
    "wicked-problems-and-mental-models#title": 0.5659442164533445,
    "us-southwest#title": 0.5350961155803139,
    "transect-walk-cahokia-mounds-to-fairmont-city#subtitle": 0.5142576294277119,
    "walk-about-it#subtitle": 0.5142576294277119,
    "ve-vm-vt-the-ideal-cosmic-messengers#title": 0.5092928974936409,
    "xaraasi-xanne-crossing-voices#title": 0.4998188446125886,
    "typha-the-once-and-future-planty-companion#subtitle": 0.47573125239933645,
    "twin-cities-artist-residency-mississippi-an-anthropocene-story#title": 0.45900872214865285,
    "the-stories-we-tell-the-images-we-take#content-1": 0.45313482750544487,
    "xaraasi-xanne-crossing-voices#content-1": 0.4521469749474479,
    "time-out-of-mind#subtitle": 0.4314439990668244,
    "twin-cities-artist-residency-mississippi-an-anthropocene-story#subtitle": 0.41869659054768193,
    "tree-x-office#title": 0.3919366176085722,
    "transect-walk-cahokia-mounds-to-fairmont-city#title": 0.38266307991822435,
    "tokens-a-rorschach-test#title": 0.3794920959547201,
    "time-out-of-mind#content-2": 0.3733431184162758,
    "white-sands#title": 0.3655426654740655,
    "voice-and-representation#abstract": 0.34294629070331056,
    "writing-global-histories-in-the-anthropocene#abstract": 0.3201808354362254,
    "touring-the-anthropocenery-whos-in-charge-here-2014#content-1": 0.3014706665245892,
    "understanding-the-north-american-lost-crops#subtitle": 0.28528607881032364,
    "voice-and-representation#subtitle": 0.2123795470147204,
    "writing-global-histories-in-the-anthropocene#subtitle": 0.2123795470147204,
    "time-out-of-mind#content-4": 0.16019347486900448,
    "uncalculated-risk#title": 0.12886640770296023,
    "timeslips#content-1": 0.0066978639478533445,
    "timeslips#title": 0
}