{
    "time-out-of-mind#content-5": 0.9371285582986805,
    "time-out-of-mind#content-3": 0.9276104529940254,
    "times-before-and-after#abstract": 0.9206611817856256,
    "time-out-of-mind#content-1": 0.9141795587488014,
    "touring-the-anthropocenery-whos-in-charge-here-2014#content-2": 0.9138436968956892,
    "times-before-and-after#content-1": 0.9061739442754524,
    "touring-the-anthropocenery-whos-in-charge-here-2014#abstract": 0.9031362324532956,
    "wicked-problems-and-mental-models#content-1": 0.9024186746904524,
    "time-and-time-again#content-2": 0.9014517072032716,
    "timeslips#abstract": 0.8998523531634273,
    "walk-about-it#content-1": 0.899334575956682,
    "uncalculated-risk#content-8": 0.8972415327976413,
    "timeslips#content-2": 0.8967977430432155,
    "tree-x-office#content-1": 0.89525486075423,
    "white-sands#content-3": 0.8926742144730598,
    "typha-the-once-and-future-planty-companion#abstract": 0.8900920290169848,
    "time-out-of-mind#abstract": 0.8891177332346523,
    "voice-and-representation#content-1": 0.8875048644787149,
    "uncalculated-risk#content-2": 0.8853037236248701,
    "us-southwest#content-1": 0.8813068428682441,
    "uncalculated-risk#content-4": 0.8794524205290509,
    "uncalculated-risk#abstract": 0.8737319950311302,
    "time-out-of-mind#title": 0.8724062865660566,
    "walk-about-it#abstract": 0.8704402669546341,
    "uncalculated-risk#content-6": 0.8702350311331646,
    "xaraasi-xanne-crossing-voices#content-2": 0.8692614510492327,
    "twin-cities-artist-residency-mississippi-an-anthropocene-story#abstract": 0.8681142692380415,
    "white-sands#content-1": 0.8678864466336019,
    "understanding-the-north-american-lost-crops#abstract": 0.867825092448922,
    "tree-x-office#abstract": 0.8623447227226411,
    "time-and-time-again#content-1": 0.8597834943391179,
    "writing-global-histories-in-the-anthropocene#content-1": 0.8519194698393943,
    "xaraasi-xanne-crossing-voices#abstract": 0.8502522802565489,
    "white-sands#abstract": 0.8429249485774726,
    "too-little-water-the-lake-chad-story#content-1": 0.8425899122627806,
    "white-sands#content-2": 0.8363960558094865,
    "us-southwest#content-3": 0.8354818023690571,
    "us-southwest#content-2": 0.8316687748766038,
    "transect-walk-cahokia-mounds-to-fairmont-city#abstract": 0.8263990868265567,
    "times-before-and-after#title": 0.8261196765953976,
    "this-is-not-about-survival-its-about-bringing-your-coracle#title": 0.8259213864492083,
    "uncalculated-risk#content-5": 0.8245009267829916,
    "walk-about-it#title": 0.8240621286568756,
    "uncalculated-risk#content-1": 0.8229970352268091,
    "too-little-water-the-lake-chad-story#abstract": 0.8214009753505418,
    "uncalculated-risk#content-7": 0.8171615094345533,
    "too-little-water-the-lake-chad-story#content-2": 0.8088858827283416,
    "uncalculated-risk#content-3": 0.8041497280430598,
    "too-little-water-the-lake-chad-story#title": 0.8008572337702876,
    "wicked-problems-and-mental-models#abstract": 0.7991261714875882,
    "typha-the-once-and-future-planty-companion#title": 0.7967694378048448,
    "typha-the-once-and-future-planty-companion#content-1": 0.7906331466624884,
    "this-is-not-about-survival-its-about-bringing-your-coracle#subtitle": 0.7895756011616221,
    "touring-the-anthropocenery-whos-in-charge-here-2014#title": 0.7720958052205473,
    "time-and-time-again#title": 0.7666076493560279,
    "time-and-time-again#subtitle": 0.7612081465198496,
    "understanding-the-north-american-lost-crops#title": 0.7365781761649124,
    "us-southwest#content-4": 0.7269494702575662,
    "walk-about-it#content-2": 0.7260891627885177,
    "transect-walk-cahokia-mounds-to-fairmont-city#content-1": 0.7166593898981156,
    "uncalculated-risk#subtitle": 0.7133579476127765,
    "wicked-problems-and-mental-models#title": 0.6888688535272414,
    "tree-x-office#content-2": 0.6773101527951844,
    "worshipping-along-the-routes-of-migration#title": 0.6609321314185089,
    "understanding-the-north-american-lost-crops#content-1": 0.6548365116858555,
    "xaraasi-xanne-crossing-voices#content-1": 0.6486284130093407,
    "worshipping-along-the-routes-of-migration#subtitle": 0.6396677495785739,
    "ve-vm-vt-the-ideal-cosmic-messengers#title": 0.6227858382015471,
    "typha-the-once-and-future-planty-companion#subtitle": 0.614696244584727,
    "us-southwest#title": 0.6067622198051986,
    "transect-walk-cahokia-mounds-to-fairmont-city#subtitle": 0.5970994723592354,
    "walk-about-it#subtitle": 0.5970994723592354,
    "voice-and-representation#title": 0.5911466890573749,
    "writing-global-histories-in-the-anthropocene#title": 0.5893929951319855,
    "voice-and-representation#abstract": 0.5579897232334176,
    "time-out-of-mind#content-2": 0.5301584295256608,
    "xaraasi-xanne-crossing-voices#title": 0.5261951920538113,
    "twin-cities-artist-residency-mississippi-an-anthropocene-story#title": 0.5197449720958739,
    "twin-cities-artist-residency-mississippi-an-anthropocene-story#subtitle": 0.5072101663299092,
    "tree-x-office#title": 0.5048250390514715,
    "tokens-a-rorschach-test#title": 0.49731147352264005,
    "writing-global-histories-in-the-anthropocene#abstract": 0.48061299909377225,
    "touring-the-anthropocenery-whos-in-charge-here-2014#content-1": 0.46001935282793244,
    "time-out-of-mind#subtitle": 0.43474850785481867,
    "transect-walk-cahokia-mounds-to-fairmont-city#title": 0.42195458835755895,
    "white-sands#title": 0.3932732777890689,
    "understanding-the-north-american-lost-crops#subtitle": 0.37668002153685237,
    "time-out-of-mind#content-4": 0.3693337296006644,
    "voice-and-representation#subtitle": 0.30859682502386976,
    "writing-global-histories-in-the-anthropocene#subtitle": 0.30859682502386976,
    "uncalculated-risk#title": 0.15855493848135413,
    "timeslips#content-1": 0.13984835434077697,
    "timeslips#title": 0
}