{
    "wicked-problems-and-mental-models#content-1": 0.8716346707310756,
    "walk-about-it#content-1": 0.8707910460050706,
    "time-and-time-again#content-2": 0.8695169100287453,
    "times-before-and-after#content-1": 0.8660541123422457,
    "time-out-of-mind#content-5": 0.8624609508106127,
    "times-before-and-after#abstract": 0.8613612380800453,
    "touring-the-anthropocenery-whos-in-charge-here-2014#content-2": 0.8601372664920149,
    "time-out-of-mind#content-3": 0.858862815930303,
    "timeslips#content-2": 0.8521665952458656,
    "uncalculated-risk#content-8": 0.8509701846632184,
    "white-sands#content-3": 0.8443799389555136,
    "time-out-of-mind#abstract": 0.8442382410533147,
    "voice-and-representation#content-1": 0.8434236680236233,
    "uncalculated-risk#content-4": 0.8418933092821702,
    "time-out-of-mind#content-1": 0.8394050946750738,
    "uncalculated-risk#abstract": 0.8374965536680958,
    "typha-the-once-and-future-planty-companion#abstract": 0.834192963954567,
    "tree-x-office#content-1": 0.8335255215872349,
    "uncalculated-risk#content-2": 0.8334730423771483,
    "understanding-the-north-american-lost-crops#abstract": 0.83045440691287,
    "walk-about-it#abstract": 0.8302798320539698,
    "too-little-water-the-lake-chad-story#content-1": 0.8298725196019372,
    "timeslips#abstract": 0.8293198364873644,
    "xaraasi-xanne-crossing-voices#content-2": 0.8277573312019781,
    "uncalculated-risk#content-6": 0.8268732436446994,
    "writing-global-histories-in-the-anthropocene#content-1": 0.8237562214581314,
    "white-sands#content-1": 0.8204141142583287,
    "us-southwest#content-1": 0.8179887755977264,
    "touring-the-anthropocenery-whos-in-charge-here-2014#abstract": 0.8127361608292015,
    "twin-cities-artist-residency-mississippi-an-anthropocene-story#abstract": 0.811178401039531,
    "tree-x-office#abstract": 0.8072025052655031,
    "xaraasi-xanne-crossing-voices#abstract": 0.796057414628515,
    "time-out-of-mind#title": 0.7828857645295373,
    "walk-about-it#title": 0.7786591558775183,
    "time-and-time-again#content-1": 0.7725344345627962,
    "wicked-problems-and-mental-models#abstract": 0.7720450028064401,
    "too-little-water-the-lake-chad-story#abstract": 0.7719195231396593,
    "transect-walk-cahokia-mounds-to-fairmont-city#abstract": 0.7697480404812657,
    "us-southwest#content-2": 0.7484129932459722,
    "us-southwest#content-3": 0.7445631247268378,
    "uncalculated-risk#content-1": 0.7409046365565318,
    "white-sands#content-2": 0.7381854695200268,
    "too-little-water-the-lake-chad-story#content-2": 0.73673135475043,
    "white-sands#abstract": 0.7365914054279135,
    "time-and-time-again#subtitle": 0.7360481578163826,
    "uncalculated-risk#content-5": 0.735549861330853,
    "touring-the-anthropocenery-whos-in-charge-here-2014#title": 0.7327314362170819,
    "typha-the-once-and-future-planty-companion#title": 0.7286233762043369,
    "too-little-water-the-lake-chad-story#title": 0.7261293943270924,
    "us-southwest#content-4": 0.7140470931730448,
    "uncalculated-risk#content-7": 0.7070845014929925,
    "uncalculated-risk#content-3": 0.7058264004517683,
    "understanding-the-north-american-lost-crops#title": 0.7049294254465055,
    "uncalculated-risk#subtitle": 0.6995465342485216,
    "times-before-and-after#title": 0.6908256003701811,
    "time-and-time-again#title": 0.6707119512747046,
    "wicked-problems-and-mental-models#title": 0.6562986277976761,
    "typha-the-once-and-future-planty-companion#content-1": 0.6547268876037396,
    "worshipping-along-the-routes-of-migration#subtitle": 0.651874919896848,
    "worshipping-along-the-routes-of-migration#title": 0.6446221410909527,
    "transect-walk-cahokia-mounds-to-fairmont-city#content-1": 0.603443068333851,
    "writing-global-histories-in-the-anthropocene#title": 0.57992648297851,
    "understanding-the-north-american-lost-crops#content-1": 0.5745581992476925,
    "tree-x-office#content-2": 0.5715520510653134,
    "walk-about-it#content-2": 0.5466484150115261,
    "voice-and-representation#title": 0.5411561629560263,
    "us-southwest#title": 0.5213714196253922,
    "transect-walk-cahokia-mounds-to-fairmont-city#subtitle": 0.5105762023086123,
    "walk-about-it#subtitle": 0.5105762023086123,
    "ve-vm-vt-the-ideal-cosmic-messengers#title": 0.5041569081069703,
    "xaraasi-xanne-crossing-voices#content-1": 0.5031177823072114,
    "twin-cities-artist-residency-mississippi-an-anthropocene-story#title": 0.471236571872899,
    "tokens-a-rorschach-test#title": 0.4589031433112716,
    "twin-cities-artist-residency-mississippi-an-anthropocene-story#subtitle": 0.45145954624378887,
    "xaraasi-xanne-crossing-voices#title": 0.44356028760262844,
    "typha-the-once-and-future-planty-companion#subtitle": 0.41808394328080145,
    "tree-x-office#title": 0.4104778011128343,
    "time-out-of-mind#content-2": 0.3986265252876387,
    "time-out-of-mind#subtitle": 0.39600443821960646,
    "understanding-the-north-american-lost-crops#subtitle": 0.3871504050669564,
    "voice-and-representation#abstract": 0.36624656594399907,
    "white-sands#title": 0.3469859182678626,
    "writing-global-histories-in-the-anthropocene#abstract": 0.32265124186060445,
    "touring-the-anthropocenery-whos-in-charge-here-2014#content-1": 0.3186550920856162,
    "transect-walk-cahokia-mounds-to-fairmont-city#title": 0.3127334437496506,
    "voice-and-representation#subtitle": 0.29171433127007407,
    "writing-global-histories-in-the-anthropocene#subtitle": 0.29171433127007407,
    "uncalculated-risk#title": 0.23774233764036334,
    "time-out-of-mind#content-4": 0.1533488536129929,
    "timeslips#content-1": 0.01053188372483259,
    "timeslips#title": 0
}