{
    "touring-the-anthropocenery-whos-in-charge-here-2014#content-2": 0.9662882786561824,
    "times-before-and-after#content-1": 0.965408532353131,
    "wicked-problems-and-mental-models#content-1": 0.9552588161810326,
    "uncalculated-risk#content-8": 0.9473004925910253,
    "walk-about-it#content-1": 0.9452881458983244,
    "white-sands#content-3": 0.9452222093941723,
    "timeslips#content-2": 0.9429669858713324,
    "voice-and-representation#content-1": 0.9423960526182409,
    "typha-the-once-and-future-planty-companion#abstract": 0.9404721494247913,
    "tree-x-office#content-1": 0.9380068845182934,
    "uncalculated-risk#content-4": 0.9359416110389192,
    "uncalculated-risk#content-2": 0.9326857656802113,
    "timeslips#abstract": 0.9308293431851681,
    "touring-the-anthropocenery-whos-in-charge-here-2014#abstract": 0.929627626458191,
    "uncalculated-risk#abstract": 0.9286639197000889,
    "uncalculated-risk#content-6": 0.9269639604084812,
    "writing-global-histories-in-the-anthropocene#content-1": 0.9245684969768032,
    "white-sands#content-1": 0.9219778162975757,
    "us-southwest#content-1": 0.9195055171556219,
    "understanding-the-north-american-lost-crops#abstract": 0.9164854500279462,
    "xaraasi-xanne-crossing-voices#content-2": 0.9148773592603588,
    "too-little-water-the-lake-chad-story#content-1": 0.914145694862653,
    "tree-x-office#abstract": 0.9118749042145171,
    "twin-cities-artist-residency-mississippi-an-anthropocene-story#abstract": 0.9109537602334518,
    "walk-about-it#abstract": 0.9034509540781633,
    "transect-walk-cahokia-mounds-to-fairmont-city#abstract": 0.8803051377480873,
    "xaraasi-xanne-crossing-voices#abstract": 0.8784854853886364,
    "white-sands#abstract": 0.8620698817028996,
    "too-little-water-the-lake-chad-story#abstract": 0.857230860418739,
    "uncalculated-risk#content-5": 0.8478847633218545,
    "us-southwest#content-2": 0.8471929268035118,
    "us-southwest#content-3": 0.8470420377709653,
    "uncalculated-risk#content-1": 0.8464136447999704,
    "times-before-and-after#title": 0.8437022426793735,
    "white-sands#content-2": 0.8428555227657707,
    "typha-the-once-and-future-planty-companion#title": 0.8408334577785944,
    "uncalculated-risk#content-7": 0.8341801750886397,
    "too-little-water-the-lake-chad-story#content-2": 0.8315767405123022,
    "wicked-problems-and-mental-models#abstract": 0.8257251919896287,
    "touring-the-anthropocenery-whos-in-charge-here-2014#title": 0.813759384528936,
    "uncalculated-risk#content-3": 0.8121211859332168,
    "walk-about-it#title": 0.8069227151308905,
    "us-southwest#content-4": 0.7902457432746157,
    "typha-the-once-and-future-planty-companion#content-1": 0.784962273630794,
    "uncalculated-risk#subtitle": 0.7690282378703601,
    "understanding-the-north-american-lost-crops#title": 0.7590057569848478,
    "too-little-water-the-lake-chad-story#title": 0.7581403564720465,
    "transect-walk-cahokia-mounds-to-fairmont-city#content-1": 0.7460138086632521,
    "wicked-problems-and-mental-models#title": 0.7141063949269566,
    "tree-x-office#content-2": 0.7091744551140615,
    "understanding-the-north-american-lost-crops#content-1": 0.7073710434852397,
    "worshipping-along-the-routes-of-migration#title": 0.7049129733052131,
    "worshipping-along-the-routes-of-migration#subtitle": 0.7004883256735389,
    "writing-global-histories-in-the-anthropocene#title": 0.6972672945052656,
    "walk-about-it#content-2": 0.6500177653721162,
    "xaraasi-xanne-crossing-voices#content-1": 0.6380415002389269,
    "voice-and-representation#title": 0.6330609164087572,
    "ve-vm-vt-the-ideal-cosmic-messengers#title": 0.6143900273869071,
    "transect-walk-cahokia-mounds-to-fairmont-city#subtitle": 0.6061194470832806,
    "walk-about-it#subtitle": 0.6061194470832806,
    "twin-cities-artist-residency-mississippi-an-anthropocene-story#title": 0.578990085895614,
    "us-southwest#title": 0.5768628039819904,
    "typha-the-once-and-future-planty-companion#subtitle": 0.5354196419584482,
    "twin-cities-artist-residency-mississippi-an-anthropocene-story#subtitle": 0.5199531261370626,
    "xaraasi-xanne-crossing-voices#title": 0.517510725743717,
    "tokens-a-rorschach-test#title": 0.4875872878478446,
    "tree-x-office#title": 0.4776790277605486,
    "voice-and-representation#abstract": 0.4494847586898141,
    "transect-walk-cahokia-mounds-to-fairmont-city#title": 0.39695023715153155,
    "writing-global-histories-in-the-anthropocene#abstract": 0.3932899616501279,
    "white-sands#title": 0.39074476356257615,
    "understanding-the-north-american-lost-crops#subtitle": 0.3818526287907769,
    "touring-the-anthropocenery-whos-in-charge-here-2014#content-1": 0.37149097895185523,
    "voice-and-representation#subtitle": 0.3065959317426724,
    "writing-global-histories-in-the-anthropocene#subtitle": 0.3065959317426724,
    "uncalculated-risk#title": 0.22401530745915982,
    "timeslips#content-1": 0.013383299202061124,
    "timeslips#title": 0
}