{
    "walk-about-it#content-2": 0.581336798398546,
    "touring-the-anthropocenery-whos-in-charge-here-2014#content-1": 0.5627017206372065,
    "voice-and-representation#abstract": 0.5526394100269744,
    "writing-global-histories-in-the-anthropocene#abstract": 0.5175830146700438,
    "timeslips#content-1": 0.4590344750728904,
    "typha-the-once-and-future-planty-companion#subtitle": 0.42161941289966465,
    "typha-the-once-and-future-planty-companion#content-1": 0.4157032867597948,
    "white-sands#content-2": 0.3772515121915312,
    "too-little-water-the-lake-chad-story#title": 0.3513242955247016,
    "uncalculated-risk#content-7": 0.3156001023316896,
    "white-sands#abstract": 0.30782595475529984,
    "us-southwest#content-3": 0.29967629942852503,
    "uncalculated-risk#content-5": 0.2946521400597187,
    "uncalculated-risk#content-3": 0.293665809746838,
    "twin-cities-artist-residency-mississippi-an-anthropocene-story#title": 0.29353503675963827,
    "tree-x-office#content-2": 0.28247545727922374,
    "timeslips#abstract": 0.27551946081867984,
    "xaraasi-xanne-crossing-voices#content-1": 0.2700444743595263,
    "xaraasi-xanne-crossing-voices#abstract": 0.26571404776612134,
    "understanding-the-north-american-lost-crops#title": 0.26321799860609585,
    "transect-walk-cahokia-mounds-to-fairmont-city#content-1": 0.2631702049573581,
    "uncalculated-risk#content-1": 0.2623265213640852,
    "transect-walk-cahokia-mounds-to-fairmont-city#title": 0.24853992213252865,
    "time-out-of-mind#content-5": 0.23554086282194567,
    "xaraasi-xanne-crossing-voices#content-2": 0.23541388508618746,
    "understanding-the-north-american-lost-crops#content-1": 0.2330907407657696,
    "tree-x-office#abstract": 0.23241616200131485,
    "tree-x-office#content-1": 0.23154971060105184,
    "ve-vm-vt-the-ideal-cosmic-messengers#title": 0.23133365510575737,
    "touring-the-anthropocenery-whos-in-charge-here-2014#abstract": 0.2300508016266776,
    "us-southwest#content-1": 0.22936713461339864,
    "walk-about-it#abstract": 0.22870261745132417,
    "touring-the-anthropocenery-whos-in-charge-here-2014#content-2": 0.2270350882772794,
    "transect-walk-cahokia-mounds-to-fairmont-city#abstract": 0.22581278442556768,
    "too-little-water-the-lake-chad-story#abstract": 0.2212185278048674,
    "typha-the-once-and-future-planty-companion#abstract": 0.22072998221930706,
    "white-sands#content-3": 0.22036558681002633,
    "white-sands#title": 0.21963822091309523,
    "tree-x-office#title": 0.21948123800293753,
    "timeslips#content-2": 0.21596318153254915,
    "uncalculated-risk#content-2": 0.21343403816450146,
    "twin-cities-artist-residency-mississippi-an-anthropocene-story#abstract": 0.21144939827555473,
    "walk-about-it#content-1": 0.21074452021472792,
    "times-before-and-after#abstract": 0.20806431875323605,
    "white-sands#content-1": 0.20763404905792002,
    "twin-cities-artist-residency-mississippi-an-anthropocene-story#subtitle": 0.20461962690797417,
    "transect-walk-cahokia-mounds-to-fairmont-city#subtitle": 0.20230748078048613,
    "walk-about-it#subtitle": 0.20230748078048613,
    "uncalculated-risk#subtitle": 0.20217565705118695,
    "too-little-water-the-lake-chad-story#content-2": 0.20172119766208507,
    "walk-about-it#title": 0.20136170650149823,
    "tokens-a-rorschach-test#title": 0.20113961586526655,
    "us-southwest#title": 0.2003623274896465,
    "uncalculated-risk#content-8": 0.19978576661804823,
    "us-southwest#content-2": 0.1981772324488738,
    "uncalculated-risk#content-6": 0.1979850425062348,
    "understanding-the-north-american-lost-crops#abstract": 0.19607332149954404,
    "typha-the-once-and-future-planty-companion#title": 0.19365574709874678,
    "times-before-and-after#content-1": 0.1927208348870889,
    "time-out-of-mind#subtitle": 0.19239181916332265,
    "writing-global-histories-in-the-anthropocene#content-1": 0.1913548202164415,
    "uncalculated-risk#abstract": 0.18961424290541468,
    "voice-and-representation#content-1": 0.18769697759220016,
    "uncalculated-risk#content-4": 0.1851273963078559,
    "time-out-of-mind#title": 0.1764308247979052,
    "wicked-problems-and-mental-models#content-1": 0.17407952254988251,
    "too-little-water-the-lake-chad-story#content-1": 0.17168289915835588,
    "us-southwest#content-4": 0.15353595587232916,
    "times-before-and-after#title": 0.15281624503046076,
    "writing-global-histories-in-the-anthropocene#title": 0.15259691091673655,
    "wicked-problems-and-mental-models#title": 0.14613899157468613,
    "understanding-the-north-american-lost-crops#subtitle": 0.13763970857593524,
    "voice-and-representation#subtitle": 0.1353247214241751,
    "writing-global-histories-in-the-anthropocene#subtitle": 0.1353247214241751,
    "worshipping-along-the-routes-of-migration#title": 0.1349688395996747,
    "voice-and-representation#title": 0.12400625767893628,
    "wicked-problems-and-mental-models#abstract": 0.12040151854110934,
    "touring-the-anthropocenery-whos-in-charge-here-2014#title": 0.11786522997751096,
    "worshipping-along-the-routes-of-migration#subtitle": 0.11723806753701685,
    "xaraasi-xanne-crossing-voices#title": 0.11142963219665361,
    "timeslips#title": 0,
    "uncalculated-risk#title": -0.02531246778066695
}