{
    "touring-the-anthropocenery-whos-in-charge-here-2014#content-2": 0.8998354449194448,
    "touring-the-anthropocenery-whos-in-charge-here-2014#abstract": 0.8930831613672722,
    "typha-the-once-and-future-planty-companion#abstract": 0.8889240620753157,
    "times-before-and-after#content-1": 0.8883428362494623,
    "walk-about-it#content-1": 0.8882502123912009,
    "wicked-problems-and-mental-models#content-1": 0.8841684815620503,
    "times-before-and-after#abstract": 0.8819959581567158,
    "timeslips#content-2": 0.8786849564445168,
    "uncalculated-risk#content-8": 0.874858310529149,
    "uncalculated-risk#content-4": 0.8709388501707479,
    "tree-x-office#content-1": 0.8656362914873326,
    "white-sands#content-3": 0.8654207590788143,
    "voice-and-representation#content-1": 0.862852553433024,
    "uncalculated-risk#content-2": 0.8622195634206898,
    "timeslips#abstract": 0.8601207603114038,
    "twin-cities-artist-residency-mississippi-an-anthropocene-story#abstract": 0.8596328544544769,
    "uncalculated-risk#content-6": 0.8589929493293996,
    "uncalculated-risk#abstract": 0.8588313675240813,
    "xaraasi-xanne-crossing-voices#content-2": 0.8578265554932538,
    "walk-about-it#abstract": 0.8555059486694109,
    "understanding-the-north-american-lost-crops#abstract": 0.8550579647478755,
    "white-sands#content-1": 0.8454951546418727,
    "writing-global-histories-in-the-anthropocene#content-1": 0.8391280077126907,
    "too-little-water-the-lake-chad-story#content-1": 0.8337063994444887,
    "tree-x-office#abstract": 0.8293962121587295,
    "us-southwest#content-1": 0.8249794592562543,
    "transect-walk-cahokia-mounds-to-fairmont-city#abstract": 0.820609522120696,
    "walk-about-it#title": 0.8049095765159507,
    "uncalculated-risk#content-5": 0.8017759320678423,
    "xaraasi-xanne-crossing-voices#abstract": 0.7976333998702779,
    "times-before-and-after#title": 0.7965341156010373,
    "typha-the-once-and-future-planty-companion#title": 0.7954045962711752,
    "touring-the-anthropocenery-whos-in-charge-here-2014#title": 0.791872812717567,
    "too-little-water-the-lake-chad-story#abstract": 0.7854567236018433,
    "uncalculated-risk#content-1": 0.7797074323016708,
    "white-sands#abstract": 0.7740327377664306,
    "us-southwest#content-3": 0.7707296392093763,
    "wicked-problems-and-mental-models#abstract": 0.767535961363683,
    "us-southwest#content-2": 0.7651703591622397,
    "uncalculated-risk#content-7": 0.7629818878627318,
    "white-sands#content-2": 0.7606400032001286,
    "too-little-water-the-lake-chad-story#content-2": 0.7527412928095095,
    "uncalculated-risk#content-3": 0.7466439919525847,
    "too-little-water-the-lake-chad-story#title": 0.740121137944593,
    "uncalculated-risk#subtitle": 0.7192070358818478,
    "typha-the-once-and-future-planty-companion#content-1": 0.7106985467673559,
    "us-southwest#content-4": 0.7004541228888663,
    "understanding-the-north-american-lost-crops#title": 0.697072612398749,
    "wicked-problems-and-mental-models#title": 0.6927461834942086,
    "worshipping-along-the-routes-of-migration#title": 0.6920662673340997,
    "transect-walk-cahokia-mounds-to-fairmont-city#content-1": 0.6817013453773124,
    "understanding-the-north-american-lost-crops#content-1": 0.6355308842778371,
    "transect-walk-cahokia-mounds-to-fairmont-city#subtitle": 0.6175159091350803,
    "walk-about-it#subtitle": 0.6175159091350803,
    "tree-x-office#content-2": 0.6086147700336445,
    "walk-about-it#content-2": 0.6030820147604735,
    "worshipping-along-the-routes-of-migration#subtitle": 0.5979001785056457,
    "voice-and-representation#title": 0.5861260816602324,
    "writing-global-histories-in-the-anthropocene#title": 0.5843628625399699,
    "us-southwest#title": 0.5642148292564129,
    "ve-vm-vt-the-ideal-cosmic-messengers#title": 0.5630589185735382,
    "xaraasi-xanne-crossing-voices#content-1": 0.5507586080973067,
    "typha-the-once-and-future-planty-companion#subtitle": 0.5142326623816902,
    "xaraasi-xanne-crossing-voices#title": 0.48381448442155034,
    "twin-cities-artist-residency-mississippi-an-anthropocene-story#subtitle": 0.4782263827200023,
    "tokens-a-rorschach-test#title": 0.4530129320811273,
    "tree-x-office#title": 0.43175205284723994,
    "twin-cities-artist-residency-mississippi-an-anthropocene-story#title": 0.42782627521745087,
    "transect-walk-cahokia-mounds-to-fairmont-city#title": 0.3718333145534743,
    "voice-and-representation#abstract": 0.3713889641094068,
    "white-sands#title": 0.355586202657048,
    "understanding-the-north-american-lost-crops#subtitle": 0.3356829249632231,
    "writing-global-histories-in-the-anthropocene#abstract": 0.3247455952510582,
    "touring-the-anthropocenery-whos-in-charge-here-2014#content-1": 0.3177219209215859,
    "voice-and-representation#subtitle": 0.2761496127792587,
    "writing-global-histories-in-the-anthropocene#subtitle": 0.2761496127792587,
    "uncalculated-risk#title": 0.17231973557490216,
    "timeslips#title": 0,
    "timeslips#content-1": -0.006836046431771026
}