{
    "uncalculated-risk#content-8": 0.9894717263653934,
    "uncalculated-risk#content-2": 0.9894434972500958,
    "uncalculated-risk#content-6": 0.9855087659584019,
    "uncalculated-risk#content-4": 0.9827614078150481,
    "white-sands#content-3": 0.9810143936571235,
    "uncalculated-risk#abstract": 0.9734008316425683,
    "white-sands#content-1": 0.9730934656902573,
    "touring-the-anthropocenery-whos-in-charge-here-2014#content-2": 0.9710521164374004,
    "tree-x-office#content-1": 0.9690272643239521,
    "typha-the-once-and-future-planty-companion#abstract": 0.9642475421691881,
    "wicked-problems-and-mental-models#content-1": 0.9615548391429237,
    "walk-about-it#content-1": 0.9613934156633455,
    "too-little-water-the-lake-chad-story#content-1": 0.9586051014997137,
    "xaraasi-xanne-crossing-voices#content-2": 0.9576807114796396,
    "us-southwest#content-1": 0.9531188371572008,
    "touring-the-anthropocenery-whos-in-charge-here-2014#abstract": 0.94695749117055,
    "voice-and-representation#content-1": 0.9467421798430505,
    "transect-walk-cahokia-mounds-to-fairmont-city#abstract": 0.9459165221970907,
    "tree-x-office#abstract": 0.944532905179396,
    "twin-cities-artist-residency-mississippi-an-anthropocene-story#abstract": 0.9443713063875624,
    "walk-about-it#abstract": 0.9438533469183943,
    "writing-global-histories-in-the-anthropocene#content-1": 0.9433171635100838,
    "understanding-the-north-american-lost-crops#abstract": 0.9406962423998589,
    "uncalculated-risk#content-5": 0.9336188281126178,
    "too-little-water-the-lake-chad-story#abstract": 0.9172916240907873,
    "xaraasi-xanne-crossing-voices#abstract": 0.9108233641394007,
    "uncalculated-risk#content-1": 0.9101627657539136,
    "uncalculated-risk#content-7": 0.909972141744098,
    "us-southwest#content-3": 0.9005307910723175,
    "white-sands#content-2": 0.8987413201575669,
    "us-southwest#content-2": 0.8731634769691087,
    "white-sands#abstract": 0.8671004915692385,
    "uncalculated-risk#content-3": 0.8562743447929326,
    "us-southwest#content-4": 0.8548800713042713,
    "too-little-water-the-lake-chad-story#content-2": 0.8462890895221495,
    "typha-the-once-and-future-planty-companion#title": 0.8367956157329747,
    "uncalculated-risk#subtitle": 0.8354082316919288,
    "wicked-problems-and-mental-models#abstract": 0.8350305719517241,
    "understanding-the-north-american-lost-crops#title": 0.8340189180861309,
    "touring-the-anthropocenery-whos-in-charge-here-2014#title": 0.8272480259524796,
    "typha-the-once-and-future-planty-companion#content-1": 0.81270426178035,
    "transect-walk-cahokia-mounds-to-fairmont-city#content-1": 0.8062148463693957,
    "worshipping-along-the-routes-of-migration#title": 0.803806869012442,
    "too-little-water-the-lake-chad-story#title": 0.8029931367349495,
    "walk-about-it#title": 0.7969811250702046,
    "understanding-the-north-american-lost-crops#content-1": 0.7778077155954874,
    "worshipping-along-the-routes-of-migration#subtitle": 0.7237555933945911,
    "wicked-problems-and-mental-models#title": 0.7229952202651099,
    "tree-x-office#content-2": 0.7074485867907641,
    "walk-about-it#content-2": 0.6955480101618758,
    "writing-global-histories-in-the-anthropocene#title": 0.667164587214074,
    "us-southwest#title": 0.6585801364601208,
    "transect-walk-cahokia-mounds-to-fairmont-city#subtitle": 0.649621523222934,
    "walk-about-it#subtitle": 0.649621523222934,
    "voice-and-representation#title": 0.6483729503818288,
    "xaraasi-xanne-crossing-voices#content-1": 0.6294517532867778,
    "ve-vm-vt-the-ideal-cosmic-messengers#title": 0.6102025863129882,
    "xaraasi-xanne-crossing-voices#title": 0.5808443011881202,
    "twin-cities-artist-residency-mississippi-an-anthropocene-story#subtitle": 0.570164390874807,
    "typha-the-once-and-future-planty-companion#subtitle": 0.5585666800191256,
    "twin-cities-artist-residency-mississippi-an-anthropocene-story#title": 0.5337712203108723,
    "tree-x-office#title": 0.4996526724416444,
    "transect-walk-cahokia-mounds-to-fairmont-city#title": 0.466223984831468,
    "tokens-a-rorschach-test#title": 0.462138611502758,
    "white-sands#title": 0.4544609293730738,
    "voice-and-representation#abstract": 0.43807330195920713,
    "understanding-the-north-american-lost-crops#subtitle": 0.38504254401664656,
    "touring-the-anthropocenery-whos-in-charge-here-2014#content-1": 0.38423594741645867,
    "writing-global-histories-in-the-anthropocene#abstract": 0.38201548489091924,
    "voice-and-representation#subtitle": 0.311097446806675,
    "writing-global-histories-in-the-anthropocene#subtitle": 0.311097446806675,
    "uncalculated-risk#title": 0.21552616677230121,
    "timeslips#title": 0
}