{
    "understanding-the-north-american-lost-crops#title": 0.6486603905796198,
    "transect-walk-cahokia-mounds-to-fairmont-city#abstract": 0.6349197338260117,
    "us-southwest#content-3": 0.632949226873086,
    "us-southwest#title": 0.5996054963036634,
    "too-little-water-the-lake-chad-story#abstract": 0.5973115693770344,
    "transect-walk-cahokia-mounds-to-fairmont-city#content-1": 0.5795449690547114,
    "white-sands#content-1": 0.5785636471105355,
    "writing-global-histories-in-the-anthropocene#content-1": 0.5760609795049835,
    "uncalculated-risk#content-7": 0.5746546834118899,
    "understanding-the-north-american-lost-crops#content-1": 0.5729820215438137,
    "uncalculated-risk#content-5": 0.5723440851047618,
    "white-sands#content-2": 0.5666039222957447,
    "walk-about-it#abstract": 0.566369713079616,
    "too-little-water-the-lake-chad-story#content-1": 0.5644201253193979,
    "timeslips#abstract": 0.5641858390346388,
    "uncalculated-risk#content-2": 0.5631111701823049,
    "timeslips#content-2": 0.558309277877653,
    "uncalculated-risk#abstract": 0.5562469004828513,
    "worshipping-along-the-routes-of-migration#title": 0.5510195602017045,
    "us-southwest#content-1": 0.5490130835531991,
    "typha-the-once-and-future-planty-companion#content-1": 0.5452191451298398,
    "understanding-the-north-american-lost-crops#abstract": 0.5448127387367983,
    "xaraasi-xanne-crossing-voices#content-2": 0.5434638951972295,
    "uncalculated-risk#content-6": 0.54177067297193,
    "uncalculated-risk#subtitle": 0.5387317102014599,
    "uncalculated-risk#content-8": 0.5366559242016159,
    "walk-about-it#content-2": 0.5350641285263865,
    "white-sands#content-3": 0.5335491233784405,
    "transect-walk-cahokia-mounds-to-fairmont-city#title": 0.5292618975704838,
    "twin-cities-artist-residency-mississippi-an-anthropocene-story#abstract": 0.527834896300118,
    "uncalculated-risk#content-1": 0.5234509065486495,
    "touring-the-anthropocenery-whos-in-charge-here-2014#content-2": 0.5205631139990173,
    "us-southwest#content-4": 0.5204353403420253,
    "xaraasi-xanne-crossing-voices#abstract": 0.5204014588946807,
    "uncalculated-risk#content-4": 0.5165167323035113,
    "too-little-water-the-lake-chad-story#title": 0.515693992153596,
    "walk-about-it#content-1": 0.5130228759616432,
    "twin-cities-artist-residency-mississippi-an-anthropocene-story#subtitle": 0.50889468828869,
    "voice-and-representation#content-1": 0.5013357328548558,
    "tree-x-office#content-1": 0.4991876338591664,
    "writing-global-histories-in-the-anthropocene#title": 0.49643698442550893,
    "white-sands#abstract": 0.49575820286257666,
    "typha-the-once-and-future-planty-companion#abstract": 0.4955436117450723,
    "too-little-water-the-lake-chad-story#content-2": 0.4917619863350883,
    "transect-walk-cahokia-mounds-to-fairmont-city#subtitle": 0.4879505953306139,
    "walk-about-it#subtitle": 0.4879505953306139,
    "touring-the-anthropocenery-whos-in-charge-here-2014#abstract": 0.4879094719000124,
    "times-before-and-after#content-1": 0.4871146938320405,
    "us-southwest#content-2": 0.48527985369112564,
    "wicked-problems-and-mental-models#content-1": 0.46410774362137575,
    "tree-x-office#abstract": 0.46266122745326843,
    "touring-the-anthropocenery-whos-in-charge-here-2014#title": 0.45142795941217073,
    "times-before-and-after#abstract": 0.4513710694695917,
    "twin-cities-artist-residency-mississippi-an-anthropocene-story#title": 0.4493101482508934,
    "typha-the-once-and-future-planty-companion#title": 0.44441748572455503,
    "wicked-problems-and-mental-models#abstract": 0.43951190310318483,
    "uncalculated-risk#content-3": 0.42597190384792644,
    "time-out-of-mind#title": 0.42148476780322713,
    "tree-x-office#content-2": 0.4134055806482371,
    "ve-vm-vt-the-ideal-cosmic-messengers#title": 0.40800412182101614,
    "worshipping-along-the-routes-of-migration#subtitle": 0.4045887784812059,
    "xaraasi-xanne-crossing-voices#title": 0.39883795301458674,
    "wicked-problems-and-mental-models#title": 0.39210360757752105,
    "voice-and-representation#abstract": 0.3754301192428958,
    "times-before-and-after#title": 0.36745983483959255,
    "walk-about-it#title": 0.3673212950167819,
    "white-sands#title": 0.36505562632272254,
    "xaraasi-xanne-crossing-voices#content-1": 0.3609670001610842,
    "writing-global-histories-in-the-anthropocene#abstract": 0.3132092898535793,
    "voice-and-representation#title": 0.299138754982997,
    "typha-the-once-and-future-planty-companion#subtitle": 0.2594606853074062,
    "voice-and-representation#subtitle": 0.2450227739686308,
    "writing-global-histories-in-the-anthropocene#subtitle": 0.2450227739686308,
    "tree-x-office#title": 0.21055424544861084,
    "understanding-the-north-american-lost-crops#subtitle": 0.2019611477951985,
    "uncalculated-risk#title": 0.18041411207801786,
    "tokens-a-rorschach-test#title": 0.17067898072039925,
    "touring-the-anthropocenery-whos-in-charge-here-2014#content-1": 0.16533098240101263,
    "timeslips#content-1": 0.03399160897592581,
    "timeslips#title": 0
}