{
    "time-and-time-again#subtitle": 0.928503244785767,
    "time-and-time-again#content-2": 0.9216639710500159,
    "time-out-of-mind#content-3": 0.9004652356887908,
    "times-before-and-after#content-1": 0.8994821364389832,
    "white-sands#abstract": 0.8981684898485377,
    "too-little-water-the-lake-chad-story#content-2": 0.8966222737801093,
    "time-out-of-mind#content-1": 0.8961867266788872,
    "touring-the-anthropocenery-whos-in-charge-here-2014#content-2": 0.8942382456278146,
    "wicked-problems-and-mental-models#content-1": 0.893413037163061,
    "time-out-of-mind#content-5": 0.8934049043142227,
    "walk-about-it#content-1": 0.8930939631897243,
    "xaraasi-xanne-crossing-voices#content-2": 0.8918074413778678,
    "tree-x-office#content-1": 0.8910131803673481,
    "voice-and-representation#content-1": 0.8903120544028618,
    "us-southwest#content-3": 0.8892011159025144,
    "time-out-of-mind#abstract": 0.8872589686286874,
    "white-sands#content-3": 0.8811557748966653,
    "us-southwest#content-1": 0.8808719903149396,
    "times-before-and-after#abstract": 0.8804714097772004,
    "uncalculated-risk#abstract": 0.8795821492828416,
    "twin-cities-artist-residency-mississippi-an-anthropocene-story#abstract": 0.8774464074439406,
    "xaraasi-xanne-crossing-voices#abstract": 0.8772169074162225,
    "touring-the-anthropocenery-whos-in-charge-here-2014#abstract": 0.876810186342894,
    "writing-global-histories-in-the-anthropocene#content-1": 0.876323672742951,
    "uncalculated-risk#content-8": 0.8718787531968015,
    "timeslips#content-2": 0.8666007593420613,
    "typha-the-once-and-future-planty-companion#abstract": 0.8643394095995871,
    "timeslips#abstract": 0.8642983315035587,
    "uncalculated-risk#content-2": 0.862981927314909,
    "walk-about-it#abstract": 0.8615119201523915,
    "white-sands#content-1": 0.86142633287127,
    "tree-x-office#abstract": 0.8563113622439188,
    "white-sands#content-2": 0.8554764681604592,
    "uncalculated-risk#content-4": 0.8537352836436886,
    "too-little-water-the-lake-chad-story#abstract": 0.8532812515801199,
    "uncalculated-risk#content-1": 0.852495008075037,
    "too-little-water-the-lake-chad-story#content-1": 0.8517964596875103,
    "transect-walk-cahokia-mounds-to-fairmont-city#abstract": 0.8498262569393774,
    "understanding-the-north-american-lost-crops#abstract": 0.8449792342609108,
    "typha-the-once-and-future-planty-companion#content-1": 0.8437329374560701,
    "uncalculated-risk#content-6": 0.8414709236250358,
    "uncalculated-risk#content-3": 0.8349632132695961,
    "uncalculated-risk#content-5": 0.8339240407995573,
    "typha-the-once-and-future-planty-companion#title": 0.8255199702409132,
    "time-out-of-mind#title": 0.8234857261125622,
    "uncalculated-risk#content-7": 0.8234073654219264,
    "time-and-time-again#title": 0.8142359542882036,
    "us-southwest#content-2": 0.7810301672032456,
    "touring-the-anthropocenery-whos-in-charge-here-2014#title": 0.7765510193425148,
    "times-before-and-after#title": 0.7703858879660236,
    "too-little-water-the-lake-chad-story#title": 0.7679396700930669,
    "wicked-problems-and-mental-models#abstract": 0.7643455058482116,
    "us-southwest#content-4": 0.7551514047725201,
    "transect-walk-cahokia-mounds-to-fairmont-city#content-1": 0.7424187993748925,
    "xaraasi-xanne-crossing-voices#content-1": 0.7330636506567317,
    "understanding-the-north-american-lost-crops#content-1": 0.7291708995718036,
    "uncalculated-risk#subtitle": 0.7277126186759754,
    "walk-about-it#title": 0.7274685011344627,
    "understanding-the-north-american-lost-crops#title": 0.7149585054847952,
    "wicked-problems-and-mental-models#title": 0.6898951654393792,
    "worshipping-along-the-routes-of-migration#subtitle": 0.686634526085422,
    "walk-about-it#content-2": 0.6771597868576504,
    "writing-global-histories-in-the-anthropocene#title": 0.6472941734663767,
    "tree-x-office#content-2": 0.6463585151919424,
    "voice-and-representation#title": 0.6369643266739152,
    "worshipping-along-the-routes-of-migration#title": 0.6344952969852851,
    "twin-cities-artist-residency-mississippi-an-anthropocene-story#title": 0.6043853455523748,
    "transect-walk-cahokia-mounds-to-fairmont-city#subtitle": 0.6030886672491901,
    "walk-about-it#subtitle": 0.6030886672491901,
    "ve-vm-vt-the-ideal-cosmic-messengers#title": 0.5783555231728918,
    "time-out-of-mind#content-2": 0.5757352848887047,
    "voice-and-representation#abstract": 0.5730429693345981,
    "us-southwest#title": 0.5721727294273989,
    "typha-the-once-and-future-planty-companion#subtitle": 0.562524876131411,
    "xaraasi-xanne-crossing-voices#title": 0.5232232381154103,
    "twin-cities-artist-residency-mississippi-an-anthropocene-story#subtitle": 0.5161843245672867,
    "writing-global-histories-in-the-anthropocene#abstract": 0.5018697780625501,
    "understanding-the-north-american-lost-crops#subtitle": 0.4967844570030485,
    "time-out-of-mind#subtitle": 0.4962486154070552,
    "tree-x-office#title": 0.4780567924658787,
    "tokens-a-rorschach-test#title": 0.4765472347652484,
    "transect-walk-cahokia-mounds-to-fairmont-city#title": 0.4181107132387514,
    "white-sands#title": 0.40310593944341444,
    "voice-and-representation#subtitle": 0.3732048509529658,
    "writing-global-histories-in-the-anthropocene#subtitle": 0.3732048509529658,
    "touring-the-anthropocenery-whos-in-charge-here-2014#content-1": 0.3655871065019885,
    "time-out-of-mind#content-4": 0.28568733523757234,
    "uncalculated-risk#title": 0.15853368923426622,
    "timeslips#content-1": 0.02469223467661539,
    "timeslips#title": 0
}