{
    "touring-the-anthropocenery-whos-in-charge-here-2014#content-2": 0.9788426003850824,
    "times-before-and-after#content-1": 0.9744166158568914,
    "uncalculated-risk#content-8": 0.9710076445936724,
    "wicked-problems-and-mental-models#content-1": 0.9705624896626645,
    "timeslips#content-2": 0.9695044847093685,
    "white-sands#content-3": 0.9663985830695805,
    "typha-the-once-and-future-planty-companion#abstract": 0.9645474688936494,
    "walk-about-it#content-1": 0.963616650342602,
    "tree-x-office#content-1": 0.9631905536870871,
    "times-before-and-after#abstract": 0.9628800439582672,
    "uncalculated-risk#content-4": 0.9615288108649742,
    "uncalculated-risk#content-2": 0.9611427980060744,
    "uncalculated-risk#abstract": 0.9548258442240831,
    "voice-and-representation#content-1": 0.9546494986440068,
    "touring-the-anthropocenery-whos-in-charge-here-2014#abstract": 0.9542635799597753,
    "white-sands#content-1": 0.9534128465360415,
    "uncalculated-risk#content-6": 0.9532078093315611,
    "timeslips#abstract": 0.9506415369340946,
    "us-southwest#content-1": 0.9457157277514412,
    "xaraasi-xanne-crossing-voices#content-2": 0.9454573287330055,
    "understanding-the-north-american-lost-crops#abstract": 0.9423856151374772,
    "twin-cities-artist-residency-mississippi-an-anthropocene-story#abstract": 0.9411705446167535,
    "writing-global-histories-in-the-anthropocene#content-1": 0.9298590604601624,
    "too-little-water-the-lake-chad-story#content-1": 0.9296405787479254,
    "tree-x-office#abstract": 0.9289902024233806,
    "walk-about-it#abstract": 0.9275342997599075,
    "transect-walk-cahokia-mounds-to-fairmont-city#abstract": 0.9066198911523865,
    "xaraasi-xanne-crossing-voices#abstract": 0.9036237032283456,
    "time-out-of-mind#title": 0.9024016760935446,
    "too-little-water-the-lake-chad-story#abstract": 0.8921861972932252,
    "uncalculated-risk#content-5": 0.8892342756521128,
    "us-southwest#content-2": 0.8874652820524889,
    "us-southwest#content-3": 0.88593683537465,
    "uncalculated-risk#content-1": 0.879300970839589,
    "white-sands#abstract": 0.8788202699872298,
    "white-sands#content-2": 0.8748110676972887,
    "uncalculated-risk#content-7": 0.8673977361004007,
    "typha-the-once-and-future-planty-companion#title": 0.866369810525566,
    "wicked-problems-and-mental-models#abstract": 0.8505770530028014,
    "walk-about-it#title": 0.845640206067254,
    "too-little-water-the-lake-chad-story#content-2": 0.841986501093424,
    "touring-the-anthropocenery-whos-in-charge-here-2014#title": 0.8396380862969723,
    "uncalculated-risk#content-3": 0.8356885051294423,
    "times-before-and-after#title": 0.8310112131144916,
    "too-little-water-the-lake-chad-story#title": 0.8132476684210889,
    "typha-the-once-and-future-planty-companion#content-1": 0.8019144137517871,
    "uncalculated-risk#subtitle": 0.7973076828678722,
    "understanding-the-north-american-lost-crops#title": 0.7947965647181393,
    "us-southwest#content-4": 0.7912935053123448,
    "transect-walk-cahokia-mounds-to-fairmont-city#content-1": 0.7760486342412741,
    "worshipping-along-the-routes-of-migration#title": 0.7442379754084303,
    "wicked-problems-and-mental-models#title": 0.7304238228976381,
    "understanding-the-north-american-lost-crops#content-1": 0.7285731832676586,
    "worshipping-along-the-routes-of-migration#subtitle": 0.7062035433366023,
    "walk-about-it#content-2": 0.6950320050477056,
    "tree-x-office#content-2": 0.6894787905793789,
    "voice-and-representation#title": 0.662462621284088,
    "writing-global-histories-in-the-anthropocene#title": 0.6436933802185829,
    "xaraasi-xanne-crossing-voices#content-1": 0.6319192836350701,
    "us-southwest#title": 0.6277613027215058,
    "transect-walk-cahokia-mounds-to-fairmont-city#subtitle": 0.6243201987845619,
    "walk-about-it#subtitle": 0.6243201987845619,
    "ve-vm-vt-the-ideal-cosmic-messengers#title": 0.6191381346867215,
    "xaraasi-xanne-crossing-voices#title": 0.59018592338904,
    "typha-the-once-and-future-planty-companion#subtitle": 0.5762597786825379,
    "twin-cities-artist-residency-mississippi-an-anthropocene-story#subtitle": 0.5601924277072177,
    "twin-cities-artist-residency-mississippi-an-anthropocene-story#title": 0.5243620609720201,
    "tree-x-office#title": 0.4941082548259228,
    "time-out-of-mind#subtitle": 0.48569215406870136,
    "tokens-a-rorschach-test#title": 0.4737343634163458,
    "voice-and-representation#abstract": 0.4681226997825949,
    "transect-walk-cahokia-mounds-to-fairmont-city#title": 0.4398759184284938,
    "white-sands#title": 0.4361352542491478,
    "writing-global-histories-in-the-anthropocene#abstract": 0.4134141115284354,
    "understanding-the-north-american-lost-crops#subtitle": 0.3804191787358957,
    "touring-the-anthropocenery-whos-in-charge-here-2014#content-1": 0.3632970669715675,
    "voice-and-representation#subtitle": 0.3079794134209479,
    "writing-global-histories-in-the-anthropocene#subtitle": 0.3079794134209479,
    "uncalculated-risk#title": 0.18693239542089246,
    "timeslips#content-1": 0.0006575079697136199,
    "timeslips#title": 0
}