{
    "us-southwest#content-3": 0.6634711445487355,
    "white-sands#content-2": 0.6591858268364753,
    "walk-about-it#content-2": 0.6580368090442368,
    "uncalculated-risk#content-7": 0.6362005625610209,
    "too-little-water-the-lake-chad-story#title": 0.6319612554159669,
    "us-southwest#content-1": 0.6057015555507739,
    "too-little-water-the-lake-chad-story#content-2": 0.5987873716232301,
    "uncalculated-risk#content-5": 0.5961499675754558,
    "too-little-water-the-lake-chad-story#abstract": 0.5939818433874468,
    "transect-walk-cahokia-mounds-to-fairmont-city#content-1": 0.591275293716672,
    "xaraasi-xanne-crossing-voices#content-1": 0.5828173752627925,
    "white-sands#content-1": 0.5790220971157406,
    "understanding-the-north-american-lost-crops#content-1": 0.5729972271696339,
    "uncalculated-risk#content-1": 0.571842073249849,
    "transect-walk-cahokia-mounds-to-fairmont-city#abstract": 0.571677248368457,
    "typha-the-once-and-future-planty-companion#content-1": 0.5679826165836647,
    "white-sands#abstract": 0.5621109140188566,
    "time-out-of-mind#content-3": 0.5592210535010619,
    "understanding-the-north-american-lost-crops#title": 0.5575302606310004,
    "uncalculated-risk#content-2": 0.5547502229269432,
    "tree-x-office#content-1": 0.546568623000299,
    "tree-x-office#abstract": 0.5451745909790537,
    "timeslips#abstract": 0.54080424738761,
    "white-sands#content-3": 0.53757953155196,
    "time-out-of-mind#subtitle": 0.5367967513180523,
    "uncalculated-risk#content-8": 0.5354674802123772,
    "timeslips#content-2": 0.5326092194693548,
    "uncalculated-risk#content-3": 0.5282187856910711,
    "uncalculated-risk#content-6": 0.5282161529027999,
    "understanding-the-north-american-lost-crops#abstract": 0.5249484458068863,
    "time-out-of-mind#content-5": 0.5224630573789097,
    "voice-and-representation#abstract": 0.5224545943426867,
    "too-little-water-the-lake-chad-story#content-1": 0.5205133725082728,
    "touring-the-anthropocenery-whos-in-charge-here-2014#abstract": 0.5161715199436442,
    "xaraasi-xanne-crossing-voices#abstract": 0.5059028220582082,
    "touring-the-anthropocenery-whos-in-charge-here-2014#content-2": 0.5037948807702116,
    "uncalculated-risk#abstract": 0.5025805186564563,
    "transect-walk-cahokia-mounds-to-fairmont-city#title": 0.5024296946976435,
    "uncalculated-risk#content-4": 0.5006734179954722,
    "typha-the-once-and-future-planty-companion#title": 0.500200140341676,
    "us-southwest#content-4": 0.4986426966154225,
    "xaraasi-xanne-crossing-voices#content-2": 0.4959436079250384,
    "typha-the-once-and-future-planty-companion#abstract": 0.49470653887381905,
    "wicked-problems-and-mental-models#content-1": 0.49329458294787676,
    "walk-about-it#abstract": 0.4893195327386394,
    "times-before-and-after#content-1": 0.48687006538798167,
    "twin-cities-artist-residency-mississippi-an-anthropocene-story#title": 0.48459470623170314,
    "walk-about-it#content-1": 0.4811057506084764,
    "us-southwest#content-2": 0.47995626249641693,
    "writing-global-histories-in-the-anthropocene#abstract": 0.4799393712815868,
    "writing-global-histories-in-the-anthropocene#content-1": 0.4795302006241469,
    "times-before-and-after#abstract": 0.4744889000689227,
    "voice-and-representation#content-1": 0.47185476985634217,
    "twin-cities-artist-residency-mississippi-an-anthropocene-story#abstract": 0.4711849294020684,
    "uncalculated-risk#subtitle": 0.4690690438297998,
    "tree-x-office#content-2": 0.46638495295007854,
    "us-southwest#title": 0.4646297193284495,
    "tree-x-office#title": 0.4644899911360696,
    "wicked-problems-and-mental-models#abstract": 0.4566895609944488,
    "ve-vm-vt-the-ideal-cosmic-messengers#title": 0.44488761437756436,
    "white-sands#title": 0.42843888063670776,
    "times-before-and-after#title": 0.41857950073639427,
    "walk-about-it#title": 0.4167879113130225,
    "time-out-of-mind#title": 0.40177029712344137,
    "wicked-problems-and-mental-models#title": 0.39863108141595854,
    "touring-the-anthropocenery-whos-in-charge-here-2014#title": 0.39568725833876117,
    "worshipping-along-the-routes-of-migration#title": 0.39222545684122134,
    "transect-walk-cahokia-mounds-to-fairmont-city#subtitle": 0.3921650387633387,
    "walk-about-it#subtitle": 0.3921650387633387,
    "xaraasi-xanne-crossing-voices#title": 0.36846681792048747,
    "time-out-of-mind#content-4": 0.3524714483625736,
    "twin-cities-artist-residency-mississippi-an-anthropocene-story#subtitle": 0.34705929665269075,
    "typha-the-once-and-future-planty-companion#subtitle": 0.33523975283833185,
    "worshipping-along-the-routes-of-migration#subtitle": 0.3331444003790299,
    "writing-global-histories-in-the-anthropocene#title": 0.2907558897150947,
    "tokens-a-rorschach-test#title": 0.2854651790903561,
    "voice-and-representation#title": 0.285213262253323,
    "touring-the-anthropocenery-whos-in-charge-here-2014#content-1": 0.2647849691939631,
    "voice-and-representation#subtitle": 0.19668111336040656,
    "writing-global-histories-in-the-anthropocene#subtitle": 0.19668111336040656,
    "understanding-the-north-american-lost-crops#subtitle": 0.1913522584193477,
    "timeslips#content-1": 0.09210660183470538,
    "uncalculated-risk#title": 0.08730570770812292,
    "timeslips#title": 0
}