{
    "walk-about-it#content-1": 0.87183920122095,
    "writing-global-histories-in-the-anthropocene#content-1": 0.8699386616821223,
    "xaraasi-xanne-crossing-voices#content-2": 0.862417355394998,
    "times-before-and-after#content-1": 0.8566765507643258,
    "twin-cities-artist-residency-mississippi-an-anthropocene-story#abstract": 0.853241847441146,
    "voice-and-representation#content-1": 0.8530029788303591,
    "touring-the-anthropocenery-whos-in-charge-here-2014#content-2": 0.8519253327707432,
    "time-out-of-mind#abstract": 0.8510317034864323,
    "uncalculated-risk#abstract": 0.8492287120577017,
    "time-out-of-mind#content-3": 0.8435856770876177,
    "walk-about-it#abstract": 0.843468418985358,
    "wicked-problems-and-mental-models#content-1": 0.8391075971319207,
    "white-sands#content-3": 0.8364896258632217,
    "white-sands#abstract": 0.8348334899639409,
    "tree-x-office#content-1": 0.8344197280682552,
    "us-southwest#content-3": 0.830291556534899,
    "time-out-of-mind#content-1": 0.8291673242407197,
    "transect-walk-cahokia-mounds-to-fairmont-city#abstract": 0.8290843794479265,
    "typha-the-once-and-future-planty-companion#abstract": 0.8288019046169213,
    "time-out-of-mind#content-5": 0.8266407062443487,
    "xaraasi-xanne-crossing-voices#abstract": 0.8260206785326999,
    "too-little-water-the-lake-chad-story#content-1": 0.8248213277174152,
    "timeslips#content-2": 0.8208684883734008,
    "uncalculated-risk#content-8": 0.8202974586277438,
    "timeslips#abstract": 0.8171481758783395,
    "uncalculated-risk#content-4": 0.8155336382979416,
    "white-sands#content-1": 0.8113498010844885,
    "times-before-and-after#abstract": 0.811244778376546,
    "uncalculated-risk#content-2": 0.8111535703162633,
    "typha-the-once-and-future-planty-companion#content-1": 0.8110043150893693,
    "understanding-the-north-american-lost-crops#abstract": 0.8094100384216025,
    "touring-the-anthropocenery-whos-in-charge-here-2014#abstract": 0.8088343607459428,
    "too-little-water-the-lake-chad-story#content-2": 0.807847950417921,
    "uncalculated-risk#content-6": 0.8026789696480701,
    "tree-x-office#abstract": 0.8011961880761533,
    "us-southwest#content-1": 0.7960627541066825,
    "typha-the-once-and-future-planty-companion#title": 0.7929517376473597,
    "too-little-water-the-lake-chad-story#abstract": 0.7880593648233329,
    "uncalculated-risk#content-5": 0.7870657705459404,
    "white-sands#content-2": 0.7863337992791138,
    "uncalculated-risk#content-1": 0.7750930624781465,
    "uncalculated-risk#content-7": 0.7669535752604816,
    "uncalculated-risk#content-3": 0.765104744360091,
    "time-out-of-mind#title": 0.7635757040677206,
    "uncalculated-risk#subtitle": 0.7328667514474462,
    "us-southwest#content-4": 0.7228305331184792,
    "touring-the-anthropocenery-whos-in-charge-here-2014#title": 0.7130632830559877,
    "wicked-problems-and-mental-models#abstract": 0.7127695609226167,
    "us-southwest#content-2": 0.7014204238099686,
    "too-little-water-the-lake-chad-story#title": 0.6991795958318292,
    "worshipping-along-the-routes-of-migration#subtitle": 0.6987977226411903,
    "writing-global-histories-in-the-anthropocene#title": 0.692768958719055,
    "understanding-the-north-american-lost-crops#title": 0.6852987100801432,
    "understanding-the-north-american-lost-crops#content-1": 0.6759588140037877,
    "transect-walk-cahokia-mounds-to-fairmont-city#content-1": 0.6707504170063091,
    "walk-about-it#title": 0.6604360362489272,
    "times-before-and-after#title": 0.659048163362901,
    "wicked-problems-and-mental-models#title": 0.658191029908048,
    "time-and-time-again#title": 0.6558532721780581,
    "worshipping-along-the-routes-of-migration#title": 0.6413020704224462,
    "voice-and-representation#title": 0.638902908376,
    "walk-about-it#content-2": 0.6100734469784788,
    "xaraasi-xanne-crossing-voices#content-1": 0.5932795710842386,
    "twin-cities-artist-residency-mississippi-an-anthropocene-story#title": 0.5852635308843436,
    "transect-walk-cahokia-mounds-to-fairmont-city#subtitle": 0.566994478622784,
    "walk-about-it#subtitle": 0.566994478622784,
    "tree-x-office#content-2": 0.5588565808910831,
    "typha-the-once-and-future-planty-companion#subtitle": 0.5273741397018991,
    "understanding-the-north-american-lost-crops#subtitle": 0.5244309740283188,
    "us-southwest#title": 0.523602592656903,
    "voice-and-representation#abstract": 0.5107578258181702,
    "ve-vm-vt-the-ideal-cosmic-messengers#title": 0.508556315626702,
    "twin-cities-artist-residency-mississippi-an-anthropocene-story#subtitle": 0.49985186846043783,
    "time-out-of-mind#subtitle": 0.4992591482837186,
    "xaraasi-xanne-crossing-voices#title": 0.49272591067093297,
    "writing-global-histories-in-the-anthropocene#abstract": 0.46618434948211857,
    "time-out-of-mind#content-2": 0.46322346537021664,
    "tokens-a-rorschach-test#title": 0.4619708684743681,
    "transect-walk-cahokia-mounds-to-fairmont-city#title": 0.3919146585143092,
    "voice-and-representation#subtitle": 0.3746048117855286,
    "writing-global-histories-in-the-anthropocene#subtitle": 0.3746048117855286,
    "tree-x-office#title": 0.370766741631225,
    "white-sands#title": 0.358506208826531,
    "touring-the-anthropocenery-whos-in-charge-here-2014#content-1": 0.34559708869343536,
    "time-out-of-mind#content-4": 0.24136616846070177,
    "uncalculated-risk#title": 0.19730989279629604,
    "timeslips#content-1": 0.03194984297549001,
    "timeslips#title": 0
}