{
    "time-out-of-mind#content-3": 0.9887025149240595,
    "time-out-of-mind#content-5": 0.9803805573305405,
    "timeslips#content-2": 0.9790192626838468,
    "uncalculated-risk#content-8": 0.9787095230260976,
    "white-sands#content-3": 0.9760022106263471,
    "uncalculated-risk#content-2": 0.974968139526685,
    "white-sands#content-1": 0.9748807879577134,
    "touring-the-anthropocenery-whos-in-charge-here-2014#content-2": 0.9690920254123584,
    "uncalculated-risk#content-6": 0.9682917699468201,
    "uncalculated-risk#content-4": 0.9656785433365532,
    "tree-x-office#content-1": 0.964648642137881,
    "times-before-and-after#content-1": 0.9640703695109378,
    "typha-the-once-and-future-planty-companion#abstract": 0.963728630761702,
    "wicked-problems-and-mental-models#content-1": 0.9612670321369203,
    "us-southwest#content-1": 0.9610795475104863,
    "timeslips#abstract": 0.9588003745024708,
    "uncalculated-risk#abstract": 0.9577321440036818,
    "walk-about-it#content-1": 0.9528778034152017,
    "touring-the-anthropocenery-whos-in-charge-here-2014#abstract": 0.9516979914849942,
    "understanding-the-north-american-lost-crops#abstract": 0.9491037605124408,
    "too-little-water-the-lake-chad-story#content-1": 0.9464701975315515,
    "xaraasi-xanne-crossing-voices#content-2": 0.9443378887304062,
    "times-before-and-after#abstract": 0.9430537240040001,
    "tree-x-office#abstract": 0.9421601622917883,
    "transect-walk-cahokia-mounds-to-fairmont-city#abstract": 0.9397803222979421,
    "voice-and-representation#content-1": 0.9395525637152031,
    "writing-global-histories-in-the-anthropocene#content-1": 0.9327771967621998,
    "twin-cities-artist-residency-mississippi-an-anthropocene-story#abstract": 0.9327040932453213,
    "walk-about-it#abstract": 0.9312200351050594,
    "too-little-water-the-lake-chad-story#abstract": 0.930467238462566,
    "uncalculated-risk#content-5": 0.9209413471402659,
    "us-southwest#content-3": 0.9201148157289293,
    "white-sands#content-2": 0.9169114066936175,
    "uncalculated-risk#content-7": 0.9086436426543438,
    "uncalculated-risk#content-1": 0.9047722450569634,
    "xaraasi-xanne-crossing-voices#abstract": 0.9045969214598142,
    "white-sands#abstract": 0.8826978452211744,
    "time-out-of-mind#title": 0.881835956111626,
    "us-southwest#content-2": 0.8784232004781687,
    "too-little-water-the-lake-chad-story#content-2": 0.8642560908733339,
    "typha-the-once-and-future-planty-companion#title": 0.8571075248675118,
    "uncalculated-risk#content-3": 0.848191597762587,
    "too-little-water-the-lake-chad-story#title": 0.8440045172616651,
    "wicked-problems-and-mental-models#abstract": 0.8415605874451245,
    "understanding-the-north-american-lost-crops#title": 0.8268523139422441,
    "touring-the-anthropocenery-whos-in-charge-here-2014#title": 0.8224895126518985,
    "us-southwest#content-4": 0.8217374363603902,
    "walk-about-it#title": 0.8197416590146541,
    "times-before-and-after#title": 0.8189970823680159,
    "typha-the-once-and-future-planty-companion#content-1": 0.8166077958291981,
    "uncalculated-risk#subtitle": 0.8144420135618591,
    "transect-walk-cahokia-mounds-to-fairmont-city#content-1": 0.8135801577562235,
    "understanding-the-north-american-lost-crops#content-1": 0.7757517366590033,
    "worshipping-along-the-routes-of-migration#title": 0.7719167730740385,
    "walk-about-it#content-2": 0.7477778540921258,
    "wicked-problems-and-mental-models#title": 0.7283451622935683,
    "tree-x-office#content-2": 0.7090336409767733,
    "worshipping-along-the-routes-of-migration#subtitle": 0.7047512026795153,
    "us-southwest#title": 0.6637740791752447,
    "xaraasi-xanne-crossing-voices#content-1": 0.6595972497270902,
    "writing-global-histories-in-the-anthropocene#title": 0.6489183040450489,
    "transect-walk-cahokia-mounds-to-fairmont-city#subtitle": 0.6465885730194117,
    "walk-about-it#subtitle": 0.6465885730194117,
    "voice-and-representation#title": 0.6418472253742931,
    "ve-vm-vt-the-ideal-cosmic-messengers#title": 0.6262517413792471,
    "time-out-of-mind#content-2": 0.6083955092957303,
    "xaraasi-xanne-crossing-voices#title": 0.5950265153139186,
    "typha-the-once-and-future-planty-companion#subtitle": 0.5695283237065669,
    "twin-cities-artist-residency-mississippi-an-anthropocene-story#subtitle": 0.5599390193121969,
    "time-out-of-mind#subtitle": 0.5576056428796636,
    "twin-cities-artist-residency-mississippi-an-anthropocene-story#title": 0.5563311208362657,
    "tree-x-office#title": 0.5270383559190694,
    "white-sands#title": 0.5016936151306258,
    "voice-and-representation#abstract": 0.49269364065918597,
    "transect-walk-cahokia-mounds-to-fairmont-city#title": 0.49190425959886636,
    "tokens-a-rorschach-test#title": 0.4695004032768159,
    "writing-global-histories-in-the-anthropocene#abstract": 0.4353665787064801,
    "touring-the-anthropocenery-whos-in-charge-here-2014#content-1": 0.3747035818871866,
    "understanding-the-north-american-lost-crops#subtitle": 0.37083407540253577,
    "voice-and-representation#subtitle": 0.29748522637915203,
    "writing-global-histories-in-the-anthropocene#subtitle": 0.29748522637915203,
    "time-out-of-mind#content-4": 0.24694792354448833,
    "uncalculated-risk#title": 0.20541383890874493,
    "timeslips#content-1": 0.006470996604680414,
    "timeslips#title": 0
}