{
    "uncalculated-risk#content-2": 0.8069053277957681,
    "uncalculated-risk#content-8": 0.7991140092728157,
    "us-southwest#content-3": 0.7962430579656665,
    "us-southwest#content-1": 0.7959177586241946,
    "white-sands#content-1": 0.793130871320931,
    "touring-the-anthropocenery-whos-in-charge-here-2014#content-2": 0.792918856969126,
    "uncalculated-risk#content-6": 0.7913177515741311,
    "touring-the-anthropocenery-whos-in-charge-here-2014#abstract": 0.7908672405869844,
    "white-sands#content-2": 0.78921050525473,
    "white-sands#content-3": 0.7875846735820831,
    "transect-walk-cahokia-mounds-to-fairmont-city#abstract": 0.784369367602037,
    "typha-the-once-and-future-planty-companion#abstract": 0.7840727331179219,
    "tree-x-office#content-1": 0.7796237943625954,
    "uncalculated-risk#content-7": 0.7788929543100858,
    "uncalculated-risk#content-5": 0.7785019509108417,
    "uncalculated-risk#content-4": 0.7763171015884003,
    "walk-about-it#content-1": 0.7680342218857483,
    "wicked-problems-and-mental-models#content-1": 0.7671546820217777,
    "understanding-the-north-american-lost-crops#abstract": 0.7642072423935959,
    "xaraasi-xanne-crossing-voices#content-2": 0.7634862707491261,
    "uncalculated-risk#abstract": 0.7570905877875707,
    "uncalculated-risk#content-1": 0.7548162971086704,
    "tree-x-office#abstract": 0.7536061109671407,
    "walk-about-it#title": 0.7414465983130031,
    "white-sands#abstract": 0.7406559102401917,
    "walk-about-it#abstract": 0.7405992095679302,
    "voice-and-representation#content-1": 0.7307766753003198,
    "writing-global-histories-in-the-anthropocene#content-1": 0.7307342684267112,
    "understanding-the-north-american-lost-crops#title": 0.7284099542104993,
    "us-southwest#content-2": 0.727808627700031,
    "twin-cities-artist-residency-mississippi-an-anthropocene-story#abstract": 0.7261240038145113,
    "xaraasi-xanne-crossing-voices#abstract": 0.7242818329834367,
    "walk-about-it#content-2": 0.7200162402801175,
    "uncalculated-risk#subtitle": 0.7042690259339337,
    "uncalculated-risk#content-3": 0.6963592894755513,
    "typha-the-once-and-future-planty-companion#title": 0.6954870898554862,
    "wicked-problems-and-mental-models#abstract": 0.6915117388757213,
    "typha-the-once-and-future-planty-companion#content-1": 0.678993555795756,
    "touring-the-anthropocenery-whos-in-charge-here-2014#title": 0.6748401185183579,
    "transect-walk-cahokia-mounds-to-fairmont-city#content-1": 0.6694293461862099,
    "us-southwest#content-4": 0.6500374995549836,
    "understanding-the-north-american-lost-crops#content-1": 0.6200139626134166,
    "wicked-problems-and-mental-models#title": 0.6033272707893215,
    "worshipping-along-the-routes-of-migration#title": 0.6013326889979653,
    "us-southwest#title": 0.6013121190620926,
    "tree-x-office#content-2": 0.5988880441902062,
    "twin-cities-artist-residency-mississippi-an-anthropocene-story#title": 0.5455249660985513,
    "transect-walk-cahokia-mounds-to-fairmont-city#subtitle": 0.543952998923163,
    "walk-about-it#subtitle": 0.543952998923163,
    "ve-vm-vt-the-ideal-cosmic-messengers#title": 0.5394526016128512,
    "xaraasi-xanne-crossing-voices#content-1": 0.5364588357683201,
    "worshipping-along-the-routes-of-migration#subtitle": 0.5259706319474812,
    "transect-walk-cahokia-mounds-to-fairmont-city#title": 0.5246113573991341,
    "writing-global-histories-in-the-anthropocene#title": 0.5072787966390252,
    "white-sands#title": 0.5069316811051437,
    "xaraasi-xanne-crossing-voices#title": 0.5057069854969062,
    "voice-and-representation#abstract": 0.5052597376229628,
    "voice-and-representation#title": 0.4995549733995549,
    "tree-x-office#title": 0.4832187258708084,
    "typha-the-once-and-future-planty-companion#subtitle": 0.481684919982758,
    "twin-cities-artist-residency-mississippi-an-anthropocene-story#subtitle": 0.44790967436850804,
    "writing-global-histories-in-the-anthropocene#abstract": 0.4305544051571112,
    "touring-the-anthropocenery-whos-in-charge-here-2014#content-1": 0.34413380439313623,
    "understanding-the-north-american-lost-crops#subtitle": 0.3392067873250237,
    "voice-and-representation#subtitle": 0.1885678292550288,
    "writing-global-histories-in-the-anthropocene#subtitle": 0.1885678292550288,
    "uncalculated-risk#title": 0.12890410574869474
}