{
    "touring-the-anthropocenery-whos-in-charge-here-2014#content-2": 0.958502375403818,
    "uncalculated-risk#content-8": 0.9551938420487578,
    "uncalculated-risk#content-6": 0.9454464164500048,
    "white-sands#content-3": 0.9440225590180052,
    "tree-x-office#content-1": 0.9429454837913468,
    "uncalculated-risk#content-2": 0.9406407950438592,
    "typha-the-once-and-future-planty-companion#abstract": 0.9396314653158353,
    "uncalculated-risk#content-4": 0.9377263542992741,
    "walk-about-it#content-1": 0.935487864752233,
    "wicked-problems-and-mental-models#content-1": 0.9334811295751438,
    "uncalculated-risk#abstract": 0.9267392617305127,
    "white-sands#content-1": 0.9254378810140887,
    "xaraasi-xanne-crossing-voices#content-2": 0.9235081577123416,
    "us-southwest#content-1": 0.9223942139212009,
    "twin-cities-artist-residency-mississippi-an-anthropocene-story#abstract": 0.9210112693714008,
    "tree-x-office#abstract": 0.9204976795739428,
    "voice-and-representation#content-1": 0.9202132041331326,
    "walk-about-it#abstract": 0.9135520018195911,
    "uncalculated-risk#content-5": 0.9089546405353,
    "writing-global-histories-in-the-anthropocene#content-1": 0.9041388106185895,
    "transect-walk-cahokia-mounds-to-fairmont-city#abstract": 0.9041109389167409,
    "understanding-the-north-american-lost-crops#abstract": 0.8957325344048054,
    "uncalculated-risk#content-7": 0.8936478926443259,
    "uncalculated-risk#content-1": 0.8846959405796884,
    "us-southwest#content-3": 0.8827544639702143,
    "xaraasi-xanne-crossing-voices#abstract": 0.8822148278693486,
    "white-sands#content-2": 0.8701617696512667,
    "us-southwest#content-2": 0.8610779993249171,
    "touring-the-anthropocenery-whos-in-charge-here-2014#title": 0.8567773632470269,
    "white-sands#abstract": 0.8457229794010608,
    "typha-the-once-and-future-planty-companion#title": 0.8390109251156055,
    "uncalculated-risk#content-3": 0.8374221195517036,
    "walk-about-it#title": 0.831203981986673,
    "wicked-problems-and-mental-models#abstract": 0.8023382319180311,
    "transect-walk-cahokia-mounds-to-fairmont-city#content-1": 0.8003346475854966,
    "uncalculated-risk#subtitle": 0.7998446863759436,
    "typha-the-once-and-future-planty-companion#content-1": 0.7930223257342848,
    "us-southwest#content-4": 0.7763869390855541,
    "understanding-the-north-american-lost-crops#title": 0.768959023630062,
    "understanding-the-north-american-lost-crops#content-1": 0.7626798770272002,
    "worshipping-along-the-routes-of-migration#title": 0.7385858260433379,
    "tree-x-office#content-2": 0.7255131190863907,
    "walk-about-it#content-2": 0.6990198323617852,
    "wicked-problems-and-mental-models#title": 0.6937722248398097,
    "xaraasi-xanne-crossing-voices#content-1": 0.6680550339455101,
    "us-southwest#title": 0.6552888022010619,
    "worshipping-along-the-routes-of-migration#subtitle": 0.6536986155330161,
    "transect-walk-cahokia-mounds-to-fairmont-city#subtitle": 0.6393487526756775,
    "walk-about-it#subtitle": 0.6393487526756775,
    "writing-global-histories-in-the-anthropocene#title": 0.627987021812736,
    "voice-and-representation#title": 0.6207235343317324,
    "ve-vm-vt-the-ideal-cosmic-messengers#title": 0.601673991317735,
    "typha-the-once-and-future-planty-companion#subtitle": 0.5648442323283601,
    "twin-cities-artist-residency-mississippi-an-anthropocene-story#subtitle": 0.5638852870146787,
    "xaraasi-xanne-crossing-voices#title": 0.5418382673534401,
    "tree-x-office#title": 0.5356529974008539,
    "twin-cities-artist-residency-mississippi-an-anthropocene-story#title": 0.5127942862204028,
    "transect-walk-cahokia-mounds-to-fairmont-city#title": 0.47551722575696553,
    "voice-and-representation#abstract": 0.46167285201767133,
    "white-sands#title": 0.4332276740345159,
    "understanding-the-north-american-lost-crops#subtitle": 0.40712031707595603,
    "writing-global-histories-in-the-anthropocene#abstract": 0.4048872836126201,
    "touring-the-anthropocenery-whos-in-charge-here-2014#content-1": 0.37446862072657433,
    "voice-and-representation#subtitle": 0.3187326956871581,
    "writing-global-histories-in-the-anthropocene#subtitle": 0.3187326956871581,
    "uncalculated-risk#title": 0.14732571678123788
}