{
    "wicked-problems-and-mental-models#content-1": 0.9789294673223579,
    "walk-about-it#content-1": 0.9788276445013108,
    "uncalculated-risk#content-8": 0.9718037351434357,
    "voice-and-representation#content-1": 0.9711431871848747,
    "typha-the-once-and-future-planty-companion#abstract": 0.9699231032909961,
    "white-sands#content-3": 0.9656048272469133,
    "uncalculated-risk#abstract": 0.9650005396662724,
    "uncalculated-risk#content-4": 0.9643150702797887,
    "tree-x-office#content-1": 0.9640618103650522,
    "uncalculated-risk#content-6": 0.958486138076644,
    "uncalculated-risk#content-2": 0.9583143887938715,
    "writing-global-histories-in-the-anthropocene#content-1": 0.9578520286785426,
    "xaraasi-xanne-crossing-voices#content-2": 0.9570510563793622,
    "twin-cities-artist-residency-mississippi-an-anthropocene-story#abstract": 0.9540449524547926,
    "white-sands#content-1": 0.9536092324033757,
    "walk-about-it#abstract": 0.9453859659618867,
    "us-southwest#content-1": 0.9418168951989466,
    "understanding-the-north-american-lost-crops#abstract": 0.9405277898767141,
    "tree-x-office#abstract": 0.9340085718111049,
    "transect-walk-cahokia-mounds-to-fairmont-city#abstract": 0.9212990358764772,
    "xaraasi-xanne-crossing-voices#abstract": 0.9051471296337446,
    "uncalculated-risk#content-5": 0.9004425278932685,
    "us-southwest#content-3": 0.8937642733553065,
    "uncalculated-risk#content-1": 0.8840830182787824,
    "us-southwest#content-2": 0.8783893606365422,
    "white-sands#content-2": 0.8766629653037106,
    "uncalculated-risk#content-7": 0.8740131802129497,
    "wicked-problems-and-mental-models#abstract": 0.8596494421338671,
    "typha-the-once-and-future-planty-companion#title": 0.8588670386785697,
    "white-sands#abstract": 0.8583350002041625,
    "uncalculated-risk#content-3": 0.8379225835736382,
    "touring-the-anthropocenery-whos-in-charge-here-2014#title": 0.8329506785296584,
    "walk-about-it#title": 0.8175331799904325,
    "us-southwest#content-4": 0.8170133423027289,
    "typha-the-once-and-future-planty-companion#content-1": 0.8077605958510111,
    "uncalculated-risk#subtitle": 0.8027873482238864,
    "understanding-the-north-american-lost-crops#title": 0.7967073128177228,
    "worshipping-along-the-routes-of-migration#title": 0.7716952887926698,
    "transect-walk-cahokia-mounds-to-fairmont-city#content-1": 0.7666228895353925,
    "wicked-problems-and-mental-models#title": 0.7563073759346196,
    "understanding-the-north-american-lost-crops#content-1": 0.7313040238022915,
    "worshipping-along-the-routes-of-migration#subtitle": 0.7265678087366636,
    "writing-global-histories-in-the-anthropocene#title": 0.708099059465076,
    "tree-x-office#content-2": 0.6998839182276678,
    "walk-about-it#content-2": 0.6857277941224905,
    "voice-and-representation#title": 0.6764748602405172,
    "transect-walk-cahokia-mounds-to-fairmont-city#subtitle": 0.6317324400896212,
    "walk-about-it#subtitle": 0.6317324400896212,
    "ve-vm-vt-the-ideal-cosmic-messengers#title": 0.6311084736761617,
    "us-southwest#title": 0.6259128743886894,
    "xaraasi-xanne-crossing-voices#content-1": 0.6214929809311188,
    "xaraasi-xanne-crossing-voices#title": 0.5745031896130796,
    "twin-cities-artist-residency-mississippi-an-anthropocene-story#subtitle": 0.5625261490261761,
    "twin-cities-artist-residency-mississippi-an-anthropocene-story#title": 0.5562131365364306,
    "typha-the-once-and-future-planty-companion#subtitle": 0.5451591804786574,
    "tree-x-office#title": 0.4848511353377368,
    "voice-and-representation#abstract": 0.4482059145116338,
    "transect-walk-cahokia-mounds-to-fairmont-city#title": 0.43777482581092547,
    "white-sands#title": 0.4329951573520548,
    "understanding-the-north-american-lost-crops#subtitle": 0.4039568723572145,
    "writing-global-histories-in-the-anthropocene#abstract": 0.39655093981899003,
    "voice-and-representation#subtitle": 0.310804607473488,
    "writing-global-histories-in-the-anthropocene#subtitle": 0.310804607473488,
    "uncalculated-risk#title": 0.21923322744412538
}