{
    "white-sands#content-2": 0.49862930723869625,
    "uncalculated-risk#content-7": 0.4766417323670995,
    "voice-and-representation#abstract": 0.47117828453798494,
    "uncalculated-risk#content-3": 0.46285640414329077,
    "uncalculated-risk#content-1": 0.4507540813184668,
    "uncalculated-risk#content-5": 0.449217498769546,
    "typha-the-once-and-future-planty-companion#content-1": 0.4394246995500352,
    "walk-about-it#content-2": 0.4222333066860001,
    "typha-the-once-and-future-planty-companion#subtitle": 0.42048069849497766,
    "xaraasi-xanne-crossing-voices#abstract": 0.418501053583466,
    "writing-global-histories-in-the-anthropocene#abstract": 0.4179366286726377,
    "walk-about-it#abstract": 0.4074231332525142,
    "touring-the-anthropocenery-whos-in-charge-here-2014#content-2": 0.3951663027919355,
    "xaraasi-xanne-crossing-voices#content-2": 0.3930348251054096,
    "white-sands#abstract": 0.39005501053272973,
    "tree-x-office#abstract": 0.38978203503742476,
    "twin-cities-artist-residency-mississippi-an-anthropocene-story#abstract": 0.3853006530766751,
    "typha-the-once-and-future-planty-companion#abstract": 0.3852258288206205,
    "white-sands#content-3": 0.382998918682076,
    "walk-about-it#content-1": 0.38161577934570784,
    "uncalculated-risk#content-6": 0.37810171103627815,
    "uncalculated-risk#content-2": 0.37558056287015046,
    "transect-walk-cahokia-mounds-to-fairmont-city#abstract": 0.3750582163200427,
    "us-southwest#content-1": 0.37434685871538065,
    "wicked-problems-and-mental-models#content-1": 0.3732999724218057,
    "tree-x-office#content-1": 0.3728839650868415,
    "uncalculated-risk#content-8": 0.3727204517579858,
    "white-sands#content-1": 0.36447218697856554,
    "us-southwest#content-3": 0.36376310471115864,
    "uncalculated-risk#content-4": 0.36371927540100063,
    "uncalculated-risk#abstract": 0.36362997114854384,
    "voice-and-representation#content-1": 0.36114696485444225,
    "us-southwest#content-2": 0.35784447473748004,
    "writing-global-histories-in-the-anthropocene#content-1": 0.35778402011292976,
    "understanding-the-north-american-lost-crops#abstract": 0.33579634516218476,
    "ve-vm-vt-the-ideal-cosmic-messengers#title": 0.33564802057907306,
    "transect-walk-cahokia-mounds-to-fairmont-city#content-1": 0.3294660864134615,
    "us-southwest#content-4": 0.3235761119818472,
    "understanding-the-north-american-lost-crops#content-1": 0.3117258439004315,
    "uncalculated-risk#subtitle": 0.30955796122412416,
    "understanding-the-north-american-lost-crops#title": 0.30897066346421015,
    "xaraasi-xanne-crossing-voices#content-1": 0.3051097917000555,
    "tree-x-office#content-2": 0.30071284714857205,
    "worshipping-along-the-routes-of-migration#title": 0.2962238252678202,
    "wicked-problems-and-mental-models#abstract": 0.29242043557422226,
    "wicked-problems-and-mental-models#title": 0.2923572322337226,
    "walk-about-it#title": 0.2903617492517979,
    "voice-and-representation#title": 0.2838845766206356,
    "twin-cities-artist-residency-mississippi-an-anthropocene-story#title": 0.2744542790176949,
    "tree-x-office#title": 0.2697782838560935,
    "typha-the-once-and-future-planty-companion#title": 0.2635991205889905,
    "worshipping-along-the-routes-of-migration#subtitle": 0.26201649879722266,
    "white-sands#title": 0.24679333339749795,
    "writing-global-histories-in-the-anthropocene#title": 0.2397676419814043,
    "twin-cities-artist-residency-mississippi-an-anthropocene-story#subtitle": 0.23146596066258218,
    "transect-walk-cahokia-mounds-to-fairmont-city#subtitle": 0.2190344076706542,
    "walk-about-it#subtitle": 0.2190344076706542,
    "us-southwest#title": 0.20886350137751647,
    "xaraasi-xanne-crossing-voices#title": 0.20227121140655813,
    "transect-walk-cahokia-mounds-to-fairmont-city#title": 0.19807030047832996,
    "touring-the-anthropocenery-whos-in-charge-here-2014#title": 0.1904795993147105,
    "understanding-the-north-american-lost-crops#subtitle": 0.13899213612989547,
    "uncalculated-risk#title": 0.0898828319850724,
    "voice-and-representation#subtitle": 0.04573543990990614,
    "writing-global-histories-in-the-anthropocene#subtitle": 0.04573543990990614
}