{
    "understanding-the-north-american-lost-crops#content-1": 0.6376438981193656,
    "walk-about-it#content-2": 0.5808218467092329,
    "us-southwest#content-3": 0.5433190277182571,
    "uncalculated-risk#content-7": 0.5399215572801661,
    "white-sands#content-2": 0.5191452427689905,
    "us-southwest#title": 0.5139849446552658,
    "uncalculated-risk#content-5": 0.5090772238155444,
    "understanding-the-north-american-lost-crops#title": 0.5069952469190591,
    "walk-about-it#title": 0.4906009086033414,
    "uncalculated-risk#content-6": 0.48522506468589827,
    "uncalculated-risk#content-2": 0.478860244646646,
    "white-sands#content-1": 0.47801662541252693,
    "typha-the-once-and-future-planty-companion#content-1": 0.47083692793358894,
    "uncalculated-risk#content-8": 0.46321773504737046,
    "us-southwest#content-1": 0.4568886710966386,
    "uncalculated-risk#content-1": 0.4498583020870969,
    "understanding-the-north-american-lost-crops#abstract": 0.44962925259725967,
    "white-sands#content-3": 0.44937019211423473,
    "tree-x-office#content-1": 0.436830713515887,
    "uncalculated-risk#abstract": 0.43641445687013225,
    "typha-the-once-and-future-planty-companion#abstract": 0.4355962275491317,
    "uncalculated-risk#content-4": 0.4345036864684966,
    "writing-global-histories-in-the-anthropocene#content-1": 0.43026454763387223,
    "walk-about-it#abstract": 0.42980503210060494,
    "uncalculated-risk#subtitle": 0.4292889719403394,
    "walk-about-it#content-1": 0.4195085196937619,
    "worshipping-along-the-routes-of-migration#title": 0.4140922478105434,
    "tree-x-office#abstract": 0.4139154598643994,
    "twin-cities-artist-residency-mississippi-an-anthropocene-story#abstract": 0.4130716773128314,
    "xaraasi-xanne-crossing-voices#content-2": 0.4113332734846463,
    "white-sands#title": 0.4096861034768663,
    "white-sands#abstract": 0.40586749291309876,
    "voice-and-representation#abstract": 0.39998650890739307,
    "us-southwest#content-2": 0.3935287980768839,
    "uncalculated-risk#content-3": 0.39328613791776373,
    "twin-cities-artist-residency-mississippi-an-anthropocene-story#title": 0.38998873608284096,
    "twin-cities-artist-residency-mississippi-an-anthropocene-story#subtitle": 0.38804264213460615,
    "tree-x-office#content-2": 0.38588844039355663,
    "writing-global-histories-in-the-anthropocene#abstract": 0.3850870667699688,
    "us-southwest#content-4": 0.3832813371518539,
    "wicked-problems-and-mental-models#content-1": 0.3825848429852153,
    "xaraasi-xanne-crossing-voices#abstract": 0.38133249686249937,
    "voice-and-representation#content-1": 0.3809000923755309,
    "ve-vm-vt-the-ideal-cosmic-messengers#title": 0.37584399999654194,
    "wicked-problems-and-mental-models#abstract": 0.37070301285975604,
    "typha-the-once-and-future-planty-companion#title": 0.36464315201195224,
    "walk-about-it#subtitle": 0.364278076013708,
    "xaraasi-xanne-crossing-voices#content-1": 0.32800999581846824,
    "wicked-problems-and-mental-models#title": 0.3269260295530359,
    "tree-x-office#title": 0.3230372289090956,
    "xaraasi-xanne-crossing-voices#title": 0.31584529104154724,
    "worshipping-along-the-routes-of-migration#subtitle": 0.3079868612406174,
    "writing-global-histories-in-the-anthropocene#title": 0.30657498462658606,
    "typha-the-once-and-future-planty-companion#subtitle": 0.28516832394022407,
    "voice-and-representation#title": 0.21547391790864504,
    "understanding-the-north-american-lost-crops#subtitle": 0.19958790738654067,
    "voice-and-representation#subtitle": 0.12331394550915234,
    "writing-global-histories-in-the-anthropocene#subtitle": 0.12331394550915234,
    "uncalculated-risk#title": 0.08615727545502994
}