{
    "uncalculated-risk#content-2": 0.9482343819536979,
    "uncalculated-risk#content-6": 0.9430392306893284,
    "uncalculated-risk#content-8": 0.9430096071528323,
    "white-sands#content-1": 0.9372194918402643,
    "writing-global-histories-in-the-anthropocene#content-1": 0.9361396347513818,
    "uncalculated-risk#content-4": 0.9360699121046343,
    "uncalculated-risk#abstract": 0.9353840152098044,
    "white-sands#content-3": 0.9315914838743898,
    "xaraasi-xanne-crossing-voices#content-2": 0.9257866416205414,
    "uncalculated-risk#content-5": 0.922672871484316,
    "walk-about-it#content-1": 0.921971604028893,
    "tree-x-office#content-1": 0.9178896349860457,
    "typha-the-once-and-future-planty-companion#abstract": 0.9157555358180871,
    "understanding-the-north-american-lost-crops#abstract": 0.9133557925847781,
    "walk-about-it#abstract": 0.9111961061066448,
    "us-southwest#content-1": 0.9083447257267281,
    "twin-cities-artist-residency-mississippi-an-anthropocene-story#abstract": 0.9053775303225652,
    "us-southwest#content-3": 0.9039703227526469,
    "voice-and-representation#content-1": 0.9038473560116742,
    "uncalculated-risk#content-7": 0.9019614606159072,
    "wicked-problems-and-mental-models#content-1": 0.8997571323969441,
    "tree-x-office#abstract": 0.8850394789194063,
    "uncalculated-risk#content-1": 0.8826877042359923,
    "white-sands#content-2": 0.8806279327360986,
    "xaraasi-xanne-crossing-voices#abstract": 0.8679766376393155,
    "understanding-the-north-american-lost-crops#title": 0.8581416781206267,
    "white-sands#abstract": 0.8390243066822134,
    "transect-walk-cahokia-mounds-to-fairmont-city#content-1": 0.8253407396399112,
    "uncalculated-risk#content-3": 0.8249740513882506,
    "uncalculated-risk#subtitle": 0.824015064518257,
    "us-southwest#content-2": 0.8236973915371145,
    "typha-the-once-and-future-planty-companion#content-1": 0.815980074302728,
    "worshipping-along-the-routes-of-migration#title": 0.8135702785144353,
    "us-southwest#content-4": 0.8097062950614862,
    "understanding-the-north-american-lost-crops#content-1": 0.8040464464414833,
    "typha-the-once-and-future-planty-companion#title": 0.7905410920953014,
    "wicked-problems-and-mental-models#abstract": 0.7730620058080535,
    "walk-about-it#title": 0.741243411274752,
    "worshipping-along-the-routes-of-migration#subtitle": 0.7312113322625541,
    "walk-about-it#content-2": 0.7108106315944013,
    "wicked-problems-and-mental-models#title": 0.7045666828179348,
    "writing-global-histories-in-the-anthropocene#title": 0.6991416249313063,
    "us-southwest#title": 0.6956410393461557,
    "tree-x-office#content-2": 0.6820164161037854,
    "voice-and-representation#title": 0.6212379010319647,
    "transect-walk-cahokia-mounds-to-fairmont-city#subtitle": 0.6168999353029417,
    "walk-about-it#subtitle": 0.6168999353029417,
    "xaraasi-xanne-crossing-voices#content-1": 0.610768866846371,
    "ve-vm-vt-the-ideal-cosmic-messengers#title": 0.6023498905460392,
    "xaraasi-xanne-crossing-voices#title": 0.5900400714253795,
    "twin-cities-artist-residency-mississippi-an-anthropocene-story#subtitle": 0.5776631346755237,
    "twin-cities-artist-residency-mississippi-an-anthropocene-story#title": 0.5675073691043806,
    "transect-walk-cahokia-mounds-to-fairmont-city#title": 0.5531083283862298,
    "typha-the-once-and-future-planty-companion#subtitle": 0.5220955810173726,
    "white-sands#title": 0.48847959367606913,
    "tree-x-office#title": 0.4685030897726114,
    "voice-and-representation#abstract": 0.46411042818723997,
    "writing-global-histories-in-the-anthropocene#abstract": 0.4074315701654859,
    "understanding-the-north-american-lost-crops#subtitle": 0.3907875926974808,
    "voice-and-representation#subtitle": 0.31577826730620007,
    "writing-global-histories-in-the-anthropocene#subtitle": 0.31577826730620007,
    "uncalculated-risk#title": 0.21270462231743248
}