{
    "understanding-the-north-american-lost-crops#content-1": 0.9317342703219287,
    "uncalculated-risk#content-7": 0.8231863681873993,
    "us-southwest#content-3": 0.814999950677679,
    "white-sands#content-2": 0.814449427382252,
    "white-sands#content-1": 0.814049333167655,
    "uncalculated-risk#content-2": 0.811680713050832,
    "us-southwest#content-1": 0.8052639637868242,
    "white-sands#content-3": 0.8023143029875478,
    "uncalculated-risk#content-6": 0.8014358159525916,
    "uncalculated-risk#content-8": 0.7998743884806231,
    "uncalculated-risk#content-5": 0.7979031760881334,
    "tree-x-office#content-1": 0.7850717373061029,
    "uncalculated-risk#abstract": 0.7834611431985484,
    "uncalculated-risk#content-1": 0.7726027000727651,
    "uncalculated-risk#content-4": 0.7716832907434255,
    "xaraasi-xanne-crossing-voices#content-2": 0.7677861596124556,
    "understanding-the-north-american-lost-crops#abstract": 0.7570742928217576,
    "writing-global-histories-in-the-anthropocene#content-1": 0.7563846940610978,
    "typha-the-once-and-future-planty-companion#abstract": 0.7551757968592587,
    "white-sands#abstract": 0.7511628979321506,
    "tree-x-office#abstract": 0.7509665107593372,
    "xaraasi-xanne-crossing-voices#abstract": 0.7495781930480588,
    "walk-about-it#abstract": 0.7457202673268648,
    "twin-cities-artist-residency-mississippi-an-anthropocene-story#abstract": 0.741881151955242,
    "walk-about-it#content-1": 0.7402697364512565,
    "typha-the-once-and-future-planty-companion#content-1": 0.7393946360641879,
    "wicked-problems-and-mental-models#content-1": 0.7393656650553578,
    "xaraasi-xanne-crossing-voices#content-1": 0.7344838780428918,
    "transect-walk-cahokia-mounds-to-fairmont-city#title": 0.7312353105470788,
    "understanding-the-north-american-lost-crops#title": 0.7266705937928624,
    "voice-and-representation#content-1": 0.7225073070219301,
    "uncalculated-risk#content-3": 0.7211880018488227,
    "us-southwest#content-4": 0.6985224512828238,
    "us-southwest#content-2": 0.6935316224433392,
    "typha-the-once-and-future-planty-companion#title": 0.6713336094708763,
    "walk-about-it#content-2": 0.6681967595727583,
    "worshipping-along-the-routes-of-migration#title": 0.6650623541857531,
    "walk-about-it#title": 0.660825683621449,
    "uncalculated-risk#subtitle": 0.646701000361476,
    "us-southwest#title": 0.6439145599952665,
    "wicked-problems-and-mental-models#abstract": 0.6401772602233282,
    "tree-x-office#content-2": 0.6400096737895913,
    "transect-walk-cahokia-mounds-to-fairmont-city#subtitle": 0.5566016298023375,
    "walk-about-it#subtitle": 0.5566016298023375,
    "worshipping-along-the-routes-of-migration#subtitle": 0.5401923145629146,
    "writing-global-histories-in-the-anthropocene#title": 0.5323848381025356,
    "wicked-problems-and-mental-models#title": 0.5315321466766779,
    "twin-cities-artist-residency-mississippi-an-anthropocene-story#subtitle": 0.5254749487698354,
    "voice-and-representation#abstract": 0.5201681979198205,
    "twin-cities-artist-residency-mississippi-an-anthropocene-story#title": 0.5188440955958045,
    "ve-vm-vt-the-ideal-cosmic-messengers#title": 0.5040211187581881,
    "typha-the-once-and-future-planty-companion#subtitle": 0.4989246328489461,
    "xaraasi-xanne-crossing-voices#title": 0.49354857806229924,
    "voice-and-representation#title": 0.46745018322860415,
    "white-sands#title": 0.46035867711285955,
    "writing-global-histories-in-the-anthropocene#abstract": 0.4543827321318296,
    "tree-x-office#title": 0.44329984431697644,
    "understanding-the-north-american-lost-crops#subtitle": 0.312853779671666,
    "voice-and-representation#subtitle": 0.23870743128808428,
    "writing-global-histories-in-the-anthropocene#subtitle": 0.23870743128808428,
    "uncalculated-risk#title": 0.145231460372066
}