{
    "tree-x-office#content-1": 0.9678235643734966,
    "uncalculated-risk#content-8": 0.9521205885880448,
    "uncalculated-risk#content-4": 0.9497087437595098,
    "uncalculated-risk#content-6": 0.9491892177361408,
    "white-sands#content-3": 0.9486931416591652,
    "uncalculated-risk#content-2": 0.9436815314856309,
    "white-sands#content-1": 0.9371477685044651,
    "wicked-problems-and-mental-models#content-1": 0.9369724883748785,
    "typha-the-once-and-future-planty-companion#abstract": 0.9352550487833032,
    "uncalculated-risk#abstract": 0.9344837664834499,
    "us-southwest#content-1": 0.9295882617895408,
    "xaraasi-xanne-crossing-voices#content-2": 0.9286330437077487,
    "twin-cities-artist-residency-mississippi-an-anthropocene-story#abstract": 0.9275528848271293,
    "walk-about-it#content-1": 0.9261975695518331,
    "voice-and-representation#content-1": 0.9206429789303788,
    "walk-about-it#abstract": 0.9071110308441594,
    "uncalculated-risk#content-5": 0.902974417837876,
    "xaraasi-xanne-crossing-voices#abstract": 0.9024367937569631,
    "understanding-the-north-american-lost-crops#abstract": 0.9005709695814683,
    "writing-global-histories-in-the-anthropocene#content-1": 0.8953786177490779,
    "uncalculated-risk#content-1": 0.8909548443694603,
    "us-southwest#content-3": 0.8841410519032561,
    "uncalculated-risk#content-7": 0.8807947774502479,
    "white-sands#content-2": 0.8782455074529365,
    "us-southwest#content-4": 0.8652232986056981,
    "uncalculated-risk#content-3": 0.8589569551369703,
    "white-sands#abstract": 0.8565555859571969,
    "typha-the-once-and-future-planty-companion#title": 0.8306758862481851,
    "us-southwest#content-2": 0.8144499773593827,
    "wicked-problems-and-mental-models#abstract": 0.8115296976970899,
    "typha-the-once-and-future-planty-companion#content-1": 0.8015744823437516,
    "uncalculated-risk#subtitle": 0.7790745310742211,
    "understanding-the-north-american-lost-crops#title": 0.7659941568383158,
    "walk-about-it#title": 0.743945727918452,
    "worshipping-along-the-routes-of-migration#title": 0.7303896479894018,
    "understanding-the-north-american-lost-crops#content-1": 0.7299990815266567,
    "tree-x-office#content-2": 0.7096232047529905,
    "worshipping-along-the-routes-of-migration#subtitle": 0.7083951978683056,
    "wicked-problems-and-mental-models#title": 0.69193226321402,
    "walk-about-it#content-2": 0.6857424230643725,
    "voice-and-representation#title": 0.6549315254991397,
    "xaraasi-xanne-crossing-voices#content-1": 0.6375554632981452,
    "writing-global-histories-in-the-anthropocene#title": 0.6184518073180961,
    "tree-x-office#title": 0.6110757633986263,
    "walk-about-it#subtitle": 0.5973210530023072,
    "us-southwest#title": 0.5805089749477884,
    "ve-vm-vt-the-ideal-cosmic-messengers#title": 0.5733762924601937,
    "typha-the-once-and-future-planty-companion#subtitle": 0.5383602338198687,
    "twin-cities-artist-residency-mississippi-an-anthropocene-story#subtitle": 0.5285267989495076,
    "twin-cities-artist-residency-mississippi-an-anthropocene-story#title": 0.5014799028314334,
    "xaraasi-xanne-crossing-voices#title": 0.490695984093967,
    "voice-and-representation#abstract": 0.4388695675960063,
    "white-sands#title": 0.41781352857496273,
    "writing-global-histories-in-the-anthropocene#abstract": 0.3922761649973721,
    "understanding-the-north-american-lost-crops#subtitle": 0.38914942609240705,
    "voice-and-representation#subtitle": 0.30633204014152915,
    "writing-global-histories-in-the-anthropocene#subtitle": 0.30633204014152915,
    "uncalculated-risk#title": 0.17401862156237144
}