{
    "xaraasi-xanne-crossing-voices#abstract": 0.5951482126544362,
    "white-sands#content-2": 0.5929159354981679,
    "uncalculated-risk#content-7": 0.587319993986422,
    "xaraasi-xanne-crossing-voices#content-2": 0.5706592617876255,
    "walk-about-it#abstract": 0.5689713482530934,
    "white-sands#abstract": 0.5653742630735864,
    "white-sands#content-3": 0.5571631739510867,
    "uncalculated-risk#content-2": 0.555317910103689,
    "uncalculated-risk#content-5": 0.5515258022428412,
    "uncalculated-risk#abstract": 0.5483980615917876,
    "uncalculated-risk#content-8": 0.5478392001279514,
    "uncalculated-risk#content-4": 0.5466485970599599,
    "walk-about-it#content-1": 0.546368875779431,
    "walk-about-it#content-2": 0.5439179393111218,
    "uncalculated-risk#content-6": 0.54383231943371,
    "us-southwest#content-3": 0.543417573790036,
    "uncalculated-risk#content-1": 0.5395656149682699,
    "voice-and-representation#content-1": 0.5331171988504793,
    "uncalculated-risk#content-3": 0.531654483207109,
    "white-sands#content-1": 0.529633569145197,
    "writing-global-histories-in-the-anthropocene#content-1": 0.5270064712997594,
    "us-southwest#content-1": 0.5267261618393614,
    "voice-and-representation#abstract": 0.5167001757586905,
    "wicked-problems-and-mental-models#content-1": 0.5149727384832716,
    "understanding-the-north-american-lost-crops#content-1": 0.5037762023021783,
    "us-southwest#content-2": 0.5013438338410253,
    "typha-the-once-and-future-planty-companion#title": 0.49470556338677224,
    "understanding-the-north-american-lost-crops#abstract": 0.4943318492468151,
    "uncalculated-risk#subtitle": 0.4934402759215083,
    "walk-about-it#title": 0.4915610474859148,
    "writing-global-histories-in-the-anthropocene#abstract": 0.47818721700134675,
    "xaraasi-xanne-crossing-voices#content-1": 0.47358282537578333,
    "understanding-the-north-american-lost-crops#subtitle": 0.4727657301225746,
    "voice-and-representation#subtitle": 0.429529493872185,
    "writing-global-histories-in-the-anthropocene#subtitle": 0.429529493872185,
    "understanding-the-north-american-lost-crops#title": 0.42813539597670824,
    "walk-about-it#subtitle": 0.42525074047784706,
    "us-southwest#content-4": 0.41740545634946635,
    "worshipping-along-the-routes-of-migration#title": 0.4064750411361534,
    "voice-and-representation#title": 0.39972898774964283,
    "wicked-problems-and-mental-models#abstract": 0.3895774368186269,
    "us-southwest#title": 0.3699810092508345,
    "xaraasi-xanne-crossing-voices#title": 0.3699491910117685,
    "writing-global-histories-in-the-anthropocene#title": 0.3609719410480617,
    "wicked-problems-and-mental-models#title": 0.34042410699347825,
    "worshipping-along-the-routes-of-migration#subtitle": 0.33788515888844145,
    "ve-vm-vt-the-ideal-cosmic-messengers#title": 0.3352958852366794,
    "white-sands#title": 0.2619387607894428,
    "uncalculated-risk#title": 0.008063160013397854
}