{
    "us-southwest#content-3": 0.8666822947627252,
    "white-sands#abstract": 0.8520680539930141,
    "xaraasi-xanne-crossing-voices#abstract": 0.840577667833949,
    "xaraasi-xanne-crossing-voices#content-2": 0.8370873706106011,
    "white-sands#content-2": 0.8366232567076424,
    "uncalculated-risk#abstract": 0.8253418517801523,
    "uncalculated-risk#content-7": 0.8248495161074925,
    "white-sands#content-3": 0.8233152964534861,
    "uncalculated-risk#content-5": 0.8225829439146187,
    "walk-about-it#content-1": 0.8225334036674926,
    "uncalculated-risk#content-2": 0.8188746542621228,
    "writing-global-histories-in-the-anthropocene#content-1": 0.8181447399559999,
    "white-sands#content-1": 0.813477973021198,
    "uncalculated-risk#content-8": 0.8125844175530993,
    "walk-about-it#abstract": 0.808514094573744,
    "voice-and-representation#content-1": 0.8062339828115098,
    "uncalculated-risk#content-1": 0.8041856640510244,
    "uncalculated-risk#content-6": 0.8037236960550923,
    "uncalculated-risk#content-4": 0.801557000357548,
    "us-southwest#content-1": 0.7975398357696153,
    "uncalculated-risk#content-3": 0.7856633508384498,
    "wicked-problems-and-mental-models#content-1": 0.7853876485892871,
    "understanding-the-north-american-lost-crops#abstract": 0.7714042879917806,
    "us-southwest#content-4": 0.7282447701832482,
    "understanding-the-north-american-lost-crops#title": 0.7257431664139371,
    "uncalculated-risk#subtitle": 0.7233842390290288,
    "understanding-the-north-american-lost-crops#content-1": 0.7228131085480268,
    "typha-the-once-and-future-planty-companion#title": 0.7179411735576907,
    "walk-about-it#content-2": 0.7140268825316638,
    "typha-the-once-and-future-planty-companion#subtitle": 0.6937808572351908,
    "xaraasi-xanne-crossing-voices#content-1": 0.6668891207613011,
    "us-southwest#content-2": 0.6654639035490437,
    "wicked-problems-and-mental-models#abstract": 0.6603742377563998,
    "worshipping-along-the-routes-of-migration#subtitle": 0.6490443054671365,
    "writing-global-histories-in-the-anthropocene#title": 0.6463581385341293,
    "walk-about-it#title": 0.6310758240284967,
    "worshipping-along-the-routes-of-migration#title": 0.6255168030748433,
    "voice-and-representation#abstract": 0.6253388291868536,
    "wicked-problems-and-mental-models#title": 0.6112600791921077,
    "writing-global-histories-in-the-anthropocene#abstract": 0.5855462550393248,
    "voice-and-representation#title": 0.5676908761826736,
    "walk-about-it#subtitle": 0.5597233686564013,
    "us-southwest#title": 0.5543813147958485,
    "ve-vm-vt-the-ideal-cosmic-messengers#title": 0.5340753551045547,
    "xaraasi-xanne-crossing-voices#title": 0.47528743339254326,
    "understanding-the-north-american-lost-crops#subtitle": 0.4722364635286178,
    "voice-and-representation#subtitle": 0.4477672467082079,
    "writing-global-histories-in-the-anthropocene#subtitle": 0.4477672467082079,
    "white-sands#title": 0.41382021649055034,
    "uncalculated-risk#title": 0.1419671867431885
}