{
    "uncalculated-risk#content-4": 0.9651580930617301,
    "uncalculated-risk#content-8": 0.9647557086284272,
    "wicked-problems-and-mental-models#content-1": 0.9608713032843498,
    "white-sands#content-3": 0.9592993620531705,
    "uncalculated-risk#content-6": 0.9591322340873082,
    "walk-about-it#content-1": 0.9587589264149954,
    "uncalculated-risk#content-2": 0.9559576624791086,
    "uncalculated-risk#abstract": 0.9506967182166645,
    "white-sands#content-1": 0.9504925441189197,
    "xaraasi-xanne-crossing-voices#content-2": 0.9478850538598015,
    "voice-and-representation#content-1": 0.9442867048962678,
    "understanding-the-north-american-lost-crops#abstract": 0.9394985360245632,
    "writing-global-histories-in-the-anthropocene#content-1": 0.9390534464639684,
    "walk-about-it#abstract": 0.9334296676457453,
    "us-southwest#content-1": 0.9251613474639634,
    "uncalculated-risk#content-5": 0.8985463984359257,
    "xaraasi-xanne-crossing-voices#abstract": 0.8922204818443581,
    "us-southwest#content-3": 0.875820289428256,
    "uncalculated-risk#content-1": 0.8757122214434409,
    "white-sands#content-2": 0.8754073023870935,
    "uncalculated-risk#content-7": 0.8743512923127863,
    "typha-the-once-and-future-planty-companion#title": 0.8653867905928062,
    "white-sands#abstract": 0.8457794085997893,
    "us-southwest#content-2": 0.8456958673694478,
    "wicked-problems-and-mental-models#abstract": 0.8374722628296796,
    "uncalculated-risk#content-3": 0.8210697585626022,
    "uncalculated-risk#subtitle": 0.8111415704010915,
    "typha-the-once-and-future-planty-companion#content-1": 0.8053423465212637,
    "walk-about-it#title": 0.8007526125948081,
    "understanding-the-north-american-lost-crops#title": 0.7984914739973469,
    "us-southwest#content-4": 0.7931950106215173,
    "worshipping-along-the-routes-of-migration#title": 0.7839543848498873,
    "wicked-problems-and-mental-models#title": 0.7498496541719758,
    "understanding-the-north-american-lost-crops#content-1": 0.7267118595385841,
    "worshipping-along-the-routes-of-migration#subtitle": 0.7227726687585544,
    "walk-about-it#content-2": 0.6985389928550987,
    "voice-and-representation#title": 0.6715065996847349,
    "writing-global-histories-in-the-anthropocene#title": 0.6646629573120345,
    "walk-about-it#subtitle": 0.6210314810483658,
    "us-southwest#title": 0.6019138680150524,
    "ve-vm-vt-the-ideal-cosmic-messengers#title": 0.593067768106477,
    "xaraasi-xanne-crossing-voices#content-1": 0.5885881550068763,
    "typha-the-once-and-future-planty-companion#subtitle": 0.5841762023940523,
    "xaraasi-xanne-crossing-voices#title": 0.5673656554073837,
    "white-sands#title": 0.4497481733253095,
    "voice-and-representation#abstract": 0.4272008502594424,
    "understanding-the-north-american-lost-crops#subtitle": 0.38897321380616035,
    "writing-global-histories-in-the-anthropocene#abstract": 0.3876158663722585,
    "voice-and-representation#subtitle": 0.3125760429687744,
    "writing-global-histories-in-the-anthropocene#subtitle": 0.3125760429687744,
    "uncalculated-risk#title": 0.21703987148120824
}