{
    "uncalculated-risk#content-8": 0.9813932988643754,
    "uncalculated-risk#content-4": 0.9801511531810444,
    "uncalculated-risk#content-2": 0.9765043410337799,
    "white-sands#content-3": 0.9705874151135865,
    "writing-global-histories-in-the-anthropocene#content-1": 0.9693385185008422,
    "voice-and-representation#content-1": 0.9684905255145888,
    "uncalculated-risk#content-6": 0.9683991894098712,
    "xaraasi-xanne-crossing-voices#content-2": 0.9671525663745175,
    "wicked-problems-and-mental-models#content-1": 0.967051631997271,
    "walk-about-it#content-1": 0.9665724564822826,
    "white-sands#content-1": 0.9616998028619936,
    "us-southwest#content-1": 0.9416667512581018,
    "walk-about-it#abstract": 0.9414456823229145,
    "understanding-the-north-american-lost-crops#abstract": 0.9372524307522032,
    "xaraasi-xanne-crossing-voices#abstract": 0.9268375748182033,
    "uncalculated-risk#content-5": 0.9163927154621141,
    "us-southwest#content-3": 0.9141327660500891,
    "uncalculated-risk#content-1": 0.9056330180566665,
    "uncalculated-risk#content-7": 0.8892256029349289,
    "white-sands#content-2": 0.8831848698287716,
    "us-southwest#content-4": 0.871135826202531,
    "white-sands#abstract": 0.8637124460509573,
    "uncalculated-risk#content-3": 0.8636425228477628,
    "wicked-problems-and-mental-models#abstract": 0.8521255901993462,
    "us-southwest#content-2": 0.8442679743212651,
    "uncalculated-risk#subtitle": 0.8322332632933046,
    "understanding-the-north-american-lost-crops#title": 0.8179515882925081,
    "worshipping-along-the-routes-of-migration#title": 0.7841624983809956,
    "worshipping-along-the-routes-of-migration#subtitle": 0.7759057979013037,
    "understanding-the-north-american-lost-crops#content-1": 0.7639707095639146,
    "walk-about-it#title": 0.7536081891340204,
    "wicked-problems-and-mental-models#title": 0.7445856087579114,
    "writing-global-histories-in-the-anthropocene#title": 0.7150470712065204,
    "voice-and-representation#title": 0.6680186004308043,
    "walk-about-it#content-2": 0.6471641706028527,
    "us-southwest#title": 0.6273228351923743,
    "xaraasi-xanne-crossing-voices#content-1": 0.6260002907310868,
    "walk-about-it#subtitle": 0.6068614785209437,
    "ve-vm-vt-the-ideal-cosmic-messengers#title": 0.58681067361834,
    "xaraasi-xanne-crossing-voices#title": 0.5776122094900334,
    "voice-and-representation#abstract": 0.44379958731718294,
    "white-sands#title": 0.4333189960414596,
    "understanding-the-north-american-lost-crops#subtitle": 0.4184738414473712,
    "writing-global-histories-in-the-anthropocene#abstract": 0.3926000208813502,
    "voice-and-representation#subtitle": 0.34502460884740355,
    "writing-global-histories-in-the-anthropocene#subtitle": 0.34502460884740355,
    "uncalculated-risk#title": 0.23200909580008325
}