{
    "uncalculated-risk#content-3": 0.9483781480892808,
    "uncalculated-risk#content-5": 0.94607387592679,
    "uncalculated-risk#content-7": 0.9304250814714337,
    "uncalculated-risk#content-2": 0.9230437307729813,
    "uncalculated-risk#content-6": 0.9120249158358413,
    "white-sands#content-3": 0.9117819386276445,
    "uncalculated-risk#content-8": 0.9110090138140192,
    "uncalculated-risk#content-4": 0.9092398493734982,
    "us-southwest#content-1": 0.9052201817141536,
    "white-sands#content-1": 0.903969931819417,
    "white-sands#content-2": 0.9032245331445293,
    "xaraasi-xanne-crossing-voices#content-2": 0.8937686035818766,
    "wicked-problems-and-mental-models#content-1": 0.8827070114517982,
    "xaraasi-xanne-crossing-voices#abstract": 0.8821025466715896,
    "us-southwest#content-3": 0.8791289532413398,
    "walk-about-it#content-1": 0.8776611674115353,
    "walk-about-it#abstract": 0.8677981198704837,
    "voice-and-representation#content-1": 0.8650055785223658,
    "white-sands#abstract": 0.8578901205463396,
    "writing-global-histories-in-the-anthropocene#content-1": 0.8564961189377025,
    "understanding-the-north-american-lost-crops#abstract": 0.8434670436589573,
    "us-southwest#content-4": 0.826286579596276,
    "uncalculated-risk#subtitle": 0.8231961004080376,
    "us-southwest#content-2": 0.7948728010363034,
    "understanding-the-north-american-lost-crops#title": 0.7748948266648953,
    "wicked-problems-and-mental-models#abstract": 0.753274346747035,
    "understanding-the-north-american-lost-crops#content-1": 0.7496432401111525,
    "worshipping-along-the-routes-of-migration#title": 0.7310638685488045,
    "walk-about-it#title": 0.6916220066567649,
    "xaraasi-xanne-crossing-voices#content-1": 0.6792497523557353,
    "worshipping-along-the-routes-of-migration#subtitle": 0.6709303720780904,
    "wicked-problems-and-mental-models#title": 0.6692683444786048,
    "walk-about-it#content-2": 0.6614736114005776,
    "voice-and-representation#title": 0.6139056863726131,
    "us-southwest#title": 0.6075041878002119,
    "walk-about-it#subtitle": 0.6055219769282891,
    "ve-vm-vt-the-ideal-cosmic-messengers#title": 0.6053040110692304,
    "writing-global-histories-in-the-anthropocene#title": 0.584664802032557,
    "xaraasi-xanne-crossing-voices#title": 0.5106547091348385,
    "voice-and-representation#abstract": 0.46074157522485853,
    "white-sands#title": 0.45375611920999737,
    "writing-global-histories-in-the-anthropocene#abstract": 0.3973123606611693,
    "understanding-the-north-american-lost-crops#subtitle": 0.37789254728669885,
    "voice-and-representation#subtitle": 0.26407763498811626,
    "writing-global-histories-in-the-anthropocene#subtitle": 0.26407763498811626,
    "uncalculated-risk#title": 0.14562654252747137
}