{
    "wicked-problems-and-mental-models#title": 0.27077252987269423,
    "writing-global-histories-in-the-anthropocene#content-1": 0.2668072176182326,
    "wicked-problems-and-mental-models#abstract": 0.2636778774988724,
    "wicked-problems-and-mental-models#content-1": 0.24610264618902855,
    "voice-and-representation#content-1": 0.24143493421504086,
    "us-southwest#content-4": 0.24115829495871438,
    "writing-global-histories-in-the-anthropocene#title": 0.23674115263565756,
    "walk-about-it#content-1": 0.22200705274293234,
    "understanding-the-north-american-lost-crops#abstract": 0.21999585477866368,
    "walk-about-it#abstract": 0.21419881820093212,
    "white-sands#content-1": 0.2107507409395115,
    "understanding-the-north-american-lost-crops#title": 0.20561963413352563,
    "white-sands#content-3": 0.2011632606745156,
    "worshipping-along-the-routes-of-migration#title": 0.19327534369576344,
    "worshipping-along-the-routes-of-migration#subtitle": 0.18861784914230278,
    "xaraasi-xanne-crossing-voices#content-2": 0.18386209647958962,
    "us-southwest#content-3": 0.1836804327210194,
    "white-sands#content-2": 0.1808451343995159,
    "us-southwest#content-1": 0.17715166293125484,
    "ve-vm-vt-the-ideal-cosmic-messengers#title": 0.17373384763879607,
    "us-southwest#content-2": 0.15073683669438404,
    "white-sands#abstract": 0.14723710704605064,
    "xaraasi-xanne-crossing-voices#abstract": 0.13925467409197412,
    "writing-global-histories-in-the-anthropocene#abstract": 0.133639884325961,
    "walk-about-it#title": 0.13217255033310316,
    "voice-and-representation#abstract": 0.11137210454375532,
    "understanding-the-north-american-lost-crops#content-1": 0.11020084911693873,
    "walk-about-it#subtitle": 0.10777678787533183,
    "xaraasi-xanne-crossing-voices#title": 0.10692442260025714,
    "walk-about-it#content-2": 0.10577713516168336,
    "white-sands#title": 0.10538567764542621,
    "us-southwest#title": 0.09927487736575447,
    "voice-and-representation#title": 0.07814232431909086,
    "xaraasi-xanne-crossing-voices#content-1": 0.06562139095712877,
    "understanding-the-north-american-lost-crops#subtitle": 0.05482047535263262,
    "voice-and-representation#subtitle": 0.031767823694763726,
    "writing-global-histories-in-the-anthropocene#subtitle": 0.031767823694763726
}