{
    "uncalculated-risk#content-8": 0.989777257380769,
    "white-sands#content-3": 0.9793311771728265,
    "white-sands#content-1": 0.9687225882542956,
    "walk-about-it#content-1": 0.9512374004660572,
    "wicked-problems-and-mental-models#content-1": 0.9510629828976948,
    "xaraasi-xanne-crossing-voices#content-2": 0.950295639344591,
    "us-southwest#content-1": 0.939687681937737,
    "voice-and-representation#content-1": 0.9396494962557973,
    "walk-about-it#abstract": 0.9390674708105674,
    "writing-global-histories-in-the-anthropocene#content-1": 0.9390612051669525,
    "understanding-the-north-american-lost-crops#abstract": 0.9259239709316881,
    "uncalculated-risk#content-7": 0.9199625290322823,
    "xaraasi-xanne-crossing-voices#abstract": 0.901814859213428,
    "white-sands#content-2": 0.8968924123526137,
    "us-southwest#content-3": 0.8934308870591674,
    "us-southwest#content-4": 0.8573517341418929,
    "uncalculated-risk#subtitle": 0.8548749230377303,
    "white-sands#abstract": 0.8529581682898566,
    "us-southwest#content-2": 0.8498040298760972,
    "wicked-problems-and-mental-models#abstract": 0.8259675351708056,
    "understanding-the-north-american-lost-crops#title": 0.8189284692118455,
    "worshipping-along-the-routes-of-migration#title": 0.8004118213628041,
    "walk-about-it#title": 0.7806138108136688,
    "understanding-the-north-american-lost-crops#content-1": 0.778684380979037,
    "worshipping-along-the-routes-of-migration#subtitle": 0.7194126801625843,
    "wicked-problems-and-mental-models#title": 0.7169955832983578,
    "walk-about-it#content-2": 0.6924548257159813,
    "writing-global-histories-in-the-anthropocene#title": 0.6633124677748314,
    "us-southwest#title": 0.6392315875721395,
    "voice-and-representation#title": 0.6330768728944477,
    "walk-about-it#subtitle": 0.6318691639441322,
    "xaraasi-xanne-crossing-voices#content-1": 0.61209611343824,
    "ve-vm-vt-the-ideal-cosmic-messengers#title": 0.6010794875574462,
    "xaraasi-xanne-crossing-voices#title": 0.5504809860158182,
    "white-sands#title": 0.4609697054375979,
    "voice-and-representation#abstract": 0.42193017212908673,
    "understanding-the-north-american-lost-crops#subtitle": 0.3890497879149554,
    "writing-global-histories-in-the-anthropocene#abstract": 0.36953758513454327,
    "voice-and-representation#subtitle": 0.31534939340022117,
    "writing-global-histories-in-the-anthropocene#subtitle": 0.31534939340022117,
    "uncalculated-risk#title": 0.21519446526355843
}