{
    "white-sands#content-1": 0.9555939457538325,
    "wicked-problems-and-mental-models#content-1": 0.9422069555007767,
    "walk-about-it#content-1": 0.9414514223170503,
    "white-sands#content-3": 0.9406183124337493,
    "writing-global-histories-in-the-anthropocene#content-1": 0.938969233938582,
    "us-southwest#content-1": 0.9263710598364484,
    "voice-and-representation#content-1": 0.9253544107284224,
    "xaraasi-xanne-crossing-voices#content-2": 0.9239705538917105,
    "walk-about-it#abstract": 0.9105365483133224,
    "us-southwest#content-3": 0.8838068729148043,
    "xaraasi-xanne-crossing-voices#abstract": 0.8776155642230619,
    "understanding-the-north-american-lost-crops#title": 0.862541958184234,
    "white-sands#content-2": 0.8551740381965237,
    "us-southwest#content-2": 0.8379415866248926,
    "white-sands#abstract": 0.835346030979764,
    "wicked-problems-and-mental-models#abstract": 0.8320870292799841,
    "us-southwest#content-4": 0.7863445467444076,
    "worshipping-along-the-routes-of-migration#title": 0.7800007192228432,
    "walk-about-it#title": 0.7640701178529171,
    "wicked-problems-and-mental-models#title": 0.726821751195429,
    "worshipping-along-the-routes-of-migration#subtitle": 0.7259522914854146,
    "understanding-the-north-american-lost-crops#content-1": 0.7185639194144354,
    "walk-about-it#content-2": 0.6816358555138664,
    "writing-global-histories-in-the-anthropocene#title": 0.6692263310921918,
    "us-southwest#title": 0.6254009794881221,
    "walk-about-it#subtitle": 0.6144999097713759,
    "voice-and-representation#title": 0.6128123557014845,
    "ve-vm-vt-the-ideal-cosmic-messengers#title": 0.5897311308636616,
    "xaraasi-xanne-crossing-voices#content-1": 0.5809750268672014,
    "xaraasi-xanne-crossing-voices#title": 0.570059060204639,
    "white-sands#title": 0.45929875896962946,
    "voice-and-representation#abstract": 0.4233521607446164,
    "writing-global-histories-in-the-anthropocene#abstract": 0.3764765687659671,
    "understanding-the-north-american-lost-crops#subtitle": 0.3634584382446678,
    "voice-and-representation#subtitle": 0.2896967952313768,
    "writing-global-histories-in-the-anthropocene#subtitle": 0.2896967952313768
}