{
    "voice-and-representation#subtitle": 0.7088601327864429,
    "writing-global-histories-in-the-anthropocene#subtitle": 0.7088601327864429,
    "xaraasi-xanne-crossing-voices#abstract": 0.4786979408509607,
    "xaraasi-xanne-crossing-voices#content-2": 0.47419163558703875,
    "walk-about-it#abstract": 0.47188572244456206,
    "writing-global-histories-in-the-anthropocene#content-1": 0.4659643080974915,
    "voice-and-representation#content-1": 0.4651902234487237,
    "walk-about-it#content-1": 0.44523887769986625,
    "us-southwest#content-3": 0.4296267799098175,
    "xaraasi-xanne-crossing-voices#content-1": 0.41504955706998475,
    "wicked-problems-and-mental-models#content-1": 0.4076618716362624,
    "white-sands#content-3": 0.40435696307659774,
    "white-sands#abstract": 0.4036144799962143,
    "writing-global-histories-in-the-anthropocene#title": 0.38860198567696824,
    "white-sands#content-2": 0.3885480308578854,
    "us-southwest#content-1": 0.37400288958029204,
    "white-sands#content-1": 0.37208809255468944,
    "walk-about-it#subtitle": 0.3704889192668791,
    "us-southwest#content-4": 0.3606076550719704,
    "voice-and-representation#title": 0.32482052543562034,
    "us-southwest#content-2": 0.32457249019522405,
    "worshipping-along-the-routes-of-migration#subtitle": 0.320911540744975,
    "walk-about-it#title": 0.30591946921535523,
    "wicked-problems-and-mental-models#abstract": 0.294140072413102,
    "wicked-problems-and-mental-models#title": 0.2862426386526014,
    "understanding-the-north-american-lost-crops#title": 0.28618200041855263,
    "worshipping-along-the-routes-of-migration#title": 0.2807759426458238,
    "voice-and-representation#abstract": 0.26481819668818724,
    "walk-about-it#content-2": 0.250509997683686,
    "us-southwest#title": 0.24128898684044123,
    "xaraasi-xanne-crossing-voices#title": 0.2127141942605126,
    "writing-global-histories-in-the-anthropocene#abstract": 0.18494581636183774,
    "ve-vm-vt-the-ideal-cosmic-messengers#title": 0.1816481257716593,
    "white-sands#title": 0.14359526402958653
}