{
    "walk-about-it#content-1": 0.6252145602990774,
    "wicked-problems-and-mental-models#content-1": 0.6167629864126929,
    "walk-about-it#abstract": 0.6073656554741228,
    "white-sands#content-1": 0.6063936811582288,
    "white-sands#content-3": 0.605968202929645,
    "white-sands#content-2": 0.6026922972421715,
    "voice-and-representation#content-1": 0.6019705753485945,
    "writing-global-histories-in-the-anthropocene#content-1": 0.5937139513317734,
    "wicked-problems-and-mental-models#abstract": 0.5679047668409715,
    "xaraasi-xanne-crossing-voices#content-2": 0.5671048021567019,
    "white-sands#abstract": 0.5614660849772948,
    "walk-about-it#content-2": 0.560985608014636,
    "wicked-problems-and-mental-models#title": 0.5321889601791081,
    "worshipping-along-the-routes-of-migration#title": 0.5304648007696335,
    "xaraasi-xanne-crossing-voices#abstract": 0.5189379828932341,
    "walk-about-it#title": 0.4793046647780288,
    "worshipping-along-the-routes-of-migration#subtitle": 0.4607821718159425,
    "writing-global-histories-in-the-anthropocene#title": 0.43297712086857243,
    "voice-and-representation#title": 0.43114302134388943,
    "xaraasi-xanne-crossing-voices#content-1": 0.4290494986258613,
    "voice-and-representation#abstract": 0.4273332590903377,
    "xaraasi-xanne-crossing-voices#title": 0.4156994573793381,
    "walk-about-it#subtitle": 0.40535022831807566,
    "writing-global-histories-in-the-anthropocene#abstract": 0.34460765520445724,
    "white-sands#title": 0.31976849240295196,
    "voice-and-representation#subtitle": 0.15371869239093156,
    "writing-global-histories-in-the-anthropocene#subtitle": 0.15371869239093156
}