{
    "writing-global-histories-in-the-anthropocene#subtitle": 1.0,
    "xaraasi-xanne-crossing-voices#abstract": 0.423423708728645,
    "walk-about-it#abstract": 0.4231229268376331,
    "xaraasi-xanne-crossing-voices#content-2": 0.39268861670992344,
    "writing-global-histories-in-the-anthropocene#content-1": 0.39221342348429505,
    "walk-about-it#subtitle": 0.37230840090285333,
    "walk-about-it#content-1": 0.3599942639882819,
    "white-sands#content-3": 0.3286725101053245,
    "white-sands#abstract": 0.3241414739355613,
    "wicked-problems-and-mental-models#content-1": 0.31221698283949556,
    "writing-global-histories-in-the-anthropocene#title": 0.30709961254119095,
    "xaraasi-xanne-crossing-voices#content-1": 0.305101483840627,
    "white-sands#content-1": 0.2963150080536321,
    "writing-global-histories-in-the-anthropocene#abstract": 0.2776722690535444,
    "worshipping-along-the-routes-of-migration#subtitle": 0.2773436781925544,
    "white-sands#content-2": 0.2748211575096962,
    "walk-about-it#title": 0.265580116990181,
    "walk-about-it#content-2": 0.2520741820926057,
    "voice-and-representation#title": 0.22873599419790328,
    "wicked-problems-and-mental-models#abstract": 0.22567763538426577,
    "wicked-problems-and-mental-models#title": 0.22302220320711066,
    "worshipping-along-the-routes-of-migration#title": 0.22185019618064777,
    "xaraasi-xanne-crossing-voices#title": 0.1305044787059213,
    "white-sands#title": 0.06391324568661576
}