{
    "white-sands#content-2": 0.7766652566716197,
    "white-sands#content-1": 0.7098063993927923,
    "white-sands#content-3": 0.6962440975873385,
    "white-sands#abstract": 0.6739247645660656,
    "xaraasi-xanne-crossing-voices#content-2": 0.6675591272638863,
    "walk-about-it#title": 0.6585462716248152,
    "writing-global-histories-in-the-anthropocene#content-1": 0.6522740923819437,
    "xaraasi-xanne-crossing-voices#abstract": 0.6484089676964416,
    "wicked-problems-and-mental-models#content-1": 0.6369884765736535,
    "worshipping-along-the-routes-of-migration#title": 0.5907198023085396,
    "writing-global-histories-in-the-anthropocene#abstract": 0.5901163583275821,
    "wicked-problems-and-mental-models#abstract": 0.570604666834219,
    "walk-about-it#subtitle": 0.5678281078611433,
    "wicked-problems-and-mental-models#title": 0.5316580492790087,
    "xaraasi-xanne-crossing-voices#content-1": 0.5302965942686447,
    "white-sands#title": 0.5253723010920899,
    "xaraasi-xanne-crossing-voices#title": 0.5098529617538641,
    "worshipping-along-the-routes-of-migration#subtitle": 0.476928010124573,
    "writing-global-histories-in-the-anthropocene#title": 0.43994735940293955,
    "writing-global-histories-in-the-anthropocene#subtitle": 0.2520741820926057
}