{
    "white-sands#content-3": 0.6593081120847292,
    "white-sands#content-1": 0.6516879778512316,
    "xaraasi-xanne-crossing-voices#content-2": 0.6259754246501966,
    "writing-global-histories-in-the-anthropocene#content-1": 0.6148079312387458,
    "xaraasi-xanne-crossing-voices#abstract": 0.6127801666728475,
    "white-sands#content-2": 0.6066964323695111,
    "wicked-problems-and-mental-models#content-1": 0.5973041124302698,
    "white-sands#abstract": 0.5728223265597424,
    "worshipping-along-the-routes-of-migration#title": 0.5514542731516792,
    "walk-about-it#title": 0.5450126606045153,
    "wicked-problems-and-mental-models#abstract": 0.48139024659670643,
    "xaraasi-xanne-crossing-voices#content-1": 0.4679574677187676,
    "writing-global-histories-in-the-anthropocene#title": 0.45325946328856154,
    "worshipping-along-the-routes-of-migration#subtitle": 0.4207515736648094,
    "wicked-problems-and-mental-models#title": 0.4072441655817666,
    "xaraasi-xanne-crossing-voices#title": 0.3815028896480544,
    "writing-global-histories-in-the-anthropocene#subtitle": 0.37230840090285333,
    "white-sands#title": 0.2878177846627537,
    "writing-global-histories-in-the-anthropocene#abstract": 0.259003537892571
}