{
    "wicked-problems-and-mental-models#content-1": 0.7897307587920215,
    "white-sands#content-3": 0.7836576044064432,
    "white-sands#content-1": 0.7619386703682008,
    "xaraasi-xanne-crossing-voices#content-2": 0.7537359361433926,
    "writing-global-histories-in-the-anthropocene#content-1": 0.737493370930112,
    "xaraasi-xanne-crossing-voices#abstract": 0.7164285223173091,
    "white-sands#abstract": 0.691714871775936,
    "white-sands#content-2": 0.6906166899437512,
    "wicked-problems-and-mental-models#abstract": 0.6839131334615606,
    "worshipping-along-the-routes-of-migration#title": 0.6307360784366172,
    "wicked-problems-and-mental-models#title": 0.5662682306538516,
    "worshipping-along-the-routes-of-migration#subtitle": 0.5320481500073863,
    "xaraasi-xanne-crossing-voices#title": 0.5144084580738713,
    "xaraasi-xanne-crossing-voices#content-1": 0.5098091565253856,
    "writing-global-histories-in-the-anthropocene#title": 0.4666583830589604,
    "white-sands#title": 0.3768353378623282,
    "writing-global-histories-in-the-anthropocene#abstract": 0.33281952077304755,
    "writing-global-histories-in-the-anthropocene#subtitle": 0.265580116990181
}