{
    "white-sands#content-3": 0.8850860456695511,
    "xaraasi-xanne-crossing-voices#abstract": 0.8816845321749518,
    "xaraasi-xanne-crossing-voices#content-2": 0.877517846537811,
    "white-sands#content-1": 0.8730388533405803,
    "white-sands#content-2": 0.8678992207246151,
    "wicked-problems-and-mental-models#content-1": 0.855404534477398,
    "writing-global-histories-in-the-anthropocene#content-1": 0.8455551664001121,
    "wicked-problems-and-mental-models#abstract": 0.7312625324091662,
    "xaraasi-xanne-crossing-voices#content-1": 0.7128032719548487,
    "worshipping-along-the-routes-of-migration#subtitle": 0.6554589570658362,
    "wicked-problems-and-mental-models#title": 0.6403332679999785,
    "writing-global-histories-in-the-anthropocene#title": 0.6350560863593527,
    "worshipping-along-the-routes-of-migration#title": 0.6330695888878194,
    "writing-global-histories-in-the-anthropocene#abstract": 0.5175349882721281,
    "xaraasi-xanne-crossing-voices#title": 0.4707058504971081,
    "white-sands#title": 0.43037528163608124,
    "writing-global-histories-in-the-anthropocene#subtitle": 0.3241414739355613
}