{
    "writing-global-histories-in-the-anthropocene#content-1": 0.43035083734183643,
    "xaraasi-xanne-crossing-voices#content-2": 0.4271147367393612,
    "wicked-problems-and-mental-models#content-1": 0.41600430010443884,
    "worshipping-along-the-routes-of-migration#title": 0.4088396419818025,
    "xaraasi-xanne-crossing-voices#abstract": 0.4003715938740252,
    "wicked-problems-and-mental-models#abstract": 0.3883539880423258,
    "writing-global-histories-in-the-anthropocene#abstract": 0.3651823501814767,
    "worshipping-along-the-routes-of-migration#subtitle": 0.3243550633560255,
    "wicked-problems-and-mental-models#title": 0.32291153731773303,
    "xaraasi-xanne-crossing-voices#title": 0.3138714143416169,
    "writing-global-histories-in-the-anthropocene#title": 0.3064102856442371,
    "xaraasi-xanne-crossing-voices#content-1": 0.28965769891730325,
    "writing-global-histories-in-the-anthropocene#subtitle": 0.06391324568661576
}