{
    "white-sands#content-3": 0.9821717644677842,
    "wicked-problems-and-mental-models#content-1": 0.9496186540796728,
    "xaraasi-xanne-crossing-voices#content-2": 0.9493768613373528,
    "writing-global-histories-in-the-anthropocene#content-1": 0.941713504051561,
    "white-sands#content-2": 0.9255676111206192,
    "xaraasi-xanne-crossing-voices#abstract": 0.9119288583527341,
    "wicked-problems-and-mental-models#abstract": 0.8273403667319509,
    "worshipping-along-the-routes-of-migration#title": 0.8009734382134656,
    "worshipping-along-the-routes-of-migration#subtitle": 0.7201905272400113,
    "wicked-problems-and-mental-models#title": 0.7160917408695495,
    "writing-global-histories-in-the-anthropocene#title": 0.6716574850724563,
    "xaraasi-xanne-crossing-voices#content-1": 0.6466138040810185,
    "xaraasi-xanne-crossing-voices#title": 0.5640136096363951,
    "white-sands#title": 0.5146280868122024,
    "writing-global-histories-in-the-anthropocene#abstract": 0.39874483851141856,
    "writing-global-histories-in-the-anthropocene#subtitle": 0.2963150080536321
}