{
    "white-sands#content-3": 0.9212316152398662,
    "xaraasi-xanne-crossing-voices#content-2": 0.8804891000041251,
    "wicked-problems-and-mental-models#content-1": 0.8638032557379698,
    "xaraasi-xanne-crossing-voices#abstract": 0.8589987560831973,
    "writing-global-histories-in-the-anthropocene#content-1": 0.8582532675506757,
    "wicked-problems-and-mental-models#abstract": 0.7470034145907996,
    "worshipping-along-the-routes-of-migration#title": 0.7162014661244702,
    "xaraasi-xanne-crossing-voices#content-1": 0.7040987049627175,
    "wicked-problems-and-mental-models#title": 0.6696916418792623,
    "worshipping-along-the-routes-of-migration#subtitle": 0.6675706403982818,
    "white-sands#title": 0.6205480409406537,
    "writing-global-histories-in-the-anthropocene#title": 0.5983276765156312,
    "writing-global-histories-in-the-anthropocene#abstract": 0.5406416894766848,
    "xaraasi-xanne-crossing-voices#title": 0.5281779373334948,
    "writing-global-histories-in-the-anthropocene#subtitle": 0.2748211575096962
}