{
    "writing-global-histories-in-the-anthropocene#content-1": 0.9520751410435331,
    "xaraasi-xanne-crossing-voices#content-2": 0.9476053023735158,
    "xaraasi-xanne-crossing-voices#abstract": 0.9050022084284981,
    "wicked-problems-and-mental-models#title": 0.7930597323355009,
    "worshipping-along-the-routes-of-migration#subtitle": 0.7518356426939764,
    "worshipping-along-the-routes-of-migration#title": 0.7450671976060689,
    "writing-global-histories-in-the-anthropocene#title": 0.6640227124691261,
    "xaraasi-xanne-crossing-voices#content-1": 0.6330890764810488,
    "xaraasi-xanne-crossing-voices#title": 0.556939404172998,
    "writing-global-histories-in-the-anthropocene#abstract": 0.3715642296878587,
    "writing-global-histories-in-the-anthropocene#subtitle": 0.31221698283949556
}