{
    "writing-global-histories-in-the-anthropocene#content-1": 0.7623659220193465,
    "xaraasi-xanne-crossing-voices#content-2": 0.728799022335402,
    "xaraasi-xanne-crossing-voices#abstract": 0.6809709258460263,
    "worshipping-along-the-routes-of-migration#subtitle": 0.6012549271567087,
    "worshipping-along-the-routes-of-migration#title": 0.5621598392509394,
    "writing-global-histories-in-the-anthropocene#title": 0.5295469849896937,
    "xaraasi-xanne-crossing-voices#title": 0.4586113146130716,
    "xaraasi-xanne-crossing-voices#content-1": 0.43789642627283687,
    "writing-global-histories-in-the-anthropocene#abstract": 0.36000800527290533,
    "writing-global-histories-in-the-anthropocene#subtitle": 0.22302220320711066
}