{
    "writing-global-histories-in-the-anthropocene#content-1": 0.7759836704998413,
    "xaraasi-xanne-crossing-voices#content-2": 0.7345162914959756,
    "xaraasi-xanne-crossing-voices#abstract": 0.6932358796892496,
    "worshipping-along-the-routes-of-migration#title": 0.669054829970409,
    "writing-global-histories-in-the-anthropocene#title": 0.5902370975104304,
    "xaraasi-xanne-crossing-voices#title": 0.4571007543185641,
    "xaraasi-xanne-crossing-voices#content-1": 0.43975472652947134,
    "writing-global-histories-in-the-anthropocene#abstract": 0.2937852444640458,
    "writing-global-histories-in-the-anthropocene#subtitle": 0.2773436781925544
}