{
    "xaraasi-xanne-crossing-voices#abstract": 0.423423708728645,
    "xaraasi-xanne-crossing-voices#content-2": 0.39268861670992344,
    "writing-global-histories-in-the-anthropocene#title": 0.30709961254119095,
    "xaraasi-xanne-crossing-voices#content-1": 0.305101483840627,
    "xaraasi-xanne-crossing-voices#title": 0.1305044787059213
}