{
    "xaraasi-xanne-crossing-voices#content-2": 0.9562267636433266,
    "xaraasi-xanne-crossing-voices#abstract": 0.903244619167219,
    "writing-global-histories-in-the-anthropocene#title": 0.7926265850218734,
    "xaraasi-xanne-crossing-voices#content-1": 0.6044523873262739,
    "xaraasi-xanne-crossing-voices#title": 0.5683494294936673,
    "writing-global-histories-in-the-anthropocene#subtitle": 0.39221342348429505
}