{
    "xaraasi-xanne-crossing-voices#content-2": 0.7191738840169608,
    "xaraasi-xanne-crossing-voices#abstract": 0.6677827955226445,
    "xaraasi-xanne-crossing-voices#title": 0.41602746817365527,
    "xaraasi-xanne-crossing-voices#content-1": 0.40206842918383295
}