{
    "xaraasi-xanne-crossing-voices#content-1": 0.4320598550544088,
    "xaraasi-xanne-crossing-voices#abstract": 0.42384061379581367,
    "xaraasi-xanne-crossing-voices#content-2": 0.4025845952505665,
    "writing-global-histories-in-the-anthropocene#content-1": 0.39391296970212836,
    "writing-global-histories-in-the-anthropocene#title": 0.29032726584198487,
    "writing-global-histories-in-the-anthropocene#subtitle": 0.2776722690535444,
    "xaraasi-xanne-crossing-voices#title": 0.23088496779497278
}