{
    "xaraasi-xanne-crossing-voices#content-2": 0.9620895101782964,
    "xaraasi-xanne-crossing-voices#content-1": 0.6768582966215206,
    "xaraasi-xanne-crossing-voices#title": 0.5148803746816348
}